user_id,reference_date,cb__most_recent_score,cb__worst_score
0650e234-4498-4e8d-895f-1e4c4268f317,2024-09-02,C,C
073cce2d-7345-4686-90f7-5876cbeeeceb,2022-06-04,C,M
083c8e45-291d-4be8-8e01-68a29dd04224,2024-06-16,E,M
0b6d7bf9-5d96-4fbc-b5e2-81729545cd54,2021-12-02,A,C
1023332b-ebce-42cd-b188-f21e499988fc,2019-12-06,E,E
102386b6-c495-4b85-945b-41096e1ba087,2022-05-21,M,M
120f621d-4f9b-4f7d-9591-2e09e6f07fd9,2017-07-10,E,E
154db609-64c9-48af-aae2-79e996051347,2020-07-18,B,B
1733719f-873f-4e50-8d11-ecfad381cef8,2022-05-21,D,M
1988a8d9-aa72-4d0d-bd23-1549045bae77,2022-05-30,M,M
1d385c1c-ca24-4784-b379-d8f3aafa7c31,2021-08-29,E,F
1d458ad4-58d6-49e8-a88a-2d51783f2a10,2024-10-23,M,M
1dfbb121-5b91-4566-a22c-6b6a4039e668,2022-07-20,F,F
1fa382a5-d154-4510-a354-61406ef103c3,2023-10-29,A,G
20b85917-a686-45f8-a99c-e41d6e42e286,2023-04-03,F,G
22644d28-dec3-46f6-8068-f3c99c9a4553,2022-06-04,B,N
2828b691-397a-4313-9c37-566f506f622d,2022-07-29,M,M
292af9bc-6a74-4ac3-8362-ee3eee274278,2023-02-01,M,M
29487ef5-5d36-467c-bb33-6e0074668817,2024-06-28,E,M
29900514-bd5c-48f8-825b-dc6dff1eb50b,2021-11-30,M,M
2beda0b6-8c39-43fa-a1fa-1ac8a92ee3db,2023-12-29,M,M
2c2bc95b-b32e-4721-90e8-0c5eb0d2df65,2020-11-20,E,E
2cb18bb5-e683-46b6-a192-574de4b00bc7,2022-06-04,M,M
2f8d1c06-5868-49df-a53f-394c987a41ce,2022-11-06,A,B
2fc24d5b-3a36-4cbf-ab2f-636a961caea4,2023-03-24,E,M
304f0b44-d89d-410b-89b9-8072cb4ff9ca,2020-07-13,O,O
310dc6d2-ec2b-4831-b2ed-04f212ce128b,2024-11-03,M,M
349fcda2-b277-477a-a0d7-701bc5bc0cb0,2022-10-19,E,E
34d52b6d-0349-4335-b2eb-e10ae1ae8787,2022-06-18,E,G
36ea4d47-3e6b-4ec9-ae07-b5e40a614477,2023-05-29,C,M
3752b5f2-324c-4bbe-883d-af5c630f25a7,2022-07-30,B,M
376351a4-c54d-4b57-8494-e93b351419c8,2022-12-03,B,M
39803e59-33ca-465f-9f10-5ceedc9b3266,2022-03-05,E,E
3a013946-5160-4980-8887-110395532080,2023-01-20,G,M
3a91062b-d2df-4b48-982f-d4d5615c3226,2022-06-30,D,D
3e8a117c-ef7a-4238-b429-471e1fea3c3b,2022-06-04,G,M
47f7662e-fbde-4453-8dbf-9ed529a259fb,2022-03-05,D,M
487fc8f5-631f-47d9-ba04-4b5e9a45901b,2022-05-14,E,O
4995366d-e1bf-46ad-9170-6e635e54451e,2024-10-31,O,P
4cb6b182-b83f-4b30-9b6d-26f8ac907f36,2019-07-08,M,M
4da69346-ea54-4614-b606-1e52e59bd078,2022-03-05,C,C
52ec1af5-616b-4bd8-b123-69c8548b41b9,2024-02-12,E,E
5399b39b-685e-4fc6-ba96-6194019ab0b0,2021-12-11,M,M
55677bdc-700a-4e09-8151-b4eeb1d2fe74,2024-09-05,A,A
5616fa3d-1205-462a-93cc-40dc0a9c3e22,2022-03-16,C,C
57780eaf-0fec-43a6-bec8-2615f6ede8be,2024-09-30,C,P
5a461040-68b9-4b95-bc9b-0a79698e2f84,2021-08-02,D,M
5ca35e7f-027c-43f6-a4bd-1fd5119e64f7,2023-05-07,C,G
5e2b79b9-6acc-454f-a14f-1a7304ea4853,2024-06-28,B,B
60360b49-7d88-4d4b-a87f-1240353d5991,2022-03-07,M,M
61d921f8-7108-434a-9359-37221a3c05c8,2024-07-31,B,B
67303317-f99f-4393-8e0a-729c1cf68d96,2024-05-14,O,O
67b78804-6da0-451d-95af-fc18373bfbac,2022-08-02,D,E
68904901-b144-43b1-859e-e486b0c63079,2019-07-08,D,D
78d09faa-a98e-4cc8-b215-8b543d9ff129,2019-08-16,E,M
7a4f5711-14bf-46ac-8677-1ee41d13832a,2023-11-25,G,G
7ba0c3e1-a753-4ad4-8697-9026f87bf170,2025-02-27,M,P
8133e5b3-d039-4e41-8441-bb7730f0f022,2024-09-03,G,M
84e4c254-ba53-4e00-a8e9-a540d18e33be,2018-08-21,D,G
84f3a365-7287-4187-b403-c2b8ea963b91,2022-05-15,C,M
89689040-01c4-45d2-b487-ec17fdb5d399,2023-02-23,G,M
8a11137f-cb14-4779-b21a-70871f3a70b8,2023-02-24,D,M
8c199d0a-1f09-4f8c-a2db-c63327c1f8c6,2023-09-28,C,M
8d806ae5-607d-49c3-ae56-40550469137f,2020-11-04,B,G
8f36af91-8272-43ec-bd63-f7fe041e5502,2024-03-18,C,D
9342251b-baea-4d5b-976b-1d22d383a96c,2022-02-28,F,F
95aba2b7-4c34-4e63-a9b9-c998f78787bc,2024-02-09,B,M
97fff65b-112b-4148-83b7-6667c407baca,2024-10-16,M,M
9d526a7a-cfa6-4404-8c8b-b6bebd1cc2c7,2023-09-09,D,G
a081f117-ae3d-4b54-a145-ca4d10bf74ff,2025-01-25,E,M
a44cf880-5f48-4f33-9af7-8cf9d92f5afd,2023-10-01,O,O
a4ca9486-90fb-4098-a662-e005ece33f65,2022-05-20,E,M
ac82a36d-601e-4bc1-a034-3203a7d456f4,2022-07-30,M,M
aec8fce9-a04a-4ba1-a2ab-73bdf2c03116,2024-07-31,D,D
b1519a55-a534-472c-81cb-9e7895bca87c,2022-06-30,E,M
b39c6a61-30bc-4e63-bb62-5731df9ffdb2,2017-09-20,D,D
b40ed73f-85f3-4ade-98de-80a0a1f4054a,2019-07-08,G,M
b9517312-8df7-490c-8837-6eb9316e326b,2022-04-30,E,M
b9cb9a82-af04-412e-a2e0-f3dd71be8c0c,2022-08-13,M,M
c2c1579f-c302-4d4c-8864-9fcc57f32814,2022-02-18,M,M
c7b11478-7fa9-4cca-aedb-1234fe14b548,2021-07-19,M,M
c87da056-9dde-4d02-bd4c-356bd8aa3510,2020-12-30,C,C
cb5f1a7a-9596-4042-90d8-39a16f148a89,2024-07-31,C,G
ccd65009-2a30-4f5b-b631-c7784ba156a3,2024-07-08,C,C
ccfd2918-9403-465e-92b1-3c8b393471ff,2024-01-22,O,P
ce645a37-fd37-4dc7-bb8a-f939d6c3ab8e,2024-07-29,O,O
cef78d07-99a0-47f4-bfbf-d9a0c9a92e30,2019-07-08,C,C
d1507d90-6e17-42f3-97b8-4f068590ccc2,2023-12-29,M,M
d2d9dd6f-241d-47fb-92eb-abd4dd714f99,2023-01-17,G,G
d54f7a18-651f-4f32-b46c-0d4f5cc1d910,2020-04-24,E,M
d6bbf026-e965-411b-a526-01e1cb9f0a41,2023-02-05,B,F
db40bd4d-a9eb-4005-b69c-69a448bed726,2024-03-18,C,M
dd91fa93-ae37-4bcc-be67-0665412696ac,2024-06-10,M,M
dfd1ad5a-bd46-439d-8834-6e3a64676dee,2021-09-27,E,M
e05c7e83-0543-4289-a7df-ba32e4a5c043,2023-10-09,M,M
e0a22d76-6fee-4ba0-aa54-75bf4b8a38b5,2023-02-01,B,B
e16e4bcb-026e-40ea-b72d-fc05580d159b,2022-09-23,C,C
e25bd3c0-d43d-452a-aa14-0a2b3de56136,2025-09-12,D,N
e29bd38a-cf9c-48b4-a6a9-c30d34a84118,2021-10-05,E,E
e44228c5-2142-45df-9b0d-29113123243c,2022-03-19,E,E
e7eb6656-f77a-4c3a-950c-5e2cd4faf8ac,2023-08-21,M,M
ea92c5e6-4d8f-4d89-a1db-b309e5f46eab,2024-01-15,E,G
eb9ba3d5-de00-418e-b270-7b8dc8046fba,2023-04-20,B,P
ed4892d2-1980-446e-8c82-2538dc9e5458,2024-02-12,M,P
f17b9137-f35d-479d-bf2a-b72e63e00179,2023-12-29,F,F
f21c9a50-55ba-4411-9b40-8136845a9bb5,2021-08-05,M,M
f7d8fd49-923d-47a7-9b8e-0304cde5415a,2023-02-27,M,M
f83f9897-835f-426b-813b-279fc40265f3,2023-02-16,M,M
f900b565-509e-400d-953d-b9b849315562,2022-05-15,F,F
f9b450f1-0036-4d71-b379-644bbc8d6d8d,2023-12-30,C,P
fa099b7e-f8df-4f6a-be5d-27b7a482a685,2024-09-01,B,P
fafbbecd-96da-464c-9ca8-e650c594f0cc,2024-05-27,F,M
fc532708-12b3-42fe-ae20-ccd510c08130,2022-08-25,E,E
db678caf-7e70-4c55-8f09-c2e47f716a0d,2024-05-24,,
006a126b-0305-4bf8-9100-06b3443cd38c,2020-12-02,E,M
051f21a3-e551-4147-b0d7-4b1af3caf194,2019-07-08,M,M
0530cc8f-4816-4a0f-81e0-c8bb897c28df,2022-10-20,O,O
059aefee-85f3-4615-8c95-5fdf52779e67,2019-12-18,B,B
08765acc-4227-490b-9b89-c0a0a0607ec9,2019-07-16,F,M
0a45d103-b41e-49ee-b23e-607968cc2e3f,2021-09-04,E,M
0b016ab2-b9d5-4e9a-9b95-7d175e465eac,2020-12-23,E,M
0c806f9f-261f-4e44-adfe-2b4518428b57,2018-09-16,G,G
0d03abe5-7c54-4af1-96df-6291fc6e40c9,2022-08-10,E,G
0d6004da-e14a-427b-bf7a-fdff30473e88,2019-04-16,B,B
0dcefbe3-8b36-47c6-a0cc-474486e5d21e,2024-04-15,N,N
0ff43dbe-96fa-43cb-9fb0-9f70b1e45e0b,2024-08-04,B,B
100cb6ea-7a3f-4659-ac2a-ddca6e334c46,2023-02-01,C,C
116117a0-76df-4bf6-93a1-f4a5d017872a,2022-09-30,M,P
138b3c7c-be31-4f5a-919e-55888d359576,2022-08-01,E,E
13ab81c8-b129-4eea-8f99-5ea183fe3bdb,2022-06-04,M,M
150e4e2f-fe0c-4708-9923-55181d40bb5d,2022-03-05,D,D
1535fe2e-d5c4-47e7-bcc7-33cf36ad8f81,2024-07-03,A,G
17bd4ff3-44b5-437d-be31-2147d5105f45,2022-06-04,B,B
184bd6f3-494c-47bb-8db2-38d552fb91de,2024-01-30,D,D
1c4bf434-f920-4a0f-8813-f02431fdf8c1,2022-02-06,M,M
1c4d6a12-6bd8-485f-9d40-c5a4e7499b94,2023-05-29,M,M
1c792769-f49a-4fb6-9651-e632859b6d83,2017-04-17,E,E
1c892fa0-b5f9-4908-a43e-396acf42964c,2024-11-27,M,M
1f6193cc-3c70-49cb-a4e9-19d766276bcf,2023-02-05,A,O
21ebbe99-146d-4ce5-bc70-5510e8da027a,2024-10-06,C,M
23c1ac11-7bfc-480d-87e6-bf38fa91c267,2022-04-19,F,F
23d23143-dc59-43f6-a278-f32d5b857ad7,2024-02-05,E,M
24491f7c-12bf-471d-9246-09115716b84a,2024-05-03,P,P
24c831f9-ca2a-4f5c-84a2-0c3ed913692f,2023-03-30,M,M
250a0e45-0481-496b-b8f5-3634c5a0bd0a,2022-03-05,M,M
2744b9e0-d7a8-4f80-9a71-0f9fe458f19a,2024-05-29,G,G
295ecab7-0bc3-40a2-ba7d-f1150ffebf26,2020-10-12,B,B
2d354677-5a56-4bf5-bdd3-8a7924c68915,2018-01-04,E,E
32cad42b-7b09-4817-bdfe-66b5d7ea9759,2024-04-17,D,E
40da862d-f370-4fff-962c-5c5d6dc4ec6d,2022-07-20,M,M
43bfdc25-7632-4580-8302-c0e380482dd1,2022-02-05,B,M
4a1409e9-1880-4a6a-80c4-dd2a830a953c,2022-12-12,D,M
4b1c0667-6301-45bf-ac1a-eaf860da7bf1,2021-12-21,M,M
4be14ca6-7e80-482b-a690-66e9143881a4,2023-10-30,C,M
4e647ea4-9353-46d6-975c-9259d18d3f25,2023-07-16,E,E
54967ae3-3724-41ed-910c-ee57e9475d1a,2024-07-31,N,N
565c3b7c-ecf0-4b4e-959f-7e543deaab6f,2021-07-05,B,F
57e2fdb8-4fd6-440c-bf93-c9335d8f11c3,2023-08-30,O,O
6bf92ff2-c6d9-4047-9d82-dad3e0661f7e,2019-07-08,F,M
6c2b67ca-efb7-40c8-a326-b7e33c572b2b,2024-02-01,D,M
6c732339-c5d9-44e2-a8cb-239604f0f06e,2020-03-30,F,F
6d0f49a6-81d3-4daf-9fad-d577c817540c,2023-12-11,M,M
7612c9ab-2d76-42c4-b48a-e8abb1cc878f,2024-08-23,C,M
765c7d23-4737-414d-a256-4fde4407b81e,2017-05-17,G,G
78f5ac65-69e0-4760-903f-624ca3852d69,2023-12-29,G,M
798e6045-3258-4a9e-9b77-4b41a0b6844b,2024-06-28,G,M
7be501d9-44bb-489e-9921-250215b39725,2022-05-20,B,B
7f093796-28fe-4a00-a1ed-33c52930bfa1,2023-06-27,M,M
7f6542d8-dbe0-4d6e-91e8-c36d1f25441b,2023-10-06,C,G
7f7061c6-0c0a-42eb-8d7f-d9894710c884,2017-04-04,G,G
80fde401-0b1b-4809-8d75-0605119277c9,2024-06-27,D,D
84bf2486-beb8-45fc-bbe1-54edc18950bd,2022-09-27,D,M
859564c2-5913-44a3-9b8e-31143b55d8b0,2022-04-29,M,M
86086744-629f-4e1d-b852-9694805ab5f3,2024-05-26,P,P
8663a3bb-c58e-49f4-9a13-f35cc23b9824,2022-10-07,E,M
885102c9-c8eb-43d6-9c3a-682e72dcc396,2019-10-26,E,E
89e82543-379d-461f-a17c-1b6361a4e780,2024-05-03,B,B
8b08bf0c-2fdb-4c12-bf16-a005583002cb,2022-06-01,M,M
8c2d9895-8f51-44c3-8e34-4581691a1580,2022-01-29,M,M
8d88177c-138b-49cd-b44b-1e547af380c3,2023-09-29,E,M
8f4ddce3-0fe5-4c37-8082-1324a7c728c0,2021-12-11,F,F
919e462d-a9c2-4dfc-b322-de0de4ed7c7a,2022-08-29,F,F
956586f2-b0ec-4ebc-a474-f3263987f280,2019-11-14,E,E
a0cc5fb6-46c9-402e-8acc-6d48fa46f756,2018-11-08,D,D
a57b37f4-166f-431e-ab7d-0a7f2c097309,2025-04-15,E,E
a69813a7-7984-49d8-a992-3196120e7dee,2022-06-12,M,M
a9e5c8bd-37f3-4237-b3a7-340343495fe8,2023-10-15,B,M
ae7683a0-8696-48f6-8c19-966ae242d5fd,2018-07-25,E,E
ba89c180-73a1-4179-a1a5-38d4bd9651da,2023-09-05,D,E
bea2dc82-7f6e-493d-be90-a3f5a56d79cf,2024-09-12,E,E
bfa2a52a-f486-492f-ae31-111f88386557,2021-08-29,M,M
c00f5413-fbb4-4c3b-b4ea-b7e302d150b6,2018-06-12,M,M
c4423856-bacf-4fce-8048-2fa4130702b1,2024-06-17,A,A
c753cbe3-4d21-4722-b4ca-216c8ea9e2b4,2020-10-27,E,E
c83cc1de-167a-427a-80fb-7368f603ff5d,2022-12-30,M,M
ca34f4b3-a6e7-46bb-9c01-2d19a991895e,2023-05-29,D,M
cae2c59f-e7a9-4473-902d-14e210e135b1,2024-01-19,D,M
caf6f403-5b64-4424-b179-70335350cbff,2022-04-09,P,P
cb27973f-d637-4071-91a2-daed1d596c6b,2022-06-04,C,C
cb467090-aea4-44a4-9d29-0b08a242a1eb,2022-09-27,C,M
cec9edcf-708c-463e-8575-5ec579d80b7e,2023-02-01,D,D
d1e9feb1-17ac-4bf8-9c65-0eb1a8064979,2019-07-08,C,M
d298dc75-ab03-45c0-ad37-e696735174ce,2023-03-30,E,E
d4db6517-30d7-49ef-b7d7-7370ce15157b,2018-05-28,E,M
d722b6b2-2145-4655-b3f3-bf68ac501f9c,2023-08-13,M,P
d847783e-03a9-4747-9142-f11a0f577843,2021-12-11,B,B
d9096666-9273-4757-90ec-88a907b60f57,2022-03-05,E,E
dc3967e8-058d-479c-aac3-153cf3f2b7f4,2023-08-17,E,E
dd9ae067-7e2f-4c33-a13f-2f041d26f392,2022-03-10,F,F
dfb7284a-f28f-4c12-9c56-650ed56e5b6c,2023-07-15,C,G
e423b881-04ca-442e-b5f4-c6117b3610e7,2024-05-24,E,E
e4bd68c8-2018-4c71-a8d3-7f7fc89f2127,2022-06-03,E,E
e69522f0-aa56-4175-8005-d7163a90912b,2023-02-01,C,C
e9bb9b4e-6ca2-4ecd-8f64-921d915afef3,2022-04-22,C,M
eeb990ee-ac9a-434e-956c-dc8b1a10b3ab,2023-12-29,E,M
f31b6e19-7b0e-4714-a96c-f5b99b801c01,2022-12-06,E,M
f4000041-4f27-4411-97d2-af455adb9271,2022-12-07,F,G
f645bb49-85c9-44ae-8d84-2746d498b413,2021-12-02,D,M
f77f5e58-f22d-4363-8980-d34d461d6f94,2022-03-05,M,M
f79dc640-9054-43b2-bbf1-459e597c6b4a,2023-06-25,C,E
f8b6212e-0baa-4301-a832-cba2862e460b,2019-07-08,A,A
f93d8b33-5caa-4d23-8cea-7a5872e05a1c,2024-09-28,C,C
f9764974-3c7b-4c14-9f5d-cfbb14be4521,2023-10-31,B,O
fc452ec1-1aec-437c-bad2-5fac697ba5fb,2023-01-26,C,M
fcfae5d8-d219-4a7d-bd51-7baa94972dd3,2024-05-24,F,F
fed656a0-32ef-43ad-82e8-f7cc1bf66232,2024-10-15,M,M
fefdbeb9-5402-4561-a846-4829d96843d8,2025-02-08,C,C
00d2a461-9941-4ef9-909e-c007c1db5164,2017-12-18,E,E
019054f3-69d4-4d19-a90c-224b1c83959c,2022-02-24,F,M
05a0166c-dd81-4a3f-94b0-cdb84f576d35,2022-06-05,E,M
07d155dc-ea7f-4783-ac44-b9c24108246d,2022-12-28,M,M
0bdd5634-dcd5-4d08-b438-8dd4aba38fb8,2024-01-31,C,M
0c1b3aec-6b7d-45ad-9523-fe76a3bbe066,2022-10-06,D,D
0d17b11f-13e8-40d3-9e7a-1a745452e32d,2022-06-14,D,F
11ba3f32-192a-42a5-a893-5763679f5def,2024-07-15,B,C
14806dba-b8df-4989-97fc-bd91824c9f33,2025-03-06,C,G
1935468b-66a3-4b98-9db8-9b33888eb45c,2022-08-23,B,B
197f83c6-48b2-4a5a-b5ab-8fe641e93aee,2023-02-22,C,M
1a46f939-1c3d-4a17-af44-c23847bd7960,2025-03-10,M,M
1d6ccc03-fa6e-4b4c-8dba-511c50329228,2023-04-26,C,E
1d72281f-46ae-49a0-a6e3-9c954fc7b170,2022-04-24,E,E
1ef6d70a-3dd5-4c60-8071-66aaf8a3cb9f,2022-01-24,E,E
222419f9-b2c8-4ff3-8e2a-44283fa544e4,2024-06-02,F,F
23087012-e75d-4a0c-a68a-99598961a153,2024-09-30,M,M
25634bdc-5ee5-4e94-b8e7-9a4b8aec628a,2022-11-01,C,E
26d72e00-cf8b-4a94-acee-fe78371c17db,2024-08-20,F,F
288fe947-b148-421b-acfe-c6976a850100,2020-05-03,F,F
2d6e7117-3db3-4a38-b8c2-1fe0e6faf064,2022-03-05,E,E
30e29aa8-7ce6-44d0-b679-896b31c2a2d0,2024-03-13,C,C
312c50d8-c460-4841-823a-3806ea260b14,2025-01-07,D,D
316dcc78-b514-4003-8c48-58fe17754f20,2023-12-29,D,M
319ffb9c-5621-4a51-a430-45808b7760ac,2023-05-29,C,M
3262d0af-d6e9-43cd-9f38-706c50f30835,2024-07-31,E,M
327f8944-d7b9-43c4-9f11-94053cad8690,2022-11-12,G,G
33b1748d-ccb6-41ed-9982-42b4267c26b5,2023-11-01,D,G
34d870d8-1151-481d-a2a3-ef1c5923446f,2023-09-21,C,E
357f07d8-6944-461b-9bf7-ca9800094932,2018-11-07,B,B
36666580-23cb-44e3-9747-8a1ceb52d647,2019-07-08,C,C
375725a4-9021-47b5-8bee-8366aa75c7a5,2022-07-30,M,M
377244d0-bf83-44c2-bfc8-1d43deaee0ec,2021-11-15,E,M
39d106de-68e0-4a0a-95a8-cbe67919a6c1,2020-11-02,E,E
3a374f9f-be99-4ff2-b69b-73de4ec33303,2022-04-13,M,M
3d46b07f-410d-450a-8780-87a55b94ea35,2022-07-03,D,D
3e60ffca-a462-4438-a73a-0bcef700499b,2022-03-05,D,D
3efdcdd9-17db-417e-a19b-c8c968bc609b,2023-04-02,G,G
49133a8f-7654-4fdd-979e-f76ca0c24510,2025-04-13,G,G
4c2fd986-56de-4b89-adca-b1d324f6fe4f,2019-07-08,C,N
4e2733e2-3e1d-4c11-9129-793ae1ebc34c,2023-09-28,B,D
4fdb4617-32f4-4c74-897a-59d712b69b10,2023-06-14,C,M
4ffdda37-4819-4d9a-90ff-4540c4cac4e4,2024-04-02,M,M
5495d8c3-91a0-40e4-8238-5d386c3e03fb,2022-06-09,A,C
56b6f97d-5277-4148-8f6a-154d03a54789,2022-03-02,M,M
5a0f2f63-430a-4a7a-9bb3-272928e5ac73,2023-11-11,D,D
5df643a8-e470-4e09-93b3-73f1a630a886,2024-04-06,M,M
6099258c-7c39-4f0c-b0a3-1ff04ca00ad8,2025-02-02,C,C
60d6316f-3a5d-4057-970d-f51b72d0be46,2023-11-24,C,F
69175cdd-dcb0-412f-9faf-61bea1b145f3,2022-12-31,B,M
6990ea32-9ed0-490f-966d-b572be7ca604,2018-08-27,F,F
6b7eb572-56e7-4100-932f-c3b27985b864,2023-12-29,M,M
6cf76163-4535-4fa6-aeed-b5bcc15b8c39,2024-04-15,B,B
6ec302fd-f634-4af8-9514-48005aa0cc33,2024-08-25,D,D
720def47-e028-41a6-a04a-e59ebe61f4aa,2024-08-19,B,B
7320688f-0886-493c-b11c-d1107b8afa24,2024-11-09,M,N
7431b8e7-ee30-4ae3-a1fe-abf8abfe9ea5,2018-03-12,B,B
74c8a768-2b89-4902-807f-91dfa86780d5,2025-04-16,E,M
75605e8b-46bb-48dd-878b-aee197d6d38c,2024-03-18,E,F
762c5320-0721-4aaa-8a88-71f1ecedcea3,2020-12-14,E,E
784db901-f1a6-484f-bec8-ca63a6d80bc7,2022-01-27,P,P
78ac4a30-0b9b-4dac-a415-3a87ca3d7b68,2023-12-29,A,A
78b5475f-45d7-400a-a31e-0c3a71599ff1,2018-06-18,A,A
79f424e7-ced5-4d9f-aad6-b8cf5122a3f5,2023-01-04,E,M
7bed854c-0de6-4b9f-8ff6-39aef839f10d,2022-01-16,M,M
7df904df-b43c-4e63-9201-4d002486d6ac,2022-06-04,M,M
7fb2736b-2658-460b-b814-7c0f403d90e0,2021-12-02,G,G
821e88a0-9b7d-4c87-b95e-fa0103252c58,2025-03-23,E,E
85a76807-7db0-4462-865f-237f3ff99963,2024-10-23,G,G
8767f211-a24f-4bcb-a4f8-4cf2a9ed3fb9,2023-03-12,D,D
8bd53c0c-a9a4-48aa-913d-d77815203231,2025-04-18,F,M
8db3cf95-486f-48dc-908c-f32105980fa0,2024-06-13,C,P
8e04b2a6-282c-44c1-87f2-e91f5cf27b9c,2024-09-27,F,M
8eb538cb-6f31-44e5-8270-4b357e908412,2022-04-06,M,P
901b8521-12cb-41ff-9380-39c1cd6363e8,2019-08-12,F,F
912a3a7a-9189-46b2-b1cd-4cb61a925b99,2022-05-19,M,M
940d5f0d-68be-42ea-a5ad-1ad4f987073f,2024-02-25,B,F
97ca5bee-c2d0-41d7-ac7d-10a707637e74,2023-02-01,D,M
984fa285-ba4c-4bf2-b58d-7d8609854d6e,2024-05-03,B,M
98965a1d-ca1a-4e85-a083-88ebbba862b6,2023-09-10,D,D
9b6d8c1f-22f8-4def-9d5f-4ea5fde2fccb,2023-02-01,B,C
9ffde807-d5d6-4db0-afc2-dedc835e8bf1,2024-02-05,M,M
a1e6267a-c0b7-4152-9504-351855cf2bc1,2023-10-31,O,O
a2dac023-8cd3-45b6-937d-7e4ed89f71bf,2024-07-19,D,G
abf6f35f-4493-47c7-ba4b-85f4e9d77db5,2022-01-05,M,M
ad5a58cb-8c78-4b1d-b3cd-e2001af8ea1b,2023-04-14,M,M
b07ebfe0-7094-4c07-a214-aa9925f073b4,2023-09-29,M,M
b5ed9607-9cc6-4a6c-8a9a-89cb22f7732d,2018-08-22,D,D
b6d19276-560c-41ba-aad0-94890fdb5f39,2025-01-23,F,F
c73da6ac-e1aa-4419-beeb-5087608e96b1,2024-01-11,O,P
c7fba63f-ab4f-4858-ba57-f263ac992c45,2022-06-04,M,M
ca96db3e-f2aa-4525-a818-6a6369531417,2024-08-01,M,M
cd335924-69b6-40f3-a667-ee1bb795b1f5,2018-01-16,M,M
cebfc0d3-7d1f-4eba-8477-a3efe2c1deaf,2023-03-30,B,E
cf0c2015-bef4-486c-a539-e84b386dedf9,2024-04-12,B,B
cf178f9d-e40b-4233-a176-7c398f466572,2024-01-31,G,G
d1acc078-a05b-48a5-a185-7049bde79e59,2024-12-15,B,P
d3c63778-0eb8-41c4-b225-b7dc578b77e3,2022-03-01,M,M
d99f4e85-0ab5-49cd-876d-c1a12100ea56,2019-07-08,F,F
de6fb343-e445-477c-802a-9203bac244b2,2022-07-27,M,M
dea7694f-a7ea-4271-894c-bd64e6acbbe1,2019-10-14,A,C
df2bbbdb-f413-49f5-964b-aa9af02c6fef,2022-04-29,F,P
e70b7488-3bf7-4063-8b8a-38aceeaf30d7,2021-01-02,C,E
e70c82c9-8732-4c0d-a99e-318a869d7549,2022-02-10,M,M
e8bb38aa-c894-4efe-8ad6-b2b76bab17d4,2024-06-08,D,P
eb6ca1f8-520e-4359-9ac2-7d956cc435b4,2021-01-14,C,M
ef02b87c-8f42-4039-8ac8-b07d20d02958,2024-05-12,C,C
f2d84c68-56e2-46a1-b8a1-53879163b721,2022-08-19,C,O
f30fc861-3c93-4899-a685-427bb3dbf9f8,2022-01-29,M,M
f4d1bd5d-f159-4087-a637-6e4d4c27c16c,2023-08-28,O,P
f5f12268-9032-47cb-aa37-db0739d8a828,2023-12-29,C,C
f7fe3f74-05e1-472b-b9eb-30a50c68062f,2024-01-31,M,M
fbc1d6e7-4f9b-4aa3-a646-d2e67529d129,2021-09-04,M,M
03331a02-9457-4ced-88af-ce5b911587d7,2022-04-22,C,M
0589be4e-4ec6-4de8-a1be-b5a6a3755615,2022-05-17,G,M
096177b5-1069-4d26-8ec4-105c60f4939c,2021-02-26,E,E
0aead0e3-04a3-45ac-a4a1-3a1d4a5a20a5,2024-06-10,E,M
0d1227a1-28a7-4c43-bd7d-7611bf6a158a,2023-04-04,F,F
0e00af6a-6aa1-4f34-8231-89816165e073,2024-11-26,E,M
0f9b35d8-9a79-4357-8c2b-028aed0876ec,2023-12-04,F,M
104b7c32-a99f-433b-8490-8eb4b694baa0,2024-01-28,E,E
12f0de3b-3016-4c62-8b83-e2e82d83ea45,2018-04-03,A,A
176391c6-4499-414f-a647-cb949f4e5ddf,2023-01-24,M,M
1b451ba6-ce10-4215-8292-8d878e7c3037,2021-07-19,B,B
1b4c68dc-2284-4b40-a088-dd3d2e8561d9,2022-05-24,G,G
1dfa9362-f196-427d-bd5b-6305499afbfd,2022-05-23,A,D
1f12898a-c7e5-48c0-94bb-5117f90cc08e,2021-12-02,M,M
21343f52-2c4e-4f14-a293-ce46a3298890,2023-02-06,N,N
25b76c46-ec26-46a9-89e4-25b2d745884b,2023-02-02,F,F
2882d015-02fe-4a34-b6ef-755e4d0104e1,2024-05-03,O,O
2bf63e83-2152-4696-a5ae-c91e123669a2,2024-09-04,M,O
2e70a376-4927-406a-a8f8-e402ecd94468,2025-06-05,C,C
304388ff-6688-429b-9269-4b2161e3042c,2017-03-17,E,E
316cdd8b-3dc4-4f56-bf0a-e9116e395d01,2022-03-26,C,M
32121ede-e869-4eec-b7ea-1950ff6cf829,2024-07-15,A,B
3488c8ea-b7f0-484d-bd26-1a4655ce088c,2024-03-30,E,G
3524d53d-01df-435a-b8d9-33c9cd8ae95f,2023-05-29,E,O
3718519a-592a-4dfb-8b89-6ecd0d977414,2022-05-29,E,E
3d41c77d-1be7-4ffd-94c0-5d4a84ec8bb6,2022-07-26,M,M
3f36c7a2-b516-420e-9bbe-50d4873cb966,2022-09-27,C,G
4308ccca-5cd5-415d-ae7f-6ea35427795d,2023-06-23,N,N
439ca922-a599-46db-af76-9d57c65ad843,2019-07-22,F,F
4a3ea5eb-cb69-4e45-96a2-5c0139cba053,2016-12-29,B,B
4bee2ee7-ec27-42a8-ba9d-0ec7d3abf529,2024-04-10,M,P
4da61d84-bfe7-4634-8a74-e97f27742986,2019-11-12,B,O
4fb8bec6-969d-4b0f-bf81-e9305d96a177,2022-03-03,M,M
50822b3a-768a-4144-aca8-baf67b529e47,2018-11-29,F,F
559b2651-9c1d-4533-b477-9308537d1557,2023-10-31,E,M
578e1a8f-bd17-46e4-b816-57e5c2a35444,2023-09-20,B,G
5997151e-434c-41cf-80ee-6930a17538b3,2021-08-23,E,M
59e15c8d-add2-4b94-bcda-a46eb507be2c,2024-05-23,M,M
59f29876-85b2-441c-9c6e-ee932cef7da7,2019-07-17,D,G
5f693ff3-832e-4066-8026-3d10d4a1ac90,2022-04-09,B,B
5fc53267-2e37-4b05-b298-f56dd87daacf,2023-06-29,F,P
600f86ca-b883-44d7-a952-a81de019ca77,2022-05-31,G,M
671d4dee-b843-4d9b-80b4-0e57d00e5b0d,2022-06-16,M,M
6d034731-ca16-4102-af2d-0a8d76dbc753,2017-10-16,B,E
6f60d1a1-4fcd-4e21-a869-bd428c6bc87d,2022-06-04,M,M
702e58d7-5ed4-4316-aebe-d615208be50f,2023-09-28,D,M
706f6de3-a1c2-47c1-8f1e-e8c543b9afec,2024-01-13,M,M
7483586f-73da-4c90-95a2-92f1677da8a4,2024-09-30,A,F
74bd9a9e-6c19-4d22-b5f8-1676c5378630,2023-05-12,G,M
76e12cb6-db0e-4459-9b19-ad3a891f34cb,2022-07-26,M,M
776d7bdf-984f-46cc-970d-38730b5f19c3,2024-10-06,M,M
7ac92e63-6ad1-498a-8c8b-f02b28af0684,2022-12-14,G,M
7bb40d5e-d2c8-4a66-9453-ad1c10a61aa4,2023-05-22,G,M
7c9ad68d-f103-4709-845a-99ab431b6f78,2021-06-08,G,G
7eea0cbf-7f14-4ce7-a4c1-89404c12fc44,2024-09-12,E,M
8003f150-f450-44eb-96b5-5479c02ca907,2019-07-08,F,F
82c9c058-5daf-4c59-a29f-7e182f6a18ca,2023-08-21,D,M
83586214-30b9-4e0c-b546-937f1461f5e4,2024-05-04,C,C
837d7260-7ba1-40ca-bfbb-732ac4c9eb57,2020-08-03,D,F
846d6aec-246d-4c64-965b-d35ada2b3a9a,2024-01-30,G,M
849317cc-ac00-4875-9ad5-09a351b36d5f,2025-02-20,E,E
852ac32d-d6c1-459b-9a51-c32f9a43c44a,2023-03-22,G,M
8638fd35-dcaa-49e7-8765-fdd5cc40d848,2020-09-18,M,P
89ba79d6-6409-48d4-a6fd-f8c683f1f768,2024-02-01,M,M
8d393c5d-40e9-42a7-bd12-ef8b416e2f9b,2023-02-01,E,E
8efbc712-c564-4033-8246-da19070867ca,2024-12-04,F,F
900e6207-677a-4cd8-ac6e-5bcb9704a0a9,2024-05-22,D,D
9203d4dd-aa4b-4da6-9c71-daa4c0fd58f8,2024-03-30,N,P
92f91daf-d41c-4527-a877-73f2b98be193,2019-07-08,D,D
94cf91bf-22b8-4c65-9a4f-c024ca0db782,2024-06-23,A,B
97c696b6-7959-45c4-9d6e-0e75fb03b8aa,2022-05-16,F,F
9c8e3326-d45f-46ff-bf4c-331757111ef6,2022-11-16,M,P
9ce2507c-a74c-4d55-8050-4ef8305783d0,2019-07-08,P,P
9d3e210e-0098-44db-8fee-3dcdbd09d317,2022-09-27,M,M
a0a0a948-0b34-4f09-b01a-bce50546ee7b,2022-10-08,E,E
a0a794e6-6fb1-45d9-8461-92c664153f5b,2024-06-28,C,C
a22159dd-c919-4df9-92cd-71ea6f36ca75,2023-05-29,E,M
a3738c3d-0d93-447b-801a-42fedd7c11e7,2024-11-16,F,F
a6e3e62c-4c80-41ab-ad51-e7b9beebfa37,2023-04-09,O,O
a78a22fd-6911-41cd-99fe-398556debb1a,2023-06-05,C,E
a86a1930-5d8a-465d-8e1d-0af6bd4eddc8,2017-10-28,F,F
a97b6f1c-aa22-4b03-9d8a-cf0451afaae5,2022-01-05,M,O
aab517a9-cc65-4513-b695-556e8b6470b7,2025-02-08,M,M
aaf38385-535f-40fc-b28b-5bf22db51695,2024-07-21,C,O
afb59748-b698-4a6e-9793-3be8478e0d41,2022-03-10,G,M
afe77743-e1ac-49ec-b820-6a2e5ae3f7cf,2023-07-23,M,M
b1e9546b-0026-49bc-b214-57232e1dc634,2024-09-27,E,E
b2b83824-c004-4184-a52d-5a4feb8e1a72,2022-09-21,M,M
b40b9c9d-d908-42ad-ae41-5b017cac99ff,2022-07-01,M,O
b4d0180d-4890-4278-b3dc-0e02b9d7e872,2024-04-16,F,F
b4ef5f59-68d9-4c49-8095-da235826eaeb,2024-10-14,E,E
b6858f03-4075-4b0b-b84a-83e947ff4318,2023-03-25,F,M
b71a7e40-f251-4eeb-883c-240185a40ea1,2020-08-29,A,O
b814ab57-71c8-4c2d-8aff-3e172f00ddc5,2018-01-17,F,F
b8b9d6f7-85dd-4fcc-a3aa-ca03cf7a65b0,2024-05-24,E,M
bb1e0c6e-cf58-4f77-9cc9-34f3785d5472,2021-12-02,C,M
bcc046da-b4f1-41ba-8276-722f6c57c1ae,2023-03-08,B,M
bf41067f-1ac7-44c0-9f23-9a921b3edb1c,2024-05-24,B,B
c0648459-e823-4427-b12a-e07a77699941,2020-01-05,C,M
c0bf79e4-1bd8-489d-bbc4-92d58b8edf6f,2024-11-27,M,M
c8b5208b-5fc5-4b1d-883f-1ea6176d8a51,2024-09-27,M,M
cc441520-d720-4101-975d-cf0e1ec7f404,2023-02-24,B,M
ccd13b06-6482-428e-8fe3-bf85a5d8e6ff,2022-06-28,M,M
ccf249f6-0c04-4370-bd97-85f5f828a353,2022-12-18,E,M
d03485ff-1a78-44e2-b3dc-e066b32339b3,2023-03-27,C,M
d0d0a04a-84f4-44d6-9aad-600daeed5e89,2023-03-30,M,M
d0f5c411-1e78-41be-b571-6480a6ee91b9,2019-09-09,E,N
d1ae5270-023b-442e-ae82-e8c060031f7c,2022-02-25,B,B
d2b456b6-58b2-4916-94da-037065ed13c9,2024-04-23,M,M
d60cb36e-cb29-418d-b79f-19bc035a1d96,2023-06-04,D,D
d865d2a4-3daf-4a15-82f5-d0659b7e13ac,2024-09-07,A,E
dbce3a58-9e39-4277-b458-726f1e766d27,2018-05-05,E,E
dc067737-20f9-4fa3-8675-8d1b25d19eac,2022-05-31,M,P
dc85b4e6-f979-46c5-8596-6e51c18093b4,2022-09-26,B,M
def3a5f4-02af-4c39-aaa4-af1b6f543476,2023-05-22,B,D
e231e0cd-b7ff-456c-bbc4-45cdaa2a013b,2023-07-20,M,M
e2d0f0a3-8bca-4759-ba8b-97d265ea1a1f,2022-06-04,C,E
e3294200-6282-411d-9d68-099ea5d12026,2023-01-26,M,M
e426232f-a3bf-408b-b731-b5c31ef2405d,2017-04-01,M,M
e50a0a9c-9b1e-4c38-8b80-146a17296d5b,2024-01-29,B,E
e5af62a1-e9e1-4175-b2ca-9c69d43f8340,2021-09-13,M,M
e9e2d69d-e07c-4fa3-a96e-c223a952eba9,2022-06-04,F,M
eed8b7b3-ad0a-42fe-ba4f-2c6bff60b76d,2021-03-31,F,F
004319f7-fa3c-47fe-a315-32d6bdd63da6,2024-01-23,M,M
013db5ce-d51a-45fb-a981-2664afe55146,2022-11-25,G,P
01f782aa-583f-4cbd-b81b-545c7f348ba4,2022-04-25,B,P
022b11e2-ec4b-4c55-ad26-dacd86878b89,2022-07-18,M,M
05b9ad74-39f7-4930-9f39-545db6872708,2022-01-12,F,F
102c8573-90b1-48ee-8213-097376891d51,2024-06-28,D,M
114145ed-4d15-49dc-a256-f78e61628087,2022-06-28,C,G
14097b96-dba9-4b72-9a31-f47d9afb2796,2024-05-17,D,M
14a9f88c-cfd2-4674-8778-edbef55ab2da,2024-05-23,F,F
17308612-3d5a-41f3-b64c-016c962c5a72,2022-06-03,M,M
1c865886-3f3b-4e46-8b4c-8fdb4c8cc7d6,2024-01-03,E,E
200bad07-8a47-4bb4-ac65-17072aba173f,2024-08-19,C,E
26dc8da2-602a-4e38-bca6-6a16ba7198a2,2024-08-17,E,E
290d9e59-c59b-4e9a-9d2a-325b8a471941,2022-10-22,F,M
2b2af04f-8e70-4acb-8e18-7bc75b0e1b68,2024-02-12,D,F
2e042542-f429-4a73-bc9f-23e0b1545dce,2024-10-31,O,O
2ea3fa4a-2282-4b6c-8b9a-db6d9126bfd0,2023-06-05,M,M
2ffc79dd-b516-4935-a531-9db796db197d,2024-05-23,B,B
302b030f-4102-4da6-9bc4-47688201d0bb,2021-09-20,D,M
3895b6f6-ef6e-4933-8330-a6f8cd4403e6,2019-07-08,M,M
39102acd-70c6-4bf9-8c6a-ba98a78209f8,2022-07-18,M,M
3bce7335-ce31-47ae-81df-0daebf9c4c07,2023-10-28,C,D
3c8c9816-85af-4c5c-a0ec-fa700174a0d8,2024-05-24,F,M
3cb8c9a9-1c77-482e-99e9-96569e1e241e,2023-04-16,G,M
41d6720b-740d-401b-aedd-259a062015c1,2024-05-04,G,O
430519e3-7d8b-44d9-a2bd-4f8aeb339be6,2024-10-07,C,C
437e36b1-ca72-47aa-b1e3-a9d7f3823277,2022-09-27,G,G
44fadb60-8ad3-4ec3-8beb-12c25f9f7e9a,2025-03-02,E,M
45876b83-3ae3-4c03-9e7c-7c5f5c396a3a,2023-08-16,D,P
4736a9ab-18e6-48ef-a72d-727228dcdc96,2022-08-29,M,M
482315af-f95f-486c-a534-bc1f419e3a8f,2023-01-29,M,O
4900a01d-cbb7-473a-b303-7f536e4011af,2022-03-05,M,M
4c8b9d1e-bb50-4955-8340-5bd449a6cd87,2024-03-18,B,D
4d6e17d1-99fc-414a-9bf4-96314f083f6c,2023-12-31,D,M
4f24f527-4570-4814-9038-a13f8c822b1e,2024-08-29,F,M
4faa08f8-a96b-41c2-8d52-dfe2132d9c21,2023-02-02,C,M
50837635-a8b6-4b54-b0b0-450824af67a8,2024-02-19,M,P
55be5fd8-bf1a-4292-9b2a-aa2dd181d6ba,2023-01-30,D,O
566ac0b4-d14a-4256-973a-871ca571a163,2024-05-16,O,O
579508e0-9fdc-4819-b967-c40d5305a44c,2022-06-17,E,E
591dd426-4d9f-4a14-9606-b2f2f654545d,2023-09-28,E,E
5bad2ced-e876-427e-9c7e-5cfd732e8d78,2022-08-11,M,M
5c64cfb8-dee8-454e-9261-53b7209f5064,2022-06-18,F,M
5fc5b647-c7a5-411f-a1fb-972c7c969c8c,2018-05-28,C,C
6c3d7f12-9b33-4cdc-bd8a-12778ea68c7d,2022-06-23,M,O
6c68f1ed-d584-4084-b4e5-aa0ca16d53f6,2022-07-02,M,P
6ded6aa0-a81b-4a92-9b62-0e7298654fa4,2024-07-31,M,M
71614eed-2c35-416d-9e01-dde368a87b1c,2022-04-07,E,M
770de703-8ea8-4137-a4c9-75ff23e395c8,2017-06-14,E,E
77a05c88-8aa4-4e66-8944-c334bbd95c13,2022-03-14,M,M
7a0ff281-8603-4eee-8e5c-582ecafd1390,2023-06-26,C,C
7be2e460-4a5e-4673-8e9f-9caecc09c36d,2024-09-04,E,M
7d82eefd-68c9-4e59-8058-6a2c34fb706a,2024-08-31,D,G
7e79f640-2c9d-4aa2-a3f0-6c7e80d2f81f,2023-10-31,G,M
8100ee7d-d226-4c08-a677-79735deef863,2025-02-03,M,M
813ab10a-c915-4f4b-8173-1b66df5301e2,2022-03-01,G,M
8431f7e7-629a-49e6-810c-d6944a9f3639,2024-09-16,O,O
8c1df105-a56d-4b89-8c46-8cb1baba63b3,2022-06-04,M,M
9119f025-51dd-4ea8-80fb-1f4df5271568,2022-05-26,D,D
91a0d808-8395-407f-9d96-ed785a286f68,2025-04-02,E,E
99060ea8-ed1d-46bd-9331-679d13f0d212,2025-03-02,C,P
9a2879ee-3eca-4b95-9738-cbf2f70d8113,2024-05-24,D,D
9d26b02d-64da-4594-95d1-bce61249409b,2025-05-09,E,O
9e9789a6-8064-460d-9a92-17f8c237d2dd,2021-12-02,E,E
a23b0de1-d3e3-41d6-a53a-59d79f8e71a4,2021-07-01,M,M
a530c816-b59b-4fcd-b02e-62264f0dbc47,2023-02-28,M,M
a5f2fba6-80c7-4e05-9814-9e4459e7f607,2024-12-08,M,M
a610a7d7-345a-4af4-8f8b-33e450f25282,2024-04-30,O,O
a85a7a7a-f255-4d8c-85d3-355be830aec1,2021-12-02,E,F
ac7766a2-4cde-419c-bcc0-56a87137e966,2024-08-03,E,O
b07acf8b-ccfd-40ad-b4f5-f9c5b57bf1f3,2022-03-05,D,E
b0b583f6-7358-4bfc-9d4a-f9c1396ea01e,2018-05-05,F,F
b0f1acc0-84b5-4914-af1a-876d3a4e86a4,2023-03-30,B,B
b3e8933b-64b7-49b6-8252-f187f5bc84c9,2021-12-02,C,E
b535bdef-58fe-4d09-b62c-3378e6ff15d5,2023-02-01,F,F
b5d959b4-f456-45ee-bd64-d317d96a15fb,2023-05-29,D,M
baba35d0-ef3b-48d8-893f-c2857bd646de,2022-12-22,G,M
bd41d194-5072-42f5-92cf-eb886b2325f6,2024-01-31,M,M
bdc9a076-7115-4deb-9145-6668fa090af5,2022-05-27,G,G
c1f32583-ccce-47c5-8d5b-5a40e8f6aa4d,2025-05-04,F,F
c7ea88c2-889f-4809-95a5-86771e91a71c,2022-07-31,G,M
ca5ee527-9363-41a9-8bc5-f11a9fadbfb4,2019-07-08,F,F
d0e4c47d-e77a-478b-a0b6-611fe0a74508,2023-02-02,F,F
d11ecf41-ee87-4562-a353-98110412b294,2024-12-14,M,M
d1a87cd0-32e5-4356-8cb6-4e6b60945c2b,2023-06-27,E,M
d273b786-f360-4202-83c0-ecae2e6d8b6a,2022-03-20,M,P
d34bfcd1-688b-42da-b60c-b40406426622,2024-03-02,B,M
d3b76ff7-fe4e-4c80-afb6-18abff75fe9d,2019-07-08,F,F
d93f624c-9d95-4cd3-aa82-12389c8c7755,2023-11-11,M,M
e7487e50-f0ef-4286-9ae0-c14e37c81aa6,2023-06-29,D,M
e85bf894-823c-4206-b65b-cc0a9e4f5766,2022-07-27,C,C
eb71886e-86cb-4e33-970e-a3425e859cfc,2022-11-02,B,C
ec374534-0cb5-4315-974d-8a95396ba149,2022-04-08,M,P
ef2a6843-3f65-470a-b52f-656bcfd2cf70,2019-07-08,C,C
f23e0c7c-0d19-43ef-9534-415746502e96,2023-09-08,F,F
f4247ca1-28a9-4918-ba9e-1fad94ae939a,2022-02-11,M,O
f4e82822-df4b-4f71-bb15-1bc76acd9400,2023-12-27,E,O
f686f5c0-42f6-4e98-a986-c2ad6bbb7421,2022-02-23,D,D
f763ea48-d365-43fc-94e0-79b618125b3b,2023-02-06,B,M
fa3e7cf2-129a-4418-89a8-0e68d0013380,2025-05-06,M,M
fa77ff6d-eeeb-4ef9-ab8b-223d95882fe5,2022-09-07,D,M
fd268b0a-5fd4-48aa-998f-07ca5af0f75d,2024-05-04,M,M
01f771e7-08b4-4a53-9fa9-4f4ce0475465,2022-10-18,F,M
03099d5b-d29b-45bd-b654-ada370c0cd5f,2022-07-13,C,C
031a0940-a9d3-4ede-9c41-1d58427e85eb,2019-09-06,B,B
04da1714-758d-40c8-aa58-70623e4d8d44,2023-10-16,C,M
05d37def-f079-47d6-a1b2-34059eb89c78,2023-03-16,G,M
06c0b710-daee-4327-a6dd-bc31626fa4fa,2019-07-08,M,M
07fb0cdc-c17d-4176-a96a-13791323d822,2022-05-06,M,M
0823d640-7a13-458a-8eac-6c770425dd8b,2023-01-29,E,E
0cf044b6-93e1-4e73-9df6-c3732c926ffc,2022-08-09,G,M
0f28c280-f0a4-4401-99cd-a813b69e195f,2023-09-09,D,M
1220ac33-c803-4ad9-a218-dee7a095f5dc,2018-12-06,F,M
1572789b-d17f-4330-8491-64748d2039f7,2023-02-01,C,C
16755811-dce8-48a9-8e8e-6ea5b43f7599,2021-12-07,C,C
1b6fc3ba-5e64-487d-bcfd-8dd2ba59b6e7,2023-02-01,C,C
208ed866-5441-45dd-9ebc-eaa1eab4aa7b,2021-12-20,M,M
2103d92b-3283-4736-bc57-09fe7af52cbd,2019-07-08,D,D
21462270-dd40-4e61-ac0b-d22f0de497cf,2024-06-30,O,O
227147e3-70dc-47c2-894a-3e8358460504,2022-04-16,M,M
227206f0-bb8f-45c4-a4ac-f749557a6123,2019-07-08,B,P
2298c5c1-b2bc-403e-8439-c8c34cb36435,2023-08-21,B,M
22f413be-2d2b-4677-9ace-d9613d4feecb,2023-04-21,M,M
275c354e-f094-4ee9-ace9-e1bbfb529743,2024-05-03,C,F
28087d89-0da5-45cb-892d-734876bb2a67,2017-07-31,C,C
29243ce5-69ca-4c86-8535-683e9e8fc418,2022-06-28,M,M
29470acd-30f1-46fb-9728-86d1204d2e7a,2023-02-01,M,M
2b1311d2-d172-4431-9af6-698c09cd02ae,2022-12-29,M,M
308ce9cb-9b85-4184-bf46-7c7edbf40152,2023-05-09,M,M
37c86093-14dc-49ae-91ee-bc96450e1a72,2024-04-23,E,M
38a9febc-439f-4755-9097-babda4238acc,2023-06-29,M,M
3ba6fca8-97d9-4e3e-8953-f44e24f1c26b,2024-01-04,D,D
3c293776-62ae-4b1e-9b93-81c5000cf8d1,2024-04-13,B,B
3c6c29d1-bea8-4d41-87fa-7abfed0e0a66,2022-09-04,B,M
3d8380ef-02dc-4ca1-beb3-0ca9ed5a2458,2023-05-03,M,M
3e4fb8e3-4cb5-40e5-a077-e44b77d06c81,2024-06-28,C,M
40181ef9-ed9a-44fb-9683-27a7755de7b3,2023-02-01,E,F
404c9e18-c0d3-487a-8fa4-164f7514cc55,2023-08-15,E,E
405dc27f-2287-42c4-89a9-ded827148022,2021-12-02,M,M
4643b414-2e21-4181-8914-94bd5b6748e5,2022-07-12,M,M
474486e0-e1ac-4907-a70c-25abb80a97b5,2024-10-05,E,E
47b68c81-06ae-4c35-8f74-0334d1c1b2ad,2022-03-05,D,D
480dc6f5-8a5c-47ec-9359-bc68f3ddef3a,2020-11-23,E,M
4c0206e1-b3be-4998-8691-56d99c75fc68,2025-03-20,M,M
4cc47323-194e-4fe2-86a2-a03d1e20fbf2,2023-01-22,E,G
4f132e3d-cbbc-479c-8509-48363042ac71,2019-07-08,B,B
50b5dd7f-03cd-4254-aff3-4ca5f4f071b2,2023-03-09,D,M
50b61b2f-2b24-4e11-8450-6dbe8444eaa6,2023-12-01,G,G
51da5828-57d2-4725-9288-8c15878a7d91,2022-09-12,G,G
53b671a8-e0e6-470c-97e5-5beb591d1ca5,2022-07-30,F,F
56ff5f69-1cc1-41f7-8fdf-1832b35517d0,2022-06-30,M,M
5e3b8db1-ff1e-4c33-92dc-b65b584c503b,2024-08-06,D,E
5fc37e78-d7a6-4768-8d6f-657dbf1b38c3,2018-11-26,M,M
610aaf9f-8464-4526-b009-b451a6453e23,2017-12-21,C,C
62f49dba-a10b-4d1e-b41c-dcc11b05d693,2017-08-28,P,P
6b20045a-de16-4535-9863-8d71dfde4294,2019-10-31,E,E
6bd28984-932a-4c4a-992d-c2a270ae880f,2024-07-29,G,M
6c042774-1fd7-4bbe-a1c5-979c531f30b2,2019-07-08,E,M
6cedc61f-5674-4d0b-b11d-fbc5a05bb423,2023-09-28,B,C
7014a1d8-47f5-4657-b00f-fe76569881e6,2022-07-11,G,G
70da917c-cf93-4122-beae-ece85660b85b,2023-01-19,G,G
749d0199-be49-4fc3-b2d0-b4c5c164b434,2023-03-30,D,M
7b953a32-bd29-4e25-9435-efa6429f5281,2022-06-21,D,M
7f88f29f-8d23-4799-b6f1-5ce27031bbff,2022-11-10,M,O
7fe4a01c-6b32-4816-998d-d20519635b37,2023-06-25,G,P
80b16115-4c68-425f-947c-51a6edc312c8,2022-11-25,G,G
829da656-54ad-4f16-8769-13ca81a7619a,2022-06-23,F,F
85b91f92-1602-4b83-aaed-31141666dd54,2024-05-04,D,M
86e55194-32bc-4158-aed6-40f22f7b7b44,2022-08-20,B,B
886ca108-8e15-4aa1-aed0-337075372a6f,2023-06-22,D,D
88e9d965-ffb0-460d-b065-9aedc3841291,2022-12-28,D,M
8937af92-95b6-4da0-b242-14a5f4fc6ac8,2022-02-06,E,F
897cbb83-f470-4040-bdd6-024f038cc08f,2022-04-26,M,M
899eb235-a1b4-4d97-a7f0-ffe5665a13ad,2022-05-09,F,M
8ab04723-7c5a-49e9-816b-8bd772dcb9d2,2021-08-16,F,O
8bcc05de-a5ef-4e9a-93bc-6d1693989abf,2021-09-08,M,M
8c3e0e17-1c89-48d7-b2e6-02c02325a406,2023-05-29,M,M
8d19bd77-ced2-4ad2-b7e6-89cf5ad462bf,2019-07-08,B,B
90c44ff8-7246-4693-81fd-b533defc0a5c,2024-07-31,F,F
92d0e848-d254-4908-8d33-cff3c0bfbc70,2024-08-01,B,F
93e7b406-d0cc-43fd-abe4-0c33f6c76d8c,2019-07-08,O,O
963e1d69-b75a-417e-8871-eeb0e7e892a3,2023-11-18,M,M
96dd58c7-3cd5-4ba0-a07e-1cb6435652e3,2025-03-04,M,M
9ae46e90-6bd5-41fd-bab8-f596b194aa0f,2022-01-28,M,M
9b415abc-c48e-4177-945a-5c8328ddb9f8,2022-07-09,E,M
9b506f6e-3249-4552-8baf-bf59b814e9b9,2023-08-01,D,M
9b72d7f3-26c3-431e-b0c8-0726a7bca45f,2022-04-14,M,M
9e02251f-7121-4aae-89b4-4fb34824a6cd,2023-10-29,G,G
a076d9d0-237f-4a27-9325-3a55771f89cc,2023-04-02,M,M
a0d16df4-0e08-4754-ba49-25cdca5ff97f,2024-06-17,B,B
a25bc743-f61b-401c-af7b-3ff9a3620e5e,2024-09-02,C,M
a34dd2f2-9a59-4f14-abdf-37ed226c18ea,2022-07-06,M,M
a515bf63-415f-44f9-a848-64a159efc13e,2024-08-02,E,E
a93992eb-ff7c-4183-80b7-9ccbfb08cc78,2023-04-01,C,M
a99f8118-7fe0-48a5-86e3-db506246f27b,2022-10-31,B,F
aa028910-1fd6-4a24-bbd7-fabd3e564ebe,2021-05-29,M,M
ab6942b5-f79b-4a61-bd82-9c7cd0d9ce8d,2022-03-27,D,D
ac29d6d5-6db2-4660-b8a2-1777dd90667c,2024-05-23,G,G
ad9f769f-c1d9-4fc6-ba65-2abc05ae3dc2,2022-07-18,M,M
b5a87f7b-ebb1-4df7-8122-613be3446c30,2022-07-24,M,M
b63e205c-1ac9-47fb-aa11-61286dca6890,2022-07-22,F,G
b71d1d59-4ba7-430a-9f75-0bb70a81f65b,2019-07-08,B,B
b7680bb5-5030-43d6-bc3d-30d7cd1bbe7c,2022-04-24,B,E
b77757d1-6225-47f3-b486-1340c1f40b3d,2022-06-05,A,A
bcd85a91-ea87-41ab-800b-88edce11f2d6,2022-06-04,M,M
be65e397-9dfe-4a30-90b6-c31fdf4b1350,2022-03-05,A,A
bf57c5bc-a724-4953-9e85-6229a01bcff2,2022-12-30,M,M
c3d28ae4-e5c9-4f4d-b62e-e644a8c36ea6,2024-05-24,F,F
c4dd7871-e4c8-4bd8-bab3-5741f3a261c8,2022-07-09,M,M
c5acfc7c-447f-4b39-95a3-15aee0ea0a87,2019-07-08,B,B
c6dc1e55-fc7a-48b1-8310-d9985fb4958b,2023-03-13,B,B
c6ec351f-a1c9-4eaf-b6ca-df7a1063e36f,2020-01-10,F,F
c9181fd1-8545-4ce4-9919-c08adaf86224,2025-03-11,M,M
d1f758d0-c2d6-47b5-b51a-ffa269c4e538,2024-03-31,M,O
d45cfc97-b9b7-4855-927d-f8a3544ae8c2,2018-05-21,E,E
d64201e7-fc95-4d55-b554-4542e374e893,2024-11-16,M,M
d88a5942-e1d3-4865-91bc-bcd3fc47379b,2020-11-03,F,F
db7e08ba-e3a8-439a-bf66-665e527bddf9,2019-04-22,G,G
df30d292-c724-4fbc-a39e-002cb25fe530,2023-11-12,M,M
e16d9c0c-d0f1-46a6-ad1a-fd5d63f9afac,2022-06-19,M,M
e4812fa5-c084-4d2a-b012-490027054a6b,2024-06-26,O,O
e772b543-7a5b-48a0-801e-ff3c8ffce93c,2023-06-29,M,M
e88e44b3-e4c6-4338-a6b5-1cc22d06f3c9,2022-04-25,M,M
eabb9580-0bfe-42e1-bcc9-6c0c632d4476,2023-01-11,A,A
ebe5da85-7496-41d5-bfdb-4cf0869a3251,2018-03-08,D,D
0056d079-b074-4df4-90a4-8d76b06d53d7,2022-01-02,E,E
01e70a70-60e2-4c06-8b00-18ec55fdd067,2024-04-22,O,P
032718d9-9c6d-481b-940b-f79067259f45,2022-12-28,M,M
03425e29-3039-4b7b-816e-7d614a638ed8,2024-04-22,E,E
0384c145-f8c7-4b06-96af-4e244d2a4ee9,2021-12-02,M,P
0617872c-b658-42e0-9307-2b2a0e1ba748,2024-02-08,D,M
072bd6ae-038e-431f-a2e4-95faad019105,2024-01-30,D,M
0afd767b-0e82-49d2-908d-aa8f5ba5d1fd,2022-10-21,M,M
0c43d041-4b8d-4db6-a9d4-59fa60f01e58,2023-06-12,D,M
0cd1c927-5a68-4ee0-b21c-cbda83c340ca,2024-04-16,M,M
0df1e599-d6e7-484d-9b6e-0ebbf0bc1b8e,2019-07-10,F,F
0ebb8047-9f5b-4ce2-bc24-71f866757c5e,2023-10-17,C,M
120fdee5-bfe4-46ed-8c73-a97fec901398,2022-09-30,F,F
143a8fdf-c9d0-421e-89cd-03d8b19244bb,2023-04-09,C,D
1c2b706f-7864-491d-8ebd-58b68e91f625,2024-03-01,A,A
21685695-2a01-41c3-aeb4-3a25731d26b6,2024-01-08,F,M
21f0b6dd-6fb5-427e-b5d5-1d52adf0e586,2022-02-13,D,D
221b625e-80df-41bd-8198-e8b003c6ca09,2023-11-05,M,M
277b96e4-117e-40ca-802a-54ff23a933eb,2023-09-02,G,G
2bd7b300-a906-41e8-b602-abeeb34ecbed,2023-02-01,F,F
2ed4cb82-51bd-44cc-a4dc-81d415ceab3c,2021-12-02,E,E
301984f6-c980-4851-bc4a-1c6045ab4b49,2022-02-22,C,E
321bf2fa-9095-45a8-8b7b-c0eb51905a91,2023-09-25,B,F
32ede47e-19c7-4df0-a845-71b3b98c6f4a,2021-11-30,G,O
34ed49eb-143d-4038-8828-6f157c5a3e42,2019-07-08,C,C
38bd652f-c6ce-44bd-a6dc-edf7bc97d92d,2023-11-04,E,M
3a0c8cfb-a599-4481-881a-6c84a9222e3b,2021-12-22,D,D
3d497d99-4a86-4c25-823f-dcad37703fbc,2024-10-31,M,M
3e513772-8fd1-4e07-810e-e3f67281b1d5,2023-09-21,M,M
3f42cb1b-097b-4c69-b9ba-8a8a76770c3b,2022-12-19,M,M
446d8ef4-01a9-4b3e-995e-b24f0b620ec9,2024-05-24,E,E
49ad3b58-68f3-4974-813c-22571419c8a4,2017-11-29,E,E
49e70347-0945-4c12-b18a-28bc95a24495,2023-09-28,M,M
4a3d6bef-4807-41f1-88ba-0de7c26c8bf5,2024-11-29,C,M
4cee81f4-e7c3-4b67-9f6b-03303c220a1d,2024-08-28,O,O
4e64a632-4d30-4f12-aba0-707df0b8aa67,2024-01-05,C,F
4f379bcc-9101-42fe-a053-8c33ed6c4384,2023-08-29,B,G
4f837b93-9482-438e-aed9-25da0e6c2bcc,2022-03-24,C,C
4f9e9cc7-498a-4d9e-9f8f-b1b3a6e11778,2022-09-16,D,D
508499a1-35ca-42b5-84f2-b8575e0120a5,2023-05-29,D,D
50e9b2ce-6697-483a-90c4-e526acbaac89,2022-01-13,M,M
52be53ab-7dd5-4d87-9170-4edfa6a7bbb6,2017-06-19,D,D
5623ccea-7c29-42e2-8e8e-4d2bcdf0ef16,2023-12-29,D,M
58eb5bb8-4ad4-41cf-9a48-981eb1dfd60c,2024-02-13,P,P
5abb48dd-c122-463f-8750-b04947948050,2022-06-04,E,M
5b409479-679f-41c8-98c6-c386813c89c7,2023-12-25,M,M
5e16a072-3118-46d4-9e6d-18b3bef9ef56,2022-08-19,D,D
5fe6ed7f-d8e3-4650-9ad1-2e64d677d19a,2020-11-29,M,M
614d5229-336b-416c-88b3-28e7efff8349,2023-03-02,M,P
61d6460d-4b54-4b9d-939c-f4891fefc765,2022-12-28,G,G
650dfcbc-5b60-448b-a113-fde4cf9f202e,2017-09-12,D,D
66046d5a-abe6-4f2a-a60b-08c855b62128,2024-05-24,F,F
6904d6b6-f02d-4afc-80c9-199eaa873600,2022-11-06,M,M
6e0da290-5ffa-4f58-85fb-b6a5978f970a,2023-06-29,C,O
70dca916-23cc-4617-a8b8-bcfbdb483f43,2023-11-19,F,F
720d9d2c-0c35-4258-9517-42958958db86,2023-03-01,F,O
73f95e79-169d-4bc5-8373-18e6ba79113f,2024-06-30,D,M
76b6d8d7-0e86-4fa8-8a13-a0c27dd12243,2023-12-14,M,M
77c15b60-4ec7-47ae-9281-b6e35ae9b415,2021-03-22,B,M
78f2b9d5-b8ee-4d4d-847b-ce0ef882b9f0,2024-08-01,C,O
79a1136c-294f-42d0-b179-e1efa5caa8e3,2024-01-03,D,M
7d3867a6-d34a-4d29-977f-0eb72eb49284,2019-07-08,F,F
7e448e1c-d533-4422-ad50-bd8ed8ad4661,2023-08-07,C,D
7ed0a68d-82af-4f78-99b0-631fae5a9dbe,2022-05-20,E,E
80170617-b654-4feb-988e-99957e3f2ecc,2024-07-31,M,M
80892c29-9e6a-47c4-bc9e-9de590d73e6d,2024-05-23,M,M
82fbd264-47e9-4a29-b5bf-1bdeef4d85de,2022-05-09,M,M
8917713d-f5d1-495c-b527-24ca7414c2f4,2017-09-20,C,G
8919a30c-4576-46fc-9f03-524057673e59,2024-10-28,P,P
89b45560-7606-4bdc-b04e-88c4e5808914,2022-02-14,F,F
8a917755-1048-4c91-aad8-c656fad620a2,2022-07-30,G,G
8bd8caba-ac3b-4ed4-ba61-b0d9e9b6dcb6,2024-06-28,N,N
8dc3de1f-7ecb-44eb-bc4c-dd86add7c638,2023-12-25,F,F
9382217f-c2b1-44f0-a03d-639e0f4a828b,2017-09-13,F,F
9705c192-1847-4a59-8c5f-6f3ebbb39f10,2022-04-25,D,D
9a4770f5-9ba4-4b78-bfc5-34da905d642b,2022-03-09,M,M
9a4c9563-0fb6-4290-bc41-46f5cda2880a,2021-09-06,F,G
9b5dedbf-8c13-44d9-8295-b59933c98eb0,2023-04-12,F,F
9f5455fa-6b83-403e-a01e-1293ac42756d,2023-10-27,A,D
9fe4e292-d853-4022-ac2a-3acffd23b00f,2024-09-09,B,M
a2c84406-9de9-434f-bcbb-a4e4532f3e0c,2022-01-16,M,M
a4203c00-c170-472c-985d-8b2f2c1b684a,2024-01-31,E,M
a5b5b0c1-b530-4b02-9c12-ae3a9bb85115,2024-08-28,P,P
a77c3d3d-a9f8-466f-8f7b-47e055d12410,2025-03-02,M,M
a8a9d123-c4d5-4361-bf65-82a86531a393,2021-12-02,F,F
a8df5995-787f-4cb7-9a4c-4b143cb1d491,2018-02-21,E,M
aa22dd7d-a199-4947-a192-3117e9fd684d,2021-12-11,E,M
aa6ec6d3-9a23-44f5-84e6-ef2b5530fda5,2024-10-14,D,E
b12cf623-7533-4339-ba49-df6307ca6254,2022-08-22,F,M
b30a79c4-6a8e-40e3-b136-c37c3a21e393,2021-03-22,G,G
b387d505-afaa-46c7-94ad-6c23427f24cd,2022-07-05,M,M
b3971d74-2029-4494-8ec9-9c54bd353a48,2022-11-02,M,M
b510adfc-ad85-48b2-8854-19c13b565ec4,2024-06-28,N,N
b6a671e8-f01d-4556-8468-69ad700226a6,2023-03-30,M,M
b6a9e5ca-9c59-4b4d-9faf-468488fdf067,2024-06-30,D,M
b7bb67c5-4bc4-4820-91ac-7aac31a67d50,2022-02-18,D,G
bdda73f2-bda1-4cbb-a0df-f116ca6a2ab5,2024-09-10,D,D
c44a6376-bd4d-4427-87eb-14901e30f932,2022-02-21,A,O
c50614b7-4fd4-4db7-b976-cfdf16300fd1,2022-02-27,M,M
c7049ba1-beb8-498a-a7e9-f466e9e336a9,2022-04-05,M,M
c74f62c1-7cb7-4edd-be5b-08530c28c93d,2025-01-08,G,G
ce359501-7a15-4f55-ad4f-fc2bdae6e1b9,2022-03-02,M,M
cf333712-00ef-48ff-97ec-ca5ec301cee7,2024-07-31,B,D
d1ca41ec-12c9-45ff-957a-f4edff352c5c,2024-01-08,F,P
d1e025f6-7dfa-4a51-b025-f53b25558947,2024-06-03,M,M
d3449d1f-32da-4b28-97ea-f0a7650c48d7,2024-05-24,M,M
d511faab-5ab3-46cd-be9a-2f924da98adc,2022-12-28,F,M
d5bd1090-7cc1-413b-b6d3-5291fb8d2aa2,2019-07-08,D,D
d647923e-0b50-4c5c-b519-a114ae1b4050,2022-09-17,G,G
d9060529-bd65-4c34-a7d4-ae3c2995d31d,2024-08-05,C,D
dcae11c5-f62d-41a4-838e-85af29200fbb,2024-02-11,A,E
de2b171a-4a2e-4423-866b-b3e606472f80,2021-05-30,M,M
e2cf561a-36b9-48b7-8fa1-e3a63c13c02e,2023-11-02,F,G
e352e6b7-ee61-4d6b-b3e2-183e0a5dc751,2022-01-22,B,G
e37258d6-bf07-45f3-87de-27cdda32a2a3,2022-07-13,M,P
e50b85e2-d2ed-45fc-800e-894c2078c07b,2021-09-06,E,E
e8870d62-065e-4a4f-99cf-b8ed20be2cb5,2023-06-09,D,M
e8a0dac4-d4bc-4234-bf1f-c3a5f977b6f2,2023-05-29,O,O
eb3bfe77-c9bf-43f9-8e7d-b351555f5fbf,2024-05-20,M,M
ed4839eb-d2d2-4236-966b-4fa982742ef5,2022-01-16,E,E
edb08874-205e-432a-a9b9-7d6061303d77,2023-04-11,B,D
eebcd45e-c3c8-436e-80b6-9c2b57e3fe3b,2021-11-29,M,M
f0cb23c2-e178-4d10-8dbd-7fe311acbde3,2023-12-14,D,D
ed1296ca-e308-4630-92f3-7e5f70d2e300,2022-06-28,M,M
ef360211-7779-4626-a2d9-e16a8b8f851f,2023-02-01,D,D
f2bf18b4-b6de-446f-aa42-1b9e2a28ca1c,2018-12-03,M,M
f4adc0ed-d704-4c9e-96a8-2e4bf2b4768d,2022-10-22,A,P
f5669511-bfdd-4b42-99e5-a2bce032840c,2022-11-13,G,M
f58570b0-5000-4ec1-8ed4-251f339ec790,2023-10-03,M,M
f7fa908c-34de-4fd8-956f-a5e8aef46419,2022-10-30,M,M
f9104957-959e-4494-8086-fdef17e0d10f,2022-02-21,M,M
fa42f030-ddd3-46c6-bc04-39651859f8e0,2024-04-11,O,O
ff363995-44de-460e-a088-b824d1502437,2024-06-28,M,M
ec0477e1-4502-4dcf-9758-0b210243aa02,2024-05-24,,
92f306cf-1ee9-4a9f-9313-e06a47b03b9b,2024-07-02,,
f2f8a0c7-d5cb-4e56-9528-5428f450834a,2024-02-24,A,C
f57adcc8-b466-4c51-84f8-c9a18035dce6,2023-12-27,E,G
f770b835-2714-4842-bedd-71294179ba18,2021-03-13,M,M
ff0db259-9487-4171-95b7-99af191816a5,2023-09-15,E,E
02bbb326-72d9-432a-8a41-89a84a59e0e2,2021-08-06,E,E
065180b8-d88c-4adb-9d92-8e10ed2a45ad,2023-06-11,D,D
07c535c0-e5ad-4390-8cfc-121eb79e5ff4,2022-05-02,M,M
084d2187-19d8-4e77-8090-283bffff75ec,2022-06-29,C,C
091f7251-7136-4434-942a-e5cec35cea4b,2023-06-29,E,M
0b04db8d-56aa-482d-9fac-8a5892b1204a,2022-11-05,A,B
0c69cfd2-c633-46b1-981c-38a2fa85df85,2021-12-21,E,G
138b52ce-14aa-4647-8ccd-b0a94834fb90,2025-01-27,F,F
13f36f99-540b-4a38-b01b-f8f2f3733914,2017-06-10,B,B
17f6be67-c042-4fee-a32b-4ee50b041636,2021-12-11,E,E
17fe01f4-3653-4762-997b-3e209f1367a9,2023-01-22,M,M
1adb918c-62de-4055-95fe-7f7f2982097d,2019-08-05,C,C
1ade4f5f-298b-4f36-a417-c0043e09d98f,2022-09-28,F,F
1b264cf7-8965-457b-a9f9-39369aa2bcb7,2024-10-21,E,P
1bdfd25a-b68e-4432-b1c4-dc6c5a6f129f,2022-04-27,M,M
1e3c6205-4f44-44b3-9fce-f47897ffc390,2020-09-05,C,E
1e93bdee-f8d6-4d3d-9990-aef64aaf5848,2023-06-26,E,M
1ecdca76-35c5-465d-98bd-1c36669df097,2020-03-04,E,E
21044f96-7084-4232-ba64-17b5a47ccc48,2022-12-18,C,P
26bd9cef-1dbd-47b5-bbcc-0464312f5d97,2023-06-30,G,M
270acb85-7b38-421d-9ce8-8519bbc9782c,2022-02-09,D,M
27207f47-d201-4176-ac5b-41604beeb071,2022-08-01,M,M
2933380d-c53c-4e56-b332-9282a8cbe186,2018-12-13,C,F
29340ab9-2962-47a3-9e7c-4b037d3cd920,2022-02-27,C,C
29e4e918-4320-4364-af48-8eaa76b38ee5,2021-12-02,E,E
2a2543ed-0756-4a5f-82ca-436ed20d72e4,2022-02-27,M,M
2a7c5d8e-74a6-4b83-a55b-ff0007b53486,2025-01-29,D,M
2aef3319-5692-4d54-bfdd-49ce77cf2569,2024-08-12,P,P
2eb069dd-f405-4498-92a1-8e81f9c2e9bb,2023-06-14,E,F
3153dc2b-9fbe-4c2a-9f42-74748c22f8dc,2024-04-02,E,E
33694440-4ea4-477e-9bd6-5d3cec57d323,2020-01-19,F,M
3457a5f6-d425-462d-9916-56562552882e,2022-03-04,E,E
354c557e-c4a7-4460-9735-abeeb95f5dc1,2023-06-05,M,M
36b947f6-4b6d-4e1d-8f2c-38f91747a873,2023-10-06,C,M
38300b42-f20e-45ab-8b3f-ddf746d24ef1,2022-06-04,E,O
3968f799-8a24-4992-b570-2ddf3cfbdac9,2018-11-25,D,D
39fbc030-d8fe-4df5-8626-1b05f763410c,2022-08-25,C,O
3a88dac6-620a-4e93-a82c-6961dbad074f,2024-11-12,B,B
3cdb9d42-95af-4cdf-94a9-e86e76a981d4,2023-03-22,F,F
3d52b0fe-359c-459a-b5f9-63c8fdbd8a1f,2022-05-02,D,D
3f043df3-3a62-4d87-8007-4e03aba6bc3a,2022-02-01,M,M
4408087d-45c6-498f-82f3-40f6a3b5197c,2022-03-25,M,M
4434787b-13cb-4988-9991-cd3b67980394,2022-11-28,G,M
4586db0a-ebec-4a76-aaaf-cace45974634,2021-08-01,E,E
45b9a63f-5704-47c9-8cfe-02466c231916,2024-10-01,M,M
466de53b-6def-4c82-88dd-b68bcdcbd373,2022-10-29,F,M
4710dd10-36b2-40f1-9c48-de63a45c6dcc,2024-10-24,E,E
47e3ab18-b667-4413-92df-25d7c1776c27,2022-02-08,M,M
4862f5d5-77f0-4bee-93dc-a70e4c3d5671,2022-02-27,A,A
48adf002-ca40-4889-8369-c4fc843d368a,2022-02-16,E,G
48be2084-fe7a-4837-819b-4f9dab6f3bc3,2023-05-20,D,M
48faa681-2f1c-431f-83ff-496ec8524521,2023-10-02,M,O
4a04f23a-e8f0-4f0b-9e70-db14cf895949,2024-06-24,G,G
4d47d002-8ae5-4f16-abbb-7732516d42a7,2021-12-11,E,E
4d8aac58-ea60-4289-b1bb-a1f34e69d3d8,2019-07-17,G,G
50e92f9f-a08c-40a3-a9ad-7b4f0075f92e,2023-01-16,D,F
5184ae32-c607-4f0a-9deb-2c742da2fe20,2019-07-08,M,M
525f69fc-a14e-495a-aec7-bcbda121bb61,2022-12-16,F,M
54138603-0b85-4023-863b-d53a74f34ddd,2023-05-29,M,M
59a5bfbe-8f53-4f83-ad46-69abb9858a41,2021-11-03,M,M
5ffc1cc4-a3f7-4a45-8fcd-38866bca1f85,2023-02-16,F,M
610cf52c-5b77-478d-b3ff-8f18da0a282a,2023-01-31,O,P
62075bc4-42bb-4eeb-b7d6-db3b92de441f,2018-03-18,F,F
62dd33a1-8fac-489b-ab0d-757727a73335,2022-04-17,M,M
6301d301-bef4-4b24-9b8a-5c7b7accc3fe,2024-05-24,C,C
6342e315-31a6-4c8f-88c4-12b9db03fb1b,2022-10-31,E,F
6819aee9-cfa0-4188-a3fa-3bbc92d50381,2017-11-29,A,A
69bc5da9-8c4f-433b-a158-47754d1d76da,2022-07-27,O,O
6a547a1a-a122-4e79-9dd2-4c1daaed0919,2023-12-13,M,M
6ad4d51f-73bd-4f8f-9b01-601fa806998b,2022-07-20,B,B
6b411e88-1457-4381-9121-a6c6cbc7e63b,2024-03-12,C,M
6bd5d40b-f465-4804-b5e5-b95b5c42d327,2022-04-08,F,M
6e1647d5-8652-4982-9062-320992026f70,2024-05-24,D,D
770742b9-7dd8-4e8a-a0b7-e7094b8e9a1f,2024-08-12,M,M
7aeed818-b34d-4673-ab6d-cd702bb51678,2024-07-31,F,M
7e5ed6b3-1103-4f42-be89-c68d1b95f9ba,2023-06-05,D,D
7f4989d0-1933-44c5-b2d2-6e3b0d182d18,2022-11-28,M,M
80fb4aa7-e0e8-430a-a3bb-e24f6a7f5f65,2023-02-01,C,C
860ad193-0de5-4e4a-bfde-4ecec92a2f4d,2021-10-26,G,N
8672c403-3072-49cd-ba46-ed407cf7d7f1,2021-04-03,M,M
87b68a47-a341-453f-82e6-d7bf81858882,2018-04-08,E,E
8cbce9e8-aa0d-439e-98fc-5d8c47d3ea15,2022-08-15,F,M
8e231b43-a133-4473-9cc0-d6562d1a2799,2022-08-03,C,C
8e744158-b6ac-48f2-a6cb-50c4043993fe,2023-09-28,C,M
8f7a37e2-ec9d-468e-b213-689a7bacc594,2024-02-07,M,M
90b63574-17f5-4227-b19c-ffbb8659d315,2024-07-16,B,B
919f188c-0492-4c2f-965f-20c475fb6098,2024-10-28,C,E
91f43d9e-91a3-43c0-8670-2d900597ebb8,2024-10-31,G,M
9321e068-dc7c-4fb6-b5e4-02e6e66e55d2,2022-07-30,M,M
9405c409-bbca-4204-b252-1dfb2d6bf793,2021-04-14,M,P
94e20baa-256c-408d-ab86-61bd6585dfa4,2023-06-29,E,M
95694c4b-2230-460f-94fc-a644cbc0cc5e,2024-10-25,M,P
95c62f03-ad98-479b-a575-39986b96babb,2023-10-11,B,B
96de08db-3a4d-4ba2-a18c-e9e4d2cf951b,2022-02-27,M,M
9776c07e-1864-443c-a613-80e73cd0bd80,2024-02-10,E,P
98615bc4-aab3-4f02-9091-5234f6bf9378,2022-02-16,F,F
9a788b10-209e-4865-bd2b-a5d0b7214a3a,2024-07-22,B,M
9b516909-32b3-46f8-8945-4b754d103f9e,2024-03-04,M,M
9b69d96a-75bb-43e2-bb6f-18255bff3a6d,2022-02-25,E,E
9d2f7bd5-c10b-48b3-b041-b12ca2fe61a4,2023-11-11,B,M
9ed8ca87-63ed-4e1d-bbba-d5dd9950bc22,2023-01-30,M,M
a372175c-7099-4ccc-aebd-b0bd29065338,2022-01-24,M,M
a50ee269-a913-448f-88fe-c031959cdfa1,2021-09-06,M,O
a5134ed3-8b2a-4f94-8031-3135f1200ad7,2022-04-11,E,M
a8bda781-e5ad-49bf-911d-71cf592fdaf5,2023-03-01,M,M
a9a17147-b81e-46b4-9de9-7ba8e3f3092b,2023-02-01,C,M
b111f203-5196-46bd-b1b1-0e4afbabd76c,2023-06-29,D,E
b1220218-7a86-4b87-b4ed-1a937d03b578,2023-04-30,D,E
b6a96561-3e62-438d-8d9b-59335ef1f9cd,2021-04-23,O,O
b8053c1d-9651-4b9e-b7ff-4155fe251e55,2024-02-18,M,M
ba604745-0306-4a83-bd96-cca7dade17b0,2022-04-27,D,D
bbb04fc9-cdfa-44ca-98dc-020edc94a8bf,2022-10-08,F,F
be96f77d-70f8-4add-aad7-641b3eaef675,2024-02-29,M,M
beeec06e-7368-4708-88a8-5d1e3cd98179,2024-12-24,M,M
c06e8eae-bf5d-4989-bfe0-45d74e979409,2021-09-03,C,M
c10da596-2bb6-44b4-986b-4b36f9136a33,2023-01-29,F,F
c11b0c14-8af7-4ed0-b7d6-203191c0df85,2024-04-02,E,E
c207df77-392d-4602-8471-9f6b3d727ea0,2019-07-08,B,B
c3da86af-d1ab-4eb5-b602-234d486d5b31,2024-05-23,D,D
c3f974a0-6ddf-42ba-9b9a-2dcd5309e82e,2018-01-12,D,D
c5460f0b-fe98-4476-b8a3-d7984f872be8,2022-12-18,C,E
c6c9ae66-a6f3-43e9-804b-346a46098029,2019-09-23,C,F
c7bd9e59-d861-4e00-b439-1c813d527092,2021-11-07,G,M
01a9dc9e-6446-4967-ae10-94802baaf73c,2023-06-13,E,O
03bbeac7-55b2-452a-ad3c-506e2b6eb29c,2021-08-26,P,P
04bb8b6f-6589-448d-90c3-93c99c81bdaa,2016-12-13,E,E
08ba4469-f8d4-45fd-af38-e6f05604fbdc,2022-03-05,C,M
099cd4b1-c960-4e3d-bf3a-da1477f9beee,2022-03-03,C,M
0a4a14b7-b6bd-4cf3-abb9-e1cd2df0c750,2024-10-07,G,G
0cc39f07-7483-4d0f-87fd-44afd2f29c2b,2022-03-01,M,M
13914f5f-437f-48f9-9027-57b4314df182,2020-12-29,E,E
148afaad-902e-4a02-a7f3-d1070323991d,2020-12-01,B,C
16e87fe8-f2e9-43f9-b4e6-03d562107caa,2020-11-07,E,E
174b2363-9456-4573-b5a7-9f0dff8baeef,2022-10-15,C,M
189f479e-7413-41f3-97e6-8186911083bf,2017-12-22,B,B
199a15c8-acc4-4af1-8583-4292ad6bd7d3,2023-10-12,M,P
1a74755b-b3f3-47d2-b3e4-c9ae672543d0,2023-03-30,F,M
1ae337f2-678d-40b9-a59a-8d808680e386,2021-12-03,D,D
1f0f4fe1-b804-46dc-be91-e23edf4273bf,2023-05-29,F,F
27327901-cce8-4281-8354-a9c99a8277d5,2022-09-21,E,M
276750a2-ae77-4769-99ea-e7e235d75d68,2017-11-21,C,C
2bd67cc4-02f8-4092-8b8a-48a95cbb3d61,2021-09-06,F,M
2c019350-8c6d-40f2-b2cd-4a9002c3673d,2024-10-24,E,E
2d4641c1-b3e7-4cdb-8238-f614d9af302d,2022-04-12,M,M
2d755490-eae7-44b9-8c8a-e9294a635c90,2019-07-08,C,D
2db88862-4ea1-4318-be12-53c5f8ff33a9,2024-06-28,C,M
2e4c3fec-9b5c-4147-855b-4571c77f040f,2023-09-28,M,M
30d22a51-0094-4b2a-bf02-46d4bcfbbd3f,2022-12-13,E,E
30d6d821-ce3c-4c6b-b340-73e462b7f26d,2017-04-04,B,B
32aa4548-6983-47e0-9cf6-705b2ae07d5d,2023-05-29,D,M
32f58dc1-b7c4-4fcf-b0eb-a0f719deba0d,2024-06-28,B,M
35dd1ca5-fd20-4643-bb64-7a7fb8543447,2019-12-03,F,M
39f0cde9-7a48-45bb-8761-0b83425c940b,2022-12-03,O,O
3a8380d5-6918-4488-b2f5-ce22f8ced7a2,2025-03-14,M,M
3becbd79-d568-4050-a6cc-a65f01613582,2018-06-28,C,C
3ce932ab-6339-415c-a81a-e8dd3a099247,2021-02-16,D,M
3fea386e-b91c-4e8c-b4a2-970b8cc748a9,2024-01-16,O,O
4034809d-ee81-437e-ac17-addf97677c80,2022-04-29,M,M
4156dda5-ce45-41d5-babf-4829394744a7,2022-11-30,G,G
422728ee-e728-4027-9384-2de28c288bbb,2022-03-05,D,M
4351e53f-1a59-4ec1-a048-dbe511a4d9d8,2023-06-29,G,M
48a17d42-fca5-4a87-b198-564d7139b9e7,2023-02-08,M,M
4caae2c2-42d3-4c6d-8dc6-5a874ae0ff37,2021-12-02,D,D
4e694452-ad1a-4aca-b98a-2fddf2f3ca70,2023-02-11,G,G
536128c3-9f74-4b5c-b786-f75c1b0aead3,2023-09-28,M,M
539ba67b-a1fd-4e5f-a3b6-3d07a354fc47,2023-11-30,B,B
54b1765e-b0d1-411d-a816-87e919c93d34,2024-05-03,D,D
593ebd00-be3f-4470-861c-5cec7913836d,2024-02-01,D,D
59850511-9ac5-48ae-9fd3-00832cb83635,2022-06-04,E,F
5a9a1eb3-b87a-4bb7-8e72-e39c4b3bbbc4,2023-09-28,G,P
5e55194e-34cb-468b-a338-250867f05ef6,2024-11-11,B,G
60910870-c796-4e76-8ee9-edd74122c5b6,2022-06-21,M,M
624b4512-4358-406b-88a5-f61170648bf9,2018-09-06,E,E
67706b49-e641-4122-bf37-109c7274371f,2024-07-31,E,E
686e606d-ae41-4bd9-bf17-89de88f97dcb,2022-01-22,M,M
6998dc03-916a-45d7-b62d-7ac22f9c5693,2022-09-14,B,B
69ee636a-d66b-4ff3-8d1d-3ef3044873f6,2024-09-02,M,M
6b688446-6395-4b8a-b069-5bb8101de0da,2022-06-01,C,C
6bc132c8-8726-4d52-8489-da3ecb8573d7,2023-04-25,E,E
6d028ca6-e38a-49cf-bd70-a0ae151c0125,2024-09-09,M,M
74bdd578-0da4-424f-a984-0cf58c11e3ed,2024-08-30,B,D
753091a1-5db5-4434-bd00-92a484f7c5a0,2025-01-06,D,D
77389a59-3a3c-4ced-bad1-1471072628cd,2023-07-06,C,C
7adece47-9713-4967-b432-0776f245bb45,2022-09-04,C,C
7ba717df-a821-4488-8742-04ab075a7e50,2024-10-25,C,F
7ba96a78-96e7-4eb2-8168-415e02e6390f,2024-09-06,M,M
7bf78284-2d2d-4307-b71a-1303984571e2,2021-12-11,M,M
85274a3f-6f66-4d55-acbe-42c263297fc3,2023-06-29,F,M
8cfafa19-b4e4-4d3c-993b-44917725e5ea,2022-08-12,D,D
8df109bf-87b4-4ffd-bd31-d29cb746b413,2024-06-28,F,F
8fcf55e4-92aa-4df5-944b-4a6891f6f403,2022-07-27,F,M
970229f7-d1e8-4623-8108-5a80dbff9474,2024-06-17,M,M
9841f08f-80b0-4dda-87a6-e6bda6dabaf2,2024-09-29,E,G
98d98dfe-6cab-4bcf-b2b1-ec01a19ef45c,2022-06-25,M,M
99575edd-8f97-4c5a-9f83-f9e7323dd625,2022-12-01,C,C
99af8fa6-4dc7-4216-b46b-b9d00bb0f378,2022-09-28,E,N
9dd8687d-4d74-4483-887a-30d2e9982643,2022-10-15,M,M
9e5d7f7c-8414-4222-bde6-cab9bb91c9cd,2019-03-09,M,M
9f5230e6-b59b-4d0c-91dc-ff6603f067b4,2024-08-12,M,M
9f5da57d-c6f0-40c1-bb01-94f85addbe84,2024-10-24,P,P
a5d2f09e-d84d-4fac-bf7e-1d4279e02a5c,2019-03-26,D,D
a5f09a8d-e09c-4390-8275-9739642d80bd,2023-12-22,M,O
a7338369-c35a-4fd7-a0c5-cb140c96dee1,2020-10-30,G,M
ac94b8e3-cb06-43be-8ea6-47728bb85a4a,2024-04-15,D,M
af1b3007-819d-4d1f-9f4f-3a1df991938b,2018-02-21,B,B
b1bbc982-b6dd-4c00-96b6-ce9e9e16b6fa,2022-09-27,M,M
b236a2ff-25f7-4d65-b8f6-e5ea746e94da,2021-02-24,M,M
b34e44fc-855d-49d9-a144-c5413cf1de2c,2024-10-04,A,E
b5b68c2b-b098-4edf-ae44-10c9ae4e13b4,2022-03-14,M,M
b83d53e0-2c6b-44c9-85c2-030edd091976,2021-11-29,D,D
b8fea861-280d-4e05-8740-f5b227aedf31,2023-03-30,M,M
bd15d62e-c8f0-4c45-b9b3-8cc688b535bd,2018-12-05,F,F
bd7fdda7-647f-4375-a30a-3ae7cf81795d,2024-10-19,G,G
bdbe9293-bb0f-4a38-a812-7f3a67bbfc28,2022-07-30,M,O
bf94be3d-ae9e-4eff-8e65-b00b11608c78,2023-11-16,F,M
bfa3f747-4359-4fdb-8349-5ad65ddfd141,2022-11-22,M,M
c020ae6e-1544-4fd8-9ed3-748b952e9f6e,2024-02-11,O,O
c044bf6f-a374-4072-9bac-2f0642ead34e,2019-07-08,P,P
c27b7643-21c8-4ffe-a0e9-2c03e0b75698,2022-12-28,B,B
c60afa88-1bb9-4a5f-a11c-c295f7d6e6b1,2023-11-06,O,O
c6b55ab4-75c9-46a2-9510-6e2b8abef1e8,2022-10-31,M,M
ca662091-606e-4f3a-aacd-bf4845194e96,2024-02-11,C,C
cad194b2-83fe-4831-bd27-3d2fc1e658af,2020-08-03,C,C
cc344ccc-78cf-4098-8c3c-f246fed92ad0,2022-06-03,G,M
cd23e70e-7a54-461c-8981-3aaf7597d55a,2021-09-02,E,E
cd6e96a7-3e27-4974-91ae-bbc2e5e46af9,2025-03-29,A,A
cdccf7e4-7923-4710-a905-ac9f88403d33,2017-07-26,D,E
ce2a9198-a164-43a6-86b2-2426f2ca3128,2022-06-04,G,M
cfa44f03-592d-45b8-8ebe-4e9ad964e958,2022-12-13,E,M
d1c019e4-2200-4ee2-a38a-7fc964df7fc3,2023-02-02,M,M
d4597365-13ff-4981-b1b4-511a246e0151,2023-02-01,C,C
d7d5a9f6-55ab-473b-ae92-e0d5378d28d5,2023-02-02,D,E
d99c5664-435a-4ed0-99bf-9361070a9dec,2023-04-14,M,M
d9f7878d-2793-4b50-9990-75344c59a8d8,2020-09-28,E,E
dad3712d-0031-4eb5-92e8-5de06999b9ab,2023-01-16,C,P
dc1c268c-0df6-4c61-a363-0dd9246c7f86,2023-02-02,F,F
dc7fc5da-57ea-4ee1-9878-08bc5b2ddd8e,2023-10-22,M,P
de1b33e3-ac2b-4ae6-985b-6c39c43f374d,2021-10-22,M,M
df128797-2508-4663-a6e2-29d716e493a4,2022-12-29,G,G
df2060b2-e90e-4bbd-aab7-2fed004ca2ed,2021-07-25,M,M
e43e5d28-617d-4370-bbcb-34966bee9e91,2024-09-09,G,G
e4cfd6ce-86ff-46d0-96dd-af4363f56dfb,2019-09-08,F,G
e62586f2-a379-494b-b619-fce52b188f0f,2019-07-08,C,C
e70d6350-2919-40d9-a77f-30126e8a0e66,2022-11-13,M,O
ee221691-8fed-444c-a90f-437e4f89f51f,2021-09-06,G,G
eefb3b5c-29f7-45d6-ba14-8966e0687220,2025-06-26,P,P
02608cd4-2d19-4190-8dc4-d1eb85acb969,2023-10-31,F,F
0394e159-96a7-47fa-82a4-5a24bff551aa,2023-09-28,O,O
0441606b-b5f2-4bbf-8e55-ce9e9333dfb4,2021-12-09,M,M
116a98cc-5584-4f9a-a259-65d577b02164,2023-12-27,C,M
16bfa0db-3b70-4a5a-a03c-ad3523322da0,2023-03-28,A,A
17080b12-bf58-41d9-b1e3-52affb609068,2022-03-05,M,M
2ce4a81b-8cd8-4d0b-babd-8d9e72d12069,2024-03-30,O,O
2d4a5a1b-7824-4e5b-82e6-e7c22dc5fd5b,2022-03-05,G,M
2f157c4f-c355-462f-9d8a-db7103d6ca92,2025-04-02,G,G
2ff814ad-b180-43d5-8039-c0f4374f6042,2023-12-31,B,O
331272d5-6ea7-48bf-b52a-0fb79fc3f42c,2022-07-11,D,M
331f2caa-164b-4515-b0cb-351a9ff7a1f3,2022-06-11,G,G
340c71ad-4ae1-4e04-a1c9-f8ff1cb70d8e,2024-07-31,M,M
3a6dbafb-13a5-4f61-8f3d-779329e017d8,2023-04-11,M,M
41b2bced-1522-4b69-b8e6-c71b6b9be92f,2022-04-12,E,E
43266217-40dd-4ff3-a7f6-641087452243,2023-10-31,D,E
432f5b28-400d-45e9-8261-f4d9e6f8ae33,2024-12-30,M,M
43c7bcc4-78fa-4cdf-a291-304b12f3a150,2023-06-16,D,M
46d11434-b807-4220-96a0-124e6d92b49c,2022-05-14,E,E
47f41931-a407-4ccc-b01e-0191efa382d3,2024-05-24,M,P
49d6c423-0063-41f1-8606-81df54575f2c,2024-10-08,M,M
4c340720-f455-468c-9206-1970188ab6d2,2023-09-05,E,M
4de037a8-95e6-4a0d-8aa4-699f6268230f,2022-11-02,B,M
50fa7707-5f49-4f1d-9679-1986b557a5c3,2022-05-04,C,G
537b2776-0508-4991-9fe6-7326d9a5a707,2022-07-22,M,M
55afd467-0e34-4300-92e7-056f1a4f5a95,2023-10-20,M,M
59386d12-6778-42e5-90b1-99c8520a4f82,2024-08-20,M,M
5c488751-165c-4122-8355-144cac81d4ef,2022-12-28,B,C
5c5ccc93-2241-490a-a23c-3625a835c219,2023-12-23,C,C
5c8bed80-099e-436f-b04a-f3c5a78d3e8b,2023-10-31,N,N
5fea89f5-66e4-40ae-a9ee-c3b17c70caf6,2019-07-08,C,G
612c2a19-cfcf-40b6-b50a-24fafc254ad8,2024-07-30,B,B
639474c9-5a11-431b-9660-fa8fc67e8e2c,2022-10-29,M,M
6436f252-5a8a-4a05-b86d-ea82f55f2a6d,2020-05-17,D,D
681026ae-ae2b-43da-a907-f5de4c99bac8,2022-03-05,M,M
6c55a840-3d99-4665-a57c-2d027bb73e15,2023-12-29,D,M
6cbf1597-0090-455a-89cc-5b5bdfd14ebc,2024-07-18,A,D
706048fd-a285-464a-867b-0357ca07c040,2023-03-06,C,M
70b8cd45-b0eb-4b09-906b-5643bf8f5f4d,2019-07-08,C,C
71690808-ca00-4c62-a51e-b384ffcaca41,2024-05-23,D,E
74ff2c02-fe4f-4b2c-9a01-1e6ea7cc6680,2021-05-15,M,M
782ea164-5743-4e36-9258-c1c747f9baec,2023-11-19,M,M
7cd95cd3-cdaf-46e6-99df-60bb85a35c0d,2024-09-27,D,G
7dabde3e-a4e9-43bd-a081-f96da6004b59,2024-08-13,G,G
7dc0f45d-4333-4ed3-ae33-cf37f8e767d4,2025-02-25,M,M
800fc883-6e4f-40a4-ba5f-d9a7897bd7f6,2024-07-09,M,M
818cf805-a2af-433a-bbca-9e8cf22f6d36,2023-05-10,M,M
839438e9-f4be-4928-8632-3f29e0264840,2023-08-30,E,M
848d239e-7533-4d12-bccf-510131a9fdc7,2020-04-01,M,M
86bd21e5-27f7-4127-afdb-f28833d9f239,2022-08-10,E,E
88fc264f-9b28-455e-a438-ad9a141cc020,2021-12-31,C,O
8b78d07d-3d3d-4e86-ae62-99c1fa75cc21,2022-10-09,G,G
8ebd3050-ed22-4e09-be12-da1dba3a9e07,2024-10-28,G,O
90be06ca-fd8e-4e33-9a63-3919d36b7a93,2019-10-28,C,C
9a655335-ed92-492d-aa96-b5739d92af4a,2021-12-11,F,M
9e91e844-60f5-4679-8221-7387d1882513,2021-06-09,C,M
9f9c9a3b-5b0d-484e-be18-ea85a62b12db,2024-10-07,C,M
a2751d11-7a86-4ad7-933e-6f99a90e2acf,2024-10-02,M,M
a37e4455-2cb5-4e0c-9e3e-feb3417d6556,2022-06-09,M,M
a44364f2-255b-4ae0-a49f-b15529462b59,2023-06-25,B,E
a893ebf9-809e-44a4-afcb-ad39868372dc,2023-02-01,M,M
abd39070-5ac2-4024-9f95-5f8ed1974b7a,2024-07-02,M,M
acc43783-0b2d-495a-902e-5ed702bf202c,2024-10-07,D,M
ae3aa2c6-4ac4-42e3-821b-36cba7e725bf,2021-12-30,M,M
b035c1dd-630f-41f5-8e1b-55a0f8fc8237,2021-03-31,F,F
b65b3d99-c86b-4d83-bca1-68505d9d4721,2021-11-17,G,M
bb2d1b0d-e724-4c18-baa2-f46fe6c1587c,2022-07-26,M,P
bfdbc462-e651-4b24-bba3-ac58b7c0c0c6,2017-01-07,B,B
c17185c7-e3f1-45d0-a541-c1417035b83f,2023-05-29,M,M
c3ebe7b2-2ee9-4a57-9e2c-c8ef67467a7d,2022-11-22,E,G
c7b91b2f-6d1f-45d0-8483-dc6272c741a4,2023-02-01,E,E
c85e797c-76cb-4857-888e-faef92ab83e1,2019-07-08,M,M
c9ce8f5c-1d2e-456b-aef8-44e1b26566ba,2023-10-12,E,M
ce6ceb58-379a-406c-972d-3aea00aa7d4c,2022-04-05,C,C
d18cddaf-e00e-40c8-9441-125575b2696e,2018-02-07,G,G
d18fb0c1-89bf-428d-8297-bc429efea53c,2022-07-25,E,E
d2ad399b-7cb5-414d-947e-510985907711,2022-04-30,G,M
d5f19adc-1fd3-4347-98f4-99f5f42ffbd7,2020-11-28,E,M
da5c3fa4-9193-45cd-a682-6041f1b930fd,2023-03-01,E,O
dab34335-3780-45d1-8bef-c0dffc672aee,2022-05-20,B,B
dc5f63c4-32f5-4195-b647-6704f059c34b,2019-11-27,D,D
dda8d910-fdcc-49d0-b7c3-f2565720fdd5,2024-06-02,M,M
e69ce5ff-778c-4050-8f27-93279d63c23c,2021-12-02,B,M
ecf07fe8-9abc-4a80-bf18-3dea9d38f39c,2023-01-13,O,P
ef2ccc24-a835-4e5b-bab5-dc4285d41953,2022-01-26,D,M
f0d31fc6-7c03-48a7-890b-a26a8bbb95ef,2022-05-16,C,M
f32efe77-2643-4693-9305-989e32affe6b,2017-08-23,E,E
f4584af7-97aa-4b2c-a270-003863bcd20e,2022-11-25,D,G
f6c923e0-68a2-4a5c-9750-1863dc016193,2024-10-11,M,M
f866e14f-f5d6-4f92-9fcc-42345343de61,2023-06-25,M,M
f97d4852-21a4-486a-984b-741d097c5488,2022-02-13,M,M
fc0e3eef-4fb7-4888-875a-db51442f6dad,2022-01-16,F,M
fc6aa8eb-8671-454b-af79-52ca27ae7891,2022-03-21,M,M
f494d431-303e-4434-87ab-8e06bc7b8323,2024-10-04,,
0007f501-133a-45f8-bf5a-f5f16f1d145b,2022-05-03,D,M
0158a71e-f03d-4ce7-b41f-b5151e8a44c7,2022-06-04,M,M
017eec66-7630-40f7-9578-6611619e27f7,2019-11-25,A,A
01d7b83b-34af-42ce-a45f-f747b21ae6ab,2022-08-30,G,M
033ce302-8680-41d2-997c-9f03eecf07e3,2022-12-09,E,E
0600d70a-b6f6-483e-bace-1f517e04b63a,2022-08-28,M,M
089e25c5-4b1e-4e0c-afac-aff7d9c08982,2022-05-24,M,M
09d33646-8559-4579-9ef4-e8b2e177d26f,2024-01-15,E,E
09f0b11a-676c-4b6c-b28c-8c78a0b4532d,2023-02-01,D,D
0b1b8e52-4d91-4001-a01e-64b7c363dda5,2023-11-23,M,M
0b36657a-91d2-4087-972c-9758c18a3ace,2023-10-31,D,D
0e2ae46f-2527-4cd0-9b39-7a240204ea8e,2023-02-01,M,M
0edfc5ce-9af3-4302-87ed-c357507d35fe,2024-07-31,C,O
0f048678-919b-4563-b136-dadcb47765da,2022-11-02,E,M
19302c27-732c-4d8e-93d6-4a40b8bf480a,2023-07-20,E,E
1d86ed7d-738a-42a3-a607-136849544db1,2023-05-07,M,M
1da3b1d5-f566-4f60-8310-9d9349283c9f,2023-08-21,E,M
1f5f28d2-3b40-40df-8108-91373a3fbd25,2024-01-20,M,M
21b1fc27-b5d3-4ffb-96b9-04462eeb52a3,2022-03-05,G,M
22a2cc28-e85d-4e1b-8711-1011f6d29eee,2023-01-02,C,C
2476b672-464d-46f3-a607-8eb8ec8e5e0b,2017-03-06,G,G
259f7b1c-3623-47b5-8e94-27e5f0c65812,2022-06-01,M,M
27980a2c-5824-4ab4-9818-c8eca17b851e,2024-05-23,C,C
27c8baab-cf83-4ffc-95ae-e8c4dfb19a04,2023-02-01,F,F
287c16ab-1f73-437f-bef8-e757e5c4d6cc,2022-05-25,M,M
2a29c3b6-219b-452a-b2d8-684093d5c133,2022-11-27,F,F
2b9622e0-5110-41bb-99da-47128ac228bf,2022-06-05,C,M
2bafe777-f784-4d36-b27c-5ad3e44df143,2021-12-11,M,M
2bd5cf41-967b-47c9-9264-b49ba3098a8b,2023-04-28,G,G
2e729f5b-98ba-48f0-8702-7dff095fa9eb,2019-07-25,F,F
2ee323ac-1b49-4d45-be1c-3a707138313d,2022-10-23,C,O
329f3337-1859-45aa-9b6e-ee91fe926c05,2025-01-21,F,F
353fc6e3-84cc-484a-b264-e76524fc7f6a,2022-11-24,M,O
35b868a5-0ce1-4aca-92fb-bccdee51aed6,2022-06-01,F,F
361f6bb7-f80d-44c3-98cd-1368d4fcc977,2022-04-22,F,G
36ab45be-598d-4dd5-a8ac-e86d7bf98915,2021-09-21,M,M
3b109914-0a5e-4679-960c-b59deb509dd3,2023-12-31,P,P
3c509c24-fac0-400f-a9f5-73df96a7d331,2024-01-16,F,O
3c6cbce4-e844-47c7-a624-2527dccf8443,2023-03-09,D,M
3ce95416-4aa5-4d1a-9cb5-5c9ff608a72f,2022-03-05,G,M
3dbc2e1d-5e1d-4c7f-b676-8fd4230c4945,2022-08-12,D,F
3e5d3dbc-3d1a-474b-bd43-91212bf601c6,2024-10-28,M,M
3ff77eec-df44-458c-b404-dddf8048db75,2024-02-12,D,D
40aaf11e-2ae6-41e8-91f0-93bf3207c0bd,2025-01-06,M,O
41e473ed-e9f1-4fe0-8e33-c52a3b5b6692,2021-12-02,B,B
44e5d3e3-0cdc-4ea6-9439-0d997dcb1e23,2023-03-30,E,M
455b15b6-2f11-4341-b10e-8d35223a0c3f,2022-06-01,M,M
45ad3385-2a9e-4b62-8aa5-71df8e62d7ea,2022-05-20,F,F
4992c77b-d9c5-4fca-bb1a-a806d9bddb45,2021-05-03,F,F
4be4628b-325e-4728-826c-a66c91d5aba0,2022-03-05,M,M
4c59cc04-a2a4-4e99-8d0b-f30d77a2755f,2024-09-28,E,E
52b416af-6ed3-4ef2-9c7a-25fdd4658831,2023-09-19,F,F
5435b600-5d33-44fd-aa9e-aefa52f03962,2022-10-14,E,E
56c8741e-5977-4841-869c-36ec8839c28b,2022-12-21,B,M
57d1e4b6-9bb4-452d-a066-9882738ad6f9,2021-12-11,D,M
59666ce9-f739-4309-b48d-350a8a7afc5f,2022-06-04,M,M
5bbeb834-a0cc-4de1-971f-f35f3fc3b046,2022-06-04,F,M
5dd8dcc6-27ac-4c62-b8cf-20e72ac7c89a,2023-05-29,B,B
5f0b2a90-6fe7-409d-a01d-9e0077b4e71b,2022-04-29,D,G
624222c7-97da-4568-ba03-cb91002fba2e,2021-12-11,M,M
6772eebb-0dcf-4373-82ed-878323a78b18,2022-10-06,N,N
69d98870-fe2c-4a9c-8856-e75f8e8ac209,2020-07-20,M,M
6a394d26-257b-4cfb-a4d7-955581f7498e,2024-01-15,G,M
6bc57041-3db6-40b7-9bb0-76b3a72b76fe,2024-07-31,C,E
6c5ecd7c-b725-4352-9542-9f95d51b1241,2024-08-06,B,B
6d9c5c91-d9ca-453d-a3bb-d146e14b4bb1,2024-09-02,C,F
6fe75826-9db8-48e0-992d-1abcef4e1f68,2024-05-24,F,F
70327282-1795-4577-a9dd-8e48948bb903,2024-01-05,B,M
75742e99-953a-4cd3-ad7f-d46cc380d2d4,2022-11-12,G,O
774731c8-f4e1-46b4-84af-d56481b429f4,2022-06-01,G,M
784b4c6b-2178-442e-991f-3a699b642ff3,2022-09-16,G,G
7a35f6ba-2990-4850-82a1-2b98f21432b3,2019-01-07,D,M
7a582c1c-d3fe-4f94-814e-f734dffc8e1b,2023-12-15,G,M
7cc8694f-d173-48f2-af87-587a08189515,2024-12-11,M,P
7d190a86-8872-4b08-9f47-00ca0f11c93e,2024-04-30,C,C
7ff0b1f1-bbfa-4b7c-8d6f-c89e9c7aae84,2023-04-13,B,F
801c0555-e33d-40cc-9a6d-1ffe5f8daae9,2023-02-02,F,F
80f1c256-974f-4c0a-9a72-5fc17b32aa07,2023-12-19,O,O
8585947b-9a9f-4a1b-be96-e7c107d736c8,2021-09-16,C,C
8e2b4533-bb40-4c31-9a43-edf3e11639aa,2024-05-24,M,M
8e6b99cc-e03d-4755-b754-b6f92bfc3d53,2025-01-07,F,F
8eebc6fc-6009-4fff-b359-35e13e8a470c,2022-05-03,M,M
909c432f-acb8-4c69-a7dd-f3c64d4d1a3a,2022-03-07,M,M
90e6a33a-bdeb-401a-a98a-de22f991dd9a,2022-11-02,C,G
935409a8-cb84-483d-807a-4fb1e25ff8d5,2018-11-27,M,M
99ffb9f9-ebaa-4242-8224-9198ad06921b,2024-04-29,E,M
9b6e27b8-3d43-489b-aae4-4b04231bb5f7,2021-12-21,G,M
9c13d2c5-8958-4937-b6f0-c0f0b053bb53,2019-07-08,E,E
9f5ccd12-4d15-469e-b225-2ac86c2d493e,2023-03-30,O,O
a09d6c1a-93e0-4e27-994a-d1d11996e0a0,2021-12-21,A,B
a1c7ef1a-068a-4a9f-92a5-daebe84e31b6,2024-05-24,M,P
a60c0f03-ea45-4346-bdf8-039ebb43b14e,2022-02-08,M,M
a752c12d-bb12-4a34-a39d-dedcded6848e,2024-10-13,G,M
a8bcc823-2b55-42d9-8a37-cade18531cca,2022-06-04,M,P
afeed03a-b980-4303-a8e0-6bf2d4e54805,2023-02-01,M,M
b808eefd-74fb-45c0-9d4b-ea9086ffeddb,2022-12-17,G,G
bf54364b-6323-471d-b93b-64a5c2cea401,2017-12-07,E,M
c034d351-c5dd-4128-9588-ad64da945262,2019-09-16,D,M
c28ec1a1-2668-45e5-ad6a-a7d53c876231,2021-05-31,A,P
c7dd58aa-36e3-4acd-addd-771df36836e5,2021-11-29,E,M
cc187405-62b0-476c-be3b-e20f982464c1,2021-12-11,A,A
cd0571ea-e364-4fdd-81c9-54adee0bbc1e,2019-02-15,C,C
d14544f4-c13f-4f0a-a32f-baad3d73fa29,2023-04-28,B,B
d226d421-50b3-468f-bde1-fac8357f6af9,2021-12-02,A,A
d3031a4a-2d3c-4bdc-b658-556a10b0acde,2024-08-08,O,O
d632f817-2b84-4e9c-8ede-d9ae80b01480,2023-05-30,G,G
d688ab72-11c6-4b10-b288-a4e414e76fd8,2023-05-29,F,F
df3b423e-f7ee-4228-871a-bd091ad99fc2,2023-08-07,M,M
e904acea-5113-404c-830c-87735a4e489f,2022-10-27,M,M
ea35a1ef-c736-47f9-bee6-d3f253da662c,2022-06-04,M,M
ea8eb473-aa94-4222-8e20-eadcd70fb7de,2024-05-24,D,D
ebca8f7c-68b9-4204-96b5-abe4100fec3a,2022-03-04,M,M
f201c2fc-4cfd-4da9-b88b-d6e76aa6d779,2021-05-27,M,M
f2f6ddbf-fe62-48d3-a8d2-95f53d622e66,2021-12-11,F,M
f5e3f9cf-14d5-45d0-b00b-ec8447433a37,2024-10-14,O,P
f6f97082-251e-4b25-8357-230c331e3d0c,2021-07-22,M,P
f7c47663-5859-45b2-8ab0-8a9cffbf514f,2024-05-03,O,O
f7d0721c-1480-41f6-a7f2-c2c82c8c1532,2018-01-16,M,M
f7ec8d81-7563-473d-a104-2219257e8a3d,2024-11-17,M,M
f9a1b965-f969-4122-b0f3-3f05dc8557fe,2023-09-16,C,G
fd8dcfb3-37cc-4815-8a0f-7afbe9ab5390,2022-09-15,B,B
fd9266b5-fc34-4336-b9c7-2ce900bd27f7,2017-03-06,F,F
fef23fbe-7cab-4c73-a572-761d5e230ff0,2022-08-19,D,D
ff8ff8be-d9a6-45fd-bf98-021d9f4e68d4,2021-11-29,D,M
ace4c309-2504-4cb1-9d92-8ae34a577b95,2024-05-24,,
c89cced4-60c7-49e2-a739-273e76c6d546,2024-08-28,D,M
ca2fa6cf-b702-45cd-875a-0199e844bad4,2022-06-06,M,M
cced627b-aa74-4c05-a93e-e0700d38e331,2023-05-03,F,F
cd2bd155-956c-4675-913f-50bb81dd66a4,2022-07-30,B,M
d86843e4-1b0d-45a1-aed3-732c6cd13099,2021-11-29,F,F
dbc386ac-aea9-4bdb-9aa3-d86a3e23123c,2024-04-01,M,M
dc647f15-6a0b-4bb4-b9bf-9109fe93ab83,2023-09-28,D,G
dd4f77fc-169e-4cf3-8cff-ec5e5dd197c8,2019-07-08,E,E
df5e9b5e-dbe5-4ee7-9ddc-dce636131f32,2025-04-12,D,D
df748563-b60e-4a4a-b79e-968e51ea6270,2022-04-14,M,M
e09b55d6-f5fb-4760-aced-966b8986cc63,2023-01-21,C,P
e2c42856-f238-49e1-b4c3-a02f3e267c52,2023-07-09,D,M
e36e7c76-f3b2-4a8b-9506-454ef30bead9,2022-12-18,F,M
e417b6b8-c12c-4f4f-ab07-ae83217c3f33,2019-09-23,F,M
e8f38c49-3c26-4d02-915a-ea8000fcb57e,2019-07-08,E,O
ecdcb690-ddac-4214-8e77-297c72ffa007,2019-07-08,D,D
ecea303d-1337-4329-915b-8eaa3dc703ef,2024-04-12,O,O
ecef4467-ef00-446f-8d8a-41acb1bd996a,2022-12-11,C,D
ed224e17-9b8a-4120-8cc1-b7545829902a,2022-09-09,E,E
f25b7a81-cfeb-4fdb-b65c-3e1e241eec4c,2022-02-16,M,M
f9ad8351-50d3-45ac-9564-8361d60b3e7c,2023-11-20,O,O
f9bd16a6-5bd5-4e65-bb36-77ebea226ac2,2022-06-13,B,D
fbaa81da-ca40-4ae5-83e3-d169785d1c74,2024-02-29,O,P
fda4fca5-680c-439d-8fcb-2871c9c5d28c,2023-04-28,P,P
fdca7b95-0162-484f-8503-51c386543eaf,2023-05-13,B,O
fe7f5743-c840-4d71-a69d-8d080a0c89dd,2024-09-27,C,D
fed6ca9a-fb52-4aae-af32-15ac44fe5237,2024-09-27,A,A
ff8a123e-96bb-4d49-81a3-a455fb14d7be,2024-07-27,F,F
01e4793c-e8a8-4353-9777-b65e28c2ca60,2022-06-04,B,B
042af19f-2557-4f37-a218-7996ebd157b4,2024-12-03,D,D
0a5308bc-fc53-48c8-9689-255a801d6cb4,2024-12-02,M,M
0a76b883-b3ea-4aba-a79f-47feb484b2a4,2024-02-13,M,N
0c6ff35d-2c83-4d65-8f02-be45175c1ad4,2021-12-11,E,E
0e1b3131-8b38-4cab-b38c-46dcb06a78e0,2024-07-23,D,M
0ee9e9ac-9aba-4003-af7a-22fa6830f2cb,2023-02-28,C,M
0f6ebb5d-b41d-4672-bd17-a02d842d58ee,2021-07-31,D,M
0fc98321-1855-4ed1-8552-ba8a6fb7a656,2022-02-27,C,E
13c930f6-9d3e-409b-975a-4f88de67b6a5,2023-04-07,G,M
13e178a0-be63-47c8-b46d-a3017c0b96a6,2024-06-30,M,M
14907eb4-7ac2-44c3-a5a7-a2910a3796b1,2017-06-14,E,E
186f0ac5-e63f-4886-9f90-375e14d3f568,2023-03-30,C,F
1c3eb494-41c0-4126-8745-a2842bb1da44,2022-09-26,D,D
1f4bbb62-e6eb-467a-b384-0a175487cebd,2023-02-04,D,D
20fbe7fd-f61e-4222-8e19-9fb28f915bd9,2024-02-26,D,M
257aebdc-a5ce-4f95-a984-56de5d786682,2020-07-13,F,F
25a4636a-a63e-4ddb-8ca3-f1d0802f9984,2022-04-07,M,O
27c930ef-bfd4-48d0-b901-3446f62f6187,2024-10-14,M,M
280351a8-fd1d-4e0f-8600-f4c482264e72,2021-11-15,E,E
29eaabb9-bfc4-4dde-adf7-8ca8556c53e2,2023-06-29,C,M
2d801003-fb84-4fc6-82fc-c25b799ed748,2024-10-14,E,E
30d190f3-77d6-4c6c-9b64-c7429ea8e22e,2024-07-31,C,M
320b05d6-f0ad-4f03-bb2c-232ad199c553,2018-03-18,A,M
33874dd4-fbb2-4055-bff8-263f82c69ea1,2024-06-30,M,M
3566cf0b-2558-4289-b553-c4a2e7ffce4e,2020-12-28,D,D
3736b6d7-1dec-4ce0-bbbc-e265ae3e7b57,2024-03-01,C,M
3837e44d-4e70-417f-a4ac-0cbc457ae850,2023-04-02,E,P
3844a9fe-f9ce-481f-bfa0-2f8fc6b40f20,2022-08-19,D,D
3853e3a2-c39e-4cf2-87ea-192067107c56,2022-06-04,C,C
39fd799f-affd-4a69-88e7-f2164a49159f,2024-04-30,E,M
3b3521f8-0db8-4095-afc1-8c081dc02bde,2019-07-08,F,M
3cb13ed2-5818-4d5d-a3d9-77ca50daa2f4,2022-01-28,M,M
4056a07e-bb01-44dc-b6c6-16bd18527c42,2024-02-05,A,A
41fd7433-12c7-4353-bdb7-014fc7f8eca9,2019-07-08,M,M
4237c8cd-9671-43c5-a345-b25b85ecf0bb,2022-05-04,F,F
456ff4d7-3a5e-4b44-9a98-c276ebcbe20d,2022-05-20,D,D
485fbbf0-3a27-47f4-b78a-e3892f804126,2022-05-23,B,B
4adbc351-25c9-4570-b9c0-f0c5d4fea086,2023-02-01,E,O
4af0e56e-b66f-4a96-aab5-d917b68766f3,2023-10-17,P,P
4ca8d482-98e2-4653-ad8b-44b7d9c6a892,2024-06-28,C,E
4ebb8a05-35af-400a-bcf5-8279dea2f7e6,2017-12-13,D,D
517ef4ac-0613-4890-bb74-c015766683f8,2023-05-04,M,M
549c7071-ccb8-4ae1-a6f1-560eb1c72dbb,2025-02-25,M,P
54ce7f40-6c45-432b-a9af-bbc63da8ffe6,2022-05-04,M,M
55b3add6-a6a3-42f1-a8f1-db8dec8ee700,2022-06-04,M,M
58efecb5-34bb-4b35-b238-a9d1495248e5,2024-02-23,M,O
5a79f947-f833-45e2-a01d-002975d5468f,2025-02-03,M,M
5d9b1708-4e39-4fd4-a059-b32539b59480,2023-09-28,G,M
609d40aa-b5c4-48ce-99c2-5c2698c079f4,2021-11-14,M,O
63ca1b96-daf6-4561-b6d6-0586dcbd92df,2021-07-26,C,C
66d693bf-9f12-45d4-94a0-330f86037174,2023-12-29,A,A
67cec024-c5c6-4826-b75d-0f9d96f7b11a,2020-10-05,F,F
6b6dc8c0-1b24-40ab-a657-a5401766ed0d,2022-11-14,F,F
6bd52120-fe59-4977-88ec-197f9721e15f,2023-09-25,P,P
6cabbb2d-f0c1-4db8-94e3-1da82f3d4895,2024-06-11,C,F
6da69a95-b6e3-4a0b-9e3a-34beb6efb304,2022-03-05,M,M
70b18378-f0d3-484a-a23f-05aa3a786cef,2023-06-29,M,M
78628784-f2fa-4ecd-991a-865d921e6e3f,2022-04-29,F,G
78f11d5d-43a3-4748-b41e-e8f1beebde89,2022-09-04,M,M
7913f2b6-e6fc-4677-8d48-3cfc8b904be6,2024-08-06,G,M
79fab3a4-d3db-4aba-ab83-11234fc1baa8,2022-05-06,M,M
7acf3d91-1bbe-4c64-9a28-3e142ebc74ea,2022-11-24,M,M
7cac7755-478a-4963-97dc-e74529fa60fa,2022-06-04,C,G
7cf50dff-71a0-4d73-ba58-2b202b93acb8,2023-07-06,M,M
7e37ef88-ab40-4409-8327-c9422ce910b0,2022-06-04,M,M
7f3de947-bd6e-4573-b326-7f210f0fe24c,2022-11-17,M,M
82db4b80-45ab-4b75-a34b-019eec4fcc0d,2021-12-11,C,M
84ea1f9a-a881-43c9-836d-6cd9aed96744,2023-02-01,E,E
94d57d99-b2c9-41f7-967d-ba956e5036f2,2022-10-30,M,M
9c32074c-610a-4633-99fd-ce6b71debab4,2022-10-02,E,M
9c86f5d8-0b79-4633-be63-88361bc22730,2024-10-31,C,D
a085360d-0943-412e-ad47-af5d35102693,2022-12-18,C,M
a10cd30c-b9f1-4620-971b-6d8d696d2eb7,2023-03-25,D,D
a85c4161-2f60-4e5f-bdda-3c3f90fa6d3c,2023-04-13,O,O
aba3d6f7-6814-467b-bb7c-93e6b98e44af,2022-02-09,D,M
ad0c6dd6-a120-4173-8ab2-8d19adbdc42c,2022-12-13,C,M
aeef5bf3-6735-4225-ba79-3113f4873e42,2022-05-14,M,M
b0006b5d-f533-468a-be3a-605350b67ea2,2019-12-21,C,C
b0938aee-50df-4f28-a911-51d5cd0f8126,2019-07-17,F,F
b3d55b4e-7e5c-45e3-8efc-bf36b6a809e0,2024-05-04,E,E
b3ef64d8-aa98-4685-a2aa-6410d969f2a6,2022-08-18,M,M
bdc612f9-7c66-45b4-8cf0-76aff528f5a8,2022-12-28,M,M
bde98d1f-985d-4acc-a734-745f85cdc5a6,2021-10-14,D,D
bfe2ec6c-6829-4903-b060-47d78dc19f45,2023-08-09,C,M
c0bd248c-8016-4b2b-8d3a-008b70ecba25,2022-04-15,B,B
c0e13b6f-f20a-43fe-b59c-a465067536f6,2022-05-25,E,M
c42aed63-7af7-4673-8f72-989afdd875ef,2022-10-07,F,M
c540d7a2-8487-44b9-bd84-bb2d46743a5e,2023-02-25,E,M
c7012fac-8f18-4ecb-82d5-58d656eb5687,2023-08-17,O,P
c853fd8d-0b5e-4759-a9c8-45db4e26b27b,2019-07-08,B,B
c8f888ab-cc9a-46a8-bd27-fc096e6a8b85,2023-05-25,E,M
ccc1555e-cc15-400b-94d6-c541a799ef63,2021-04-15,M,M
cce9581e-8f20-4e90-8ac2-c036d7cdd364,2024-07-19,M,M
cec25179-b234-4cbe-9e6c-34e8cb13207f,2024-08-01,M,M
d02d9757-ec8e-4aa9-9dac-0b5ea8ff610e,2021-09-04,M,M
d0c655c5-8259-4230-b782-c378fd99ce58,2024-01-21,M,M
d1e8f502-6df0-4524-84a9-8bec309dbc5b,2022-01-28,G,M
d26112dd-0101-4235-a8f6-e3df14f75484,2018-10-29,D,D
d572e165-ba0a-4e8b-8b04-b5fac07cffe1,2021-10-25,C,C
d6276e2c-eac1-4513-92c0-522f62757882,2024-09-27,M,O
d65ea2e6-4c35-4532-a8b6-6b14be874d7d,2022-08-19,O,O
dd6c66e1-3469-4955-9d4a-9ba109b4a5df,2022-05-25,M,M
dec2e897-dba7-4fa2-9bce-1611e7fecd05,2024-10-02,E,G
e050bcc0-c418-45e2-a159-3aad5307125d,2024-01-14,M,M
e40655bf-2afb-4dee-93e9-ab860a6ad202,2025-04-28,C,P
e44157e5-108a-4125-9101-b81042676a1c,2023-03-24,D,M
e517824e-e2d1-43e0-a400-57ba30231864,2024-06-27,B,M
edcae84f-ea7d-491c-a5d8-0f38135e2f08,2022-06-01,M,M
edd2ba88-a3d6-4d15-a70c-55bee758a73c,2023-03-27,E,E
eef7b8fc-cd67-4d1b-baed-4a742fa7886d,2022-11-02,M,M
f211620f-0ea4-4abb-a5c3-b649f7f93b04,2020-05-01,F,M
f450b007-48e0-4355-be19-c6eead62955f,2024-03-30,G,M
f4cf6101-fd61-4de3-a6f0-97530079b4e7,2022-06-04,D,D
f90ceb8a-a267-4aad-bf9c-53f3f52f5b67,2022-02-22,D,M
fbd7fddf-55d7-41e0-a3d1-a22a2332fd00,2022-08-01,B,P
2bdf1ed5-581f-4c60-83d0-aa84d60fa2c4,2024-05-24,,
61ee7664-f0d5-4e2a-8f83-849618c8f84b,2024-05-24,,
ef2859f3-29c0-4806-bc30-087a1c2eecf6,2022-05-13,E,M
f30879fb-06d0-4bb4-a700-baf4aa22c359,2024-02-29,F,F
f47e5562-8187-451e-b1a6-af1b15a32130,2022-01-12,E,M
fa7123c0-153f-4ca2-9d65-0e61c01ed351,2024-01-30,E,O
fdc1ac6b-6624-4f07-b7cb-369e8b4a4fb8,2022-05-02,M,M
fdf00ecf-0347-4041-8689-1dccc7a094ff,2023-05-29,G,G
f38aca1c-21dd-4017-afad-0246d671c1f3,2023-11-01,,
b59b5a03-128f-4f2f-927c-04717e45fd26,2024-01-03,,
01e02878-13a1-4bf7-b125-4e07f41cb0e9,2024-06-29,B,B
059c59d6-7579-4d2b-aa2d-03de9be7eb27,2024-05-23,E,E
06be992d-36c0-4911-b592-c4e534b54eef,2022-12-04,B,C
06fe12dc-7d3b-4589-872f-0bb1249be81e,2022-01-09,B,P
07a8db82-84bd-4f3d-b0f5-56959cb26b61,2023-01-29,O,O
0bdd4217-2cf9-48fa-bd71-e97bca4808d9,2022-10-11,D,D
0ef22fce-6ae7-446a-a8d4-fb66872e8a4f,2024-08-05,A,E
102dc982-927e-4843-95a6-71ae642af374,2024-06-20,M,M
11262098-3254-4607-b3d7-d97e01b219d4,2019-07-08,F,F
119835b5-6a9b-4714-a413-685c94087003,2023-07-26,M,M
11b59274-278c-419d-ad01-53e6cf210e91,2022-01-22,A,O
144bd69b-5819-421e-bd1c-ed97320a6f35,2023-12-29,F,M
16e2aa1b-e956-4a46-bbc1-25c9c0b973e3,2021-07-12,C,C
1a561e61-2132-4e80-a5c3-4d1d8536b1f2,2024-07-22,M,M
1abcb16e-b5e3-443a-b81b-a2e9f36f50aa,2024-01-23,E,E
1ce069b5-fb65-45ac-8b00-69af876e025a,2019-07-08,A,A
2f7c40d4-6d8e-4afd-8001-9181a56fd307,2024-01-13,D,M
31c602cd-c474-4347-8744-58d86e56a1ab,2019-07-08,M,M
32495e9e-5bd4-41a3-9307-50b166d4b8eb,2022-09-27,E,M
331462b0-b5b4-4497-ab7e-e0f2a334d355,2024-09-27,C,M
3388de21-929a-4ede-bd27-b44b9e8092de,2022-01-14,M,M
378de11a-134a-4700-8a9b-850f17226b59,2022-11-05,C,C
3bd8727c-ff2d-473c-b166-ea2738d5150e,2023-08-28,B,M
3daa72fb-b3a1-43fc-9d3f-f98182a30403,2023-09-22,E,M
3de53dfd-06c4-464f-a155-7cbe3742c71a,2022-03-05,D,D
4146abd5-900f-436e-b0f7-16a91203533f,2022-02-07,C,G
42bfefe8-38dd-4f49-af13-92275331f769,2024-09-27,G,M
44509b9a-e2ec-4caf-8a04-35f3f2f821d4,2019-03-01,F,F
44d44ebb-f8dc-403c-ac6d-4a13a92e14c4,2023-01-05,E,E
4a627154-8965-4a1f-9495-d1bb08477ee4,2023-10-15,E,M
4f75176f-b7de-4a11-8d33-c75a52bb036c,2023-12-29,D,M
4fc1bbb4-28f6-41f5-bdf9-c863c024291c,2024-09-27,M,O
55a44575-dd99-45d3-9630-9610a4a43a6c,2022-07-30,M,M
58091c62-ffec-4027-b2f1-e44253412252,2021-12-02,G,G
5d146375-6e05-4d15-94b0-3ab49f6b38e7,2021-12-02,G,M
5e202f6c-b147-4432-be66-73388f8e3ad9,2024-03-30,G,G
5f0ffa12-c0ea-45d6-a0b5-26403f5bbf05,2021-12-02,F,F
618c0954-28bd-457d-a846-19ebba3d7b07,2023-04-15,E,E
625ccaeb-5205-47c4-971c-08ab1b2fb2cc,2018-04-26,C,D
65c2f541-974c-4660-b818-847d5b9e3b8e,2022-02-21,A,A
673992df-ea20-4ca4-b2c2-f149c8cc12bb,2023-03-01,M,M
6a831c03-0528-4f3a-970f-2b71b03b0ee0,2024-10-13,G,P
6b8e4757-6447-4c57-8b72-f8a80fc9857b,2024-03-30,P,P
6d2275ad-b446-4a19-9261-bcdc92de1a3f,2022-09-08,A,A
6ec44631-b5fd-41bb-9a7e-b5a0bab449de,2023-05-29,C,M
723f5a60-c108-4cc3-8124-a837e694a1e3,2023-08-22,M,M
75092604-81e3-4f59-a0b5-eca6c20aa6c9,2022-12-16,M,M
7624d1ec-5910-4f62-a232-1b91b30ae34e,2024-12-09,G,M
769c0586-bedb-4c09-bb60-1b771576a409,2022-08-19,F,G
783cf26c-e415-4d0d-a881-0b2493eec551,2024-05-14,M,M
79595981-ef1b-4bd4-8d71-d97080e2c9db,2020-09-07,F,F
7bc79bd3-460e-4f9e-ac1d-4245a950eef3,2024-11-23,D,F
7c5f34a3-e91f-4cc8-8960-0a3384d02065,2023-07-14,E,M
80494d33-999e-4a75-804c-81c879f30e05,2023-06-29,M,M
80c8b489-c7ef-45c9-b9fe-3e83e1eb8690,2022-12-10,O,O
840623b2-2057-4f48-a5b6-7379a0ae646a,2024-05-24,M,M
8beaa9ab-b57c-436c-a182-9d191ba64259,2022-05-11,G,P
90b9d9a0-533e-457b-98b5-2306fc48d61f,2018-08-13,C,C
97d90b31-8c8a-422f-a3b8-0622837eb136,2022-06-01,G,M
98d47e14-6f62-4cc9-bb0e-9ba8f3ac7aa1,2023-03-17,F,F
99a36eee-ab75-4c90-8cff-229bef44f6f6,2022-02-06,B,D
9a89151b-c733-496f-a816-949030e0f0b3,2024-08-11,A,P
9deb4475-65bc-4fd3-9c5d-5e2ec9e7e30b,2023-07-03,D,G
a4ce0860-832b-448a-ab2e-7c4776567440,2022-11-02,F,M
a5946789-912a-4174-bf9c-20d648d5bb0b,2024-05-21,G,P
a9d8c48e-a495-451f-9b5b-53e34388576d,2019-01-14,E,F
ab83c477-f1f8-4626-a0b6-b52aa2ba8c18,2020-05-14,E,M
ac5704d2-a118-4fa7-a862-020fd2da5a07,2022-03-29,B,B
b2fceeb2-cb91-4853-9277-8fc812fa546e,2023-09-25,E,M
b34a8141-9c46-461c-b863-30fea2c331b4,2024-02-15,O,O
b483e5e8-f953-4d63-89fe-77e4e45679e2,2022-12-28,M,P
be7c457c-f144-4ae0-b297-c65c173d76e2,2021-12-11,A,P
c043a595-3438-41c7-b98a-5fc20bf72003,2024-06-14,G,M
c15b401c-2af8-4c39-b7ef-dbffe49e7805,2024-05-03,B,B
c32be815-2d7e-4110-8174-4a93aab3ec8b,2022-01-29,M,M
c33225ac-aa22-4286-b42e-50e0362c735e,2020-09-22,M,P
c71ae1cd-751d-4eff-abd0-be03fb9f7103,2024-01-31,M,M
c72bd610-463a-43b3-968f-4956a5d88d23,2023-12-01,M,M
c8d12f41-9732-4c77-9436-36dec057f3e8,2023-06-29,M,M
c9b0c1da-66e3-4fbe-b318-73188590e576,2023-06-27,E,E
c9e8ea48-3e66-46c7-a244-6743a9ef149b,2022-06-04,E,M
ce311d19-7f8d-4c84-873b-8df494b47fe9,2023-01-30,N,N
cfb46997-8f24-42ec-bf30-a3cd9f2754c0,2024-02-18,E,M
d23245bc-1c48-46ba-af12-2765f498ecb9,2024-05-24,M,M
d513ff70-da21-491d-8a3b-f77777ce8640,2022-05-15,C,C
d5ac2ea4-cec0-4249-97bf-4d26d32d1f52,2023-03-25,E,E
d65516eb-c218-4f94-8ae5-96ba645d6b51,2022-03-05,F,F
d72b365e-8989-46b5-a407-9b932e31d55c,2023-08-16,F,F
d9c9b9b9-eb5c-45fc-a4be-768c3d1daccd,2024-12-13,D,M
d9d44bbb-c081-45b2-add4-07cfc4d7c587,2020-06-04,C,M
dab0a8bb-ebc4-45ac-b4c0-5b71f1af68f7,2024-05-24,G,G
e2af0840-e128-4952-ba54-ddf638fcf5ff,2025-01-28,C,D
e2fad318-763e-45c8-a698-f2df385fe553,2024-01-30,D,M
e553dd59-b90b-4f75-80b6-9b3ccfdc2cc4,2021-12-11,G,G
e7ab4884-3a2a-4cd0-9271-037bda085f88,2023-02-12,C,E
ebce7d63-0c1c-4443-bd92-5fff91df5f60,2021-11-29,C,D
ed98555f-d044-436e-9fb0-b9d862f47032,2019-07-08,E,E
f2f6c062-25fb-4824-992e-3e30cc4cb7e9,2022-03-21,M,M
f30f17c7-1879-46e2-8e19-524326af5d51,2023-06-15,G,G
f3ad2c58-85a5-4b0e-aa9a-44e366a4ef6e,2024-03-30,C,D
f3b44d8f-514f-4f8d-9b78-ad0b807a145c,2022-02-04,C,M
fb74c2aa-092e-4d5c-af67-486e9547277d,2023-10-16,C,C
fda0792c-0a92-4c0e-a5b8-c8690c339dc8,2020-04-15,E,E
f11af36c-ba8c-439a-b140-9b6f4f9f6696,2024-04-07,E,E
f38536b8-06b7-4f11-88bb-08ea9211f242,2022-12-14,G,M
f88dfcc2-9dfa-4af7-886f-80e86cb6719d,2017-07-31,F,F
f91d2975-f7c5-4a42-85e7-0726c7e594e4,2024-02-19,E,E
fc3c4b0f-4861-4826-8fe4-05aaf6b4c037,2022-12-28,M,P
fd1842d5-40ea-4445-9666-b4a63c0d61e6,2022-04-29,M,M
008b47ad-ab0a-46b8-abe0-cce6692c9580,2023-09-05,G,G
01b11f00-bcea-451c-a82e-547cfd7bc0ea,2022-08-28,B,C
02e20376-7b20-499d-8465-b5f1445ce065,2022-11-29,M,M
04beaf77-9264-4563-9536-5ae09b356802,2021-06-29,F,F
057a6e37-eb52-4d23-a9bd-f2a10d8b3ee7,2018-08-14,F,O
0bc169fb-6026-4a48-9b83-f2f0a2731303,2022-06-04,C,M
0dd9270d-25b3-471e-a797-3f391b56ac0f,2021-07-04,F,F
0fd1a353-25b5-4c31-a2d0-ee1a94fec066,2022-06-01,G,M
1565cde2-7078-4c41-8144-283c7fb96dab,2021-06-10,C,M
18aeb004-63d4-42e6-94c4-ff512a93cc99,2022-01-16,E,M
1bed2f64-2cf2-4c79-8139-ac214848c816,2019-07-08,D,D
1f042eb0-cc7c-4198-8538-e08ba385b189,2023-01-22,B,M
21bc7efe-f368-4f5d-b046-6eb3c098cdf1,2023-02-01,G,G
241d3983-3971-4ff2-af0f-9e2f1314d335,2022-01-16,C,M
24e03cf7-1f02-4abb-a43d-f4cd8c44fe6b,2022-05-16,F,M
25225bb8-3492-4ffb-ad79-38bfcf99c228,2023-12-29,F,F
254acc18-f2c8-4f13-bed0-197f1fa5939d,2019-07-08,M,M
25bdb59d-6605-406d-9acf-0cb159cab6cd,2022-07-30,B,B
26d658c9-6bb9-4854-a0f8-8ee324206a32,2024-08-01,F,M
29bcaea3-f878-464d-87dc-c1a6123404f0,2021-04-08,E,E
2ade3a98-131e-4313-a9e8-f34534f7d1b2,2017-11-27,D,D
2c7c2f84-d50f-4e3f-852a-e5a935ff3a65,2018-01-24,M,M
2cef1c1c-6208-443d-868b-f73655b2b82c,2023-07-14,O,P
30e07ef3-f3aa-46c7-b0af-10d02423d09c,2023-02-01,C,M
3285bef2-9d93-40fb-b02d-f5cf1b490e7b,2020-03-21,E,M
34252e10-ca13-4b27-93ea-1a1ef33abe6d,2023-02-01,D,M
3442dad0-8d26-441a-9d53-c2d3ae583fd1,2024-09-08,C,N
385c7c19-ba09-4a49-ab4d-76c380bb2fe2,2022-07-20,M,M
38712a0e-339a-440b-a18d-c95b03e0ddf9,2024-06-28,E,M
3e81e108-c5c4-405d-8455-a388946fc1c5,2024-04-15,M,M
3ff68bbe-7e06-4887-b8c5-34d1c1e8a934,2024-05-16,C,M
441a531b-c81a-445e-9228-106c2de8dc70,2024-02-05,P,P
44bb0a41-afd3-4502-afc2-032f444225c1,2024-02-26,O,O
458703d5-c898-4559-a464-0ad188afaeae,2022-05-19,M,P
47d0eb15-0ea1-463e-a9f7-ec50ee111789,2021-12-02,D,D
4887fbb2-6cc1-4421-ae64-587e0256096a,2024-03-18,M,M
4f29bf8b-f431-4f3b-9213-7281707bcdfb,2024-01-31,P,P
5063df10-3391-4cca-8d15-888ff3eaf231,2023-10-26,F,M
50ac6fe5-be7b-4759-a265-8808fc4dfba8,2024-09-27,C,M
51ad9bd5-f85a-442e-a03c-23c0db3f3b5f,2023-02-14,B,B
55f69db9-3248-485f-ba65-3dd9fd4f8b28,2021-12-02,M,M
5748f626-c3fa-43fe-93ac-14def16c4689,2023-07-22,C,F
57f04cdb-bede-4727-9ddd-2b9db888c725,2022-06-05,M,M
5943b632-9b0b-447b-bad5-e396635c1159,2022-04-12,G,M
594ec8c8-bd2f-47e7-bc46-c1a896f1ac2e,2022-06-07,C,F
5a1bf334-d59d-4cc9-9161-fe132c79e24e,2021-10-01,M,M
5a796ea0-b87c-4928-8bb1-b54bcf9ee269,2024-07-04,M,M
5ac50ddb-2d42-4879-b01d-224af2a20ad6,2022-10-18,F,M
5c9e4f40-a6e9-48c6-91f6-4103a7ebcee7,2024-06-20,F,M
5cccb0b5-7095-4e8c-bf35-a5545331783e,2022-12-07,C,M
5cee516d-bdcd-4aa3-a447-570a16f9019f,2022-11-17,D,F
5e495fc9-b5b1-4f21-9c93-ed681e2906e3,2024-07-31,E,E
5f88b005-46ff-49af-85ed-84182d7be598,2024-11-15,D,F
6081f472-5dfe-48ea-bb62-eeed59cf6b3b,2022-12-01,G,M
67262f13-1a99-4c12-acf0-8ee48765d2f3,2023-06-27,E,E
67980643-5f35-476f-94c9-21fe32b04f42,2019-07-08,A,C
6c658d52-bb6b-400e-a409-ee455032a5d9,2024-03-30,D,D
717b6708-23a8-4de8-be37-ff60b7b90832,2024-06-23,F,F
71ee5bc7-5cc9-42a0-ad61-2a5f32e3376a,2024-06-17,M,M
725524a9-80a2-46a5-97b0-c180dababe8b,2023-08-01,C,C
742e27bd-a71e-4918-ab03-aa4de0c793c1,2017-07-12,M,M
748de586-5797-4ae4-8752-ba83f51fc7bf,2022-10-26,M,O
78ad7c07-9a07-4469-8142-81127531e2ea,2024-06-28,C,E
78ed3aba-0030-40ac-8517-918881827049,2023-02-11,M,M
7c2b4afe-1467-4767-80d6-f96777d13e6e,2023-10-16,C,M
8126628f-535e-4a01-bdf5-e98312c28836,2024-10-21,M,M
815c2949-1b99-4472-b9de-924cb8d09024,2025-04-06,E,M
87691689-3976-4667-875c-414cbb9c8bca,2024-09-27,D,D
8944f7fe-9964-4326-90c3-f14f514c0aa8,2022-11-28,C,M
8c3c970b-b994-4117-bea6-1d47371f5776,2022-03-30,C,P
8d94af2f-36e6-42b4-9400-562ac4befeef,2022-03-05,C,M
919608fd-ced0-40a5-a756-010199f2fa26,2023-02-21,M,M
9253ef0b-f25a-4647-81f3-a8b3d5755bfa,2024-11-20,F,M
9523817f-92cd-4506-82ff-897056d49c33,2023-06-25,M,P
95e99350-49cf-45fb-80df-2eb22aa5718f,2018-03-01,D,M
97d8e119-82c8-48fd-8d24-06986e6dafa6,2022-10-31,C,E
9b01bd42-1b37-443d-8f98-67036278d328,2023-09-28,E,M
9f324a8a-d131-4bba-819d-ba7e3d02d4d1,2022-12-30,M,M
a917c3a5-cf06-49fd-86b8-3496e1d3a798,2022-09-04,C,M
a9d33a75-408d-4b0a-af36-f3677f93c3bf,2022-02-23,M,M
add01263-812c-4b13-ae97-35cbf8938327,2022-02-04,M,M
b07d8491-f0e1-4624-8baa-7325e63c18ff,2022-07-03,F,F
b854d528-ec4b-4e8b-869f-acda7d4e8675,2022-11-10,F,F
bbc7ae93-b3c2-432f-ad9b-76b0ad869a82,2022-04-16,M,P
bc1c57e4-d746-4f42-9380-81c7762fe350,2024-03-24,M,M
bd3f60ba-ef4c-436f-9991-831406f1dbaf,2021-12-21,C,C
bf509f40-6cf8-4b91-83c2-c325248295f4,2023-03-04,E,F
bfad4c34-524d-442a-8288-455aab216b1c,2024-05-04,D,D
c0e40986-a009-4b30-87c7-955c8a0a2fb8,2018-10-20,E,E
c6072e40-d666-4dec-9a68-0eb27d51e3d4,2021-04-15,C,C
c6500329-2a4f-4902-a4e4-6e7974c8de43,2023-12-29,N,N
c7f64942-e182-4836-9978-875716b4ab07,2023-08-01,M,M
c85e4ebc-49d6-4a10-a9ba-663114445638,2023-01-18,M,M
c930a477-14cc-4db7-9a56-24dbdabb205d,2022-11-02,F,G
cc94b730-5fa6-4ce1-8574-5401d8f4e9ec,2024-06-20,G,M
ce6152eb-3a79-41ed-ad6e-21e808ac0c9c,2018-10-07,B,B
d21c31e5-cf91-45b5-8215-de61f4b3f5e8,2024-05-24,D,D
d479170f-38ce-447d-986a-b80622a4e51a,2022-06-21,M,P
d4d294cc-da14-4899-9ffa-382d2ae03925,2023-10-05,C,M
d6bfc191-994f-4823-96ec-b76e543866fa,2022-07-03,G,M
d89f0d91-7232-4a91-adfb-0f5d9f0dbb78,2019-07-15,A,A
dc1e7ecc-85bb-4350-b3d3-d39dcdd26189,2022-06-04,M,M
dce223b5-bbd8-4a01-99ca-22f42e37a46b,2023-10-23,E,M
de9fbe22-80bc-4e56-9b37-5d9688a1c2f2,2022-02-08,M,O
dfc05ae1-3fcc-4916-b444-2c8726d6d129,2023-03-13,M,M
e03a89b0-8b8b-4428-84b4-92d112aac4fd,2023-10-17,F,F
e1f5c0cc-175a-4284-a86d-763f2c74bb79,2023-12-29,G,G
e4d5ab0b-621d-41fe-af81-39b7632969cb,2017-07-29,C,C
e61ed788-6d1b-4f37-a5af-0d3024fa23ed,2018-04-25,D,D
e6cdfeb8-f237-4b73-a2e6-97b6beba7438,2022-04-28,E,E
e9416d5b-1cd5-47e1-8c5d-532ea96694ec,2023-08-02,E,P
ec0013b7-3893-4950-b223-7b1f164c8143,2024-01-05,C,G
ed834806-c9f0-4c1b-8473-2fb32d885615,2024-07-31,E,M
ef398cb4-e8ad-4bca-bb4a-5323f3596d6d,2023-02-01,E,E
f2dda294-7ff9-4901-9441-194d2e1dc934,2019-07-08,D,D
fbbd3374-0c56-4f31-8e2d-ace36b1d2bdd,2024-10-24,G,G
fd81435b-19aa-48a5-a4ca-63b27a47ac67,2024-03-04,D,M
006f1f9b-4355-4850-b278-5c728a3ba539,2022-11-22,F,F
0101e84c-7480-41d4-b47e-8bbf8beb0780,2023-02-01,D,D
0367f40f-94ac-468e-955b-029464f77d55,2024-07-10,D,M
06eadd92-372d-40df-93bc-5ccfde181a16,2022-09-29,F,M
0aa06778-70d6-4f39-a2cb-9f6530a30950,2023-05-15,O,O
0f0b0f22-4b60-49c0-9bb1-a18a9c09d52d,2019-07-08,M,M
116d38bb-6a81-4c9f-b2e6-f95a3f42c3d7,2019-07-08,E,E
11a7187c-7713-483f-9e8a-42f7d0d58206,2022-06-04,B,M
11c84155-cb53-4ddc-8891-361f33e5136b,2025-01-12,E,E
16cccfe3-b035-454e-9eed-d9580eb4352a,2024-06-08,M,M
1722ec89-6995-4155-b9cf-c0acc8c1ffcd,2022-09-04,E,M
17f27ddd-7663-459d-9263-02140a171fc2,2023-05-29,F,F
19767740-1b59-4fd1-a9f4-fa3e6f7c8d08,2022-03-01,M,M
21630efd-3fc7-4ff7-a91e-8c06120d3329,2022-12-28,M,P
241ee156-1a19-4d9c-9c6a-45acfca7b972,2023-12-28,F,F
26036336-0beb-4221-a53e-5cdd0297fa38,2022-11-02,F,F
2b458d5c-b481-4338-873e-f8ec9421dae5,2022-04-11,E,E
2e35aff5-04e4-481e-a7d6-0b42895779e2,2024-05-23,E,E
32a5c27f-7069-4422-976b-fa5154e96711,2023-03-11,D,M
3441e0b2-365f-4271-aaa8-9d950f3574ef,2023-05-14,A,A
35135a82-d403-4811-baac-98da107dd724,2018-02-19,M,M
37724b94-02a7-48fd-bfd7-e134611ad30d,2023-07-04,M,M
37915867-e43e-4b0b-809a-4ef5cdf2c908,2024-02-15,O,O
37ad03c2-f207-4151-9d69-f06987f5586f,2023-08-07,D,D
37fa6296-eb7c-445b-b972-7f62d9d73e87,2017-11-27,E,E
3845238b-5083-4dec-a196-c3649c96e971,2024-08-14,D,D
38cada92-2992-4f6e-b8b5-54828c3dc765,2024-11-05,D,D
46e90653-7ab5-4603-acc6-9830117bfd5a,2022-04-04,A,A
4774e921-8f8c-43ce-ad79-57307c63d165,2021-10-25,D,G
48648658-1c97-4b71-89c4-8e4bf1e12c20,2023-06-01,M,M
4d7dbaf0-f323-4957-8e6c-b2f8ad66b9a6,2021-12-02,M,M
4df55458-7498-4747-ba99-2b1fa653c971,2022-04-06,D,D
53252780-1161-44ed-b0b3-bcde884946dc,2024-07-31,C,C
54427531-5c1b-457e-a38d-3940c9a1ac0b,2024-07-29,M,M
5485409e-7d8f-4316-8c9a-c5cb74627a91,2024-12-23,M,P
5688e8a5-18b5-4747-b9df-a634727c035c,2024-09-27,O,O
5765ea0f-bea3-4e2d-8452-71e31b889cb2,2024-08-04,B,E
5d7168cf-fd2f-4c1f-9031-9553b2d49023,2024-10-28,G,M
5da8d1d1-84a9-4c71-b70b-ddc7aced7e7d,2022-08-14,M,M
61017aed-26fa-47a6-9f5c-dc4c671c73bb,2025-02-26,C,M
6364807b-a414-4cc5-a86e-69ec92c157f7,2024-01-14,D,D
637e9cbf-8f56-47e5-9bd1-a2d3a1c73391,2021-12-28,D,M
6d150e01-61bd-44ea-a1bc-21cb17632914,2025-04-01,M,P
6dad41fa-6411-4003-ad78-5a3becccdb9c,2021-12-11,C,G
6f552ddd-eb76-4db7-b28b-dea416a3a0f6,2019-09-09,F,F
75b08352-b3b2-49a3-97ec-cd386b28d926,2024-07-31,E,E
771a9c22-32fb-4bd1-a4dd-8edc679dc241,2024-06-28,O,P
793c635f-9b8a-44a3-9fbd-87af486fc4f5,2022-10-21,M,M
797ed6f5-e6ec-453b-95b6-d43aaf80bfd7,2018-01-08,F,F
7d960f44-e66f-4c3f-8e4a-99742dfe04ab,2023-02-01,D,D
7ec0a398-44d4-4abe-ae2d-4132fe2b04f6,2022-07-09,E,M
843c3c80-761b-40be-ae02-25fc691d36b6,2024-05-04,C,G
857fa065-1278-4397-906d-617541c61406,2021-12-11,C,C
8759e14a-9dc9-4797-bd53-f3e7d0c61f37,2022-06-04,D,E
8b5b6ebd-7bd8-4a57-a148-52ca74fa23c4,2024-09-27,D,M
8db8c73f-b9c2-41db-b5ec-a1a76dc6d51a,2024-08-01,D,D
8ea2013c-33b0-4775-be8d-e284db63daa1,2024-02-26,B,M
8eba9d71-a79c-4d4f-954a-8588eff852d9,2022-09-27,B,B
8ec9ea78-a496-4f01-a5f6-944c79e922b5,2022-02-14,M,M
93e1d0ec-fbd6-499c-908a-17eff494fa7b,2024-06-09,B,C
94dae037-6455-485a-aa1d-ca4290633b2d,2022-05-24,M,M
9778e28c-a6c3-40bd-919a-ea63adb2d226,2023-03-17,F,M
98ad479c-bf1c-4f8b-858c-09a5364faf19,2023-02-01,C,C
9aa929b9-7e0a-4c29-8343-9de8b01bcabe,2019-07-17,N,N
9c227d96-6925-4ace-aaa3-e900b2056c6b,2024-12-27,B,E
9c498096-fc3a-49e7-877a-1d963a7790b2,2022-06-22,M,M
a0a71e10-13aa-4b25-a5b4-aa083cfc5f70,2023-12-29,M,M
a4e9aba7-a8bc-4102-87b7-9ebff1500014,2022-03-05,E,E
a52f54ef-e3e9-4985-8af3-f4e2d74b821c,2023-05-29,M,M
a638231f-a1db-42d6-a806-431610406f05,2022-12-02,C,M
a82ea544-4ada-442e-b500-34fb3b467427,2024-03-30,G,M
afc0cd23-7bdd-4576-bad2-26073f11a649,2017-08-01,E,E
b06dbb56-e535-42af-8b46-e7ed642eef82,2024-07-02,B,M
b1e84460-321c-4fe6-acce-4fc0b888c278,2017-07-31,A,A
b5dffb84-e7e3-466a-9afa-d94c77cbcebe,2022-04-07,M,M
b6e02305-4d03-426d-b538-0bbb71c28433,2024-10-07,M,M
bdab5175-e9c9-413c-9b2c-7db431d56d09,2025-04-23,M,M
be474769-85c5-434d-a006-4c1e30b02b99,2024-01-08,E,E
c0b50125-493d-4248-b75d-f7c42cbdb276,2021-12-02,G,G
c231768d-23e4-4d15-933b-0b254df6303b,2022-08-26,G,M
c26e0782-a7d2-4d1d-9aaa-55dfc59b3735,2023-04-29,M,M
c4386baa-1cde-4889-b247-b42c4d57d094,2020-11-01,E,O
c66e396a-8d05-4c01-9645-0ef0ffb5b5bd,2022-02-07,F,F
c918c77f-db9e-4393-ba5c-17782bed84bf,2018-08-12,F,F
ca67992f-deb7-4244-9dd5-d8e8acf2e000,2023-07-23,M,M
caaa6b9b-32fa-452a-800f-219282733c9c,2022-03-05,D,M
ce5e3eb9-515f-4e96-a223-f194bb25d0db,2023-03-20,M,M
cf1763c5-83d3-4632-8e2f-5a01f1c2ec53,2024-05-24,G,G
d04654b4-be9f-4092-801a-40b2a72bf9c0,2022-06-10,B,O
d3fdff72-7f16-409f-8456-b38463275cd3,2022-09-10,M,M
d52ef610-d8ab-4065-9254-527d47ce0afc,2023-01-29,D,M
d5ffec21-dab6-4f62-a53d-3d64b28f26e6,2023-08-16,M,M
d9acb15d-ea94-4476-a139-346da512b693,2018-08-20,F,F
da8e58c9-2e25-44b1-bf4d-ac0f1aac9c23,2023-04-08,M,M
dd336ee7-4efc-493e-8b67-0521a2b26452,2022-02-27,M,P
e3e6609d-8bb8-4f20-8bf5-1fac5bcff41e,2022-10-26,O,O
e4591571-2e3f-40c7-b132-c9a694af9a4e,2025-02-03,M,M
e60564de-d5e6-4991-8bab-b465f43a5018,2024-07-31,E,E
ea32a975-cd57-4342-a90f-f1ddbfb3e9bf,2023-05-29,E,E
eaef8522-6aba-45ec-9c7e-78972bb440cd,2021-05-23,B,B
ec7f018c-de18-4e39-ac94-ca10bd308e8a,2022-10-15,C,E
ee49e7d0-4330-4e01-802b-cd52629e3fc9,2016-11-24,D,D
ee870200-7ddb-4f23-b8af-20584313b844,2024-09-15,F,M
ee9a3f72-ae4b-498b-b12c-f731e6672c8e,2021-10-25,E,E
f003f251-622e-43c2-ad6f-41cadbb6ad44,2023-01-29,E,M
f800c6b8-769f-465e-9de2-bbab0e83f974,2023-09-28,E,E
f885ec4c-e34b-44be-a9a5-e6725708e401,2022-09-27,E,E
45c5ccd7-7948-4b6f-a125-b724281d5316,2024-05-24,,
00ebbe17-fe47-422b-ac2a-5a05df9f8aa3,2023-03-18,A,D
024e0d32-c173-4120-b81e-ff1ab3ff2757,2023-05-17,D,D
06c7589c-0890-41d8-826c-3de2e8b6b49a,2022-12-15,D,M
06e84ccf-1a9a-4df0-8f41-e97cf9be81cb,2023-12-16,N,N
0a365210-e9aa-4dd5-8c78-bb0702340e77,2024-05-24,D,D
0cf42e98-0018-4858-826e-32387f20b685,2022-05-17,M,M
0e6b6063-3218-4726-b3ea-93d363cf68da,2022-11-05,E,M
1340f112-e5c0-494c-bbf0-e50a22d7d9ad,2023-08-20,G,P
16fc459f-138f-4122-ad9f-50d0dc8a2785,2024-06-27,G,M
19c4d746-ea21-4c90-982c-a74cde9241ee,2024-04-15,B,D
1ced25f3-459b-49b6-81c5-78184abfdb24,2021-06-21,M,M
20a61215-4374-4229-83bd-ebc463a9f500,2024-10-21,C,M
237ac0fb-0415-4bc1-a093-84db72ae355a,2023-03-13,E,E
24478404-285e-4c6b-ab46-f1f0bbd3038c,2023-10-25,M,M
25b0b296-ba35-465e-8143-dfa0abfdd8cd,2022-10-26,O,O
26e782f6-ca96-4d32-889f-fc942df328dc,2022-11-11,E,M
27737a9e-11fe-45fb-a091-c12e36b6ff9b,2016-12-17,G,M
29824914-fb52-42e1-b022-a11243c673d1,2022-04-26,M,M
29eba772-a59f-4e74-91c0-d0816c4f3bbd,2024-02-19,N,O
2ab4e825-b733-458c-aacf-208641da835a,2022-08-04,M,M
2cd3ade3-6ef2-4269-b460-2018e724e83a,2022-02-27,B,B
2d5a89cc-7e62-4e85-88d6-05a450355f79,2024-03-14,G,M
2d89e9d3-156e-4f85-aaf6-10d7c3a0d991,2023-05-29,M,M
32f3a449-ca91-4c7c-a3a9-43cabc378165,2021-08-24,D,D
3308cca1-2754-4882-915d-203ad5c8d480,2017-09-20,F,F
372adde6-8817-4aa0-890a-fa1075b8904c,2023-02-18,D,D
385b2c70-447b-48ca-9869-780b220669cd,2024-04-24,M,M
3c5370b6-bac8-43d9-86f9-a5904db62e5a,2022-05-08,M,O
3f349108-fe93-40b7-8c82-890925cc2b1c,2017-12-04,F,F
434112e3-6771-4666-84b0-a65e9e633734,2023-09-28,M,M
4392ed07-ffd6-4b6c-8821-1c1f9726a4a7,2023-03-02,F,M
44207edb-d22a-4124-ae40-4732ef76fbe3,2023-07-20,M,M
44fdc4aa-d23c-4d8f-92ce-91df81bd2193,2022-04-07,C,O
479963c2-d97d-42d7-ab0c-9b236e398d2d,2019-07-08,G,G
49db9c8a-26d8-41a8-ad80-70f8328fa0ec,2022-06-30,M,M
4a43ded1-87a3-4c03-96d0-a75c8efb27df,2022-02-04,D,M
4aa482fd-f9c9-4cb4-89d3-4eaa6bc457ef,2022-10-09,D,M
4c889fc4-53e4-4461-b946-556aa89092d5,2023-04-26,M,M
4d975787-1fe1-4f7d-a9cb-34a275981227,2021-12-29,E,E
4ecc3fc4-b3f1-4524-b04e-3e7b03ea259c,2021-11-15,F,M
53c61ac6-4c73-41e9-a553-88b1b2ead68c,2023-02-01,F,F
548c9f15-8baa-42dc-b81d-be9288541654,2023-07-10,F,F
58549e4e-8b5b-4be3-8fc8-9864ad57bd35,2018-11-27,M,M
59ba2c9e-d82e-4709-951e-4f198041ae31,2023-07-08,D,D
5e548f09-30df-44d9-93de-e2558b974a16,2022-11-21,C,M
5facf389-bc75-431b-bcae-4ce612f2b123,2018-12-15,E,E
60d0efa0-c5d6-4214-992e-16923bc01783,2023-01-15,B,M
676dac97-d04f-4b01-8926-5d42726d4f15,2022-08-19,M,M
69119607-b174-40c0-b10d-a80974e2b0ba,2022-06-04,A,E
6e1ff0e0-e6f5-4743-aac7-1765da36d273,2024-01-15,D,D
7318256d-6f19-47fc-acf3-945805c65e3f,2021-12-29,M,O
7436bfe1-86f7-4298-afc6-e355d63aab24,2022-03-01,B,B
7451dd12-31d0-4284-a149-0c0386f47308,2022-06-09,M,P
74dfbee1-247f-412f-ae23-4f098d0be8f8,2022-10-02,M,M
755e7983-51c9-4a00-9c68-3217abbcf9dc,2023-02-01,D,D
7d25fd60-d660-4e66-86ec-63033ee90d71,2024-06-28,F,F
8590a81c-974a-49f6-a28c-785278a5bf19,2023-03-21,F,M
85fc5f28-1a40-4b03-8aaf-eab709934958,2023-10-29,M,M
86ce605b-5c80-418a-a886-1a90ed99f641,2025-03-09,E,E
8c494602-6f42-472f-84e4-cc816d80d373,2021-12-11,M,M
96eb931a-17f5-41a0-a1dd-4bfb0697335d,2022-04-04,M,M
998068f2-b38d-4d23-abf4-65ad91489c72,2023-12-03,M,M
9aa4b214-578d-47e1-b975-3468cba883ee,2023-02-11,A,A
9ad2af11-d39f-4948-aade-54899790470e,2022-08-20,C,M
9f940e4e-ca37-4248-9731-9505a9cf4f70,2024-08-28,M,M
a336f6b9-376b-4e3c-8718-bd0fe046f80e,2022-05-19,D,F
a4240644-bb0d-49b8-b3c5-ce15db2f4612,2023-09-28,E,M
a4a7212b-63b1-4411-a137-9e71b6f5a3d2,2024-10-09,D,D
a683972b-a414-4b3e-b19d-0c30499ddde8,2022-06-01,P,P
a9597b8f-ad26-4778-a1ab-6a091f17d62d,2023-05-29,F,G
aa7b2951-d2db-4eb7-ab3c-59a6fd7140c8,2023-12-16,B,D
acc1f0ae-55f1-43c6-aa13-a671ddc6306d,2022-08-31,M,M
ae32ab83-811e-4d0e-b4a6-f5f4ec847d17,2023-12-29,C,C
b1bfe250-902b-41ba-9581-bceeb724b469,2018-07-17,F,M
b4e76670-9d90-447f-b34f-563bbb4caf0e,2016-12-11,D,D
ba15942e-66d0-4e86-a06f-6a5790013d01,2023-02-01,D,D
bcb569e3-643d-4d5a-81e5-737c7d8f3325,2024-07-11,D,M
bd1373e6-7d25-4522-b28f-42067ddeaae6,2019-08-17,F,F
be789a9e-93fb-4cad-8629-acc3a48907e2,2022-09-13,B,M
c0aef8f8-be42-4ee0-b7cf-e941468477e6,2018-10-20,E,M
c1a9ef8b-cddf-475d-afb9-70a4f358ae08,2023-04-21,E,M
c2c91f2a-51e0-43ed-a9f1-89ab9073b0e2,2022-10-13,M,P
c3c9dafa-a552-4384-8965-e37a21e755e6,2022-11-06,A,F
c4cb07fb-dce1-49d7-b949-2253f7d5f459,2022-12-29,D,D
c591c291-8918-41b7-bd73-00a429cd6a75,2022-02-26,M,M
c6c2997e-5fa8-41c5-9ff1-61c758a9d51f,2023-08-14,D,D
c7f293f4-cff4-49a3-b65e-79828a1843b6,2022-04-29,B,E
cd34dc65-58b6-494f-9f2c-cd93b9660900,2023-12-27,O,O
cde8a73d-2cf6-483e-acb3-49ca90db30ee,2022-06-04,D,D
d13bb897-69a8-4cca-bcc8-a7cb5d2f43e7,2023-08-30,A,B
d17e7f65-e070-406b-888d-3d617a2923af,2022-11-05,F,F
d3744787-773a-438c-8805-10115076323f,2019-07-08,M,M
d4bd324a-e1c6-4867-93cc-9725006b9c5b,2021-09-06,B,M
d5290e1e-6a6e-4b4c-acfe-d202db43279e,2023-05-16,E,E
d7ad47a0-4313-4a5f-a809-e57fe5cb5845,2022-06-10,D,M
d85b4944-0403-432b-a042-66d307b80bd6,2017-11-12,E,E
da6d3167-0bfe-4e90-9253-9f323d51968e,2021-10-28,D,D
e647583a-f6d3-422e-8154-d5d7c39d2c6b,2024-09-23,E,F
e9413267-b6eb-44ba-941f-214c26bc45e6,2022-08-08,G,M
e9f26fe6-8b54-4973-933f-8d7da9083403,2022-02-14,C,M
ef84083c-22e1-408f-a7b2-1df89d8b4069,2025-01-23,B,B
efd789b6-3474-4eec-a107-0b13749ef67c,2022-09-12,G,G
f235187d-62a0-4261-9c77-10d64da7d845,2023-02-27,A,A
f2957901-3402-482d-ae2c-4893558b74b8,2024-12-02,C,M
f99f82b4-ef60-445a-8dc7-7bf2008ec4bd,2023-02-25,M,M
fabd1b73-30c7-4438-b242-1d377cb9b529,2023-03-04,E,M
fba816ea-72a4-47a7-9ded-60095d461a1e,2023-06-02,B,B
fcc5fb36-fc30-43b4-aa0c-fd080c3388c4,2022-09-29,F,F
fd4e65a2-cf85-4613-bce1-426e7af94140,2023-06-27,M,P
bca6cafb-2816-4bcc-a7e1-c53efe1eac3b,2024-05-24,,
046e5080-2858-4303-a463-1c8573970864,2022-06-29,D,E
08913a68-7912-4d57-8821-d3c11c9d963a,2022-04-10,E,E
09456ca5-8daa-4269-9a7d-cbacff07f132,2023-12-29,M,P
0eb43dc0-7a39-4c7f-95cd-40c94bfa6e20,2024-11-08,M,P
0fa87e84-b04a-4da5-956b-46319bea1cfa,2022-01-11,M,O
13dd22b1-f8c5-4bce-bb75-d9f86be7e326,2021-12-12,E,E
1775dae5-e3bc-4f1a-abc3-38786dfe4ceb,2024-07-08,A,A
1b640fd3-7ce7-4ffd-9563-a9fb20b5d4f9,2023-02-19,E,M
1dbd4655-9ce2-444f-8497-875ebad3d8b2,2024-06-17,B,B
2047ccc6-8199-47e1-9800-5f36110ab7a3,2024-07-31,E,E
20558141-f7e3-464b-a805-e523b5246626,2022-11-29,D,M
20c1ba06-bdbe-49b9-940d-28634c432c57,2023-05-16,C,M
27cfd998-d2a8-45fb-82b7-7d883b8e238f,2024-05-23,F,F
28814f78-7954-490f-ba2b-b21ab284b99f,2023-02-01,F,F
2be97f2f-d7d3-4a15-9341-0cc4e72e3efb,2022-03-31,D,D
2d85e4eb-1f31-48c1-9266-8b1f9519d560,2017-09-11,G,M
34283481-c92c-47e8-9942-e12f3307c5a8,2024-06-11,M,M
35819d93-3b56-46cf-87ef-b1f4f9b877b6,2023-09-28,E,E
3871992d-2069-4526-9c28-5911bc0d8c17,2023-04-30,E,F
387be635-c00e-4f52-8389-c371725ce80a,2025-02-27,M,P
38b02be1-e6ed-4f1f-af84-6815c95f8910,2022-03-04,M,M
3a5b1836-a241-413c-8694-a8328911bea2,2022-11-02,F,M
3b985e7a-7629-4cb9-8677-1a11caa31406,2022-03-23,M,M
3ff7cd43-4f9f-4ae1-b2e8-984c2ea3997f,2022-08-08,E,E
4053b707-b85e-46e0-b552-472f4bc56d2f,2023-12-31,G,G
423268aa-2e80-4f80-b27e-e13181076b27,2018-02-21,M,M
43db3c83-1ccf-49b3-9223-270611b219fc,2024-03-02,M,M
480676df-db38-44e0-8024-9a0d6b44d3dd,2022-09-18,M,M
491ac358-4e74-4d41-aa88-5a7b50b19884,2024-06-02,E,M
4a6fc094-c5ca-4053-86bd-3835ee83a8e3,2024-07-18,B,C
4ead31ec-7a1e-4e30-8363-5aa3ae42155b,2022-08-19,F,F
502f1d46-26c2-4ec0-9ee4-1d550956e6b0,2018-08-26,E,E
572543c7-5b0c-4e5d-acb7-6539fe4a24dc,2022-06-01,M,M
5b0e79d9-1cc2-4547-b991-333ffd14e316,2021-10-18,E,E
5efd27fc-91e7-4432-aaa6-42ccd0681919,2022-09-27,M,M
5f5337c4-570d-4e28-8d1e-f79aad0b0c32,2024-08-12,B,C
5fbf404b-cb6d-4ab2-8a74-6aac2c89fdb6,2017-09-20,D,D
60e37bed-5a19-4b72-a2f1-083bb0c8057b,2018-04-26,M,M
62332d84-e120-49d9-a374-329a82161070,2024-05-23,M,M
673de6c6-6544-4922-9da4-ea93856d7b0d,2020-09-21,C,C
6778f429-7ae0-44d2-bd0a-71995c63013e,2024-09-07,M,O
67bc37bb-6788-4bb6-84ac-2a070225dc2a,2022-04-26,E,M
71610125-2cec-47bb-862e-d09d4f36fbfc,2023-01-30,D,D
78efbb4d-2d60-459c-9cd4-3867e403ab1c,2024-05-23,M,M
7a925a32-3dcb-48c2-88ab-755dabf5c0bb,2022-10-17,G,G
7abf3393-fa4c-43a6-a571-8db21b071779,2024-03-17,D,M
83d6a8b1-5f3b-4b58-899b-362cf50f8f61,2023-02-22,B,E
859bdd98-2549-4710-997d-82d4cbb76739,2023-06-24,C,M
88d53fc0-d645-4df0-941e-87d082176031,2023-12-29,G,G
89625c68-2ad3-4662-9f87-21ce77ea1ca1,2022-07-30,M,M
89fa5a4a-6ef2-41ec-b9f6-66a8aa66f66a,2024-04-29,M,M
8bb7d8a0-b124-436a-b66f-86d35476ed7b,2022-05-23,B,D
8bd8aa60-35a2-4e8f-8ef0-b7097973f49a,2022-03-22,C,E
8ff76bac-3f3b-4519-9a5d-951df425c7f0,2022-03-05,B,E
938bba6a-68f7-4a54-a512-fec334d21b5a,2023-10-08,D,M
956483d1-5dc9-4523-aead-a6b326e4ec61,2022-05-15,M,M
95abdfa5-68b6-40b5-9273-a7b1804326cb,2024-06-16,D,G
98b8e3b8-cbc1-4e86-bd06-395b36fdf54c,2023-03-25,E,M
99053e53-16d4-4f21-be35-a927da1da3ce,2024-10-21,F,F
9a5d9542-a80d-4f31-b11a-c9df4a206115,2023-06-27,M,M
9bca6abd-707c-4030-b7cd-db47095a328d,2025-04-12,E,E
9bfd2804-c68a-463d-b3b3-cbbefda1f557,2023-04-14,C,M
9ca533fe-3eff-4ed9-9690-4b2add7fb353,2024-09-27,B,P
a0c00068-0c7a-45ff-8ad8-d826e64f0ddf,2024-05-26,C,M
a1536aa9-5e48-4a80-9273-63ab5a20467f,2022-12-28,M,M
a1b4c6ff-3619-4772-af92-331a1051ca6e,2023-12-04,M,M
a2d7cd61-f752-4a3b-bc66-df02e40e4d96,2024-03-30,C,G
a791c36e-7e99-4d06-be30-d8f81af3bcff,2022-10-29,B,M
a8f5983d-648f-4637-94af-87ebe71c9c3e,2022-06-04,M,M
aa5d6ba5-4666-45d1-a405-5fccb1543209,2021-01-18,M,M
ac7f25b5-100f-4598-b82d-8a7db64ff4dd,2023-12-25,A,A
ad9da877-d977-42c8-ac2a-6919c2ba01f3,2022-09-27,G,M
aef2bc69-3121-4e96-ae53-c7fd3b1c4710,2022-05-01,C,M
b0f3aa80-741d-4bf5-ae10-84539c92de2b,2024-08-03,P,P
b3fcd391-529e-4261-bbbd-f27e792113a5,2024-08-02,B,B
b654972d-ce89-4459-9782-d0c02c19fd40,2024-09-04,M,P
bc2ef679-fd33-4e7a-ae03-f892a9ac9d3f,2017-05-29,E,E
becbd199-0a95-4edb-9520-fdf2d40b6442,2024-06-05,O,O
c5b19a9e-0a28-4891-9187-b17ccd875ee7,2024-05-17,D,F
c92744e6-b248-4e78-a314-66cf30a429b7,2020-01-14,E,E
caa81a28-6fae-4eb4-ba09-1ce96a78cbb1,2023-01-24,G,M
cf9846f1-f2f4-4977-9969-f18f65e2b05c,2023-04-04,C,E
d256034e-84f2-4ffe-90a8-a3a47cb0ec6a,2022-04-11,B,B
d623ab5e-cb22-4591-9701-cf60541a2fa3,2022-07-14,M,M
d8c372e3-e1d9-483a-a0d6-b9561bdca6fe,2018-04-16,D,M
d9e39988-d3e9-481f-abe6-a09a78ba1e0e,2023-09-25,A,B
dd2717ac-eea4-4171-8005-a0ee5b8e10f6,2018-07-21,G,G
de34bb98-42f3-45a8-978d-28ee1be4c257,2023-11-29,B,B
dfe96c4a-7e2b-42ac-b838-6f0b421c7796,2021-07-31,O,O
e670d915-1a12-4a8f-a2cd-11cc128e42a3,2019-11-11,B,B
e7c85111-d157-4832-832b-cfd970f26cc1,2022-12-29,G,M
e90580d1-65e6-4e1b-b0de-63c654d2d399,2017-09-05,C,C
ec27baaf-2ecd-4a31-8bbb-d26dd12d360d,2023-06-29,C,C
ee321443-c811-4bf4-8b96-7c7ff830ddd4,2023-04-14,G,M
ef17bd6c-6db4-4505-98fa-ba073fe54704,2023-11-01,M,M
f0d8ef1f-1ff1-44bf-bc3b-cd215a9127ee,2024-01-31,F,G
f56200d8-82c6-4744-9de0-f2a10a1d89ae,2019-07-16,E,M
f59af9fb-f0e1-4147-b4e6-e886c6ff53fe,2019-07-08,D,D
f8b7a4d1-4217-4c50-b761-541b0a249cdc,2024-04-29,E,G
f91a9f8b-397f-40d4-a112-0fdf921535b4,2021-12-11,E,F
f98cf1b9-fd8e-4cd6-bf24-9ea18d85b1ac,2018-10-28,B,B
fc4d50af-ac39-4c75-956a-e7458ae831c5,2019-07-08,O,O
0306dbe5-36c5-4e8e-8d1e-64ac3bef7ee0,2023-06-29,C,M
034a71af-864b-4d27-840c-88a1c772bb65,2022-11-28,G,M
03aa982a-55a5-4915-b7d8-b141d6d71d5e,2023-02-01,E,E
03ec273f-0f40-4b97-b135-704bc507e735,2023-03-18,G,M
042283d2-276c-40fe-91b2-c638cba96938,2022-11-03,M,O
04610490-0794-4f8b-a004-b862080499fb,2022-09-01,G,G
04db3582-48e4-48df-ac21-a255396d4583,2024-05-10,C,C
057e9ad8-9955-469f-aa5c-f6ac003bf394,2024-07-22,B,B
058b5d11-5a6c-4efb-86eb-d091f19c5a76,2023-08-01,B,B
0e863ee2-d883-465f-b936-c2d57c7c9518,2024-02-14,F,M
0edf43bf-65c1-4537-b57f-47300a37f20d,2022-04-27,M,M
11e91df1-a471-459d-9994-b0442f0958ea,2025-01-28,P,P
17dbcb98-3c7c-40cd-929a-7e294b67e424,2025-04-07,E,G
18fdb8df-c4b7-407a-bf2e-51b4884dde81,2025-01-22,M,M
1e58712d-a02c-4dd4-aa9c-5593cf1fe260,2021-12-29,E,E
258796b9-c8a7-4ea6-b519-0f8f285115d8,2024-05-23,F,F
27f806bd-3422-408a-81ba-502f12c6fc98,2022-11-02,A,B
29242c18-52f3-48b4-a5da-5d1db65e9604,2024-01-15,O,O
2b6e1ecb-8431-4048-8ef6-f805154edf41,2017-11-27,E,E
2e5766b9-8bd8-4f77-8898-d28a66fd1fee,2022-06-01,M,P
307c668c-1804-4e2e-a980-3ef5027c040a,2022-05-08,G,G
310ad06d-3bf1-4f94-a16e-291903d66705,2019-07-17,M,M
3403cfb9-4588-4f61-adf0-98684eca5b42,2025-04-07,M,M
340e2d34-9c5b-42a0-8f30-9dcdc4f2687b,2021-12-02,E,F
3473bd26-0b07-4bc4-a7cf-06a7d2e7193a,2022-12-18,E,P
38875e73-0ece-4f4a-b108-888c244139f8,2022-11-02,F,F
3c3f538b-f431-45c5-9fde-36128b3b824a,2018-05-02,E,E
3c8d9a84-7b4b-4183-8b30-8c6758698769,2023-04-14,D,M
3ce754c7-6b0b-49b9-9cf7-c6e86e2e3455,2024-04-22,E,O
3ce97f03-667e-46b1-92b2-1cf7a0690b94,2023-06-29,B,C
3d437763-d5f5-4377-a4a8-41762b88398b,2024-01-07,B,B
469bb81a-d9cc-4e6f-8704-6309166ee407,2024-02-01,B,E
47d65d19-e111-4d92-a9be-30c628326b83,2019-01-19,F,F
4b94ae9d-bccc-4a04-b963-aff132cc6d94,2023-02-27,A,A
4c1fdb6f-8f08-4eae-b303-5f10995bb4f9,2023-12-31,M,M
4dd5d52e-3b4b-4726-94ad-f4302f76ac45,2023-02-01,F,F
50dc45f3-6cec-495c-b3d7-154c77efeba5,2022-10-02,M,M
511ea59a-4f3a-4ece-9455-d0eb4977578f,2023-03-06,D,M
52700de0-f43a-40d7-abd3-99422856c319,2023-06-25,O,O
53f22b79-a8b0-4dd4-b2fb-63cb6c665e0a,2023-04-13,B,B
542af381-099a-4fa5-8032-5168c6f0df3c,2023-10-31,F,M
56453c69-e09e-4a42-b8dc-5c44d82a689b,2018-11-27,M,M
588f6841-f31a-4c7f-b5f4-6be02460843d,2023-03-05,F,F
59c8457f-77e3-40d5-9572-0df24b6c2b22,2022-10-05,E,E
5cc45f10-f04c-4a1c-b57d-f7802aaa77f1,2017-12-18,E,E
5e401dce-a653-4de5-bb4a-d097d75d5ba0,2021-08-29,M,M
5ef1dc3e-c07e-4336-bc30-8329debb8554,2023-09-28,M,M
60049d7d-d994-4952-a4bb-bd653054dd2a,2017-05-03,E,E
65fee42a-56db-4c51-8b5b-0260ffb27c5d,2023-02-01,M,M
6b44284a-d758-4410-b74e-4e4f951a0a19,2022-03-05,D,M
6c34a497-91df-4174-b2d9-1badca0def94,2024-10-17,B,B
6e24654a-3041-457e-a13f-9c6eb4ab7fd2,2024-07-31,B,B
6f275223-6dda-4ed4-afc3-f150445f851c,2019-07-08,E,E
6fa94f7f-c38d-4815-979c-442bdb672de7,2023-05-11,O,O
70ee8a1f-79c0-45b4-80dd-95a9a2f1bb38,2022-09-08,M,M
73484dd6-0729-44ba-973e-e7b18c261096,2023-11-02,E,M
76bc7e9c-b6b1-4b32-9369-b079b4b0e7d7,2025-07-11,M,M
7bf9ff1a-f478-4d84-93b5-8870ae173669,2022-06-30,D,G
7d5cbddc-3a04-493c-b1af-6a46953f94aa,2024-09-27,E,P
7e5ac9d7-2501-464a-98bf-0305656a80b5,2022-06-08,E,M
85974ec5-7d71-4940-a36d-35fa7bc1fcd7,2024-03-27,M,M
8629852a-3a59-418d-b8c2-72f56dcafd71,2023-02-01,C,C
88fa9360-a803-4bda-ab2e-dee778fc0a2f,2019-07-08,E,E
929dfb57-a0dc-4654-ad39-13eaeffa4f34,2019-07-08,G,M
935a8f25-404c-4406-a5ca-4835c9076257,2023-08-01,F,F
9534518e-b2d3-41f7-8d61-325ec07dec0c,2024-01-30,F,M
96439805-e837-493e-bf1a-1b22b5246cd0,2023-07-16,E,E
96b48e1a-07fa-49a2-9f1e-cf6a87a93bd2,2022-11-17,C,G
a1045e33-63b4-400b-9ead-ab21b67de85f,2021-10-15,C,C
a316217c-b0ca-4d7e-950e-5f61c360a3be,2024-07-26,C,C
a7323211-f1bb-4e45-93d2-029d40860c6a,2022-06-04,M,M
ab10ea52-409e-4fb4-8dad-49dfd35d0399,2022-05-16,A,A
ab4c4d74-211a-47ca-9ef6-ddea73de8051,2019-08-25,D,D
b0605e06-e432-432e-ae52-1080ce47f48f,2022-05-24,G,M
b1b0ae42-4e05-4597-8a9d-65cc1d922a1a,2023-04-21,C,M
b466ce27-9e1d-466b-991d-ed50ddce278e,2021-03-31,B,C
b8e790dd-4124-420b-bf97-49942b944d35,2023-03-16,B,M
ba1ce8cd-fb7d-4e0b-8ae5-d3e191452fa4,2018-01-26,E,E
ba27eaab-9099-4a3e-8007-965667c4af7a,2022-06-04,M,M
bbd3ba93-b944-4cb2-98d0-84c4c1b31214,2019-11-20,E,E
bd926f51-dde3-4054-a37b-f9f0de72ad77,2023-07-19,B,P
bdbcd11c-d948-4ce2-a01f-596edb5a435c,2022-06-01,M,O
bee1ee75-6e12-4551-8226-038c8c6f63fe,2018-02-24,E,E
c02c0177-a429-407a-b8f2-9383967b4871,2022-06-04,G,G
c0bf96a4-0444-42d5-a884-903c780646f4,2021-08-06,E,G
c6a07c47-f2ea-4aa6-a98d-49965ae1d89c,2024-05-03,C,O
c77f342a-5597-4c8d-aa25-ca42e50ca93b,2022-10-07,D,M
cd1e0333-cf8a-4234-ab28-58e2ba9a5412,2022-08-19,B,B
cda767f1-cfd0-40e4-9c82-31d4f223f089,2024-03-04,B,B
d02ba72e-d16e-4055-b1e2-83e2cf393fea,2019-09-08,E,E
d0a4b160-301b-42fc-9444-db0f6d35b9b0,2023-09-28,O,O
d1064007-7e3c-4c0f-9e36-cf7ba0634926,2022-06-04,C,M
d615f8d6-a293-4465-8c18-edf7b111ce43,2024-06-28,B,B
d6684e7d-18fc-49a1-90f5-6bdad95deb3a,2024-03-05,B,C
d67272bd-87ac-4476-bc37-c2905917b592,2023-02-20,E,E
d6a073d3-edcc-4f4f-8e58-da2a02808b97,2022-11-01,D,D
d9216373-1a5e-4416-80a1-7ea2fa5d4012,2022-05-24,M,M
dc2757ae-f6f6-4618-a7a4-d3cd16802831,2023-09-20,D,D
dd878147-3d07-4067-bedf-81671a8ed3e5,2023-09-27,C,M
dfe39e51-8c79-4ab3-ab91-a761b4b667f4,2022-02-25,M,M
dff6ad57-db4f-4bf7-b58d-a165b74b7567,2018-12-16,M,M
e20e5940-2e9e-46f9-93f9-784cdd76c995,2017-11-19,E,E
e7b6f941-cabd-451b-a83e-d438c0ca7292,2024-09-27,C,F
f59a30f7-7a83-4d87-8a61-4a2210f54923,2024-05-15,E,M
f848fb6a-2a18-4917-a489-381943c4f28f,2023-06-02,G,M
ae1f3dfe-2b6e-422b-818c-60cd2cfe6fd1,2024-05-24,,
001120e8-1749-462a-8f51-19acb7c23ebc,2024-01-26,M,M
022ce98d-742a-4ba9-b7a8-ad5c7df0dba7,2025-02-20,F,M
06eec7a6-d8e1-4c6c-a726-f4c75018f8f4,2024-06-18,G,G
07416349-21a8-4d81-98fb-25f64e540471,2021-05-10,M,P
08866648-ef28-4ec5-ae95-f9f4d23ca9a6,2018-11-22,B,B
0902ea9c-18a0-4fa0-bdf5-7711898b813c,2022-10-29,E,M
0d6218c2-a5b1-400b-b5e3-70948530ec57,2023-06-03,F,M
0e42ea13-d06b-4450-9af3-976ac5f14185,2019-07-08,F,F
0f1e25c1-1f6c-4ea7-ba6d-b98fbea47ecc,2024-01-28,E,M
0f3dac4d-9a09-465b-915d-bdca24626cb5,2024-07-29,O,O
0fb88fd9-d2d9-452b-a9c4-3e5071bfa876,2021-05-03,M,M
1274f678-d1aa-4965-9121-4bcfa17ddf2e,2021-06-24,M,M
13f11f98-2c65-4fce-a760-bf5fd947747c,2022-07-02,M,M
1ad68340-afa4-4197-9b1a-f469cd2f1d44,2021-01-02,D,O
1b5a134f-2d4b-4163-b834-70d378cbd166,2021-05-31,M,M
1cf278b4-87f8-4e52-8b3e-099585e5386c,2022-02-15,E,E
22119ee6-2d46-4180-bece-af9559fac644,2022-02-16,D,D
22889877-deb3-4092-94f4-eacbfb0a897b,2017-03-09,G,G
24527bbb-73f1-4959-8d0f-d6f48f2af6d6,2022-09-02,C,C
27ddde99-a309-4928-b7ff-3bd894160c93,2025-04-25,M,M
2811420f-1c3e-4bd6-939f-1860524757d0,2021-03-31,G,G
2c405b48-c0cb-43f9-b11a-958b3c68a5ee,2023-07-24,C,M
2da2fd72-8dda-441a-865c-ab18a524b567,2022-07-15,M,M
305de182-a533-400f-a103-e566d8689e18,2023-06-29,E,M
3110d457-a397-4744-bb66-df5ac337724b,2024-05-24,C,C
32a5efed-63ae-4f7e-bbe2-1636a62700dd,2022-06-30,M,M
352dfe63-0372-4671-9eff-8be0bd6793ed,2019-07-08,D,G
35346baf-5d3e-4816-b971-6ea9832d13cc,2024-08-16,O,O
35e31d7c-acd9-4085-afa2-a3295f89a1f0,2024-05-03,G,M
35f79a54-43ff-4592-853a-bf58cf61d90d,2023-08-01,G,G
363c7113-b83d-4e2b-8750-d05c7e8a8b8d,2021-12-21,F,M
3991583e-0f49-4c30-b2ee-1597d721456a,2022-02-07,C,C
3ca73527-19a8-4866-8b16-f21658cdf848,2025-03-07,M,M
4071af0c-ad2a-41a2-9e8e-b8e4b60601e9,2022-04-18,M,M
4099a62b-e72a-49de-b0d6-aeb82e5cf5b6,2021-06-09,D,F
4547b072-ddbe-4564-825d-e7470470fad2,2022-12-28,C,M
4746211a-53d3-4cbf-9557-51ce19853f7b,2023-03-19,G,M
4765a7e0-2921-436b-b78c-19bdae93a0c2,2022-01-29,P,P
52133b05-bfdd-4898-a78a-96196b05a349,2023-12-09,C,P
53b7d8af-27eb-4b1f-a465-35110730ecb2,2024-09-28,M,M
53e0be27-a1c2-4f48-80c0-29ef574162c4,2024-05-29,G,G
57080c94-ac83-422f-9460-8fc3c1bc7968,2021-11-16,D,E
5b376427-1181-49f0-8032-f49b1ef835aa,2023-08-07,C,C
5fcb235b-804c-4a6d-9cdd-c5d1afe53933,2023-01-31,M,M
60cec74c-ee4a-4c24-82fa-d3bc61b1f99e,2022-01-16,M,M
613ff11b-2a39-4a15-a0da-2d4e702d13df,2023-07-12,E,M
62ba91fa-3755-46ea-a808-56a61a636c1b,2022-09-03,E,E
654930a5-01a4-4878-8ec8-92238ac1af9a,2021-12-02,B,M
67c3f704-86ce-40cb-8704-2c7686dc36d1,2018-03-19,C,C
67daadf2-51bc-4328-8c5b-768b10888980,2024-09-05,M,M
68d48681-a1fe-4f92-87d3-3bbfe82aad61,2024-05-05,F,F
6ca23e87-bbd3-4d9a-ab1a-42647adc46fe,2023-02-01,D,D
7040d1b4-5a92-4dd3-bc2b-a193f9413508,2024-09-10,M,M
715bc44c-4b2e-42d9-844c-48968c47f9a0,2018-01-08,M,M
7996b0a0-66d9-4d32-87ae-616a8a80463f,2023-07-29,M,M
79c13f08-2e38-4010-afdd-ec4eb16fbe40,2023-02-01,E,E
7b962bf4-590f-4422-b8fd-4e2d94ea7091,2022-05-18,M,M
7c257567-ebef-4e89-98d5-a4cc9d77ad8e,2019-09-30,E,E
7e69a84e-f164-4fe9-9504-223e3ac27558,2022-10-04,C,G
7ee247e5-8b8d-4a7f-a58d-e9ba728b632a,2024-04-16,C,M
8624e6c6-12d6-47e1-af41-6595c58d7659,2023-08-13,F,F
8630988d-2cd0-448f-b4bf-76086f75ea87,2024-05-03,C,M
8bf5596d-4eee-401b-aae9-8cb142a52385,2023-09-08,B,B
92e5f01d-77d8-4702-9ef0-8f3e4874900e,2024-01-19,E,M
94d82d8f-7b23-4b25-959d-4dc717310d48,2022-03-17,M,O
95d5586f-b584-471a-aa7d-595e7e62bc09,2023-03-04,C,O
96029011-4cdd-480a-bc13-c9aeb3436d08,2021-11-20,F,P
9788d573-6575-4303-9de8-72ad923b7d0f,2024-05-04,D,M
9967dfec-1aa4-4603-9d87-4dc4a6ab6ed1,2024-08-12,C,C
9b263719-a123-4dbf-98de-4a9e037ce332,2024-10-31,O,O
9cd94cce-02f6-4073-ac8a-7ab47a60a851,2025-02-07,D,O
9e79a6be-8456-41d0-b5a2-f37f62628f46,2022-06-03,M,M
9efb5287-229e-4bf7-a03f-45fabe1be446,2023-10-21,G,M
a2d9ba7a-ae2f-4896-955a-58a30dc82173,2023-02-14,D,M
a3f0708b-433b-4456-b557-cb6021f2cb82,2021-11-08,B,B
a4540a51-44a0-4842-8dd0-48c62a08a148,2023-12-29,B,D
a51a2de4-d848-475f-bb05-245b27443927,2024-04-19,M,M
a64aad0a-715d-4991-8c6f-9967617f76d2,2021-12-02,G,G
a7d51cea-ffb0-440d-8875-412ed07d96d6,2022-02-25,E,E
a8cdd196-21ec-4ce2-a55b-6d9a35ffe9af,2023-05-08,D,M
a93a66df-6358-423c-a29f-97dae4bf2009,2024-02-12,E,E
aa8552d1-153e-4807-9fde-a6bc2999fe80,2025-02-27,G,G
aba6cfe3-dd01-4372-9246-7b4e91628712,2024-06-30,G,M
af9588c5-fef9-4979-95b1-6a3fa90c34de,2024-08-02,B,B
b9f79da5-dd5a-4c7e-a861-40ab8f23eae3,2022-05-20,G,G
bcf66e90-83de-4c26-b136-2232e1f4fd3a,2017-11-16,B,B
c13bfb5a-5d99-4957-98ca-8557669d88ec,2023-06-02,G,M
c25631c8-9988-42bf-b0be-b93441fa9e22,2023-09-16,F,F
c3ee24e9-9041-4edc-b2cd-da603d7e49db,2022-06-17,E,E
c5249a76-eff5-4275-afe1-5775e5c83baa,2021-11-02,M,M
c6c88b4a-8fe2-4ee5-a70c-3155b9e3f1ee,2024-05-24,B,B
caee28bd-4545-46ee-9a74-651ebb368e16,2022-12-28,E,F
cbc907cb-f496-4ab6-967d-36f3329a0abd,2022-09-27,E,E
cdaf3fcb-0fe4-45e4-aaf3-2411abe6c276,2023-09-28,F,M
d9a6d0cb-29be-405e-aacf-89a1fbb3ee37,2022-08-15,F,M
db839715-7361-49a9-9804-cf6c78c2447c,2023-12-30,M,O
dd702c74-0b0f-4481-97a8-e9e533b76093,2022-04-29,E,M
deef856c-5feb-4cf9-97cb-25d22087b055,2022-03-05,F,F
e1a11f66-2846-4e4a-b7dc-8cd23dea842d,2024-10-28,M,M
e34cea1a-3fff-4fad-b4d5-a21299e07e24,2022-02-24,E,M
e6ea1a64-71bc-41ec-8e31-386ba4d07800,2021-12-02,M,M
e92cda2a-424f-4631-a2e4-d56243f50d0c,2022-01-20,D,D
ecf427a7-8f76-4002-a5d7-5a4edc357aab,2018-10-01,B,B
ee0166af-bcff-4cfb-9286-6865995ffe79,2022-04-10,G,O
eeed9f64-c187-4b3f-ad37-9cfead9a8034,2022-06-04,G,G
ef448ffe-85c3-404a-9586-8cd5166fb4d1,2019-07-08,B,M
efc528d8-94cd-44a4-848c-0648a430535b,2022-05-13,M,M
f04dd27e-b4da-47f8-a249-24d38826a5f8,2023-02-03,M,M
f4703115-829f-41c1-a78b-cfaf3f77b28e,2023-01-08,F,M
f533b72c-15dc-4d48-b415-4ad9273b5a53,2019-07-08,F,F
f78fb284-30e8-4e8e-b1ef-c01a819ef92c,2017-01-03,F,F
f8b840db-b307-48c9-9a64-fc4954618c6c,2022-12-03,F,M
f8ebaed2-0ec2-4849-8f86-5fa8c4ddd5ff,2023-11-26,C,M
fcfb8265-3d16-4f29-b147-269e7d5d50d4,2022-08-23,P,P
fd41b06c-9601-4203-94ea-37d19728247d,2025-03-25,D,D
fe1dd5ca-3883-4a74-a477-c02893540a71,2023-05-29,E,M
005379fd-640a-4190-896b-6fb6460f2dec,2019-07-08,F,F
04e815ea-dbd6-4ab7-8824-c516f0d8a234,2022-04-12,M,M
05fe5654-3ebf-47df-b26f-46c5bcc1e0a2,2023-03-02,M,M
0a91d8ca-eb8c-4d9f-a800-45e0aeb39cfc,2023-07-15,G,M
0e4781d5-72b1-449c-942c-2077b7f890d5,2020-07-01,C,M
1569c91d-d675-4a15-8050-fbb5e9d520b7,2022-03-03,C,C
1801028f-6950-4210-bacb-96f06a766d2b,2021-02-16,D,M
1968a714-afbc-4083-a6f6-364fdf96ab1d,2020-08-03,E,M
2100b916-854f-41ca-bbcb-3a0ad6e6437e,2025-02-08,M,P
25f980b2-eba7-4f95-8488-9e493693c300,2023-03-12,C,G
262c517d-3e5d-4712-abef-eb9fd5a29da8,2023-01-29,F,M
2709c2f2-f222-4abe-b3b2-f8a1a291179d,2021-12-15,M,M
28a750fd-18b7-44ab-b315-ee1b26e7ed82,2023-04-30,M,M
2e5ff76a-e5aa-4e34-9b93-d27b489bf605,2020-12-11,F,F
2e96b2a4-e7e9-47c0-9136-1f3f38a624d8,2022-07-02,C,P
3197ed80-e190-404d-a37d-e8309952eeb0,2022-04-21,G,M
33abdf8d-18e5-4701-994e-a9598768b96b,2023-07-20,C,M
347ed0b8-1ab0-48b0-b2b4-085d721c14e1,2025-02-15,M,M
37ed340c-59dc-4951-b647-16952539da11,2024-07-11,C,M
390cdb4f-b290-4742-83c0-a9120e60f671,2025-07-24,G,G
3bdedd9b-b16c-4dd8-8ace-51400b51925b,2023-03-02,F,G
3c03b57c-7fda-40f9-b05f-98a60c2944f7,2022-02-10,M,M
3c85fb00-291a-4502-b7a3-b476cb1c9fb9,2022-07-22,M,M
413af13e-9c23-4de8-a040-c2710b527385,2022-03-29,F,F
41c5c602-fdf4-47cb-a1f8-1a1baa1e1618,2018-01-24,E,P
4768da50-5752-4dad-a5ae-0cad07460f46,2022-11-17,F,F
47e8de99-1c51-4433-9f05-9fe02d487212,2022-08-15,M,M
48313600-0423-4eea-8f25-f6ecc821072a,2022-10-02,F,M
4dabf7f0-a6ff-4a30-950e-aecfd43e588d,2023-09-17,M,M
4dc23101-48ff-4a1b-a06a-eebc677d884b,2021-03-16,D,M
4fcf6bf9-b3d2-4b65-a11d-7b014c963e43,2022-12-21,E,M
4fe70e82-0f43-46af-a05e-d2b28da3709b,2023-03-14,F,F
513634f2-da01-40cf-a1b3-91b5cf03d660,2019-07-08,C,C
52496333-d811-45e9-8e0f-78e877001b39,2022-11-04,F,F
548c6474-1c15-4448-8708-bdbcd84431e3,2022-04-12,M,M
5676b835-7f82-41a4-9a0d-7d09ba919d5b,2023-08-18,F,M
5af1fa3a-b238-4d7c-8341-1d2d2b5617a3,2023-10-31,E,E
5d3c3c81-6b04-497c-836d-d88e3a0d95ac,2022-09-27,M,M
5d5b4913-bb2a-4639-93b0-adbda5c67a24,2024-04-16,G,G
5f89e9ae-61ab-4058-a9e7-0dc58b97f4a0,2024-05-06,C,C
60796d04-578b-47f7-97ae-44cbc59c9faf,2022-06-28,M,M
607cd082-3d21-4c8f-9f5a-f24fcfbeed3e,2022-04-04,D,F
613a0180-78f8-4006-9b9d-6ac108842418,2024-06-13,F,M
67a18447-be28-4a98-bc09-22ad0b44102c,2017-09-18,B,B
67fffdc0-bc15-4659-a8e0-8ddb350043bc,2022-02-16,M,M
699c89e0-4535-4ca8-9905-e2d4fc8e413e,2024-10-18,C,C
6b9511f2-3321-4c69-814a-75da2e884a06,2022-06-26,E,E
6cfca67a-3861-4351-8981-5ce85ac81942,2023-12-28,D,F
6e23a1e1-d3b0-4adc-b7b0-d8480ea5a827,2024-10-29,B,M
6e560600-3296-44b4-b2e3-1e29994f4b7a,2023-02-02,M,M
6eb6ed14-3af9-46c4-b9a9-84876ed7ba32,2024-03-18,E,E
707b1c89-c282-4e37-8a60-ca6ed093d1bd,2023-02-01,M,M
71d42f78-e3d1-4137-849a-6dd53a7a6872,2022-11-17,C,C
73817178-82ab-4fda-938c-8114282bef0f,2020-09-04,G,M
7675bfa0-e605-4c07-9695-c09d127c2b88,2023-12-29,C,M
7b7492bb-3b98-4003-a421-b0febc2d273b,2022-11-25,F,M
7f12257d-7f23-4cd2-a7fd-4700c0f66a47,2025-04-01,G,P
7f423aba-7264-4652-8725-68aad651edde,2019-07-22,M,M
7f5ce79e-86cb-4e14-b6ea-a21fd4945b37,2022-08-08,E,M
80657ffe-3831-462e-8bca-9eb0a59311de,2023-10-20,B,P
850fa0f9-86bb-485f-9e52-c3d5fbaa408a,2022-09-27,B,B
85ffda1f-b27e-4f3f-b79a-ff35434feb6e,2024-06-28,P,P
86514b5e-bd0f-4558-87f7-b3c3104a596d,2020-09-07,F,F
88615346-34a5-4ee7-b260-adc8a06ce752,2024-01-31,D,M
89c06025-8449-4a6f-b154-37f6ed1ebb1b,2022-06-05,G,M
8a7c832a-045c-4198-8716-4f13364c67bc,2023-07-28,C,F
8a977bb2-04a5-495a-9d8c-e331e8b6d70f,2022-01-24,E,M
8cdc5479-1cab-4860-b3df-e1eef5d88b25,2024-07-29,O,O
8d3d64af-e7b3-4131-8c1a-342ff421619a,2021-12-11,M,M
916a80bf-ce0b-45aa-b43c-a4b8427cc9d2,2018-05-28,C,C
93f5076b-ddde-49f3-a734-9327ba411c7d,2023-11-25,C,C
94a2dd9b-dbd5-4245-b9c7-0bfca31eb9d6,2022-09-28,M,M
956e9622-bd02-47d9-a6d0-30a8dcdf1ece,2024-07-31,C,C
96202e04-b261-4b5e-907f-36016554b6e3,2021-12-11,M,M
98b66c79-26cf-476e-bfc7-e96d6f8b70da,2023-06-29,A,D
9bd37aee-1ab6-4a6a-9897-5fda026deefc,2023-07-27,E,M
9ff91082-cc36-405f-a27a-08d2816c0297,2022-10-09,E,M
a3e63f83-7776-4f8d-8509-812015d1e46f,2022-02-27,E,E
a77faa99-f983-4715-bd00-95820563d216,2023-12-18,F,F
a867bbe9-3bfc-47da-9e8a-2b77373865ef,2024-10-14,F,M
a9d84362-cd07-49e2-9268-d99cd7e6a15d,2022-09-23,M,M
aafb9a22-02d2-404e-990b-1bd7991ef378,2024-01-30,G,G
ac84e928-6ece-45ef-ac48-187c67ab0b33,2017-12-18,B,B
af941f78-0071-44a7-94e1-4d89750697e3,2019-07-08,C,C
b3abcf14-bbb5-4af9-a692-133d9c46d6a8,2018-01-26,F,F
bcbf7ec7-2a99-42c7-9bfc-f8604d8ddbb0,2022-06-04,E,E
c51ea03f-3589-46aa-ad5e-8093ac9f122b,2021-11-29,D,M
c62151cf-443c-4ed8-b6c3-deb0d6b4d4af,2023-02-01,D,M
c73abdd8-474b-4a39-b7bf-f719c883e599,2024-03-15,B,M
c9e553a7-7fc7-4d68-8a6e-0be0ba2c2696,2024-05-23,D,D
cc0e36e0-f1b7-48b2-b4ec-4d7b36ebd2ee,2022-09-29,E,M
cdef2251-71ad-4d95-8f06-aae4d003c5ad,2022-03-05,M,M
d1b5bb0c-fa8d-41f3-9c3f-8953039259f4,2017-12-18,C,C
d1d36437-2afb-425c-aac2-128299e962f1,2022-03-24,M,M
d24b0e61-60b3-434f-8f12-31cac7fd37b1,2022-11-24,C,G
d68a6e53-bbb7-40bd-90df-43c453c1b1bb,2024-03-30,M,M
d7fe2348-53af-4c5b-aaff-c43cbb0953ff,2023-03-30,E,M
da2c5bd4-b742-4f16-a91a-b60bedfc087e,2023-01-04,C,C
dc4069c4-e394-4612-a2aa-b81a769589d6,2024-10-25,D,D
ddfabdf0-027e-4c12-9d9d-87a1297247b1,2021-07-03,D,N
de94f672-64e2-4a13-b6ee-63874e4162ac,2018-05-03,E,E
dfa8e35e-d2c8-4494-ab4c-935975450805,2023-06-12,E,M
e21bca09-c4e4-4979-9b68-1439885c4255,2023-01-09,G,M
e3c6bac7-124f-40d5-b4e0-a0693e1d583b,2023-02-01,M,O
e57cbfe6-0f7d-4f83-9a42-d8a2961f6b4d,2022-06-03,M,M
e923f72d-9355-4ce8-8cf3-930604ae8fb3,2023-09-16,E,E
eb1a6b73-903c-4379-8dbf-c2933b708150,2025-04-04,G,G
ec897678-cd06-4c1f-a814-7fa72bdc8fa1,2024-07-29,G,G
efade0b4-67af-4445-ae6c-eeb1114d203f,2024-09-19,M,M
f016145e-308f-4d9f-9c85-cf33c913a19a,2024-09-08,D,D
f08a2506-a910-4ce3-8b65-8b06c353091a,2023-10-31,M,M
f147d8e5-e5ae-4abd-946d-7698eb261d85,2021-11-29,F,F
f43aed96-b8f7-46e0-8e19-9d934a7c48b7,2021-11-08,B,M
f80581cc-7dfc-4d74-b2a1-3228e924d1d2,2024-02-03,C,M
f862f4e5-5ed0-48b6-b8b1-d85509d47d43,2023-05-20,F,F
f8ee8b31-3b6e-4ca4-8d88-b923ca6bc160,2023-11-23,B,E
f8ef5253-5e77-4d81-bf29-d3378bd8ccc6,2023-02-28,M,M
fefea8fb-3da1-4f5b-a87b-b652762070a7,2022-08-31,C,G
000e8d26-7068-42ac-ad19-fd4c75875e66,2024-09-27,D,M
01205ca4-5d23-4e69-9c93-c46163d6222a,2022-06-04,B,B
014c61d4-2346-4b17-8ce1-6b6126db5db9,2018-09-10,E,E
02cd490d-ece1-4b18-b28b-3844ba51d4af,2022-03-14,E,E
02d09c06-0381-4a54-8385-bbbc5f48c595,2022-07-31,M,P
033e0ca6-9fb0-4fd7-be87-5719260fc59d,2023-09-28,G,M
077ec446-2513-4a99-931f-f2d502eec902,2022-12-30,E,E
078b9525-7021-487b-bcdd-e9e7373cf589,2022-05-05,M,M
0abe89a3-8045-4a39-a334-05d85010a286,2022-06-01,E,M
0be913bb-dc70-4c16-a65f-21c0759657fb,2024-10-25,M,P
0bf28a23-6e68-4231-93a8-5012e62d0cb2,2024-06-28,B,D
13d991fe-e250-4c29-812b-951734fd3fdc,2023-05-18,G,M
15a42719-ffdb-4dad-a05a-963ff9cfb717,2023-08-21,G,G
15ece444-6874-47b4-b62b-a9c457f49438,2022-10-17,M,M
1690ad13-1b76-42f0-9385-3a9993abf0bb,2022-06-01,M,M
180bea8f-42b1-4c52-a97d-0537c7711d7a,2019-07-08,A,A
18b136de-df31-450a-8630-8a0d7e9a2044,2025-02-01,C,O
1cbf0c3c-c111-418d-8fed-4f5d370af1c9,2021-11-20,M,M
21d6e96a-f70e-45a4-ac95-6ccf3b84305e,2023-02-13,C,F
24a892eb-03aa-4b8a-b613-afe224d3d7c3,2022-09-27,M,M
24c78510-3c42-41ca-86f7-e5c51a53680e,2023-07-30,A,A
2903e5a4-b867-4a98-aeed-84b4735f7af3,2023-11-11,B,B
2a9ea660-f56e-43cc-aad0-dba08eb45cd1,2023-02-01,C,C
2cf2e915-d36e-4fb4-af02-ad361cf917c0,2022-10-30,M,M
2db881cc-161f-43f8-b14d-468879047721,2022-10-09,G,G
35c9fefd-c145-42e9-97e9-c51c269fa131,2023-03-05,E,E
38395cbc-1349-40b5-84f1-082f0b53034c,2022-01-03,M,M
38891450-bb8b-437a-b2fd-433b2d3add77,2023-04-18,M,M
39702dd4-a3f7-456e-b007-13a902a7486b,2025-03-29,D,D
3ebb4f59-ec63-4c38-8633-a619b7e3504a,2022-07-07,M,M
3f18d1b1-31c6-4fa6-9105-3d46e171fddd,2018-05-21,C,C
3f7a41e0-1efc-414b-ac43-47ddf97afa7c,2023-03-30,F,O
456e80a5-8a5a-4530-b7f4-06fcbbdd4a31,2023-09-28,M,M
4cef35b4-14a5-4d05-bdf6-38e61cb590cd,2022-08-18,B,D
4f04f704-67ca-419c-bae4-f4ea77439e63,2025-06-13,B,B
54f2f585-e206-4f88-96fb-5de7276095ea,2019-07-08,F,F
55f8d48e-6b5a-4f9a-99b4-4a5397a6cf68,2022-04-14,B,B
57f26914-47c8-4390-8d34-f5c733daf779,2024-01-15,D,D
5ffd1592-cd3f-4e82-a7dd-114e2be42551,2024-02-01,D,F
623cf175-1eeb-49da-9751-f69509cf5052,2023-04-03,O,O
64454f3d-a2fa-4868-bb76-64bf48f0bf87,2024-04-26,M,M
6565f40c-0e12-418f-b266-1f547e532ad9,2025-03-05,G,G
661d57fc-dd14-4297-a48a-3c596a7708d7,2024-05-24,C,C
68a5c3b9-fb7a-4522-ad0a-82001b345b99,2024-10-06,M,M
6b65e5f6-2f85-4e04-984d-4cac7a59613d,2022-06-06,M,M
6c55764c-20af-40da-87ed-8cd0d7bc37e1,2024-01-05,E,E
6e987820-9a82-40e6-bdc7-ba7f02b7c925,2022-04-25,D,D
70f61cfa-b08b-493d-b60a-21a77d1d7a10,2024-04-01,D,M
711cc417-a216-4cee-84c6-d9eb28a681b0,2023-01-09,C,D
71c8b8d5-05c6-476a-a9e9-e91493003877,2019-10-21,B,B
725b7ece-0780-4974-8073-9a95232fa717,2022-05-10,M,M
75af5282-4373-4b29-ab78-ee58b46b3783,2017-12-29,F,F
770b827b-1038-48d6-936d-0a3dd8f5bbdd,2023-04-11,A,C
784ea9a9-3794-48e6-8de1-257322f1a5de,2022-06-04,C,M
79b4d02a-de38-43fe-a4db-8cfb51e41ca8,2022-06-02,G,M
79c4959c-f676-4753-bc3e-252513fcd90b,2023-03-18,D,M
7ce06105-869c-4bbe-a827-9343cde8e19b,2020-08-24,M,M
7f6a974e-8241-4699-8b1f-5444b0a3e372,2021-06-22,M,M
809141b6-7b0e-43ac-9d7c-985cee1ec43d,2022-06-04,G,G
881febb7-61d1-4983-a4d5-6198a6b89680,2024-01-20,G,G
88c9a1a0-97a5-4b0b-9f69-19da778fc4af,2023-02-01,O,O
8ff2b60c-0bb6-4584-a5fe-56dceb6babed,2024-06-28,E,M
92c95a7d-0a08-4989-b9f9-c2f50f22a661,2022-05-31,M,M
98e5ffca-eac0-4e25-8f42-dca29e29c59f,2024-05-24,E,E
99e37d45-f772-4d81-848e-1d6511529c49,2022-03-16,F,F
9e4da7ac-da56-40b4-8201-44af001f0509,2019-01-01,E,E
9f0fbb1c-f51b-4d8e-ba07-5f09bb734e8f,2019-07-08,D,D
a2e1fa3b-457c-449c-8d2c-9a780bce2a76,2022-03-16,M,M
a38aa07c-3d91-42cf-80f4-0722904874ed,2024-07-17,C,C
a3a05647-0312-4661-a9d8-6c505ff8b33b,2018-09-11,E,E
a42f38ff-87a7-4c9d-a178-46a2472e4dc0,2022-04-02,M,M
a627a97f-7bc0-40de-b332-4bfa0b24a42d,2022-01-27,M,M
a843c3ac-cf9c-4c54-99de-a6d9c0f0ec8d,2023-10-23,D,G
aa9d2fec-c3d7-4fcf-9562-d9de26bc229e,2022-06-04,F,M
ab78aa5d-186a-4ac7-a06d-7d035466ced4,2023-02-06,C,M
adc85cf4-b75b-4992-a94d-8f4c672f221a,2022-02-05,M,M
ae824552-5e5f-43d4-b97f-034feb519fc2,2022-06-04,F,F
b07f634d-d0a8-4a95-93f7-ae8b1fd8f2b2,2022-03-05,M,M
b39b3c64-1f75-47fc-a1f1-71563193000f,2024-01-15,C,M
b42a1758-14ee-4e6d-9225-f694810e4b9c,2024-05-20,G,G
b6047083-5b96-42bc-8d52-cc24f180ad0e,2023-02-09,C,M
b681ef32-465e-429d-8fcc-9a492fed2a0c,2022-01-16,G,M
b7d36d40-cdc0-4a14-a5e6-27a9b03bb26f,2024-06-22,M,M
bb25e20d-67fa-4706-9d20-9b693e67dbbb,2024-05-24,M,P
bdae161e-9879-47fb-bd2d-3fbcc6976497,2022-08-23,F,M
bee7d638-b4e0-4543-8af6-b199b9798c77,2024-04-05,A,B
c0170d32-691a-4ea9-934a-9ce5311a036d,2024-05-15,C,M
c09512b1-64e9-4586-8036-a6e53621bc1e,2022-05-02,M,M
c1c7c527-5018-4d15-98e4-bf56c47e47a5,2020-04-29,E,E
c38b2c9d-9665-4458-a7a0-bf29b67738a4,2024-05-19,C,M
d3513d50-010b-4e06-92b8-8be9c3ce6d2b,2021-05-17,C,D
d51fc169-ecdf-47f2-8903-6886519ab5e6,2022-07-13,D,M
d9495716-827a-4c84-8357-23b0c1e69513,2023-10-31,G,M
d9a51e2d-4bc6-4780-8b64-811283f87726,2023-04-30,M,M
dd38b877-9245-446f-9692-4a17ae339adb,2019-07-08,E,E
e036c694-d402-414d-8a21-907e1f9a3c90,2023-06-29,F,F
e0c52af6-52a5-4d30-9dbf-e4f58a151da7,2022-05-20,B,F
e4359c61-b2d4-4477-8584-82a8f1c4a462,2022-11-28,F,M
e6e223d7-e17f-48e3-9c6d-f68d1c05e4fc,2024-09-02,D,D
ec2ab781-1a12-4e7c-ac4f-4e983eb46158,2024-01-27,E,E
efbad9e8-848d-4ab1-84ce-6a08df033718,2023-09-16,C,C
f11a8113-6091-4221-895c-1abf6e8a0f1e,2023-02-01,E,E
f1b72bfd-d45d-41ca-85d8-5190f4e62934,2023-02-22,D,D
f2d32552-b8fa-47bb-b470-c33c3a530cea,2024-05-02,F,M
f909f7c5-857b-4d29-9808-510afecf994b,2022-02-11,E,E
fbc25a62-016e-42bc-b223-75a072205d3f,2021-06-10,C,F
fdb5767a-fb44-4e5d-a9ff-4ae2d5c76e23,2024-11-12,B,P
ff00e197-24bf-440e-8308-9fb9d88bcfed,2024-07-19,M,M
000d1162-b663-4b6d-a592-d629477346f2,2023-10-16,G,M
0062dbbe-aa06-4bc8-ab94-ea3ca869746d,2022-01-31,C,C
03095f20-53b6-4248-93b5-453dc1ac18a6,2023-10-21,M,M
043adabf-1418-4230-bbef-c20e0212c37a,2023-01-15,F,F
052e5960-d451-4d50-ad1c-cc80f1b45448,2020-12-03,D,M
07a4ef4c-355f-4255-8c5f-13ce87b19b32,2023-07-03,N,O
0abcd678-2641-45b6-bd63-1c40cae1b94f,2023-07-20,M,M
0fcc7d38-a28f-4efa-83d6-9b164c6c7a80,2023-04-28,E,O
10ebdb5c-336f-470b-87f7-b05f3dfe9ea7,2024-01-09,D,G
180febd0-3738-4a99-afc9-d74042624327,2019-09-16,A,A
1c61a0b1-dd5f-4777-a797-3b00cf48c32f,2024-03-30,C,M
1c6592f1-f933-4a00-b497-24e71982335e,2021-12-02,D,D
1c66ec6d-2b8f-432a-8f57-93b91a13d154,2022-10-28,D,M
1e533f13-e216-4924-8b4f-ca951bc7cfa1,2022-03-04,A,A
1fe95bc8-0afd-4bb0-82cf-a07ea1d2a36a,2023-02-27,D,E
2425891d-491b-427b-b0bc-f255f87a67f5,2023-05-17,G,N
247b1051-4dea-46f3-918d-043e9a06a27b,2021-12-02,M,P
26e27e22-54aa-4241-a55a-ddeb1ed2ef5b,2024-08-12,G,G
286ac673-d70a-4f5b-97fc-7d8d35ec4a8b,2019-07-08,F,F
294d6fa2-75af-42e4-a73b-b99798869bfb,2017-02-13,G,G
299414ee-210a-409b-a912-94cebe8b8e43,2023-02-02,E,E
2d9af998-f355-4981-a7e5-3dec88c61f5b,2025-01-13,F,O
2dc8ec82-f2d8-4371-a09a-87a29eacc616,2023-03-01,C,M
32ba2cba-7359-4d3b-9927-b1a7bf1b9e85,2022-08-03,C,C
33768754-d689-470d-a28b-cba4fd7f4054,2022-06-25,D,M
37494d63-14f1-4875-9738-9f5fa473ed96,2023-05-09,C,M
39dd0775-26e8-4280-857b-ecf09b873db0,2022-11-13,E,M
3a6cf0ad-96c3-40d6-9ad7-6222e593f632,2023-03-12,D,O
3cba0eac-957f-4ffe-b867-a6da75dbf2f4,2025-01-04,M,P
3d646ee4-95b9-4abf-b249-d4b40b088d1b,2022-07-27,D,M
3ebdbe92-aa80-44f7-a162-4229bdb16611,2021-12-11,M,M
4321d008-e291-49b8-9e65-b7dce2e1db82,2018-04-22,B,B
43247417-2348-462a-b608-1a2168179e0a,2019-07-08,M,M
4533c724-6266-4a4b-ab26-b1b0e7ca6b2b,2022-05-20,G,G
46a1b50d-f48d-47b2-b298-0e4560d796c4,2024-05-24,M,M
46afb1a7-9c83-4c2c-8afa-c74b3cd1f61a,2022-06-04,E,M
4a3c16e3-bf3d-4618-8460-8a2c28e79040,2022-04-24,M,M
4a53540e-e99b-460b-a347-d007208da702,2020-12-23,C,C
4a6a67b5-c3ac-4d75-a2fe-d7fb8762d047,2021-12-02,D,D
4b47af4f-2948-4135-810f-860098c5567b,2020-09-01,E,M
4c9b2352-5453-4ce7-a078-3768966e836a,2024-11-25,M,M
4ddac908-699d-4946-84b0-6ca95592003a,2023-02-02,E,E
4ea0460d-31a0-4c37-883e-fa6f8ca7c7e1,2024-06-17,A,A
4ed0bcc9-7f71-4c33-a58b-ebeff99fd4e9,2018-03-02,D,D
50fb882d-c031-40ce-85f5-a6777099c0a9,2024-02-26,B,P
52c736d1-59f3-4980-ba91-74a3fe578d78,2022-11-18,F,F
57bb0383-d71b-4010-a2f5-341af26fef79,2021-12-30,M,P
58cad5f3-9242-4a01-8183-d4f967c6cf19,2023-05-14,B,B
5a2bbe9a-7002-4efd-965a-bba83cd27018,2023-10-31,E,E
5a513b98-b2b2-4f06-8c1d-f4c1070f6a29,2023-06-01,E,O
5feb6532-acdb-4b05-ac05-6f4ad9964279,2022-06-04,E,E
606b2a5c-10ee-4d9b-9e63-ff061c18a638,2023-03-04,A,M
62b61f76-f0fa-4401-b7e0-979e12105cca,2024-11-06,M,M
649c259b-247c-47a6-bcde-a7cf05a11226,2024-01-15,M,M
64c0c17d-9bee-45df-82a8-1b68d1d18962,2024-06-28,M,P
64d506b6-8322-410f-b250-4d0e8e814463,2024-07-31,A,A
693a6eb3-a869-4fee-a147-667a2235b169,2024-12-29,M,P
6a26e81f-dcbd-4f28-800e-4830f16918e3,2024-10-11,M,P
6aba4943-94a9-42fe-8315-d112ad763468,2022-03-01,E,E
6ccd48eb-db89-4755-a4cc-e7692c12fd7b,2022-04-02,G,M
6f48454a-5a27-4005-b78d-7dde2cea00b8,2023-02-01,E,E
6fc231b9-8291-4323-8a1a-3bbd7bd4503d,2023-05-29,F,F
71ca6c37-8060-4738-9d59-8ed349f46285,2021-04-21,E,E
73f274ae-f7a3-48e7-8073-ab195bc95565,2023-09-10,C,G
7460f597-6b70-42f6-bd25-923677be7271,2019-08-05,B,E
74967a96-3334-4c14-8a53-8450cef65638,2023-07-20,M,M
74be8265-9430-409c-a81e-a1ffd2aacc3e,2022-03-05,C,E
7cd419cc-ce98-4451-a883-a42b32f868ce,2023-05-05,G,M
7e34be99-27e3-45d9-9db3-b1a166625507,2022-12-17,F,M
8134834c-d42d-4d60-8b97-3e1bdc865e71,2019-07-08,E,E
81629aa9-8dc9-48d1-a578-e8225e97508b,2022-02-15,F,F
834fad34-199c-4a9d-9f68-1dd1547a6b97,2023-12-29,C,M
8468e45c-9dab-4916-a9f0-cecd2cd6f63e,2023-12-31,M,M
884d1266-ae67-492a-aa27-8d527d1b3d50,2023-12-31,M,P
88d287eb-3b62-42e7-97b3-568efd3eae13,2023-06-19,C,E
8a2dad2b-2542-4358-9546-085b4856dd89,2022-06-04,B,F
8cebd984-55da-4430-87df-d0b5126a6765,2022-08-18,M,M
8d1e00ef-3540-4713-bb32-56de59873da8,2024-03-30,B,M
9174792a-afc9-4abb-9bd0-2beb2015ae15,2023-06-29,M,M
92f5b7ea-8b94-4e53-b585-19260200ee5d,2022-06-28,M,M
94600c9a-b164-475d-a78e-bbec5f3ac4cc,2024-09-14,M,M
96ec401a-e9cc-482b-899c-7fa8ba7b3b4c,2024-08-28,D,M
97bf41fa-46a8-41d3-b693-7288c04729ad,2023-10-31,D,D
9a41c77d-50f5-4bef-96a1-c2bce0232465,2023-03-12,E,M
9ca26525-8f67-4996-af0c-095b8e06d6c1,2024-01-29,M,M
9e06c82d-0cc1-4b2b-a8c0-dd14bf746d63,2024-10-13,G,G
a2007418-dfd4-4cf3-8a39-bf0795f7717d,2021-11-22,A,C
a25694a8-e786-4ac4-9911-e4941dc7e542,2024-01-26,F,M
a2a66705-9d55-48e3-9633-d078ee0fa49f,2022-12-18,M,M
a4bb5d1a-b5f6-4181-82a9-2fe15c20cfab,2018-02-07,M,M
a7f12118-7c50-412f-af73-449179b027bf,2024-05-23,M,M
a8f88da0-b657-423b-968b-b3ece2adc089,2023-10-26,N,P
aa70f70f-ff3a-4feb-93f8-e7a4c75c2f07,2023-03-12,D,G
aba35f44-43f7-43ee-b63b-b6e75904340f,2025-06-10,M,P
acc325f3-5e81-4513-a034-a8e99be8e7fc,2023-06-21,B,B
ae0ebe67-55cd-447b-9bb5-79eaa3a70f53,2024-06-17,C,M
ae2bf424-f664-49a1-8455-7262ddd53860,2024-10-16,D,D
b1310475-5e3b-4f16-977b-c32afd83ba02,2023-03-16,E,E
b7808a69-843a-44d4-a10c-20eeeb403a85,2016-12-16,E,E
b8a2c285-bd0e-4d87-9a44-cc5bf0e17937,2024-03-30,O,O
bb9be372-c70c-4d4e-8d55-8ca0db793025,2022-12-28,F,F
bf539065-3969-4902-9d0f-44e0c8ff02c2,2022-10-25,M,P
c0782f23-3cbd-4b9f-9e99-d4337a65c470,2024-07-31,E,E
c4d2a44d-a2d5-4e77-8055-7cd201e0f684,2024-05-03,B,D
c52acf20-2894-450a-aa0b-3eb994c862f6,2019-07-17,C,M
ce5bccba-5759-4b55-a6cd-b9cf084b0126,2023-07-20,M,M
d16c4eb8-60aa-43a7-a2fc-8eecedac2236,2021-01-18,B,B
d1d3610f-3a43-4d1e-966f-4dc2ce0db20d,2022-03-02,M,M
d2c042f2-5fb4-4934-b418-0c7b508671fe,2023-09-23,M,M
d83a9378-4921-4f00-944c-616792226ee1,2022-07-10,M,M
de9afcde-39d4-4c17-a4a7-e7dead194080,2023-04-03,E,E
e268a684-c7ef-44d6-a736-04ab618804cf,2022-06-08,F,F
e3e2f1d0-eb1d-4eb4-83d6-5c39d9584ae7,2023-07-19,E,M
e7cc3ae4-9e6a-48e8-9a0e-63d208bb6836,2022-01-17,G,G
e800c7cf-9c2f-4cbe-85e5-8585333e39fd,2022-08-19,F,F
ea6d5b44-6c0f-4d75-9270-92cbdcda0c49,2022-08-15,E,E
eb758704-713d-42f7-aa65-6717b2dcddaa,2025-03-27,B,G
ed5bc694-d6b6-48b6-9120-9b1784dbce9b,2023-09-13,M,N
f35f260c-86c1-4a2b-9959-05d8492c3c7a,2024-09-30,M,M
fac57a84-00c1-437d-87a3-97b3540614ff,2024-10-23,F,M
fad3758e-a3f4-4b28-9427-fd807242a2c6,2024-10-12,M,M
fe548c5b-282d-4b75-8c12-f1e333a17ee3,2024-07-21,M,M
fea46f2b-7924-4503-939f-d92668014d52,2018-09-11,F,F
03d3de74-ecdb-4efb-a837-59c21d7238bf,2024-09-29,C,C
0417d03f-0ed0-4c25-a2ed-da8124ff8908,2020-09-04,D,M
05fa3e57-16ab-453c-80e8-fb45ff8713dc,2022-08-13,E,E
0d387414-9c8c-4483-93f3-4ff14571255c,2020-12-02,E,E
107651e8-0828-48c3-9729-29a90cafa85c,2024-05-24,M,M
1186f4cc-9aa9-44c2-9d94-7f4fce1d9ed9,2022-04-17,M,M
11f78230-b443-4a22-b9ec-3e49b0108e7f,2017-07-12,E,E
17d172f2-f384-4de5-af76-b4113eeb5816,2023-11-23,M,M
189d04fe-8a59-4b65-a7fc-b8e46cf37fa0,2024-05-23,F,G
20a0d30b-26bb-4659-a494-2586cfe99390,2021-06-16,C,C
22c32047-84ec-4b6b-9581-80e47e54bfcd,2016-12-21,G,G
2981a244-41e7-45d7-af87-9f144f91e38e,2023-09-29,E,E
2b7b2af5-4a26-4b14-81d8-2d60efd07c17,2019-06-02,C,C
2d42595f-9323-44bb-801c-33622528193b,2023-03-30,D,F
301491f8-b870-4815-a639-f1c7705c2909,2021-10-23,M,O
3111d464-2845-47f3-a444-238a1c294fa6,2022-01-20,M,M
33fb7e2d-6f9d-4701-a423-ab1c54bd0d5e,2023-06-27,F,F
39489ddb-c4a8-456b-b1a9-213d4a2fe589,2023-08-18,E,M
3d11b1f4-511f-4e4f-a42d-68ac18a17952,2022-10-06,C,D
3d76de6d-c0b1-4e86-a291-e47891c40a3b,2023-09-30,M,M
3e7ede8b-a3b8-4a7c-9caa-e871259dbf9d,2024-08-01,D,E
3edfb27f-3ee6-4d24-a43d-ae8d699fd966,2020-06-19,B,B
4362acc2-737b-4601-a3e6-22f8e6b364e4,2022-10-26,C,M
43fb50aa-7b3c-4a04-aa94-a1b680a5daa1,2017-10-02,F,F
4414bf11-cbf6-4d6b-a1fb-182a600caa9e,2024-01-10,B,B
44f0b10b-20ed-45b6-9c71-57deefe2694c,2022-12-12,D,D
4596208b-ec86-41a4-871e-a357e9dc9acc,2024-06-29,E,M
4af101e3-a000-41cf-a9c3-99562ff5454b,2023-11-23,C,E
4b6dfc0e-32b6-4133-8a2a-595fe905dcb2,2022-09-27,M,M
4bfd03d3-a174-4111-9639-29bee9cb7c8a,2020-07-01,C,M
562b664d-879f-48bc-a94e-55eb93c31bc3,2018-03-15,B,B
57c14e57-59f4-4b16-b75b-4fa9ff1621cf,2019-07-01,F,G
587997ad-1e6a-4c5d-a933-529f0d35088e,2023-05-29,D,M
5dc6b91b-02c5-4cd7-883a-56e87e23b04e,2023-11-29,B,P
6242f465-1df0-47ba-9514-df0b47b88b58,2021-09-06,F,F
6323996a-3d37-4646-8807-4a6f84ed4335,2022-09-17,F,F
63eb7ce1-fc8d-460a-b85e-967c2929a52b,2024-10-18,F,F
6609ad93-b7d8-4775-b0a2-bf71253567e2,2019-12-11,E,E
666e9060-7a6d-41af-98a0-0cfddec28a07,2022-02-27,M,O
692a1e6c-5ecf-475c-9c23-25a69243551f,2021-11-29,B,C
699330c8-f82c-4f3c-b3ec-ad6f0998d3cf,2023-12-28,O,O
6b8353e9-1dc4-4b17-9a5e-a3c3ec05f799,2019-10-22,F,F
6c98a367-ea79-44e9-8c0a-fb778fb13896,2023-09-28,D,D
6db4dca9-f910-440a-bb78-2ec7bae12f46,2021-12-12,M,M
70cec1e9-5603-48c1-ad93-d8bbb62957a1,2024-07-18,C,C
710b9fe7-6896-4ca3-9c7b-8592d586681b,2022-12-03,M,M
727453ae-eceb-4276-82bd-f682a85543ad,2022-07-30,M,M
75497401-281b-4691-a1f2-4e21c4017c0b,2022-11-10,D,D
795bf65d-0679-493f-8e89-d4c8916378b8,2022-06-17,E,F
7e21076c-bd36-49e0-a035-3d0139ff4b8e,2024-01-19,P,P
7e7ac8ef-be46-4412-a881-b5928b84452e,2020-02-24,E,G
7ebf20da-c3f2-40d5-903d-037ae37793a7,2017-01-09,F,F
84d30605-cdaf-4314-a135-46dbe91ff374,2020-02-07,C,C
8519552b-7731-455c-9ae3-e24b41bd9c08,2025-04-15,N,N
862e6e0b-7205-45f4-bfb5-adb0cbe5d628,2023-06-08,N,N
898317b6-9b83-4b06-8d99-331aeb2131c8,2021-12-02,F,F
8c6722df-c899-44d9-958f-33b2db82b074,2022-12-28,C,M
8f1753b2-8d6a-4eff-87aa-69824d525113,2023-04-26,E,E
8f50d9ee-6c70-43da-8b83-f2e35a96891b,2018-03-07,F,F
9177b996-6b56-4a2d-8c95-aa1d95b0ba03,2023-09-30,D,D
9906e0ca-1af3-4ccf-a53a-289373257766,2025-03-12,E,M
9afc2ef3-ea89-4777-9cc9-59dea330f3d4,2023-05-04,E,M
9b476563-17dd-4531-a7e4-ab7dac234185,2022-05-29,C,C
9ca8fa92-2fc4-4f43-9dcc-ba7d57ab0084,2019-07-08,F,M
9e063d40-567d-40a5-8fa5-2d44c4e40308,2024-05-06,M,O
9f149ed8-8545-412b-8978-11187af4d86b,2022-07-04,M,M
9fa2ebac-aa48-4365-b976-7de3c90bee72,2023-07-23,N,O
a0b393e9-12e4-42c8-89ca-f70b74278261,2019-11-20,D,D
a3fe166e-3b5c-4028-a9d8-7bee83797bcc,2024-02-15,C,C
a4b36c07-8007-4cc6-8345-2f53ec5fef4c,2023-07-18,F,F
a5f7c039-37eb-423a-b400-f748df1d47a0,2023-10-16,E,E
a722532c-7027-4a7f-b9ce-660521937476,2024-03-30,G,G
a7caab31-faab-45f4-bde5-5a03f8fe10dd,2023-10-19,B,B
a9a18968-6bd4-4e44-bf66-ed01ab286230,2024-05-16,C,C
aeab93c6-af8e-4969-a33a-5d38441bcd45,2022-12-28,C,C
aec77f84-e81a-4717-a769-4da9411b1807,2023-12-19,E,M
b0f21026-1f39-42c1-afc2-7dba32a39372,2023-11-05,E,E
b32a8fe0-ccbb-4737-9276-327022be8c0e,2023-12-29,M,M
b32fe88c-2b8f-4090-bddb-d0f0486e6344,2023-02-18,G,G
b39082dc-9e0d-41a4-a073-296819704c0f,2024-06-28,C,M
b4b5471e-2f51-4cbf-bf77-e22e9be6e928,2020-08-17,A,A
b8f4fddc-f225-4172-a84e-006a5a6adef8,2021-05-17,C,F
b9d977b1-5370-4fb3-a624-7401c6740f30,2022-06-26,C,C
bec7a483-2a23-4c8e-ad11-5dfa43a63903,2023-03-13,M,M
bf58c76f-024f-42ad-a61f-cb8c440407ed,2022-02-27,D,M
c4474b09-c173-4be9-8ef1-8b2641d74f07,2024-08-09,B,B
c49ead7e-6f06-4e9e-a997-579aa6bc3134,2019-01-14,G,G
c7a07b93-a874-4da0-97ad-37d1a4870fd2,2022-09-13,C,F
cabb9c87-615f-4a50-a390-17ff41d036f9,2022-05-27,M,M
cadde607-af79-494b-b159-11d55ee1aa2e,2021-01-17,E,E
caf96a08-c039-4874-92e9-6b4144a8d462,2023-05-19,F,M
d2bfb36f-7d92-4aad-be70-f76d7442e581,2023-02-01,D,E
d409e782-83d3-426e-aad2-7ad26675dc08,2022-03-14,E,G
d59ffb5a-adb7-46f4-ae95-96b52f3ecec4,2021-07-19,D,M
d5d4aacc-18cd-41dc-9226-f8b3d1797131,2024-09-07,D,M
d6f39256-5b43-4417-b5fe-b7578469ddc0,2024-06-04,E,M
db2b628b-511b-4c2b-8806-9419908f62e2,2023-09-14,D,D
db60ec20-6b34-4b17-aa60-1b86c9ed784e,2022-07-30,M,M
dd37bc17-d086-418b-9118-c176e969c0a4,2022-11-30,E,M
decae8d9-7728-4e8a-adfd-9faa599f0939,2022-08-01,M,M
df0d562f-17f2-49df-9042-8732ed4e4443,2022-08-19,M,M
e65713d2-4f03-48d4-8213-bfb8bd5a5853,2023-08-28,D,M
e6847184-04b5-4e33-95c7-14f00924a955,2022-12-28,C,D
e71f613b-b1d0-491f-91ab-3da6ae01329a,2024-05-23,D,D
e8246452-8365-4633-8789-cfc6668458a6,2024-08-26,C,M
eb804f2a-c86e-4719-ade3-e3333c5ee640,2022-04-26,M,M
f31ac77e-94f6-4088-b6e1-e2b3841d9316,2022-01-16,M,P
f5f4c77b-bea8-481a-969a-7ec76d7c5053,2023-02-05,M,M
f6e78609-8556-4f20-9619-931f6fa9fa5c,2022-01-02,M,M
f9b481fa-b189-4e61-9e77-30413c95d051,2023-05-29,M,M
fa02c19b-7581-4f71-88cf-9a9c21c8462f,2023-02-17,M,M
fa8811a3-c9b3-4974-a2b7-344f9f35464a,2022-05-31,M,M
fd1290e5-8a32-49d2-9460-7820f401f4be,2019-07-17,F,F
4e719d74-8960-482a-941d-18477531ad53,2023-10-13,,
cc53edae-4564-4777-a386-5711f4248f1d,2024-05-24,,
012465a9-854a-4e78-903d-1b29a66afd71,2022-02-02,C,M
043122cb-aa40-4164-8c68-4e41c09eeb5a,2022-10-05,G,G
08042fe9-471d-40d4-9407-207ee98e5266,2022-06-04,B,C
0a093b24-448b-4d4c-bdc3-c5e6a66c146a,2022-08-24,B,B
0d144c45-9008-4ecc-8f6d-b64afd99e873,2021-12-02,M,M
0efaa74b-361b-4848-95c8-bf23d3a89817,2023-08-18,A,B
10c4c142-3bc7-45ce-8638-69a197df5038,2023-01-29,O,O
12769aa9-33ee-43c0-b997-6fe9df7af5ac,2021-05-27,F,F
12c6e1b9-b7ef-47a2-89e3-5a4e88d2e20f,2021-12-10,G,G
1456900a-a610-4945-9167-0f35429b2733,2024-04-26,F,P
15dd2c7a-e7b5-4779-8086-0128c2d0cdea,2024-06-20,O,P
1ac2d6b2-fad8-4ef1-acfd-ef70e76d9533,2022-01-27,C,M
1ad2e73b-01cb-454e-841e-3e09758ac1e9,2022-12-28,D,D
1b9ecd14-8ba2-4c9b-a3ea-af830a84c14c,2024-01-28,M,M
1c25a863-7378-4f7e-9332-43c0b45bef5c,2023-12-11,C,M
1d7fdfc6-3571-410c-9aa1-6b95221014fe,2022-04-06,M,M
1e040007-71f9-40c7-a5b2-64b6203eeaba,2019-07-08,F,F
237ffc29-71ab-46ac-a7f7-edd1cd7c52d4,2022-05-16,F,F
23a77311-04b6-4204-ba38-430926f97321,2023-02-01,F,F
274939c1-00b5-4050-8fec-0e170be01096,2024-01-15,O,P
29cd0d90-d35e-4f0d-967a-e9075f209979,2023-12-30,C,F
2a091c2a-1258-4b1d-8b1f-43b451a8f194,2021-08-02,M,M
2ae1f0db-e0d6-4484-bd44-de65dccb8959,2024-05-24,M,M
2ceaa009-4ff0-4f93-b0ec-3632d7e5ff63,2024-05-24,F,F
2ddc0f5c-a21e-4d54-ad22-63dfcba1bf15,2022-02-12,M,M
3786c05c-527d-4fb7-9807-7e6076f475fa,2020-08-17,F,F
37efcb9f-ba00-4017-be16-c82b972f96a7,2023-05-29,M,M
392b26ef-6783-4ea3-86c9-25a867144601,2024-10-31,M,O
3a7b7509-3b80-4254-9d86-6dfe55bded73,2022-08-29,C,P
3b5b592a-7037-4f8d-9fc2-386b73f47ad8,2022-11-04,G,M
3e226464-e439-43bd-923b-84697f0fd762,2023-02-01,G,G
3e75d140-7bca-4c80-893e-4f360eb69728,2024-10-01,B,B
4094bf3b-33e6-44fe-929f-43c89f9e66a8,2021-12-02,M,M
42f02f13-7ad2-497e-95f3-dbe2abeedf66,2021-07-05,E,E
43c520a1-7382-464f-bbe5-8908ad3a54c0,2022-05-09,B,M
466e0be4-f80a-4dc3-8145-6e8b061b5fb5,2023-02-01,E,E
477ab003-2fe1-44c5-98f2-1af9d3d95ddc,2022-10-18,M,M
47edf845-69d3-4e26-9b00-047985711009,2022-03-03,B,G
495d9407-6554-427d-8b62-585271c3e026,2023-03-16,O,O
4b182bd3-e585-49b9-991e-47f8c975760a,2022-02-27,D,M
4b51e93f-5866-4982-89fd-8f8b78e0be57,2022-05-04,F,M
4d3a1e13-2420-4c0d-a977-90a466ab8f78,2024-05-23,D,D
515716ee-2e07-4faa-b667-51d39986cd20,2025-01-09,E,G
547956dd-52b3-4498-9faf-4ebba019450b,2024-05-06,E,M
55ede91d-a168-4a9b-8afb-0a1bf25144fc,2023-01-30,C,F
5948cf18-7c0d-4b2a-8a5b-15ae697a0a4b,2024-07-31,F,F
648c028f-fed4-4525-bbc7-d2a2a6f610ba,2022-09-27,D,M
65f3498c-7090-4ad3-85cd-b68c6404fb4f,2022-03-27,F,M
73b510d8-5074-4a8b-b44e-0a39d3b241ea,2024-05-03,C,C
74d4933a-9b8d-429b-ab6e-6c40408c6abd,2022-07-14,M,M
7510c6ce-c13e-4fa8-a7bc-3e2486afb4a3,2022-12-21,F,M
75c1bf6e-1b9a-4b4f-b782-f6d3230e9561,2023-02-01,A,A
75ff28cf-1bf7-43b9-897e-439396719556,2021-12-02,B,M
78b6dda8-8e83-49e2-a465-a3dc2d9839e6,2024-03-23,F,G
7af040db-381d-4f7a-a8ae-39005ffacd4b,2017-11-29,E,E
7f6ceae9-e080-4d25-b740-d022fb41ef56,2022-08-02,C,C
8143462f-5fde-42a9-96bc-f4d7e0eb0f1b,2024-03-31,C,M
82e00068-26d0-42bc-b7f4-f94e1f863c6b,2024-06-02,C,M
83556d0d-7383-448f-ab48-17fa3233a0ba,2024-10-14,D,O
8621b6c2-06a1-4d9e-a1fd-923e14ae1655,2023-02-20,F,F
8b05850e-6e31-427c-8768-bd0dfa70e827,2024-03-30,E,M
8bc44a9e-3ef3-496c-8234-88cceba8f636,2024-06-17,P,P
8f3d6f18-925c-4e1f-aa38-0ed92be0a6b7,2019-07-15,C,E
9212fb91-47be-4f66-847a-fe6b39f246a5,2024-07-29,O,O
93609805-5976-4669-a14a-7f3a7c207855,2024-10-06,M,M
959ad4c5-6860-4b17-87f2-96561e36658a,2019-07-08,B,B
95da7e9c-ab17-4e73-906e-862315070bc2,2023-02-01,C,C
99908f60-11dd-4bd9-bbc1-338ae0941902,2022-06-04,E,E
9c474c0b-073e-47e1-9c1e-4c2fa2aa91c7,2024-07-01,E,E
9e8380df-ff67-4f99-a806-d173abb15720,2017-12-18,F,G
a46926d2-8ba8-4f4d-810a-d275e7baf88b,2023-12-28,G,G
ae554028-7728-4145-87da-c2dfeeb3a09a,2022-01-20,M,M
b003403d-6b82-44a0-9396-2a06f4e30c39,2019-11-16,C,C
b75006a0-b217-4c75-8631-b1c1eff75771,2022-05-10,D,D
b919a7e8-bc20-41ed-8474-50a6fd958a23,2024-10-22,B,P
b9687489-bd8e-416e-add6-dc6033b4a55a,2023-03-30,E,M
b9a690e2-7f9f-4051-b9dc-87e3f9b1a5e8,2021-05-26,M,P
ba16b061-64ad-4141-b7fe-bc6a684b5946,2019-07-08,A,A
ba2f80c7-abe7-4266-9fc6-029cfc3866bd,2024-07-26,D,D
c20ad5ae-9306-46d6-bbba-13ad3fecb226,2023-11-12,M,M
c4cd9b20-bf14-4698-9741-b7bfb242c847,2024-01-07,O,O
c4df21ef-c377-429d-aad7-e15eecd44f58,2021-05-31,F,M
c5e6f137-ab58-457f-ab80-837cc1f4dd88,2024-01-10,E,O
c6bfc6d9-3b92-45dc-9df2-b26b9637bc51,2022-01-29,F,F
ca04bf6d-bf21-49b5-89a4-e9e845fef711,2023-08-25,F,M
ca7dbce0-fd12-4a12-98cc-2378c42b4437,2024-02-08,O,O
caa7ce07-1307-422b-8242-50c33d5ac445,2022-05-11,M,O
cc2d8eaf-f6bd-4fdc-8c7e-e737defd57b2,2022-01-16,E,E
cd692f79-106d-497e-8372-e0872132a341,2024-06-02,M,M
d3b4ad32-0cd5-43d5-b5b7-045608634cd1,2024-01-13,E,M
d47f4ef6-0c20-4a2c-bdb5-57a9adbe67c6,2019-07-08,F,F
d52bc406-caa4-406d-9d09-1387193bb5c7,2023-05-29,B,M
db68da82-c134-4a43-8647-b62923755882,2021-05-09,M,M
dd9f0afd-70c1-4f8c-b7ec-8529bdf31a65,2020-12-02,D,M
e1c78793-b69a-4c67-b5a0-b9d4b629dcb6,2023-09-28,C,F
e776c164-c221-426d-b48a-a970bd3dc7a1,2024-07-17,D,D
e82e4606-d4b9-4b5b-9a58-480629023c76,2024-07-08,M,O
e8de3023-490a-4727-a132-148a60576f61,2021-12-11,C,C
ebb7e651-44ed-476b-a675-9ef53fa1ea6e,2021-12-11,M,M
ef00f71b-2759-4079-9033-537b1c7d5286,2022-08-19,M,M
f0a7a5e9-7ae2-4ea9-bafa-fcaa795fead8,2022-07-31,M,P
f17a97f8-4f57-419a-af38-91f12b186f82,2024-05-23,G,G
f19f2c14-9f9f-472c-bbb9-4bad024a0211,2018-11-28,C,P
f2e2bd4d-0323-443c-bf5e-46c7abfceeb2,2025-02-20,D,D
f39330a5-b69b-4ec0-90ee-0288d5bc80ef,2022-03-05,M,M
f8050ca3-3b2f-49da-85b6-ba73d51a3885,2021-11-29,E,M
f9416958-c4ca-42cb-a504-40184afd84ea,2024-05-24,G,G
fa954a72-6d1f-4c1d-b49f-7c9424478ab2,2024-04-15,M,M
fadfecb9-e00e-4c85-869f-f3c22f746f0c,2021-07-03,M,M
fb078aec-085d-48c7-921d-3b7a5b232d22,2023-03-29,E,E
ffbefb11-ad0e-4ce4-893d-ce108ff72cf9,2022-10-26,M,M
ffe1a6db-f925-45f7-8786-0187f98fa502,2022-09-30,M,M
018c7ce6-1f28-46ac-a36e-23f5f2f9d995,2017-05-17,C,C
0435d7d2-d391-424f-9879-a4ed9e3129f1,2022-06-10,E,E
04a78c5b-2767-4f04-bc9d-25473c9cf836,2021-01-23,M,M
0701a49d-3d51-4e2e-8b54-5f2f98d25141,2024-05-03,A,D
08bcab26-5187-469f-81f3-8112897c6dad,2023-02-28,F,M
0a52b6b9-b6ac-4920-a811-a307c74d8867,2025-05-15,C,C
0e5f0c67-716e-4ced-a0b7-fe3407f36305,2022-09-27,M,M
0fee8a04-a101-4211-a37b-6d7181cf3343,2024-07-06,M,P
1251b209-63cd-4d46-9cfc-3d4b09d56d27,2022-01-16,M,M
13704be8-1397-4cba-b120-295af75c3f7d,2023-09-12,M,P
1519aac8-66e5-4af4-8867-561a685a4908,2019-04-26,C,C
19d88cca-acf3-4486-9e67-f710da884451,2023-07-20,B,M
1b7c7b14-5625-4214-952f-877dd3005e8f,2023-12-29,A,G
1bbc5a31-c616-458c-939b-e70405cfe130,2023-01-11,M,M
1dc5239f-1cad-4f5f-a4a8-48c4d66e3d00,2023-10-27,C,M
1f91f9d7-252b-4e13-af61-2dcce78b46b0,2022-06-26,C,G
208b2ab1-fe64-4b95-a41b-c22bffb89255,2022-05-26,E,M
253d1656-e3ab-464e-a362-ebf4d3315b32,2023-08-01,E,P
268452a2-3fa9-4730-835c-81a6cbd7eb9e,2022-08-20,M,M
27128af7-1c87-4d39-b1e8-8de6c8e9e091,2022-06-04,F,M
280df557-ef5d-402b-9889-6d042e7d9f1e,2021-12-11,F,M
2ceef421-8994-41f5-aadc-b597745b2d8b,2024-07-01,M,M
2d4b87c2-cd06-416a-a995-abeeb1d8377e,2024-08-05,D,F
2dd643c2-7eab-4037-8db5-b675d50d8225,2023-11-25,D,N
2e4a99f4-b695-49d1-bc1c-1ff5b0895bd8,2023-05-29,F,F
2f5a556c-ffc9-442b-ae2a-889390eba8f0,2023-12-29,B,C
2f9f75c0-7575-4d2b-9be0-0196cdddacfa,2024-02-21,E,M
3481759d-c872-43ec-8cb7-9f26d9afa1ec,2021-08-28,F,F
36f917a2-3b07-4aa7-93e4-f5de5492faca,2021-12-01,M,M
3758c14e-6428-47a1-88ca-7cd046025347,2022-11-03,D,M
38684703-a061-49c3-9fd1-f34560736355,2023-10-18,P,P
3be25214-fb03-4dff-9d33-593fc2600a13,2020-12-11,M,M
3db6e75d-c8b9-454c-9bde-270af276a390,2022-06-04,M,M
3eab31d3-4c3e-455c-bd95-09e0e453104b,2022-01-24,E,E
3f1beb17-dbc4-46ed-b5c2-37eec8f086af,2024-03-18,E,E
42c77cd8-784a-4f35-9229-fc9538fde03f,2024-09-07,D,F
4390a028-a95e-4801-8c0d-7bea3e0a6951,2024-08-11,D,F
44b02dd0-12b5-48a5-a156-80c79142366d,2019-07-08,M,M
47293f9b-871f-4efe-b25e-7b286dddeda7,2022-03-05,D,M
49450b3a-7415-49b9-98ff-d84cd673b75c,2022-02-27,E,E
4958418d-e80d-4f7b-9edd-2fa9a99e409a,2022-10-29,B,G
4a76d0ac-4040-43fa-ad52-e720450e3b7e,2024-01-29,D,M
4ca0e3f1-9755-493f-9dfc-be6caac29f10,2019-07-08,B,C
4d5aee89-c9bf-46e0-986d-70516c3c9fc1,2023-07-27,E,M
4f448f09-c55d-4f4c-aee7-128fd8320b86,2024-09-03,G,M
588a854e-c797-4ab6-a98d-f1b7513d27e0,2023-02-24,B,B
61d9f31f-c7bb-4fe8-9efb-018d09f80a1f,2023-06-16,M,P
6231afbe-b745-4b2c-8a4d-b7af6ed3de2f,2022-03-28,C,M
623847cd-d16a-4ff1-8854-0ccf33dfeea6,2024-07-31,B,M
629bbdfc-a567-4cde-9217-7f1888a6be5f,2024-09-30,M,M
6336f516-0397-467f-97f2-eb85ae52c603,2021-12-28,A,A
63aba800-5843-4937-9a11-266c2e5dd685,2022-05-05,M,M
64d359f5-b681-4d6a-a8d7-3c172baa7647,2017-07-17,G,G
65e6897b-f654-4b4f-910d-be391a247445,2022-04-21,B,B
66d29db2-4e1a-4215-b3fd-2770314e7128,2023-04-03,G,G
6776893f-aaf3-4264-81b6-07537d700110,2023-12-29,G,M
67834c77-c570-48ec-8343-93c8388e072a,2022-07-30,M,M
67dc0e8d-64dc-4b80-b294-80918f05a876,2024-08-01,P,P
698f004c-1e40-435d-92dd-aec4b8dbbcc4,2023-02-01,C,C
69fea7f4-6867-4c9b-b0a3-07954e161e39,2022-07-23,D,D
76af6a21-87ea-4929-a13f-797eb3f07660,2019-04-22,B,B
7bbaf8d5-def1-4859-b824-23f8e0043152,2022-09-01,E,P
7d85e699-589c-417c-ba11-52693bd38cc4,2023-03-07,C,M
7e35365f-b031-4673-8b1f-62effec0e588,2023-11-04,P,P
827a3726-7d5e-4ae5-bc9c-59e34ec4c0b0,2022-04-01,M,M
84d2fe1f-7ec0-4370-8c84-085bcb969ee5,2022-09-04,C,M
86df3efa-a508-4e50-9cae-7395564c5111,2023-03-30,G,M
87d41ec3-4c5c-49a0-91d0-80737316001f,2022-07-03,F,F
87e453fd-1f69-4026-829f-610526ab9645,2021-11-08,F,G
8b70ea00-1dc9-4a4d-a8f3-96af844c2285,2024-09-07,B,M
8e632dc2-53c3-4e93-86fe-3ceb0690774c,2024-07-31,E,E
8f693081-da66-4560-820e-e3bdf79ec36f,2022-01-24,E,E
953d202a-ef9d-4d1d-bb3e-9cb907fe86fe,2022-06-26,E,E
98efe4d8-f51e-41e9-be1e-5cb5ce878c15,2023-02-17,O,O
9969b6f9-c9a8-4d07-a5bb-406cc3560d92,2022-11-28,F,M
99a296e9-3f44-4a53-85af-20e99b8b5ac9,2022-07-15,M,M
9b83260a-f395-4e97-a2fb-977627f94cb8,2019-07-31,E,E
9e59db9f-9cfb-472c-9d3c-79e2c3a35470,2023-09-01,C,G
9ea8e874-f88a-4b30-948d-ba8b1f91ba13,2023-05-29,D,M
a20bfdbb-ecb5-4e93-a263-9041532e439c,2023-03-30,F,F
a4450c9d-bbad-402b-8348-3bfb43e091eb,2022-02-08,O,O
a49d4a2c-1afb-4b4a-88f6-bea5d22f3d39,2019-07-08,C,C
a67e98b3-ff6f-4739-be88-14d3a79fa36c,2022-03-26,C,O
a75a994e-463a-4393-9f76-7e5cb39eebfc,2022-03-05,M,M
a9d132ae-5721-41bd-9c11-452c5b7793a8,2023-03-30,M,M
acbb864a-8f7e-4c12-b47e-ced449c034d9,2023-09-28,O,O
ad2f3934-9b6b-4565-9afb-e66a467ed88a,2022-06-07,F,M
af704cca-5153-4afb-9d55-5cd554a890a3,2019-07-08,C,C
b02dbf49-b6bc-4db8-b035-b69d42151ebb,2022-10-28,C,C
b7cfbd38-8096-4b9f-b670-8da5c1ee4518,2023-11-13,D,M
b958a2f7-e7f0-44c3-b9aa-6bb6f27788ec,2022-03-05,E,E
b997a23b-b374-4623-9de1-1c5294d5b46d,2024-04-15,C,M
babe63af-ee0b-4e12-b2e8-853ad48fcf97,2024-10-31,E,E
bb436282-7a63-44fa-a8a8-abd8093038e6,2018-08-13,C,C
bf4c8c0c-cb04-4c0e-8101-a13d6179f8c7,2024-02-25,C,C
c292632b-1e80-48d0-b009-cdf0a2bd340f,2023-09-10,A,D
c3ece5aa-f9f7-4299-b1b7-58747c385bb0,2024-08-16,D,G
c43e76dd-cd92-4ab5-8ab3-5b1de9f24af1,2023-05-29,G,G
c50883a7-98d4-4010-b4bd-514425003b04,2018-09-17,D,D
c61fa419-3add-4edc-b749-cea0f9af1c34,2024-11-19,D,M
c6ccfc50-7bfb-4551-b000-15ab113099f5,2024-07-31,D,M
ca42d6c9-4135-462c-a363-99f706614b06,2023-10-07,O,O
cb1127c6-16bb-42f9-8292-8d9095b83117,2018-12-19,M,M
cb9c4d41-e348-4c16-96b8-e9f70a1e866a,2022-04-28,F,F
ccf7133c-25a4-469d-9bfb-67e787aa00e4,2022-04-11,D,D
cde03b34-cf28-4835-bb16-d82404478060,2024-04-22,M,M
d25ac833-a27c-40a6-827b-31dddee942a8,2022-11-02,M,M
d55790e7-bd81-478e-9cbf-f7777b2135bd,2023-09-21,D,M
dd1cfedf-fc2b-4b39-8ef8-1d095fa34986,2022-07-03,M,M
deaa18d3-4dde-46e0-905e-397b9d323fba,2023-06-29,D,M
dfd42c8d-dec7-438c-b1c4-97851d3b069d,2023-04-06,M,M
e15431f6-638d-43f6-b0e0-e44e351ab233,2024-10-14,F,F
e70a8264-e190-4d9a-aa4e-e5cc54613c5a,2022-08-30,B,B
e93417a4-97de-462e-a82c-9e6fd4c58370,2017-11-07,C,C
e9b4992e-f2d0-4326-8979-bff0444d02b7,2022-03-12,M,M
ea41c986-492a-46fc-8b04-c7a2e89a3ed0,2017-11-16,D,D
f00deb0e-e29a-4295-97f9-d43c318ea495,2019-07-08,B,D
f1e0a24d-1bc4-4e92-b564-506fb7f6f264,2024-07-14,O,O
f3971bbf-0751-42a1-98d0-183482e39167,2023-04-13,M,M
f4b9d487-1fe5-463f-9ca7-66309261e1ac,2022-05-08,M,M
f679237a-7984-4686-af88-314549d2d12a,2019-10-15,F,M
f8f20c34-ee1f-473d-8660-ec903c46e3c9,2024-05-13,O,O
fa51f544-446b-40c2-b581-9ab5f06cd7e8,2022-05-19,M,M
fc397038-8517-4bfb-90e7-cd1eda24c047,2022-06-04,A,D
fc77333c-9c0a-4183-a927-b673250cb8d9,2022-01-16,C,M
fca859ad-633e-45ff-b51a-63ffaf97e52a,2024-03-30,D,O
fdcd079e-e7eb-495d-a546-bb6e0f6586cf,2021-11-30,B,B
03833185-0c6e-48f8-af80-2e7ecfd1e19a,2023-05-29,D,M
04801ba5-436d-48a3-8a6f-a5574aabc246,2022-07-05,M,M
060115f9-7875-4a0a-9bf9-35f4f4e79874,2023-04-17,C,D
074dbacb-7f00-4fc6-a213-949d36755f48,2024-02-01,E,E
0a3987d4-f4be-4103-a70f-f3c301706de6,2019-07-08,C,C
0a6785e1-4027-46a6-a8a8-7d737b0cf308,2020-11-18,F,F
0abd1459-b6a1-42aa-b092-69379fb786b2,2022-06-29,M,M
0c64e9c2-4e67-4743-b37d-551957a25406,2022-04-16,G,M
10a4e73f-c622-4a72-afd0-8e65661fc94c,2022-03-05,D,M
12c3c3be-4fd4-4b5f-9bd3-9b788aef6721,2023-03-31,E,E
1384c282-3469-448f-845e-1e97e8d81489,2022-08-29,F,F
166a5199-6043-4243-9995-ca20f25906f7,2023-04-30,G,G
1770aa46-a239-4176-9415-ba994043ac47,2022-06-04,M,M
1cc0f3a9-59a9-44aa-b8a3-3763b4ed5cfe,2022-07-10,D,M
21a20b43-399a-4db4-9de9-72ad30ef4fe9,2024-12-26,B,E
2506f042-b703-4e7b-bfd0-b113d0e8c7cf,2022-06-04,M,M
25bb58aa-6a30-47ac-97ce-613762c21752,2022-05-24,M,P
260ddac6-931b-4c31-877f-56a739f05d41,2021-05-26,F,G
2946263d-a184-44e1-81ed-29769e548229,2024-04-14,O,O
2a2eb518-5e7d-457b-9fdb-f4c8693e39d7,2023-01-16,M,M
2f801df4-af1e-487e-8a7e-f87cdcfe0925,2022-10-04,E,E
308d59ee-dfe2-4edb-8fab-865e2a7c894b,2023-02-01,M,M
30c52c78-d65a-4a32-b376-4bb482c5d9f5,2024-10-18,M,M
36992ee4-43f7-4b15-8d6a-b43bbe3dd4bd,2023-07-03,F,P
3a3ba34e-56e4-4580-957b-fee56b13228b,2019-07-08,C,D
3a3bdbeb-9c74-487e-a12f-62a9dce5616a,2023-09-04,P,P
3b6eb026-dd51-42ed-8f4a-09ec0ff11064,2022-05-09,M,M
3b7a3c5f-2a38-4f28-be1c-bfc0e5a53243,2017-09-18,E,E
3bb7aa60-3edd-4e07-911e-6857a5189aa7,2022-08-01,M,M
3e97ed0c-8e6e-4cb4-ad1c-fb0efaa1e4f9,2023-06-29,E,E
40414e9f-b6ad-472e-938c-0c8b7729cd9b,2019-07-08,E,O
42ec53d1-4629-488e-8b5a-39309bb0c008,2019-01-21,D,M
4626925d-d6db-41e3-bb90-2fcfb5ce0c64,2023-03-10,C,M
4b9b6acb-dfb4-497c-bf2a-abbf2786377a,2024-10-25,F,M
4d0bca65-c21e-4cbc-9995-aebf8d04e840,2024-07-15,C,M
4d57873f-5bf3-43b8-9663-88b591bf26f0,2023-02-01,M,M
4fe76de1-6330-4d50-83d8-9727005bcded,2023-06-29,A,D
561e8689-6c62-46ed-90a7-95288f4f0154,2019-03-04,G,G
5aaf9f40-46b0-4003-baa8-7a319933d9d4,2024-10-22,B,P
5ac26e8d-17a8-4418-acb2-ab1984f0ba5b,2023-02-01,E,M
5ba06333-ebe9-4ab9-b5e5-c64073a956ca,2022-05-12,G,M
614ee97d-f347-431a-8ce1-437a2e4304cb,2024-06-30,A,M
62c66a37-842a-4745-a67f-e6b17a92362c,2024-08-01,E,M
64c59c88-1478-4675-8bde-15b461f4372d,2024-06-23,B,D
66844657-d354-40d9-8636-e75f2769002a,2023-04-18,G,M
69a0ca2f-3c01-4eff-885d-5e9c800e43e1,2024-07-01,M,M
6a184686-69c6-4965-b15e-15be1cf7d40e,2021-06-11,D,D
6e9d9227-870c-4808-ab96-d6c4c75a2229,2018-03-14,D,D
70156857-510b-4e50-a65f-9ae8cd0b3f12,2023-02-01,F,F
75469e7f-63d1-42a0-b48d-6289f92abecb,2023-10-31,E,E
7561a1c5-c918-4b5d-8063-2438e7c1e515,2024-09-24,C,G
77201d1c-de9c-49bc-b290-01f063ebc1d7,2022-04-29,F,M
7757ece0-1ac8-4fce-b9c1-b6585aedeac9,2024-01-31,M,M
7a336712-b930-4b52-8a90-190576ad345e,2024-06-20,D,D
7f970eb2-adc9-4bb8-865c-d99db81e61c5,2025-02-06,C,C
8035c8a3-bd63-4012-8fc4-a6a4411e30dc,2023-03-13,F,G
80ec30f8-6235-4c05-88e6-04c15ba9b3fd,2025-03-25,B,G
81a71c15-adb1-4e5a-850b-aa96d04f4f91,2023-05-15,P,P
82135a56-2725-42aa-9aa6-8f11893356e7,2022-03-05,M,M
8397381e-e465-4394-b706-1763988604ac,2022-03-30,D,M
83e07c41-5fb4-492e-8f81-b9f86d7d690b,2023-12-11,G,M
84cb6234-b747-4e5e-a4c7-8c8612a8ce6b,2019-09-04,A,A
857b64f7-5f3e-4bbf-8112-3891f3b69f31,2023-03-30,M,P
865dfb07-483d-451f-a9d3-58b36e0de3ff,2023-12-23,M,P
88febc5f-8ae8-43f0-9b45-1fc1037c1342,2023-07-20,E,E
8a090c75-2312-4c31-b14b-f99e3d09f626,2024-09-27,B,B
8ae2b8f0-53b4-4823-8064-13487950c57a,2025-07-16,M,M
8b79c5bb-1ca8-4928-98cd-d92cb3b407e7,2017-12-18,E,E
8bd12a8d-91ce-4094-9876-6727ff4547f2,2023-10-11,C,M
8e25f5ab-ddbc-4a40-83af-c009ab5a202c,2024-01-31,O,O
8f5b0bb5-fbf1-4a6d-b17d-a42ebb6efb42,2023-09-28,C,P
8f790616-c887-43f2-bf22-366a1379d410,2023-10-23,B,M
9091a4d0-c651-4b16-813e-51503218455a,2022-11-25,E,E
9139931e-c2f7-4e3a-a822-ef647b3f445c,2023-06-23,F,M
925faf70-95cd-4ec0-bf87-954e1b732a6f,2019-07-08,C,C
93df7d91-e063-4d17-bacf-33fd6ae8b968,2023-11-13,E,M
952db673-a064-4bdd-b2e6-86ad009e7009,2022-10-29,C,M
95be611a-52a4-4e3e-94ee-8fbf16a10eed,2023-04-24,M,M
9626e3a6-215c-4529-86f2-49da0e36b99d,2021-09-02,M,M
9b4342cc-369b-4511-be1a-e3bd7cb4fe43,2024-01-27,M,M
9cf07e3e-b4e8-4656-a606-771a6c971ee5,2022-11-02,M,M
9f3d4e78-852b-4339-875e-b9c4e2f471e2,2021-11-11,G,G
a01a5830-5302-4c42-928b-6d237791bc3d,2022-07-30,C,E
a1fa6e52-2627-4948-9ba5-7b056f6adc7f,2024-03-20,M,M
a526e2a4-8efc-4ad7-a2b0-ef7355178f73,2024-04-15,M,M
ae98d6a3-f9ce-4dc7-9782-2570904c0b09,2023-05-29,E,E
afdca901-885c-416d-b562-3bba5817e12b,2024-03-25,B,N
b1eb0e96-b219-4894-a956-2006a33b9c8a,2022-02-09,E,M
b2ba2f82-c666-4744-861e-c312b3823060,2023-03-15,O,O
b38b9b53-dfaa-481a-b298-d6c5857c2149,2017-12-13,D,D
b3b52b45-23b2-4c09-9029-3ecb7169c95e,2022-11-09,M,M
b6a6753d-5191-43ac-b124-6753f40af472,2022-05-12,M,O
bcce55d5-7f2f-40d7-b43d-5f3810a8f1ae,2019-09-30,F,F
bda7eb12-61bc-4dbd-9df6-7875d3c65d2f,2020-08-11,D,D
c0a6a94f-0f9c-4401-b197-db9c2b5301bc,2024-09-27,E,M
c372c163-d6c3-40a8-8b94-0491f53dcd38,2023-02-01,C,C
c6275759-a1ef-45cd-9cd3-7e40746eabcf,2024-09-16,M,M
c692a455-01d8-41bb-b681-1412a4db8fcc,2025-05-27,M,M
c6aeb757-1fa5-4cde-bbdf-071ca795797e,2025-03-10,E,F
c93c91b2-c67f-4fe6-96f6-3f41e4fb9725,2022-06-21,E,E
c9bf50e8-83de-48df-b11f-9b02d98531d4,2024-09-23,M,M
c9fc1ecd-f14f-4a9a-a557-26fee70e3b7a,2024-05-23,F,F
ca5f9aec-faea-4b09-95ff-6700ebe32c69,2023-12-30,D,M
cae5ddd9-5b71-424c-8473-6b5092d6fe26,2023-02-28,E,G
cc4f67d0-b976-4713-aa1e-12cfd6cb883d,2023-03-30,M,M
cc59ddea-417b-4cc7-915e-2b26868eaf42,2021-08-11,D,D
ce1c2bb1-2c57-4006-8adb-ee9125982b4c,2024-05-24,M,M
d0235fe6-9122-4ba7-9532-c04a6593b266,2022-08-03,M,M
d09e56ba-e230-441c-ae37-2033791ceb7d,2018-11-19,O,O
d0eea1ea-1739-46ce-8e91-a359236d0b7d,2022-08-19,E,E
d427748d-ec6f-4ceb-a3e9-d93ee5393f0c,2023-05-11,C,M
d885e9b6-e31d-418b-99fa-215c74e1038f,2024-08-26,A,M
de17c1df-0ed2-453c-a3eb-783f7e2ab3a3,2022-11-10,C,M
e000b6da-94e6-4861-888d-237d192517a8,2023-05-29,M,M
e32fff00-72d2-4ee6-8046-2a59801dcffb,2023-05-21,C,P
ea21cd83-930e-4e6c-9d37-aded1a81badf,2022-11-02,A,A
ea4fe002-2103-4178-8394-58f482a36ca3,2022-07-01,G,G
ee97d3e3-59e8-4845-bba5-6e609576a342,2024-12-06,M,M
eefaa9c4-dfdc-4cf2-a053-a3b2c6b0674c,2022-08-31,D,D
f003a775-07fa-4de2-ad00-41ef6bef175d,2023-03-05,B,O
f3d4aca3-47d1-4612-81a6-8ac7c75e5b6e,2022-07-14,B,P
f8f0cea3-5109-4e92-b6e9-332e7e98af7c,2023-09-28,D,D
fad72b01-c632-44d2-bc8a-b25f0397f159,2024-06-28,E,E
004e741c-dc44-43a9-ac9b-4e395c09352e,2025-01-01,M,M
01b065f0-7013-4515-88a4-486b9d308dfe,2022-12-29,F,F
0487a4bf-7f55-4cf0-8df7-0bacba3716a6,2021-12-02,D,D
06052f30-5e83-4b13-85dc-162b37a33163,2024-11-07,B,B
07ae1f95-02f7-48fa-9298-cadf4ee2c6e1,2023-01-08,M,M
07b8ac91-4513-4ef4-bc83-7b6b8d9b33e9,2023-06-26,M,P
133e3bab-36a9-4761-b689-292469f05bd1,2022-06-04,E,M
13561cbd-280e-4bf2-8651-ba438d14a629,2023-01-29,C,C
14ebc2ea-ecca-4a5d-9846-691b15ff31ec,2023-05-29,F,M
1be63f4e-c099-479c-b299-dff8c7179ee1,2024-06-28,O,O
1cf68320-52d8-44f2-a252-136dc3113447,2023-02-01,F,F
1d507f74-7f66-4fca-ae91-6f5bbee6c774,2023-04-16,C,G
20a553b4-f993-447d-afa0-f68b4c072b21,2022-11-10,P,P
218b8fc6-5836-44a2-8527-d78d9964592a,2021-12-11,C,C
23ed22ec-22a5-45ac-805d-52eea55b2127,2022-09-11,M,M
2478ebd6-4900-42d2-a053-eb48b8b78f4d,2022-09-14,E,E
278ae1e9-e1e1-40e0-9901-7e477e00974a,2025-02-03,M,M
28f81769-3bae-4a7c-bc39-2177a46de7ff,2021-11-30,A,A
2a4c8750-f11c-48ec-85e6-2109993e98f8,2024-04-16,F,M
358e0dab-be49-448e-9861-4ef7c69dcfbd,2022-03-14,D,P
3a1d6542-d662-44d5-b09f-a433e0bf22fc,2022-06-04,M,M
3ccbc808-621b-408f-a65d-32b4fb19a10e,2023-06-17,D,O
3ce660e5-a4d7-4344-8ab5-dcc6f769b30c,2023-07-20,F,M
3edf346e-7bc3-45fc-ac02-ada1e52fd3c1,2024-06-30,O,P
40a60236-1eff-4167-8042-f0f21d0833cf,2024-06-28,B,M
42aebaed-2419-40e7-ba9f-a0475296bad8,2023-09-28,B,M
465ce654-3297-4aca-81ac-776ef5328be4,2022-05-19,G,G
48c2e3ee-5e49-4f3e-9be4-c9c1e1fa051c,2024-06-16,D,D
4af037b0-854e-48b0-b7c7-68f37b11ffcf,2023-01-20,F,P
4ba0da63-2703-4ee7-90c5-6f97e430b78f,2022-02-07,E,F
4c69ae7c-2041-4f1e-abd3-0cfcbdf81946,2024-09-17,B,B
4e34562b-f761-4aee-9392-b0cf90fadcd0,2022-12-05,C,M
4f74bea1-a199-42ea-a6c6-24c3db4efad5,2022-06-14,F,F
4ff2c08c-dae8-4012-aebf-7d4f87afd77e,2024-02-27,O,O
501e7fe8-5d65-4071-97d7-618c835e11c1,2024-03-06,C,E
51430cd3-d16a-4384-b8a2-ced43dec1314,2019-07-08,M,O
5232a90c-c2be-464f-9926-014dee709e46,2018-07-02,E,M
555a2a38-2ce0-4aee-922d-668fdc513a93,2023-02-01,E,E
57526d84-9b16-4a3d-8ea8-d9e0a3038f20,2022-05-31,C,M
5af8f199-f5e7-4ebe-9765-83fe1293428b,2021-04-26,M,M
5bb83a32-9068-4514-8478-a90f10f1b1bf,2024-03-15,B,M
5f0c475a-a452-43f3-8503-601961333fa0,2022-11-03,B,B
61177b5a-0ea9-4f02-9cf9-28696e4ee658,2022-08-19,G,G
635c9311-e2d4-4b5e-b058-1d4cf95c9f28,2021-07-15,M,M
656a0afc-9b0c-4d25-a199-b63ff91d39eb,2022-04-10,D,P
67b08bfe-7064-4eb1-be44-d804ef0b5833,2017-06-27,D,D
68b1247b-b6db-48da-b6db-3e9423fd6b7a,2020-09-22,E,E
6af661a1-4382-4b48-a588-c2b1cb517cc5,2024-04-22,O,P
6bb1c12c-ffb9-4804-a424-a55841d82993,2023-04-28,G,O
6c87eed5-ab9d-40e4-8dd9-440a939c03a8,2022-03-31,O,O
6db8e303-8b4d-4bea-99d9-c778acf7a9d3,2022-02-16,M,M
6e3c1111-f097-4f9f-8811-1f7c9a9b21e1,2024-03-02,M,M
74941c29-45e4-48de-b2f9-c382372fcc40,2023-08-07,O,O
757e1369-7ec9-497e-9cae-8567d58bbd10,2024-05-09,D,M
75cda2f6-668d-4b7e-bfea-422a1d066f37,2024-10-28,C,M
7797a6b9-9db3-4c15-9d09-55c712841ea1,2022-05-20,G,G
785621db-9fd6-4488-bbcd-8c36c3ed6517,2022-05-23,F,M
7ca91c5a-9c81-4d35-872d-a9d1f65da148,2024-08-12,B,B
7e3a48da-54d4-4d3b-ba0b-578720723f78,2022-07-10,M,M
7e53babf-88a5-4a31-ad29-da2c26fab07e,2022-05-03,B,B
7eeee5fe-ce18-47d3-acae-492fc695df81,2023-09-21,A,P
8144a0fa-ee1f-4c2c-9f3b-a0be34ce12be,2022-08-17,B,B
82ae1aaa-a97e-483b-890d-ae06f9c39eb3,2023-05-29,M,M
83f9ee2a-83c5-4315-a690-691b8442891a,2023-05-03,D,D
84ef592f-4df2-4229-be9b-41d2e5de8e9f,2022-04-07,M,M
88102101-cee5-4f2c-a271-5a4138b91e9f,2023-03-10,M,M
88ffd706-5eda-47d7-bcdf-1b6c8dd95c92,2024-10-27,B,B
8a1a7621-e0b6-4b07-8c9e-6471b8b6d08a,2023-05-25,C,O
8b662040-132d-4e26-9a7d-89f5b977bbf5,2024-06-19,F,G
8c6acac0-9b8b-46a2-a633-c7f986c40474,2023-08-01,O,O
8c75aafe-bb03-4e8d-97ea-bf94dfb1fe37,2022-08-28,M,M
8e758063-3ea2-4e2e-bdd6-44459062b355,2019-07-08,D,O
8fde9076-f583-49e4-8ce7-dcefdea7d540,2024-04-04,D,D
91479fb7-f272-414a-a625-583108afb091,2019-08-07,E,E
9326f064-5c43-4f44-b3ef-0efa026c56f2,2024-03-11,G,G
94d43471-8e37-43e5-b709-9fb15146f482,2023-02-02,C,C
9630e9bc-6cc1-4716-b336-79387d19fa52,2024-05-24,E,E
968fc7da-37d9-4b34-960b-6c7d2d3b21c7,2024-03-02,O,P
97ec1041-b649-4880-8db8-0fe1dbc1933e,2022-11-20,E,M
9baaa314-d67e-410e-b5ff-55fff0ce11a3,2023-07-30,E,E
9bea8f52-faf4-4393-b5cb-377797364c13,2022-09-27,M,M
a1273322-6f84-4c27-8dc8-cdc9b955aae3,2024-05-23,E,E
a177fe91-27b5-4bc4-a72c-c11d93d11410,2022-03-05,M,O
a5166869-3855-4530-8594-3b41f885448a,2023-12-29,M,M
a73182ec-9599-4dca-8068-978842bdf195,2023-02-02,F,F
a9193757-6ce1-462e-bddb-2e8dc46475fb,2023-04-14,F,M
ae6852ba-be71-4c0c-b7db-276b39f3ac94,2019-07-08,F,F
afbce0fe-bcf9-424a-87e1-221e96b20bba,2024-09-02,E,M
b0f4ae95-80d1-43b6-8d2f-8722482f36c1,2022-06-04,D,M
b3fe9202-16e2-4a86-9c67-d35c52bda9e9,2021-08-30,M,P
b5897ec2-0528-4f65-bdc4-48de6bc93332,2023-07-30,F,F
baaf8cdd-9cc3-422c-9459-a4a67b9425e6,2024-03-30,M,M
bc53df93-308c-4784-a9ef-d964179553fd,2017-07-29,C,D
bf83ee70-ed7e-454d-844e-2abe7ed71a79,2016-12-01,F,G
c23bdaf3-a6a2-4dc8-9b70-b4ddb7382c30,2019-08-29,M,M
c2886d33-3e02-434d-84cf-52324c247367,2024-10-27,M,P
c2c0a1a4-6a7d-418f-bcca-7d6dba8cb97b,2024-07-17,A,A
c3969469-27be-4b14-b0a5-a0aab4da4c76,2024-07-10,C,C
cf3fc926-7cb0-49ca-b853-d594ebc0696a,2022-08-07,C,C
d01f3bd3-1e8b-446f-a93b-33a0c1daff2c,2022-08-09,B,M
d73c2281-94bc-4fb0-a83f-f73e630afb77,2022-10-30,M,M
e014cf15-2a98-4383-bfd5-a61467fc4b3a,2024-01-07,D,M
e073fe89-f4f1-4cbd-b0ab-7ea7bfb6c406,2024-08-10,M,M
e4ef0921-951d-49c9-b590-ae3f19780bd8,2021-12-11,E,M
e76f2121-550d-4e10-a541-2a6b0795bb07,2024-09-27,M,M
e9d542a6-bc6f-4bc7-90d1-8b93306dab72,2022-06-04,D,M
eaab2558-3df9-4a33-a1f5-4463b3e6963c,2020-10-26,C,C
eb3879db-f3cb-4bad-aad0-073b67607bb5,2024-04-14,M,M
eb6a3496-7c73-49ff-8f1b-5776bd7cfea2,2024-04-01,B,B
ef6a9342-cbe0-4a31-a441-3f212630de5a,2022-03-21,C,C
efafe132-d3e3-435d-804d-bd566607d702,2022-07-28,M,M
efc0cfe5-ed8a-4f43-85ab-d1652adc7799,2022-12-10,F,F
eff4945c-47f9-4471-b70f-754eb30e9e7b,2024-05-24,C,C
f143ab71-8fc8-42ef-95bb-f8c8b59a1287,2022-04-07,M,P
f323dd0b-6698-4e6b-b8e9-03f6a69a7607,2022-06-01,M,M
f3cfd3b4-c247-41e2-865d-dafa9cb1778b,2023-09-28,C,F
f9bd9dea-81af-4379-8740-a1681f07d02d,2025-02-03,B,E
ff7801d3-221f-4ad3-a9a1-97fd626655eb,2024-05-23,D,M
e8aa9bbf-f273-44d9-ab81-90edc38c3897,2024-05-24,,
070ebdb3-f947-45fd-8d6c-ad1b75e9b642,2025-02-18,D,M
088eaa3c-2237-424e-8837-64412ed37eaf,2024-11-14,M,M
0a9d78ce-fc87-43ca-8d47-5c45b933d307,2023-10-30,C,M
0add3b62-6cf9-46ea-b55f-e2a4c498a51a,2023-02-02,G,G
0b4675db-fb2c-4ef2-8dcc-3b00b2c24ed3,2021-09-20,D,D
0c23238e-306d-43af-bfea-e50fa2a0c803,2022-03-03,E,E
11304044-a3fc-4390-b5bc-7f7de49783b8,2023-07-14,B,P
125228a6-fb40-4da3-8001-01928e47a565,2022-05-26,M,M
149c8b6f-edfe-4892-8679-cee8ce24d95b,2022-11-02,C,C
184d227f-13b9-45d8-9490-ed340211377e,2021-10-25,C,C
1bb1e292-e304-486b-a023-b75dd8256e01,2022-05-31,M,M
1c84db25-2f28-4f42-8d5f-4f1b39cf8534,2025-01-28,E,E
20c91906-d1f8-41cf-8bc9-3b42a53e42b7,2022-02-27,G,M
26e76e55-2bac-4442-9a61-b902eb6ab531,2024-07-31,C,M
280cb1f1-e56f-48ef-93fd-92892afcdfc7,2022-04-08,C,E
28853919-4d19-45cb-95c9-8cc25de0fb92,2024-07-04,B,B
290bb733-42b3-4144-8e69-e9c937936b1e,2023-05-08,E,E
2d84fa9b-984c-41da-a154-7f102e82a8fb,2024-04-01,B,B
2e869c4c-92a4-4229-be89-d85dd93c939d,2022-03-04,F,F
2ed68c2d-40a2-4f6e-9521-301c307969ee,2022-11-28,B,P
2f88a88b-4377-4a71-b470-18a95f9042b0,2022-02-18,G,M
30757a95-cb12-4969-a49e-08ff80f5b74c,2023-01-07,D,G
34657845-1dc8-4093-9a88-c11f3cf6eeb6,2023-02-01,M,M
34dc0a39-90d0-4073-a4df-d12c75618c19,2024-09-24,F,G
35f970c5-8ae2-4406-8e8b-bdbbc004ab20,2022-07-19,M,M
39058b63-a99a-4779-ada0-dd5cb4887c7e,2023-02-01,E,M
3ab2c38c-1992-4144-b81f-4a6e484da59b,2022-09-23,G,M
3e515dfa-246e-4fee-a8ce-4da423aa7ca0,2021-08-26,F,F
3e6ad595-c9a1-4e23-913f-4eb0a1162966,2023-05-29,B,B
404397e9-bf6a-46c7-ab51-f2d12a04c896,2020-03-23,D,M
468d50ec-3309-42ee-b761-c6565d3013e5,2023-05-08,M,P
46a97af9-facd-4fbd-8ebe-a61936c7a606,2024-03-30,O,O
46b5c54a-1364-4ea4-8bb1-bb1a13bd617b,2023-10-31,G,G
47cb9a2e-435b-4b9c-b9d0-08dc268ebc89,2020-08-24,G,G
4a6f8217-0032-4f19-8eb8-f807eae9b22c,2020-12-12,F,F
5147d54a-ebb2-4e95-a08d-1a21a8a840d0,2025-04-11,M,M
52763f48-6a47-454f-9698-d15cdcfc4d3c,2023-09-09,B,C
52a6cc1e-c847-4626-a089-9b7ccb242ddc,2021-12-02,M,M
59253716-bd05-4628-8bfa-0d1d37f590a3,2022-03-05,F,F
597fd813-968e-44ee-8c3c-a44dc92c11a1,2023-06-29,M,M
5ad89264-ceda-4f6b-baee-6f603b5476f4,2022-06-04,D,M
5f020dbc-76e9-4055-b9d2-d2f531e67eef,2019-07-08,F,M
6148e01d-9b7a-4219-a6b5-8e1f175cd359,2022-04-11,M,M
652262d6-b145-4919-834e-f544404ef4a8,2024-09-29,G,G
6779026b-8388-4c7c-8c1d-dd7542efd746,2020-12-14,F,P
67dddade-ed1f-4edc-b4f6-c30a03877ed0,2022-11-02,D,D
6d05fb21-ee14-400f-b975-397f4ced0abf,2023-02-22,F,G
6ef07844-f26c-46fc-a151-cb73de2d6977,2022-03-17,B,G
7004b41b-2e5e-45fc-9fb5-caf97ac6256c,2022-02-16,G,M
70b7cbff-4ef4-45e3-b2ce-09f23724aeee,2022-06-20,M,M
70ee87cb-2abd-48d2-842a-1db22c80cff9,2024-07-07,D,M
7346f649-e745-4bb1-8e12-6998b0f9fe24,2023-05-22,F,M
740fb1d1-418c-4bdf-95b1-9420fff7f743,2020-09-06,B,B
749bd544-f49d-4b4c-b0b7-0784ca8ee78e,2023-10-31,A,A
7854b3d4-0438-4189-842b-61672e721069,2022-12-28,E,E
78fbc55e-e55d-4bf4-9034-aca15ca4e939,2018-04-21,C,C
7b79e394-2ba4-4eeb-86db-d30c987027b1,2022-11-02,D,D
7f33125d-b063-41af-ab97-eb7084ebdfd5,2019-07-08,E,M
8223a86b-3f19-4cee-9568-642dfc052a3b,2024-01-15,G,G
8715ebe3-e0a5-46ff-bb97-3b54d2e340fe,2024-04-08,G,G
88ad054f-e0d3-484e-908c-b7bca3721361,2020-07-27,A,A
899809f6-beaf-43a4-8514-a798322b110c,2022-05-23,C,M
9085ec26-926d-40bf-a546-eed96e3a99d3,2023-03-22,B,M
9324dadc-5e1c-4814-b668-097fb7c97d71,2023-03-15,G,G
935e5387-2bcc-444d-a9de-369debbad3d3,2024-04-16,C,M
9385dc91-97ef-4ee3-a8f4-596de7e367f3,2019-11-21,F,F
970a575b-fca8-4548-920d-3aed2684c42d,2023-02-02,M,M
97383c62-e2b8-4b09-a0bb-6bfe03d82554,2021-09-27,B,M
98799b75-995d-46ae-8c44-ed9c5b6227c8,2025-03-10,M,M
9a0d2f89-15ef-4f4d-a758-9369816759a5,2022-12-28,E,M
9b3a6465-94bf-436f-a457-287babadcf82,2022-02-04,M,M
9d5c3501-de48-41d8-a54a-a08b9cb9a203,2019-10-16,D,M
9f9fa122-1244-4a6b-952e-3e2fff5534a5,2025-01-09,E,E
a498cfbe-f748-4fa5-9b7f-1ead32b4bd5e,2024-03-04,N,N
a7a2d31a-f1e2-4699-b065-d1029c86794b,2024-02-01,E,E
a9a1d84a-6148-46af-9c8b-ddc8629691be,2023-02-01,G,M
a9ccbf0d-6606-4194-98ad-0a0132ad9f6f,2023-09-09,C,M
acadb51f-ff18-4c88-8b6a-1ec8663a2133,2024-05-24,C,C
ad52bca3-c305-4536-b911-44e128e3b8d1,2024-05-15,O,O
b19abec6-668c-4448-8333-210712e8f931,2024-04-06,M,P
b6cb5f0b-9ea1-4b23-a674-bea74ca23911,2023-11-02,G,G
b81bf433-df41-488e-adc2-769d907a1974,2025-03-01,M,M
baade5d0-33e7-4d25-877b-e01f12c2c30f,2021-06-11,C,M
bdc640ab-f92a-460c-aa4f-8e823fb5e62e,2023-10-30,B,B
be8ca729-6e1a-47ca-ac0b-30f5f4f90d7f,2019-09-16,B,C
c0840584-26a3-48bf-a851-78677b5a6b62,2022-05-17,E,E
cac9ecca-5322-418a-8a63-4fd5b43c4415,2024-11-20,C,C
ce4dfe86-9909-4e38-a8fe-cd55a8840270,2024-10-07,F,F
cf1e05c1-6aa9-4db8-8216-b9eddc84d8b8,2017-06-27,B,B
d229793c-2e88-48f4-b599-81b7f3b2f98e,2022-07-20,M,M
d23b7548-eb1e-4a44-a064-1df731dde6db,2022-03-05,D,M
d2e863d9-ac3d-47c5-a2a8-d9f36d4bba0e,2024-05-24,M,M
d6e3b5a3-711b-401f-9d6e-7542bfa46ef4,2022-11-14,C,M
d8e95f70-35d1-4391-8c87-066fd932651a,2022-02-28,C,C
dcbaf6c3-1216-47c8-80bf-31d6b4198439,2022-07-08,M,M
dcf1a9a1-6eb2-435d-96ea-35c7308cbfa8,2022-08-19,B,B
de085566-0205-4e1e-8eef-1b12e5dfac44,2023-09-28,M,M
e362c7ca-cfd6-4dd8-a9e0-1b2173ff5cc8,2024-07-31,G,M
e5422ca8-0357-4aa6-9989-e33a6dfeab58,2018-07-27,F,M
e603fd92-ff40-405c-99fc-5b8bb92b4396,2024-10-31,B,B
e63c95a8-0fb3-4913-bd46-45289d723f59,2024-07-15,D,M
e8c17aad-cf8f-4240-8f2f-bf51b7b31beb,2024-07-29,G,G
eb4fb483-c882-4bdb-bdef-f7c691e08c04,2024-06-28,F,M
f25d16f1-dd40-47e0-913a-0a440241d4d4,2023-01-26,B,P
f69c4669-e319-4695-91ff-8e089a1d699c,2022-01-16,M,M
f91446ac-fd9e-4f1f-8e9e-fea9f77e02b5,2024-09-01,B,B
faba6eb4-6f20-4bf9-a9c9-ee438cf9604f,2022-12-14,G,M
fc4707d2-b7b6-4791-970d-982fd43d52cb,2023-02-15,M,M
fc7cd56c-fe93-4151-a7a5-029257292cfe,2021-12-11,G,G
fec62b60-60cd-45f3-94f9-1c07bf199df0,2022-03-21,M,M
1502a70d-83e7-4f18-a420-32c9e563049c,2024-05-24,,
02b8e271-cc9d-4fcf-af71-d3ec26b07a98,2022-11-02,M,M
03074617-2cd3-4cfd-a5c3-f451f6e49fd1,2022-10-29,F,F
073c27d0-6263-44a3-939d-7f33a628ca2e,2024-01-29,E,E
07560b3d-a119-4435-9146-0e9d0a098fc9,2024-04-25,M,M
07aaf562-598f-440c-997d-122eac3b1164,2017-02-20,F,F
07ca3fca-7fa6-414b-b234-c6b91489b338,2023-06-08,F,M
0a27aa59-039a-4458-adcf-4ebf50f78612,2023-10-23,F,M
0aff6053-43e6-4bc6-9d01-5f336aad2211,2019-07-08,E,F
0d5dcf4f-7b10-4e44-920d-b25cb3a851db,2019-12-01,E,F
0e7585ea-0a62-448a-b9f7-41a3907387c1,2023-05-29,F,M
0f2accec-1928-4652-9ef3-286b7bf68105,2024-10-17,M,M
12cabdff-c2b9-4eb7-bec2-a4f291dfb83e,2023-02-20,M,M
12f5afca-6cbf-400b-a48b-4752a2713495,2022-02-13,M,O
14633634-9f2e-48f2-a770-40ea1f0b3d92,2019-11-15,F,F
1962c7f2-b231-47bd-b7d7-0764cdd1316f,2024-07-18,O,O
1fd2d976-93a5-4d68-ac45-68338b5284d8,2023-05-29,M,M
207d07ad-aedf-4698-9a63-81cad8bde80d,2022-09-10,D,E
23f8ad69-c740-4206-9ac2-50f5e811b6d2,2022-12-08,D,F
24a0cc4d-2bac-4057-b420-625ab16b9780,2022-07-24,M,M
24c3acca-ed07-4fbc-aa8f-da0adf2e3be9,2022-06-28,B,B
25d5a6ce-79e1-41c4-a6e0-cf6492ec068d,2024-10-17,B,F
2abc933c-5a23-488e-93d6-62e343cab7c2,2022-06-15,M,M
2af12168-cc59-49d3-9631-4783866c1a97,2023-05-29,B,B
2c2ffc6f-804f-443e-8279-21d2f005cb1d,2022-04-17,A,A
30418cc2-ba7e-42cd-9b95-9f9e06643db4,2022-05-22,E,E
33b360df-8aeb-4904-98bf-4a50ca4477f1,2022-02-14,E,E
3550b36a-7a18-4c3c-83ec-22e21f966959,2024-10-28,M,M
372256f0-dfe5-4567-8c34-8a60ea04143f,2023-09-03,D,G
3bacf052-17ac-4977-8692-99b7aa9d103b,2021-02-12,B,C
3e075a87-41e0-469b-8214-7615cf1693f8,2023-06-06,C,M
425bfb9c-b32d-4c6e-91b4-cefec2215bb6,2022-06-28,G,M
42d6e2f3-3a4f-42cf-91e9-13a5af43dd13,2022-06-29,M,M
488956fd-5042-4ca8-84d9-0f84bf461fe7,2022-11-10,M,M
49956c9d-d6aa-467e-b718-91f0f8c1faed,2021-10-15,P,P
4c1340ef-2f4e-4d94-97b1-76cc5aded3b3,2022-07-30,M,M
4c894f93-1362-429e-9f67-1d019e7d08d1,2024-03-10,C,M
4f7b4868-aa37-454d-b620-f70daa2a29e3,2021-05-30,M,M
4fae438a-6768-468b-a2bc-21692ffb81e3,2024-09-27,M,O
5092905e-4e2f-49d4-bcad-a1f17e2ffdca,2022-05-20,M,M
50fc7cb2-f6ec-4c1b-93b1-eef73a607755,2022-06-01,B,C
521bd8a5-4a39-4ed4-aa5d-0cb35f546ece,2022-03-18,E,E
52860e31-33a1-4aff-b8a9-c8fb33531af3,2023-03-12,C,C
53f99ad5-059d-4e87-8850-55f5f91b7915,2023-02-05,M,M
57acf4f4-a4be-4f1e-9dc0-4e70c206b06e,2022-12-06,A,D
598f4e7e-0066-49a2-a588-c9f090d618fb,2017-08-28,A,A
5d0c8c4b-72f9-448c-9b2a-54ed52f217e8,2022-05-20,M,M
5ecc3de9-a19e-4b4b-be31-093b536dc464,2024-08-11,C,F
5f1a9802-4865-447d-a2de-82f8097578f0,2018-04-03,C,M
5f591679-fab4-41cc-ad23-c68266912d40,2024-03-18,B,B
61894d6e-1c0e-47c4-9195-53736b0c022d,2022-09-25,B,D
63e4da31-e523-4980-b776-8a1f5e8a0493,2022-06-04,D,M
649be86b-6a54-4c5b-bef2-d047d8d107f0,2022-02-22,B,E
65f2b14e-0243-4036-b57b-690ea7303964,2022-08-31,G,M
6668945d-1d55-4d1f-adca-f2830786bf74,2022-11-02,G,G
69706efb-de00-4736-8b7b-f9a10a418d5a,2024-04-03,F,F
6aa9d467-cb53-4fe5-8271-0ad766ad29cd,2022-12-18,M,M
6bea65a1-80e8-4038-b6cd-9c79d9d777ba,2024-01-15,O,O
6c0ae213-9332-443c-8eb0-0c4e755af633,2021-11-29,M,M
6d4cc0a4-a869-461b-9f46-5d033b16f56c,2023-05-23,F,F
6fbc455f-76be-45a5-88dc-6cc7d9bdb81e,2022-04-18,B,B
73509e36-87c5-4c43-b14e-bd23ab8a185c,2022-01-03,M,M
753a7486-006b-4d93-bdce-f3b1bdbb98ae,2024-08-01,C,E
76d62b10-0d86-4691-a927-8b063ac579f7,2024-06-18,O,O
77807205-4d17-4532-83e6-8cc7cee6bde1,2021-12-20,E,M
797bf203-1011-4d73-8f1a-5479dabd6a11,2018-11-26,M,M
7cbb0327-3288-4a69-a449-bc3e9410f6bf,2024-05-24,B,B
7cfcd70c-4593-4f15-98a4-623d39f1f2e3,2021-12-02,C,M
877d61e1-ad5a-41ed-acec-9ed2ead97592,2023-05-07,D,D
8799de99-ac90-4dfe-8454-aaf6a491536d,2018-04-05,A,A
87ee73b3-6435-4938-ba86-ec927fd5dfb2,2024-05-24,M,M
88af64ca-03e5-4922-9a24-2fbced82430d,2022-03-03,F,F
8a4ed505-e1a0-4740-92b6-2db4e7f2fbb3,2023-06-29,E,O
8ade253b-c1e8-43a9-b17e-d1b01665e1cd,2023-09-21,M,P
8cd9bf03-197f-4caa-9488-5114f1d47e15,2023-06-29,D,D
8d4f7602-4c1d-4f1c-a395-9a1b1073ce5f,2024-04-11,M,M
90418540-a361-4304-b193-adc2f6da4e2b,2022-08-21,C,M
92a3f8ea-dd30-40c9-bf48-2a3eb00a0880,2022-04-11,C,M
93c2312c-b5d0-457b-b590-63252f51ea8c,2022-12-23,P,P
95924757-e3b6-429f-ba01-84c50674373b,2024-01-29,O,O
9c967555-c280-4d7e-b970-e29c4970e6d9,2023-07-30,P,P
9d6497b4-1801-43dc-aff0-8bb5de9400bb,2024-05-03,O,O
a39af13e-6d6f-4885-a5eb-a0f3b84bc055,2023-05-29,B,B
a3aebe1e-b53a-4948-b97a-6fee1b663263,2020-02-09,D,M
a558cf0f-2e60-4cc8-b3b7-dfa5e422baf5,2025-01-20,B,B
a7048d2c-8223-4077-ac07-1e67abde7c54,2022-02-03,C,C
a725216d-4f51-4ee0-aeb1-bb92afa335ba,2021-11-05,B,P
a973e5aa-afb3-4064-8d65-8a75a9166223,2024-09-22,C,M
a9ba03e8-5623-4bb7-8525-174274117bee,2019-07-08,O,O
aaeb4f0e-78c6-4d48-829d-f5b8d26fad4e,2022-07-05,M,M
ab86700c-272f-4d64-8f56-e58de8a7bb7a,2022-02-20,G,M
ae76fdf2-801d-4fda-bc3c-9bbd5af17ff6,2019-12-09,G,M
afd09d06-6414-4fa2-8c54-ac07ff6735f2,2017-11-13,M,M
b37e09b0-58ff-408d-9e56-62aeaab366c8,2023-03-22,M,M
b477ed45-e006-4e46-8219-737246d0ba72,2023-10-01,B,C
b8dc9d8c-e05a-4142-810b-4ddb8eb08188,2022-11-27,G,M
be3b7928-7895-4857-bd7f-b26bcf767604,2024-10-14,D,D
bfb1e3be-1ec6-4e8e-9a6e-1c373aeafc0b,2023-01-29,M,M
c08d18dc-e4a5-4b14-93b8-1d2b6fc0dcf1,2023-06-15,E,M
c4ea64ed-e269-4843-b460-483233cd71d6,2022-05-08,F,M
c578f69f-89f4-4876-b6b3-780638e528ec,2023-11-29,M,M
c58c5304-1316-4624-8409-525d8b9c476b,2023-03-12,F,F
c5cca915-8a86-40bc-9a0d-40fe193bb8c6,2019-07-08,E,E
c666dc8a-c2ed-4b7f-83c7-09d0499dd83d,2022-06-04,E,E
c7266be1-207d-47dc-9094-936ed1c55254,2024-01-16,F,F
ca3ad8ac-2654-4185-bd37-8e387d46e948,2025-01-14,G,M
cbd9834e-8e68-4c12-b08e-5b1203c456d0,2024-06-17,O,O
cd57a75b-57b8-49f1-b8b5-8222bf61d922,2022-12-29,P,P
cfc2fa8d-4271-4539-b407-8db8fa118fba,2024-08-28,C,C
d3e2feb2-52fb-40e1-b18b-3654e00c1321,2022-05-09,F,M
d45080cd-ef0a-4ecf-a7d1-3d77b052605c,2024-06-09,D,M
d550b18f-5096-47fb-ac28-9ec894e876f7,2021-12-30,D,M
d6bbd877-9190-4248-8c9a-e05482825e0d,2021-12-11,B,B
d80a8ba1-fb96-4cdd-a58d-1e0d768fa535,2023-02-05,E,O
d9473deb-044c-4a8b-a1a5-eea712214828,2024-05-11,D,D
d9fe9575-5f72-4ece-8836-e0a23f6cc310,2022-06-13,E,M
db4cb31f-108f-42af-8bab-9d388e458e9d,2023-09-28,C,M
dcc437ae-4853-4ebb-88bc-7e6442a0f6c8,2021-01-19,D,O
e0b4cc51-b250-4257-9f47-764909ae82fb,2024-06-30,M,M
e4b11d8a-ca14-4f7d-8552-2843b870cd19,2021-12-05,B,E
e7419f3d-6931-4481-9f17-2e6981814062,2022-11-02,M,M
e75a4ed9-deba-4e21-b669-1a448a324bfe,2023-02-01,M,M
ec18664a-4ac9-44a8-a0cc-c11991c9a13f,2024-05-23,D,E
ed3120ac-d1ef-43be-ab71-901cb52cf9ab,2024-01-02,C,G
edd53ad9-bb1a-4174-90db-d0caa68ed544,2023-05-29,C,E
f006798c-0b28-4a03-ac5a-3408fb6cc15f,2022-03-05,F,M
f013e21d-1e47-4f31-b757-cd521875b028,2023-02-01,E,E
f1bacbc5-f70e-4291-a02b-4d710184e20f,2023-06-08,M,M
f2ccb55f-ec14-498c-98ea-5e9a524691e5,2017-08-28,M,M
f457dab8-c507-450a-8446-56c7d7654cdb,2022-01-12,M,O
f9b19b4a-f61b-4b3f-9dae-798a9519d87b,2023-03-13,M,M
fb482cfc-d238-44ba-b141-8f62538d0c00,2023-06-29,C,C
fbb8d922-698a-485e-b7de-544e7ed5768e,2022-05-08,M,M
fcadcc01-87a6-4f45-873b-f73cd1c20f42,2022-08-13,M,M
ff8398e0-801b-41ee-a2fb-f50db85a29da,2022-09-17,F,P
00a1e05d-3121-4336-b9c0-daee898876cb,2022-09-08,C,O
041cf3d2-9d04-46ed-a642-cbf14bf54bd6,2023-02-01,G,G
06605d14-35d0-420f-8cda-6f7c03efca58,2024-05-23,E,E
07e69ef6-6129-4ba2-bc62-8d3e50bf2fa2,2022-06-04,M,M
084faa12-b621-4421-9336-51a4ad876c49,2024-07-16,D,M
094eed71-5c5c-460d-864d-0b2d630b7348,2021-03-31,M,M
0b9ba04d-3208-43c9-86c1-a981c6af9b45,2023-02-28,M,M
0ceee158-fbd2-4f30-b3ae-9cba128ba874,2018-01-08,E,M
0e5d5864-64b3-45f9-bcec-cd75432ade81,2023-02-20,O,O
0eaea69e-6b18-413c-94b3-9f4f3137a0e6,2022-10-31,E,M
0fec13ff-66f7-4d0f-a45a-3119f2802b6d,2018-03-01,E,M
108600a4-4172-4301-8c86-732c4375c237,2024-01-20,P,P
111cde7b-0754-454d-89f0-612d6f6546dc,2023-06-29,F,M
113c8778-c190-42b7-871d-db8ada8a4996,2024-07-14,C,M
122810d5-b7da-4892-a931-ca692b75915f,2025-02-25,E,M
15cd852d-ba9d-43de-a862-bb212f994901,2022-09-29,M,M
1b871501-1a93-467b-abfe-d24c7fe39beb,2023-12-31,M,M
1c497aee-00eb-4e80-97b1-dacb97792966,2021-06-10,M,M
1c962b8f-65e5-472f-8111-1e9314c3270d,2023-05-29,C,C
1f9aa56b-2c42-4eb8-a950-db82d6ae8ed4,2024-02-01,C,M
22fe3dbb-624d-436f-8224-b4d6eafc9e21,2022-03-01,M,M
2335f558-4840-4aa0-aa15-031bd71d02aa,2019-07-08,O,O
237ebd47-c5e6-48ee-9e03-e8e5aa699f76,2023-04-29,D,D
24382cc0-b27b-4736-a8b6-4a475a028549,2023-03-30,M,M
2565a22a-cce7-4d0f-85cd-2d706d710674,2019-07-08,D,D
2b4f6e1a-d588-4838-becf-4a3eb790f495,2025-06-18,C,C
2bb87915-686c-4ec7-8d44-fe5f4e3d6e84,2023-05-24,M,M
2e173ac8-4154-4a87-9df9-9ad9de66b248,2022-05-10,C,M
2efc0b86-c9ba-4e88-b366-ac568e81a891,2024-01-15,O,O
2f1321e0-13fe-481d-a183-5c061be7a472,2023-04-06,F,F
2fd5a85c-ff40-4454-a6c0-26238f975885,2022-04-29,M,O
31e59cd2-19f5-4c39-b01a-7896fa0c7303,2024-06-23,E,F
324d5ad3-f3b2-47e8-b71f-f94f1b450bb2,2019-08-12,E,E
33654c5b-7a69-4cfb-8e0b-b26bc49523ee,2021-03-09,C,M
356bae99-97c6-4be4-8827-aefa1c52047f,2021-10-15,M,M
37960b64-132e-4828-8fd3-08e3bb01e887,2022-06-24,M,M
37f913c6-f0b4-4706-8dc3-9e8acbc4a287,2019-07-08,B,B
3889959c-4f87-496f-860b-3db5200d432a,2024-07-17,A,M
3b09e2f0-a279-4885-96ae-33c8bf4333a3,2023-08-02,E,E
3f3c4283-734c-4d55-9adf-420968cae5a3,2023-05-29,M,M
41df53fb-306d-4a4f-8e90-d7095113d572,2023-08-01,C,M
45448655-bdc6-40c7-9d8e-e5e64e90d663,2018-05-28,A,M
496575da-9866-4cb8-9653-fcff1b9310ca,2022-10-22,G,M
4a205ae2-398f-4895-b997-213c2757b714,2025-03-15,M,M
4d03d4e4-4b03-4770-86f5-cc7e1acc5c4c,2023-02-01,F,M
4e014965-e947-4245-a0ef-182e7d47408d,2022-04-20,M,M
5104b35a-aba5-4ee1-a17d-705703687930,2022-06-04,M,M
52b61411-19c4-440a-b577-cf6a64f1ce65,2022-03-23,D,M
530748af-bb6c-46cb-a8d2-d073d5444f01,2023-03-23,E,M
53e4f916-5e8f-45bc-bf09-b0291bfda2e8,2023-02-01,E,E
5651f283-a637-4954-a2b9-19daee696d0c,2022-06-04,M,M
597d79d5-9d6b-4e1b-9c66-05c14b5c3cd4,2023-11-19,F,M
5a23f93d-0f51-4666-abe7-213b9f758f64,2022-06-17,C,E
5b717200-ce6c-456e-8184-7b221eb292ad,2024-05-05,F,F
5ceb4c9a-d233-40d7-9a81-258ca2328917,2022-04-29,M,M
5e1466ed-6666-4ab6-b786-b0f8c39d9e00,2022-12-08,E,F
5ffcfc95-cb5c-4557-ac22-1d1c0a24296c,2023-12-20,M,P
64e36d4b-ae63-4e71-b27d-4172f643b6ab,2023-09-28,M,O
6a8a6f50-9a59-4406-a372-e382280e0640,2021-06-10,E,M
6d0e9807-c526-4cc7-8e76-0b036ea1829c,2021-01-28,C,C
70097d3f-6e36-4556-8634-5c1d2ba6bf87,2021-02-02,C,P
701c7f56-d368-4512-abb5-4b5a5f19a072,2023-01-29,C,O
703ccd3f-bc2a-49d4-84a9-fa4cee39255d,2023-09-08,G,G
74d924ba-d8d8-4fcc-aa92-baa292b22fa1,2017-11-20,D,D
754d3882-edaa-48ca-8f7e-780b16a1dd20,2024-08-09,B,B
75c9afc3-cb8e-49d8-a0a8-eba2f86b0ef5,2022-08-04,M,M
75f3bbe9-88ce-4eef-a7a6-cebac660d631,2023-03-27,B,E
7844ed36-03eb-41e3-b522-176ff36c5a26,2023-10-31,F,F
7d767f37-12b2-46a4-91b6-b86a39f73398,2023-08-02,M,M
7e9ecf15-c779-459b-9c92-1942ce34a16f,2022-11-24,B,C
81e8bb2b-936f-4ec1-a6bd-895c35e44b1a,2023-07-16,D,E
8233dc5c-d48d-4f53-9d61-9c9df2a3273e,2024-01-31,O,O
82965d0f-06da-436b-be46-d796ccefd95a,2018-08-10,F,F
82cf8f78-010b-4864-8103-3cd5713074be,2022-03-05,D,M
8612d321-04c2-4f86-8dcd-866cf3fff618,2023-04-23,F,M
86ee8b42-4a10-4701-8124-06a81db8427a,2022-02-16,B,M
893feff5-45ba-4434-b740-3e05d6d32acf,2023-05-27,B,B
8b4b2163-9a78-4827-ad04-f6ba69004482,2020-11-26,C,C
8bdaf448-c3cd-48be-af43-1c3216886ad3,2022-03-23,B,B
8c8a19e0-6835-4553-b88e-b54f45691e4c,2023-07-17,C,M
8e6e5d40-898d-45c7-b5bb-313f90fba567,2023-10-12,M,P
8ff478f1-0bc0-4961-9239-7f742cfcb024,2018-12-03,A,A
902b9212-b1f0-4a63-ba6e-f9d4d182cc66,2024-07-31,M,M
91d67b7c-f104-4b53-915d-f35d9a895385,2021-12-02,C,E
93901282-e37f-489c-aad5-3fe94b130051,2021-12-02,C,C
94eea8eb-1a88-4f7b-8830-df391e75e96e,2018-03-19,M,M
971694a1-0eae-460c-a333-bb9847cb75bd,2024-08-23,B,B
9971b336-311f-4076-9cc7-6ec5991287a0,2021-05-04,M,M
9dd1a3fd-e484-4626-91db-039faa3e35bf,2022-02-27,F,F
9e62a99a-52f1-4223-bb6f-ceef016e51c6,2018-11-26,M,M
9ef6079e-e418-498f-8296-5f4c2c893a2e,2022-07-14,B,B
9f4a3942-c842-4d73-a09f-5d27d6beda6b,2023-06-27,P,P
a3be87d6-a128-402e-b32a-0fc61f97a309,2023-11-16,B,B
a452835c-bcb1-49e7-a14b-6f40edc09d44,2025-03-27,M,M
a5b87554-209e-4280-8167-8599f2aca2b9,2023-10-26,G,M
ac50306a-dfdd-4d45-bf66-daa35edfd985,2024-09-27,O,O
af6ae50d-6480-4b2c-88ec-db7848ad053c,2024-07-31,D,M
b5cad5c6-edf7-4957-b6f4-c909ec786447,2024-09-30,B,M
b6f78d41-5949-492d-8f76-4334a1591141,2017-12-04,F,F
b6fa583b-aafa-40ac-a36e-01e0853d568a,2019-12-03,F,F
c16d897f-17f9-4035-afdc-1de77f20b865,2023-12-18,G,M
c28d417f-752a-47f9-ad03-f2c9a0165b9a,2025-04-02,C,M
c33e6bf8-baf2-4210-a6d6-4203d90c00a2,2022-11-02,M,M
c59f090c-52cf-4500-b3c6-ac74d06494e1,2022-03-06,D,D
cbd7c450-ede7-4e2a-907e-e7edeb51695e,2022-06-09,M,M
cd443520-b5c9-400a-a84d-3464c09006d6,2022-07-01,M,M
cd60e07c-d2ca-4bb2-8abb-98167012e513,2023-12-14,M,M
cdc07061-1e79-415c-80b7-bf37a754868f,2022-09-27,C,C
cf8f8763-6e9d-4c6d-949f-51773c1663a3,2016-12-20,B,B
d36be0ed-130a-4262-bd36-b1d3cc6440a1,2022-03-26,B,B
d3c4a445-67a0-4253-9e68-47f63a3ee393,2024-03-18,M,M
d5e06fb5-1289-47cb-ac25-9bfe0e5fbffe,2023-10-12,C,M
d79f33b5-d2f8-42d7-91ea-f194f422537d,2022-04-07,G,M
d9d6e9ee-0626-4ba7-ba02-c6dca433b3b3,2022-09-13,D,D
dc75a19c-67c7-4012-9540-3ae332f12187,2021-11-29,M,M
ddbc8da5-ce42-4ba4-8cd5-aaa3657fa4b7,2024-09-29,P,P
e57dae77-ec5d-4cd0-b1ae-d7dc6aa2daa0,2023-12-17,G,M
e7976c6c-f349-4f13-bff6-0789e105a111,2025-08-29,D,M
e9c7701c-f2c3-40f5-add7-71bb1169b918,2024-01-23,C,M
ec3b57df-9fdd-4813-8e26-be50d2fb41e4,2022-10-31,B,B
f255cade-67cc-4218-9746-34e568dd42ac,2023-03-14,B,D
f2b0d075-2db8-454b-9ba4-357af62eabfd,2022-10-20,B,B
f62e2937-1d73-4786-bb5c-0b658a620e5d,2022-07-04,B,B
f8db880d-f566-4d0d-92fa-dd905a2d3753,2022-06-04,F,M
fe70a512-5816-45c9-a05e-b6f2113261f2,2023-10-31,O,O
ff928e58-1e8c-454d-8b0c-f329a9d456ca,2024-01-29,D,M
0336f789-99ef-4506-a801-10659526f53b,2017-01-31,N,N
05e83887-338d-454b-9221-fd6885e3d5cd,2022-05-23,M,O
06e415d7-113d-4ee7-bd66-445362141239,2022-04-10,D,M
07b507a0-a041-4a5b-b4f1-6c50902ce764,2022-05-05,M,P
0830a0f2-0c33-4c6e-b6f7-3dbb00e5d934,2022-03-05,F,M
08722de1-6e41-4237-bdc6-5e0c76fbd54d,2022-01-31,D,D
09bd4ba9-da73-4358-9f5f-ae95195a199d,2019-10-26,D,O
0a9fda67-7062-49b0-8f74-0a6689cf5260,2024-07-29,B,M
0bd2d714-8500-45a3-8509-8b77fd9138b8,2022-06-04,F,O
0c8c5a79-1e63-4a64-ac4a-7ad72b48fb05,2022-02-07,D,D
13a4288b-5225-4ca8-be83-9d2e59d0d7cb,2016-11-19,D,D
14824aa0-359f-4a4a-ae98-d554118105ab,2022-04-10,M,M
16b340dd-2b2a-4598-9395-8d6768473781,2024-04-29,B,M
170d9d7c-92f7-4917-8795-410a9612b87f,2022-12-28,M,M
178e7f1a-6b99-4b2c-8fd9-65f0be74c2a1,2023-11-30,B,B
1d2e2086-4883-4107-b1f1-11380c43d710,2024-10-05,B,D
1fdba910-2d7e-4a13-9121-75f2e7c7c41c,2021-05-08,G,M
24833f47-574b-4541-b329-f55f0cef92fa,2020-07-27,C,C
252ee290-07f3-4e6b-afa0-dd2f68482d3d,2022-07-12,D,D
25470470-885d-41c6-8c5e-d8d7d2ea8fb4,2023-10-04,E,M
266cc201-e754-4e9b-b5d5-7c0bddc8c52b,2022-07-06,B,O
2b467384-a382-4651-a1c2-03c3622e6675,2019-07-15,B,B
2f88c5dc-d7a6-45f6-9526-47910ef56be0,2022-03-05,C,M
304be20b-a762-478b-9908-141e7ccf581c,2024-01-15,G,G
313cd9f4-76d5-454c-97b6-e66640e77e83,2022-08-20,G,G
33a8c170-ac71-4fd5-a63e-aa368d8147b4,2023-07-12,D,M
356e388e-6434-4fd7-b411-cd855f81a999,2022-04-09,M,M
363d648b-77e6-4751-b96e-c0cd1c208883,2023-11-19,P,P
39df5d26-1b32-4c7c-943b-1297cc163e45,2023-05-15,F,M
3d1b8a95-5968-408b-8b31-5cb4c7308288,2022-06-04,C,C
3d23874c-5129-46dc-91f1-6e510beeb5c7,2022-03-05,C,C
3e731e3d-0cd7-4c48-a6cc-6ea76530e81c,2024-01-13,C,M
428941c5-82a4-4616-9c7f-c2b486540270,2018-02-07,G,G
42e67cfc-c666-4477-bb27-cb1d5ae2d7ed,2023-11-27,C,M
478337e4-7ed1-430b-9579-64150518c4ae,2023-02-09,C,D
4ad2fb1b-2faf-4c26-a326-e81cfdfdf547,2023-01-13,C,D
4d39627b-2174-4b4a-82eb-897683434ba9,2023-10-01,C,C
4f79b6f8-1adb-4a53-9b5c-8736bb8d4d9f,2024-02-09,G,M
503e3331-1d09-463a-b764-e3e6b1a236f6,2022-12-28,E,E
51dd00ca-3b04-4bc2-a0e6-645761d1a929,2023-06-09,B,C
5362120f-1cad-40a1-87e3-084d3af9ad6b,2023-09-20,D,G
5366f10d-99f4-4d3f-a901-8e91c9eb47b3,2024-03-28,G,M
53e588db-e95b-4a72-9e62-c00b88471015,2022-12-28,C,C
5470ff35-06af-45e1-8db0-c5ead1193053,2023-01-27,O,O
55b4b8bb-b96e-4f30-a3a0-fd8aa48108c2,2024-05-03,O,P
57c92930-f228-4ee1-a501-43f9c8785179,2022-11-02,G,G
595bcec1-1924-41cd-bfc0-4e3d471f8732,2017-11-27,A,B
5cddb1bf-a592-41ef-811d-316dde798d5e,2024-11-23,M,M
5de81448-b513-4789-b955-2099d3ffbd02,2017-09-06,B,B
611de6e9-bf7a-4552-bce8-1ca9fc181ef3,2023-08-21,G,M
61634c47-aa5c-434a-99fc-6dda370297f2,2025-03-02,B,M
65a67d83-3085-4958-869a-fcf9eaa68e15,2021-12-11,G,M
66ac2518-286b-40a2-8d6c-beb4f8216c55,2021-05-01,M,M
68c9da76-b972-4021-b155-e2e0f2898c43,2022-05-11,M,M
6c60b90a-d804-4220-9884-b8c8aa84636f,2022-02-07,B,B
6e309b65-c3ff-430a-9b86-c039cb46735f,2024-02-18,E,E
6f9dd08f-abc6-402a-a3e8-5b25653686ac,2022-07-13,M,M
71405ee1-9e59-4b76-8838-06779ea7646f,2023-12-13,P,P
74754240-8fcc-4ba2-8dc8-9a3c68512746,2022-06-04,M,P
752229bc-d7e1-4b0c-aa86-0e3cd9a2bbf9,2023-10-01,E,F
759e663e-bf9c-43b7-b9c8-ff41cff3c486,2022-02-26,B,B
76de849f-afea-4f4a-a623-078863741526,2022-11-02,E,E
782d8415-3593-4b66-8dfc-99e5a77df06a,2023-11-17,E,E
784eee2e-521e-4bce-b7df-a56d148ac77c,2023-12-29,A,A
79de221e-4ee3-4ab4-8f9a-da77ac7b1f77,2023-06-21,C,M
7ccb0040-d1db-495a-88af-48c1386acd57,2023-06-29,N,N
7f74a527-5454-4689-8ec5-188560516aef,2023-06-09,E,E
7ffa979f-fe3e-44e6-83d8-b6706520b0cb,2022-12-10,G,M
8c04f298-1ba6-460a-977f-68cf9ba031ec,2021-12-28,M,M
9072a8fd-6311-4708-a720-fe4bbd987b1a,2022-05-16,F,F
941bf1c7-d62b-4bbc-bbbc-f1cbd20b23aa,2021-08-05,C,C
95103a60-f13d-4f7b-b943-51b172910ca7,2023-02-01,C,C
9a44f80e-042d-4186-8184-d9cea7439e99,2025-01-07,C,C
9c189e33-bd1d-4c01-b9f1-0d647a133653,2022-04-12,M,M
9ed076fb-72a8-4167-a040-fe961d0078f2,2023-02-01,M,M
a1021a8e-d3d8-416c-b27d-421fa0427f2a,2024-08-28,M,M
a1025cad-33ec-41da-ad05-1d8a89fc446e,2018-12-07,B,B
a125d230-c680-4cd4-a289-f29ddaa65266,2022-05-16,G,G
a2a2f16f-ac35-46f8-a754-d9f057af4db2,2023-11-18,F,M
a33e320f-25f9-42a3-b05e-4e0854d05729,2023-09-09,C,M
a79cc36f-75e5-4e83-bd27-f5da2ccf94a2,2024-10-07,E,M
a7d671e6-2841-4a2c-bd43-ec7919bf71d6,2024-07-29,E,G
a7df3d96-3d20-43b6-8220-5a4897dfde80,2023-04-18,G,G
aa3fe85b-91b2-4bf2-a603-5ab7d35015e9,2022-04-29,M,M
ab83cf30-5586-4a9e-86eb-a0eda3819b57,2022-09-20,M,O
abebaa86-e172-4504-9004-c18ec8dd5d4f,2025-02-26,B,B
af148e7b-18f1-4519-a975-4b5f2180f285,2024-05-09,G,M
b04f5ac8-ff31-40a8-9197-f88c73b54972,2025-03-23,M,P
b16c8c6e-ab48-4f4b-b959-d6acd09d170f,2023-03-23,M,M
b29be93f-ccce-4976-b3cc-3b7f88285d64,2023-08-15,G,M
b2ba6122-17b4-4d84-9a71-ba962f80b5da,2019-07-08,E,E
b2db5233-cb4f-401b-a181-8a34869251b3,2023-06-29,G,M
b411435e-a7a6-41d2-a1ef-db8c3e413838,2022-06-08,F,F
b81e89b3-636d-4bb3-b452-5521e7d16087,2018-08-30,E,E
b9d3084f-da43-4f93-8138-3c27576f4a46,2023-04-13,C,M
bbe00429-6ad4-4028-811c-fe0368a08cb2,2024-09-30,C,C
bc851010-16b0-4931-a8e7-6a40a2d824a0,2022-12-25,M,M
c154be90-e5d6-4d00-bbb7-27e6c1d9ad28,2019-10-17,C,C
c1d72b15-344b-405a-83d0-8b0a9891bea3,2023-01-17,C,M
c71109e7-067c-47dc-b733-2a53b0a678e1,2023-01-12,F,M
c71d8b0c-1d19-45b8-97af-6a566f13da7a,2023-12-09,G,M
c7b54c0d-8b17-4681-b66a-fdb50b8959cf,2023-09-28,M,M
c914954b-7bac-4fe9-868a-a6dccad7366b,2022-06-04,C,C
c96e91b1-12c8-4c0d-b69b-d3434ad57006,2019-07-16,O,P
c9aa5127-645b-4b2c-ad17-24a42a2d35bf,2025-03-01,M,O
ca6009d2-8cd2-445d-aa0d-f1c837580810,2022-10-04,M,M
d13442cf-6403-4ae7-ab8e-79857999dd80,2023-10-26,M,N
d232ea30-d1ba-43a3-8e1f-166a0c7aa10e,2024-01-05,E,E
d916e487-6620-4803-b093-3f614c67bd1a,2024-06-02,F,F
dae303e6-670a-4a51-a4dc-89fd249254f8,2024-09-27,M,M
dd14e8aa-32d5-4e84-89d2-6a3ad05d6992,2023-10-05,G,G
dd771446-2694-4690-8006-42fd9f9b11fd,2022-07-23,M,M
de9a40d2-2481-42fd-86e5-dd7a2ab87118,2025-04-03,E,G
dfe6d2a0-ecdc-4b35-9584-86acb4da7050,2024-05-23,D,D
e23a97c9-db79-47f4-b657-58d5859d8142,2023-08-01,D,D
e67b47c3-a504-4632-b555-a8fbc80df332,2022-10-05,M,M
e78cc6c8-8a30-4c11-9b43-aba16f8c5d91,2021-02-22,B,O
ec8f5c88-7776-40dc-9c4f-87b172b37a05,2022-09-15,M,M
eee6c6b0-87e4-4412-95c7-a6a0df9905f2,2023-12-21,C,C
ef168df4-566e-4168-9c38-7414045dc1ac,2024-10-07,D,M
f06f11b1-7d46-4508-a409-50eb2d2aff74,2017-10-28,C,C
f114453e-8e8b-4b41-a701-5dc208fc30e5,2022-05-20,F,M
f6790a04-8057-4d9c-bdbe-99c711d9a8bf,2024-08-01,B,M
013cda87-00a5-4764-a8e4-66a108d433cc,2022-07-29,C,E
023aa3aa-872c-4162-ac4d-91d8e788b477,2023-12-04,C,C
08e52625-ad6c-44e4-b62c-bf8d939ebf19,2022-11-02,O,O
09043e6d-4977-4434-a314-a8d89846a48b,2022-01-10,E,F
14b03d25-5680-4c77-9800-d8ea281b57a3,2023-10-03,M,P
158296b4-d340-405f-9e78-c78f4c774c81,2024-09-19,F,M
1c6a9b38-5251-4429-b5b2-5edd1dee5223,2022-06-25,M,M
1ca2c91e-d484-4cb7-b124-35013dbb56bc,2018-02-12,F,F
1f09e49b-ed90-44a9-b370-1384575e1a34,2025-06-23,B,M
23383d38-d292-48ac-bcff-a65e362b9b09,2023-09-11,A,E
2b2e101c-91de-4b65-838b-4a9ac44a0101,2020-02-17,D,D
2cceaa06-0cae-4721-9a15-a65504f2c892,2022-04-07,M,P
2e662d61-5bae-4818-b23c-b8d65024b3fc,2022-04-11,E,M
30990ed5-da35-49ee-9bd8-2bb023972de3,2023-01-30,B,M
324f678d-5cfd-4a53-be46-c3371821ef29,2024-07-29,C,M
37436e90-7065-4d34-a965-280fa313467b,2018-07-20,F,F
3787dfd0-c756-4147-a7ed-30afd90fef01,2024-01-19,D,M
3863ee8a-1272-4d25-92eb-813b6f7222c0,2024-01-29,M,M
3f46781b-682c-4730-917b-3ae3d9ddeffc,2024-09-30,F,F
40f2d0cd-29f6-4e7b-8124-e15aa980bce7,2022-06-01,M,M
41d13768-576f-4896-8f37-3bf4568986a6,2022-01-16,F,F
429cc480-a90b-448d-9fa8-a616132bbbfd,2022-04-15,M,M
43927710-f9af-4e0f-95b0-644bee8e836b,2023-09-05,G,G
4611c3bc-fd56-413c-92a6-97ce5cf2d2ea,2024-03-28,D,D
478a8498-9cf9-4150-961f-30842cf17629,2019-07-08,D,D
4e520ecd-c1a3-441b-a43b-d0fb512569d1,2024-08-06,A,M
4edee669-2757-4ba8-a010-a025653fb8bd,2024-08-26,N,O
4f5a411a-69fa-483e-b432-a0e257d4ea9c,2023-10-09,E,E
510d8c4c-2eb5-48b5-8a3c-3d67c40bfe30,2022-07-06,M,M
51278131-33e5-45c0-8509-2313843d319c,2024-03-17,O,O
5544ed75-57e2-4b65-b3c5-69705003f32b,2023-02-01,E,E
564cb5f2-1527-44a1-9e53-ab9c53a04133,2019-07-08,C,G
58e27443-f19d-478c-b21e-b89f6a507d93,2021-12-31,F,M
5cbdda99-a3b1-4861-9dac-96b76a8ea2a0,2022-03-05,C,M
5edc0113-4b68-4733-bb00-d70e6c3e735b,2022-05-18,M,O
5f4ad0f8-3198-4c23-9e7e-21420197f26a,2025-01-25,F,F
608c0cd8-763f-4c3d-aaf9-a9c6ea0876f4,2022-04-21,M,M
6252fa5e-6c42-4aa6-b269-ba75df0fd4ab,2016-12-01,F,F
65044362-46c8-44bd-b3f3-7e1cada1ea97,2021-10-05,D,D
6687e1e2-4757-413f-97c5-051a6a9ae5c6,2023-07-25,D,D
66943f90-79d6-4bc6-b80d-868ce82cd85a,2022-12-25,E,E
695bd77f-f812-4973-8a5e-6fd482758dc4,2025-02-06,G,G
6a246912-2183-456e-bb48-caa14c4f96ff,2022-03-05,M,O
6a8feaca-5c58-421d-9e11-9bf56ebe3807,2024-02-19,O,O
6b2375bb-575e-4f77-9eda-a249f09ba0f1,2017-11-15,B,B
6ea0f65c-c532-4a99-905f-730e4c06a9db,2024-09-23,B,B
6f0809a5-36ed-49d8-8800-5f03044f561d,2023-11-01,M,M
704fa782-ce2b-47cc-9a1e-ba0c66452d62,2024-02-01,O,O
718fe17a-6dd0-4f38-9e70-467afb8433d3,2018-09-29,F,F
72103546-5572-4942-a3a2-9da30998ace3,2022-11-02,D,D
72ffa9ac-e4b5-4612-8130-9adf3d1207b9,2023-05-07,B,B
74094cb1-5018-4b4b-880d-9efd2c6dcd9a,2023-03-30,M,M
746a5417-ee2f-4fe2-9151-10c35ffb7511,2020-08-03,F,F
7b6e6e27-f510-44a2-a3e7-0598e35c132d,2022-03-01,M,M
7d8a6bca-04cb-4289-80a7-8d9c8b8dfd9b,2023-02-27,G,G
7fc35356-b045-4b75-8beb-68840da9fd73,2024-01-18,D,M
816bcadc-0d6a-44b4-810a-3882e46aaed2,2023-04-01,G,M
820bb4e2-8ec7-4a58-b92f-fea28caa351b,2018-07-24,F,F
835ee1b0-b0b4-4326-b280-1aacabbbeb06,2022-09-27,M,M
8b7bac7f-e2d3-4750-b54b-bab4371bce9a,2022-06-04,C,M
8ce86c28-e8e5-405a-ab2f-eef0d34aa961,2022-08-25,C,C
8f32dfc7-0aa7-498f-8152-6de35e3bfea8,2023-10-31,G,G
90c1fa69-736a-4702-845d-44c64d23c597,2023-01-01,N,N
9868741a-2bc0-4d4e-ae9a-dbc21568568c,2023-10-15,E,E
9a0acd55-b242-453d-83df-43223a6c14cc,2024-07-18,M,M
9bef2b6d-ce34-46e3-a0a1-78488ec7e99d,2023-07-16,D,D
a50bc556-d4ee-47f2-88f0-c6abc710a88f,2025-02-11,A,A
a8290742-b038-4f42-b3c3-2619a4fce8c0,2022-06-29,M,M
aa4cdde0-70d9-4614-89c3-df15c6ecf068,2022-03-07,C,C
abbb734f-4855-4999-99a1-d88e29535f80,2024-06-15,E,P
abd06480-d07f-4e54-bfba-79205c97bebc,2023-07-25,M,M
aceee629-00a1-45b9-b3d2-409422c13afa,2022-06-28,M,M
b0722f4c-78be-4c11-ba5a-f3fece7861f1,2019-07-08,C,M
b79edbaa-1955-4ea7-81c9-9eecb8ef0124,2023-02-01,D,D
b7fd4b73-b9c4-432e-aaae-266f89683bb0,2022-07-22,E,E
b88d2bbf-6952-42d3-80ef-9666a04f68f2,2023-09-05,F,F
b96f46ad-5707-43d3-b2e2-4a2639b412ab,2024-10-08,M,M
bc384696-6759-4bfd-9b69-d388650169e1,2022-08-21,C,G
bcad3fa3-e676-4c8b-a4e5-5f34ae8ff905,2022-10-02,E,O
bde016d2-c9e6-46cb-9ffe-7fd70231acc5,2021-08-22,B,M
bf71a1a8-e877-4396-b491-962cbbd0994e,2017-10-11,E,E
c002ed6b-9573-4f48-9b2b-d89013a3fa1c,2022-05-11,F,M
c0943809-038a-45bc-92a7-527282b54317,2023-03-09,M,M
c0e9786b-3ca2-4a0c-b18c-6f632c09dd17,2019-07-17,E,F
c29a242f-8107-46f1-914f-a926c014e703,2023-07-20,B,C
c3f184cc-18ef-4d70-9590-c5d90461a4ad,2021-06-29,D,O
c5d97968-cee2-421c-b222-3798fae3cee0,2021-12-11,M,M
c83f4418-c799-46b6-afdc-91f0afe2fb02,2024-05-12,P,P
c89f90af-72aa-4811-8d38-4efd1a3777a4,2023-03-30,D,G
cbc7174f-1092-49f3-9fb0-8c9b7d82f611,2024-06-01,P,P
cd4faaa0-7fe4-4ba6-b26e-04fdfb4f0a16,2022-03-05,C,C
cedf9762-f379-431e-9958-a0d3b7b818f9,2023-03-13,M,M
d0044d1e-e106-4dbd-8e37-b619aa27e9ac,2024-01-27,M,M
d1f2492b-e547-4fa8-bdb6-d6763ac7d47f,2022-10-10,B,B
d6963ff6-7535-44e6-a0f6-cc93148e6963,2022-06-04,D,M
d79d81e2-f2eb-4983-8200-afc88665e388,2016-12-04,F,F
da8a1a16-4fb2-4bf1-9e9a-f9c59aabad47,2023-02-17,M,M
dc23db96-babd-4e9e-9e3a-5c77eba13cbe,2022-08-09,G,G
e030d5de-c47c-47cf-92f0-135abf63dc06,2023-02-02,E,E
e0fe7b48-4dd9-4e4b-bff5-e0323814365f,2018-08-16,C,C
e68324c5-165f-4993-86e2-9423da3407d0,2022-06-29,M,M
e711121c-698a-4434-8d95-74aecd00ef63,2023-02-01,D,D
e7369399-bda3-4ec3-9a8c-ee635924f077,2021-11-30,A,A
eac4b171-440e-4bd1-852c-038c817542d6,2023-02-22,M,M
eead1c09-9b77-4126-9bfd-41e419aa781f,2019-10-02,E,M
f6c8ce5d-71e9-47d9-9b53-2f5dc7885fbe,2022-07-30,M,M
f8200fbb-5dae-4137-8751-ffea163ac41e,2022-05-29,M,M
fa077f45-4f53-4ee5-b86c-eceaee58efc2,2022-03-24,O,O
fa9d9be0-1ce3-44cb-8732-93027cebf560,2025-03-19,E,E
fcb119b5-cff8-41d3-9b3d-1ae5723115a9,2022-10-29,A,M
fef61359-f076-4972-a676-7917178e153f,2019-07-08,O,O
050d9645-f05a-4452-ba5e-a4ddb3804491,2023-03-03,C,M
06c95486-a195-4ae7-86a4-af05c04fbc0f,2024-05-14,P,P
06f47ead-b9d7-449f-8851-cf185e104fbe,2022-10-07,M,M
09ddb41f-da19-4f30-9d29-3d094202ee63,2024-04-08,P,P
0a2d0d07-b02a-4deb-af20-2104541e868c,2024-01-16,M,M
0b059c1d-e2b1-4d42-b3a8-6624a0672195,2024-10-07,B,P
0c6cb0ce-d970-429a-9a5c-82247eb6f0a3,2023-09-04,B,B
11104394-d9f6-474b-aae7-72f8cbbd8161,2022-10-29,B,M
11ebb089-c982-4b98-869c-aabcdf7b72c0,2023-04-11,B,M
13fe36ba-4ac1-420f-88f5-e8a750b149ec,2023-05-07,M,M
1836cc6f-1033-4c8d-b846-3034b6e60446,2021-05-06,O,O
190ae207-7263-4c5d-aedb-ca04f4964dac,2023-02-20,M,M
19b73e63-1f23-4f84-a411-7f5cf8ec2695,2023-09-21,D,M
1d996d3c-4beb-4cb5-b4dd-ede4e7ed44c6,2023-08-16,D,D
2112d3f2-f06d-4917-94ab-113879ab232c,2019-07-08,D,D
2274dcd3-7928-4f91-8e52-53b4ae0b9884,2024-09-29,M,M
25983b59-02c1-41dc-927c-54bb74fb5d85,2022-02-11,M,M
25bcaf0b-5aa7-470b-9bfa-486f6a0ce3ff,2023-03-30,G,M
26f5cca7-8f72-4d21-a765-e86b238fbdf5,2020-07-20,C,C
2b3baff2-898d-4775-8162-5ac65a7294d8,2018-02-19,F,F
2c198aa5-16b4-4253-90de-02196e61d4c9,2023-10-31,F,F
2c3150a4-4726-4585-b7ca-180c7a3b6a63,2022-03-21,G,G
2c502966-3f02-4274-bb60-b709ec208c00,2024-02-26,M,P
2f6afc02-74ef-4cf7-9fee-83f69af043d3,2022-09-27,M,M
340d4f79-8970-4ecf-be1b-b220f8c7b378,2022-07-03,M,M
34777e0d-7ca7-4002-8f11-c6a6254ee383,2024-07-16,E,M
36db9ac5-756e-4f9e-a9a4-edcb901f7a86,2024-10-16,M,O
37604947-3660-4fc8-8402-ee3d0f135e93,2020-03-30,C,C
3a6cee34-1585-4764-85f7-0d52f57aec4a,2022-06-13,F,F
3a6fa52c-655d-44ce-b73d-a8b3f0dc457b,2023-11-12,F,G
3b9517b4-908e-4b26-9869-efd0aaa8919e,2024-10-31,E,E
42370764-3900-4b0b-b612-6421e7d9a222,2021-08-23,O,O
43e2ef90-6801-4be5-a553-7f445c654e02,2021-12-02,F,F
45422790-0441-4574-9687-b3acd2a2b973,2022-05-21,M,M
471a7cf9-3d3d-4798-856c-d41a60eed74f,2021-12-02,M,M
47360271-5090-43ef-b769-3ff1e5d66ec8,2022-07-01,M,M
474bd5c4-deeb-4535-b4c5-9de5f1311b49,2021-11-14,A,B
499cc152-29f6-4768-a61f-c31ca0dd671d,2018-08-10,F,F
4aec0b7e-911c-4396-bd46-312d366da13f,2022-03-13,G,M
4b545849-eb50-4af7-b327-ae14fbc2e00d,2022-07-11,M,M
502df038-28a6-4bdb-8ad3-5e49cb7d0320,2023-02-01,D,F
5093a310-54c5-4ed2-8079-91de4013d53f,2023-05-29,D,D
5346fb7e-c2f4-42dd-8764-6e60cfd19553,2022-05-16,C,M
578d91c2-e444-401f-8039-fe77005b52c5,2024-10-12,E,O
5e49a62d-5ad7-4016-a65a-9f1d743d8744,2022-10-30,F,P
613fe9d9-19f7-4aba-8da9-3d0fa723ebc7,2022-09-08,D,M
66343a90-36f7-4591-bdae-b70d82c62fff,2019-07-08,E,M
66fdd45d-7bb4-4d7e-af3d-804194feecda,2024-04-11,G,M
68da7080-e2bf-4298-b342-09dc4e90ab0b,2023-05-01,A,A
6a3b8cfe-17fc-4cef-a0a7-ff486d89efc2,2024-04-24,B,M
6d68a642-19ce-40d1-94b5-84a58a84cb6b,2021-09-16,B,B
6e16f23d-6f41-4861-9ef6-833e3e1a873a,2021-06-11,M,M
71ce3f28-89ca-4717-bd74-4214aac3dbe7,2024-02-18,B,M
72d53d76-f49c-44e6-8f0b-78346287985b,2019-07-08,F,F
7b3d7493-6d0d-4d6f-8b53-89b45cff3c56,2021-03-31,E,E
7d98827d-c5da-4868-a105-24d04bf26cb0,2022-05-10,B,B
7f568fe0-3f0a-4781-99c0-af74a1894fad,2021-01-25,D,M
7fa3a0cf-ab07-4a95-a7f9-113ad1015a71,2022-01-16,F,M
8095d697-c8bf-40ec-8ffe-2fbe1927bf72,2024-08-11,P,P
842cd93e-29b2-412f-92ba-325e39bafa68,2024-06-22,D,M
84340d77-69fb-4b8c-b787-35eff9b5dc5f,2022-02-08,B,B
843c8811-0862-480f-a19a-7bef97e890a0,2023-10-12,E,M
87c9423b-b464-4f42-ab76-ab4e4d314d2e,2017-09-18,C,C
8a632f11-98a4-4d9c-b0a0-e655cfeaf791,2022-08-01,F,M
8b5b587b-933d-4603-9b44-1c008907cc7b,2023-11-27,C,F
91bcb45b-c139-413d-9fc0-2afd3ab6df83,2022-04-29,G,M
95566653-3cb2-400f-b788-8b1d11dde836,2022-12-31,B,C
97915cad-2d19-4bdd-b3c1-ad1487e31a21,2023-05-13,N,O
98c4d34b-c552-46c9-a859-44689967ef27,2024-06-28,B,M
999d0db5-136f-4eee-8a63-93aa7c77d0f7,2022-08-04,M,M
9af15fcc-b28d-4240-857d-a553374d6e50,2022-10-13,A,M
9b2fdb34-c6c5-41a5-a52d-2214b3f8e205,2024-09-27,A,C
9b8f3655-79dc-4d9d-9753-22c2a77b8b23,2022-05-23,E,M
9e064bb5-b9c0-4694-b0e6-2451929255cc,2019-07-08,E,E
9f009934-a610-47df-9801-0d560c2f5223,2021-03-15,A,A
a44628d5-b0d6-4c65-9be2-f19ae4e4954e,2021-01-11,O,O
a48ba4e4-949f-4562-8d24-07eb68756825,2023-02-01,E,E
a7c05295-5b61-43e2-92e3-9f248744a157,2024-10-08,M,M
a9bbc2a8-ffb6-4770-8e62-293ceadee4d5,2023-04-12,D,E
ac877204-f648-4b17-a1e8-549ec3b9916c,2023-03-22,F,M
af78e73f-ce28-494d-973e-b75bd1dd8a3b,2024-05-23,F,F
b2965bc0-56c7-4e63-8061-b23e45863eb7,2022-07-06,E,M
b51162c4-ec7d-4e25-acc5-59edecc25b7c,2023-06-13,M,M
b6bfd227-b08d-487d-a191-6555654c7eb1,2019-07-08,O,O
b728caa2-1a90-40bb-9541-3a1dbf11960e,2023-02-28,C,M
ba187105-9408-4ca4-8f36-41b3c8e1f366,2024-04-04,E,E
bd344895-1e2b-425b-934a-20da8b5c2355,2020-06-15,E,P
bf7b176f-480d-45bb-a958-21b479381b47,2022-07-08,G,G
c03c8d9e-e4b8-4dbc-9266-01822bab6734,2021-11-29,G,G
c0b21a58-8dd3-47e3-bf5c-97448e973e88,2022-02-25,G,G
c2c4bf2f-d607-4442-9996-e1dde9bd814a,2023-03-30,M,O
c462dd12-9f86-4d93-a425-e535010b0689,2022-01-24,A,O
c5bdc81f-17c7-44ae-a517-cedd7a95d177,2022-11-19,E,E
c6c58b3a-eb2a-41a6-9c41-473a2817fd11,2019-07-08,D,D
c816501f-dc1a-4027-91a2-5ff782e5babe,2022-06-02,C,C
c907c713-beac-429c-b787-e6b002b9a954,2023-04-22,C,C
cb4f469e-05fd-4780-881c-455be4bb2c18,2022-10-11,A,A
d159ee14-4cce-4390-b562-7a790a1ab2c8,2022-09-26,F,M
d381b18a-583f-4caf-a2c0-f1e95f0b769d,2022-11-01,M,M
d3a8e36d-f4c3-4559-b98b-285ca35c0fbe,2022-02-27,C,C
d44aa70b-02f7-4d3e-b026-e55710fa3a1c,2018-11-28,M,M
d82779ec-e8ab-4dea-9858-74a96552b426,2022-08-09,D,D
d9b890a0-b338-4e50-a7ce-069232432005,2025-07-21,M,M
da68b6ea-872c-49b8-aac2-704b48ee64da,2019-11-11,G,M
dbaf8475-f079-4417-8f51-01c14df6594b,2021-12-19,M,M
de48087a-7f63-4f93-bcf2-f0198ff3fc78,2022-03-03,M,M
df33f7f2-569c-4bf5-850c-18393b9dddf6,2022-07-12,M,M
e3c1ef21-c98e-4601-bc9e-0f5fdf4ab776,2024-09-20,M,P
e8a4bf65-aed6-4e78-b9de-9aa78fdb6dc8,2018-05-02,F,F
eb96fbab-8ae4-41c5-85c6-24685b819553,2017-11-24,C,C
eebcd56b-6bc8-40b9-b6a1-433b15b34a4d,2023-05-29,M,M
efd8a717-9e0a-47fd-b65e-2640c1f6ee51,2023-12-16,C,C
f2b29549-306d-4aa3-a699-399f27e1c757,2024-08-10,M,P
f3107be1-26e4-416b-8cf0-54873329773d,2022-04-09,M,M
f39b3bc6-e652-4e44-a5bf-c66e86b7554e,2024-09-17,E,E
f5cbddbd-6c22-4ca4-a81b-e49668839034,2023-08-01,M,M
f64db01c-d240-4ca4-b775-8f5b100c93ba,2022-03-04,M,M
f75d261e-14e1-4a99-ae30-8a2e98ba13ea,2023-12-27,G,M
8cb7fc34-c627-4a87-bbbf-85e8b9caa92c,2024-05-24,,
006c81c7-b288-41b6-844f-d7f5ea33cc3e,2022-03-28,G,M
0294c9cd-4bc4-4d3f-a2ef-a8ff3fd6544b,2020-02-08,E,E
0497fbde-aaec-49d0-a9d8-d9b09d1e5dde,2022-11-27,E,E
04c5bb20-ee59-4389-a55e-3cda3010f7e3,2024-01-09,B,O
0548302b-b686-49b1-b19d-2cf9937a69bb,2022-05-27,G,M
057748a9-418c-40ff-82e6-61f75031c08e,2024-02-23,D,D
09d2b7ad-7d18-4e96-bbea-26be5b412224,2022-03-05,M,M
0b9f577f-9e58-494c-994e-6f76603f2c42,2023-01-11,D,D
0d3f8baa-dfb1-442d-aeb3-12bc2730cdd1,2021-10-05,B,P
0d6b2a5c-9ebd-4789-ada5-dc2649a0e652,2024-09-28,M,M
14479e94-3209-461b-a8ae-786161514f40,2023-05-29,D,D
15866f21-c2e3-447d-b235-a3b13cfb4176,2022-05-02,G,G
169c0214-6130-4a98-90a3-3a5431d5dafa,2023-05-29,F,F
17a22828-8ff9-48cf-b974-cf193832d8c5,2019-11-26,F,F
17ed16d9-334b-4aec-8f83-4f82473a607c,2024-11-17,M,M
18f09290-9478-4951-bf97-0d4d514f5b24,2022-06-27,C,M
257bb568-7a29-4e1e-ac5d-90291581fdef,2019-07-08,G,G
298b41d6-75f4-4b45-8bdf-d046d3584458,2021-07-11,O,O
29ff5eed-6e2c-4a38-8e78-74a2ab9ea414,2022-07-05,C,P
2e4dd04f-c390-4466-8ea9-a639a5408b09,2023-06-29,C,F
2fb7bdcb-ca5e-4815-8db0-6d24ea57e344,2021-05-01,G,P
369ed4ac-94ba-403d-bbda-266e023fc4ed,2024-03-21,D,D
39981872-d582-464b-b2fb-ac0c8ac6f350,2024-08-05,D,M
3fc4c8e0-e0f1-46a0-9704-8f1df9fb0d91,2021-06-03,F,F
404d4c52-4b35-44bf-bfeb-aed13b69bde0,2024-11-19,F,G
42c592f5-021e-4a3b-9fd9-553e3e962e1d,2024-02-10,M,O
43a56733-ee95-4bd0-be27-17229e72bed1,2025-01-29,E,M
44aa724c-8386-45e3-ac81-c6bf35390bdc,2023-08-03,F,F
44d16471-9e12-40da-adf6-858afc076557,2025-04-08,M,M
49d6db6a-8129-4039-bc77-fdee59fdaaa4,2023-03-23,D,M
4aed9b40-6777-4092-b84d-e4993e768359,2022-02-07,B,M
4c21c477-472c-42ca-996d-1a1a40d02ca8,2024-01-31,B,M
50b456dd-cc9f-4390-9251-211656911852,2020-08-10,E,E
523480d2-2c82-484f-9899-b8881cea512a,2025-05-18,C,M
532cb257-433b-46f4-a220-1562474d00c4,2019-08-07,A,A
57ab36a4-55c2-480a-b135-d02201360985,2023-03-30,D,D
5aa444c1-70c1-4f65-8f69-267b657b5e6e,2022-12-13,D,D
5cc4b2cc-5cf2-4b24-9ceb-c27e660434cb,2023-08-01,C,M
5cdcf45c-29c9-4be6-9ff6-488cd8f20df9,2023-09-04,E,F
5d33bf7e-25af-464f-874d-28483831f155,2022-09-27,B,M
5e78c324-447a-48b2-a8b4-8d3faf9ea0e5,2022-12-17,B,G
5f5cbbe7-e8f7-4bf6-a0e4-3b5534621756,2019-07-17,C,M
61c8afb4-e1e4-4bf4-a941-a74e105f75eb,2020-10-19,M,O
63bd68a8-2dae-4cf7-a843-e612dc29818f,2024-08-28,M,M
6454fb7d-e169-4d05-8b38-abbb3e62b354,2022-01-12,M,M
664fcd64-0fee-425c-a24f-62e6ba8efc3e,2022-06-07,M,P
669600d4-c67d-4f5e-8b61-fcf255c88f39,2024-08-26,M,P
67a42ee8-7df3-4fd0-bccb-33715e9a2995,2024-05-24,M,M
6912e240-b637-47b0-8d2d-9f2c1b298985,2019-07-08,M,M
6aa9e248-9f7f-43a5-a819-bbce69a6a183,2023-03-30,B,C
6b229aa0-a3f0-421e-b93b-73d1a2ec387c,2019-08-13,A,E
6c20d2f5-2e5e-4440-a526-7fbd77e3f25d,2023-08-28,M,M
6dfc69c9-97c6-4847-a939-1d9f63497f96,2022-02-20,M,P
71666b96-ddbe-42cb-8a4a-eb007460e388,2017-07-03,G,G
71863ce0-b44a-4e84-88d7-3dfb2d4077f7,2023-01-22,F,F
74c2360c-858e-4d9f-81ec-faafdb47ea4f,2022-02-27,E,E
76f5c284-83a8-4669-8c5f-2e1f8aa33762,2019-09-01,F,M
7736f594-8d01-4176-90ef-183a2ad21cf5,2024-05-24,M,M
78632765-98fa-4384-a11d-9618a5e7ed7e,2021-12-02,D,M
7d00452a-961b-4a4e-a6ea-e61107218380,2024-11-27,F,F
7d2f02ec-1b21-4e2e-a49a-e53d40c92b31,2023-07-13,M,M
81c7a0b8-7cfb-484f-be16-407e04a687bd,2024-05-24,D,D
82870d4a-8a06-4230-b961-4063704dba76,2021-12-11,M,M
8369ab10-a786-42bc-8b4a-d26040cf8425,2022-03-22,C,O
841c0826-a3df-42a2-9160-d8fdc520bfab,2021-01-11,B,B
84f69806-1f62-49ea-a43c-69ea23c81dc7,2019-07-17,M,M
87788d23-633e-48c2-9cd1-40a7e5cd8b08,2023-03-02,F,F
87f18083-87a5-496d-8077-8ae4609763e8,2023-06-15,M,M
88ea1b59-502b-4792-9583-c40347617324,2025-02-05,D,D
8bf298ab-bf7e-4685-837c-97f6300c4d81,2022-02-22,B,B
8dcc6022-1588-4055-b28f-c8c919c21585,2023-03-19,F,F
8f2b83eb-6b84-48fd-b37a-b67e0d78f94c,2024-05-24,E,E
90c6d812-6010-44ae-8520-a720b0e4c72c,2024-05-22,M,M
915144ce-bb2e-4f8e-8a2b-f6cf5a3766c6,2019-07-08,P,P
922ea9e7-b2a9-46a8-b97d-efecd5214121,2022-05-14,C,C
9243f34c-404a-4620-a52d-45f867c3db1d,2023-07-22,E,M
92952927-143d-4eeb-ac02-2b6ea9efa87e,2023-03-30,F,F
93b80b4b-c6f6-441a-8d2d-e0d6674932e3,2020-01-06,E,E
950b783c-8ff0-47d2-a0f7-5fb296941878,2023-05-22,A,A
958ff4a1-3533-4a39-839a-0b2c4fa6c91f,2024-10-26,C,E
9ec637f9-83db-4330-be38-0964c4b9dfb9,2021-12-11,C,M
a362325d-12c2-4707-8ab9-20c59aab7dd1,2022-03-05,M,M
a8f398bf-c666-4e30-8ead-23191c56c776,2022-10-18,M,M
a90be91f-c7f7-438e-b239-7e734ff5a5d2,2018-01-11,M,M
ad6eb46a-9509-4eb2-9db5-d5126510b424,2023-03-07,M,M
b18daed4-3ff8-403d-a4d2-c27c06bdf0f6,2022-08-04,M,M
b262fbcb-6274-4e75-94e5-193e9de704fe,2021-12-22,M,M
b622f8dd-6652-48cf-95d8-6f4fc90490ab,2022-02-18,E,M
b668bf20-3731-4fad-8946-2ff3cd3aec37,2023-02-28,M,M
b69e291a-4114-4502-b088-7d39960115d1,2023-02-04,D,M
b716bd5b-7a2e-449a-8f02-41793b969373,2021-06-04,M,M
b8ac0656-dc95-42e9-8169-52d30b9bdce2,2022-05-08,B,C
b8b1c56c-e0d2-4e41-859e-d44324047668,2024-05-03,M,M
b93657f4-4389-417f-8403-02317f95d0ad,2025-01-31,M,M
ba8c168f-592b-46d1-9526-08ca8ddc711a,2022-07-06,M,P
ba8e12be-34df-48ac-a12f-04216a8a6099,2024-07-31,M,M
bb9eb460-a1b2-47a9-9563-d7a2c1cd1f88,2022-12-30,E,M
bcc6f2e4-86f8-4a9d-9e2e-6f0c24c97803,2023-01-09,M,M
bf33c478-bd15-456a-96bf-f0c697153a7c,2022-05-03,D,M
bfa08cc8-7d1e-4c42-9875-6ea675404911,2025-09-11,M,M
c1a2c9c9-cfc0-438f-bd8d-66df1f3261e3,2024-08-21,A,M
c315b07b-3796-4ca6-919a-936ea3afdc4b,2023-02-01,D,D
c413fc22-b7c2-46a9-899e-7bf28bf6ca78,2023-05-29,O,O
c468aab6-6607-4f13-9715-3827b66fabf9,2020-09-07,D,D
c53c7587-31c2-4d44-b2be-8c325645e69a,2023-10-16,C,C
c5dbe4e0-22a9-4c5b-b74f-ade32a59aa79,2022-03-05,E,M
c750377a-37b7-46c2-83dc-20303fc8203d,2025-02-05,M,M
c802d64c-554d-470d-8f01-38d73a19ef57,2022-04-30,M,M
ca496fde-d2b4-4683-b8c3-65baff26990c,2022-06-04,E,M
ca79165d-bc51-4d5e-81d7-57261aa3fc1f,2021-11-03,O,O
cc74db0a-0866-4d0f-8bf6-163a0c3cb5da,2023-09-15,B,E
cd242f54-0716-46d5-a29c-493637bca5b8,2023-12-21,M,O
cea3b822-f01b-49cc-90da-e3c7e999faec,2022-09-21,M,M
d0f02666-226a-4f84-a281-f6a17942b25f,2024-07-31,B,C
d166951a-e6c6-4a18-a31b-c607f9dacd22,2022-03-05,E,E
d32238ba-5337-4813-9789-49bdc7398b3c,2023-05-29,B,M
d37a42e4-0705-4983-a465-5f97507818d6,2024-05-19,C,M
d3e3cfdb-2386-431b-94b0-56fc19808f3f,2021-03-10,C,G
d830e6ce-e7fb-4773-94fc-0d737b4b9ab5,2025-01-20,C,N
db773522-b2ab-464f-9ec8-47f2ca370107,2022-07-11,M,M
dd56f918-0210-4180-90e0-44fa7c413319,2020-10-12,D,E
de63481d-e808-49b9-9bde-1f6cfd2fafd5,2021-02-25,E,E
e1cc6d9f-de94-42db-8acf-6a7a12dcadd9,2022-07-30,E,M
056c6375-5b79-4f68-aeb3-9aefccf5526a,2022-04-09,D,M
08a7e6a8-799e-43b7-82f1-3f3493377460,2020-01-07,B,D
0c6f8d9e-0391-4751-a078-b68ca0c488f3,2024-07-29,O,O
0f95f46d-62e3-4d0a-bdb7-8fe675d27249,2023-04-09,M,O
119c9304-739c-4ece-be48-2731aff038da,2022-12-19,D,E
15402150-1097-4d7a-820d-86fb21300637,2022-04-16,M,M
155c0cb1-34e5-4036-be27-c5aa7c48a0cc,2023-09-28,M,M
16ce3d43-5531-4211-884d-120222e5b9c8,2023-10-31,C,C
1d98dde8-451e-4346-bce5-e6d9dc080fd0,2021-03-06,M,M
1db0d2ad-db88-4fca-9f06-7c3027f5fbfd,2023-05-29,E,E
1dd3ec8b-3c24-4f6c-ba67-6bbd4b00de8c,2019-12-09,E,E
1e07b2e3-79f8-4ab2-a9f1-427b171a08a2,2023-04-04,G,G
1e2b589b-5389-4afc-bbff-93cd3fef31f4,2022-01-08,A,A
1e871663-26dc-4be7-8ccf-eab397f22e7e,2021-12-02,C,C
1f9c24bd-8d03-4456-8014-7325b1008e6f,2022-10-20,M,M
200be733-aa3e-4edb-b66a-4ef91502af8e,2022-10-30,A,B
2125560f-c9c0-4cf8-aa18-63c39e871855,2022-09-19,D,D
2dca5b51-55ea-4787-b623-0e53d754ecdb,2024-03-22,P,P
30b8dc82-71b2-4fd1-8b93-d8c0e03525e4,2021-12-02,E,E
32570a84-bbb2-4875-9f3c-fb1b28ea0a5e,2024-03-02,F,M
35d925ac-1623-4542-a44b-1623b67008e5,2022-06-04,E,P
3677590a-1638-4d4b-a061-18e9cd61713d,2023-12-08,G,P
398733d4-ae18-4c46-82cb-e4fa0b85eaca,2019-10-14,F,F
3e4969cb-1073-4f11-ab6d-32f4c755de19,2022-10-10,M,M
4a48599a-f185-4f37-b3d5-09256234e0b7,2024-09-30,B,B
4bc7c55e-8368-42c9-98e2-7ff5bdf8793d,2022-10-08,M,M
4cc4a04a-5ac1-467c-8113-83cd6da2e0aa,2021-09-01,M,M
4f878d9e-9b22-46a0-bbd0-846657e8502f,2022-11-24,D,D
522bc1a7-f047-4297-b480-bcfb8c54d43d,2021-04-12,E,E
526e5623-7bbb-4e7b-947d-391b49edd7f6,2022-05-04,M,M
596a199b-c66c-423e-9a8c-550d652a9582,2022-10-17,D,M
5bf1ccad-83a2-40c5-ba25-02ffe565225c,2024-10-07,C,F
5d4e802b-1807-46b2-aea2-87dfa3c553ee,2022-08-19,C,O
610427c4-2145-4ba6-ad99-c88f5606f0b9,2023-06-19,E,G
66967e6b-f0c7-4b21-90c8-4f1b974823bc,2017-12-16,F,F
678eb972-fb6f-45de-9a9d-df18b0189e96,2016-12-05,F,F
685228e0-f8bc-43f6-b527-ef63c982a101,2022-06-04,D,D
6a68e4f4-7dd8-4ee0-803b-c4f13f3bb726,2022-03-05,D,D
6ad43b7d-7390-4e5f-9be4-788f4c13150c,2018-02-01,F,F
6fb1989e-021d-4d26-88a6-7ed1493ad47e,2023-05-29,E,E
720ffda7-754e-4ef8-8302-ad4a4b16a459,2021-07-05,B,G
79161788-d96d-44ab-9f63-b718c313829c,2021-12-02,G,G
79769878-3a5f-4c19-a6ff-837285e70321,2022-12-18,F,M
7b451ae1-58a3-445b-9b35-fd440c41461b,2023-02-03,O,O
7c25db8c-ef88-4712-a826-5f63f2f51316,2023-03-30,E,E
7d0b9176-3df5-4c1c-8ddb-0bd44621fa4f,2024-03-04,C,M
7e2b358c-0f7f-4a11-982c-47371e890689,2024-12-29,C,M
7f32d013-4e76-4279-8c6c-ca18fcb120c7,2023-02-01,C,M
80572d79-40f5-45c8-9e84-638c9390e758,2022-03-07,C,M
81c3a8cd-31cb-4020-942c-c9f0aaa84cb5,2023-02-01,C,C
873ce4de-5267-4c06-9e3a-78878b3abaf4,2021-07-30,G,G
8763072b-f7c3-4a69-9e74-e074cfed2f60,2023-12-30,D,D
87f0a342-ee09-4eaa-9fba-582a26ff9406,2022-07-11,A,A
889b3784-5965-4af2-a445-f1912abe3f9a,2023-02-16,M,P
8ab63ae4-9902-4450-b3b5-f09227f955f1,2024-01-07,O,O
8edebd14-eb43-4613-946c-83c64864d48e,2024-05-20,M,M
8f6bafc3-5d7b-49a6-97b7-6a5d691596fe,2022-06-16,D,D
8f6e109a-9d22-4183-b5ab-9166ffbc0422,2024-07-01,M,P
95435470-c529-4f32-b4d3-ac25d4d29d0b,2022-02-08,E,E
99e56f3e-7c58-490f-969a-b6f28f7bfc0d,2024-07-29,E,E
9a15b075-7fec-42e9-8747-84ef4ce00f64,2024-02-15,M,M
9f27f51f-363e-42d4-a772-2dbaf2e0aa21,2022-01-04,M,M
a42ed538-04ed-401c-af89-d192800707b6,2021-12-02,D,D
a4948a27-4e0d-4e0e-8dab-f8df45d76c0e,2024-02-08,D,D
a51d5917-6dcd-4aaa-98a8-1095f8e2b390,2024-02-01,C,C
a8a70bcd-dd22-4f8d-a34a-abd6e4b392a1,2022-02-27,M,M
aaecd183-a9ff-452e-9211-dcef01b2560d,2023-10-31,N,N
ad70bb9f-8da9-4c28-9477-cbe4c3ae2229,2022-01-21,M,M
b11098dd-94e2-4565-abef-fac70c358cd4,2021-05-03,D,D
b7d56009-ddca-4ba5-a7a1-ab17b84573bd,2024-07-31,D,E
b7eeed0b-96a2-4694-ab1c-20660d8ec9f9,2019-07-08,M,M
b8a8ed58-d615-4ecf-a80e-9c73f591c805,2019-11-06,F,F
baa01513-4ce7-448d-9b80-af8c2b9de590,2022-05-04,B,C
bae86052-e417-4b69-a379-537e349d5b9b,2024-05-27,C,M
bcdb5806-646e-4355-af86-d1aeda9156fe,2025-08-03,C,C
c27e0df9-3b21-47e2-a45b-1b18a62e2b76,2024-07-14,E,E
c772178c-baa5-4b4b-9334-be933efb0398,2022-06-30,M,M
ca447ef5-3e79-4f95-87cc-dd4935fe51a4,2021-09-09,M,M
cb9a42a3-0f8a-42c8-8277-3bb25e0e2358,2021-06-07,E,E
cbe4f545-03df-4e95-b7b7-aede547707e0,2022-12-25,C,C
ccd16dcb-e088-4527-ac91-9f2b5a669f9d,2022-06-27,E,M
ceb70314-d4c9-4112-9b6e-aca858b89099,2022-08-19,F,F
cfb4a5d8-0363-413d-8a3e-c51e95f50b18,2019-08-17,A,A
d1519e12-3f49-4f93-88fc-a5a4b5e53b1c,2023-04-01,E,E
d2889d97-c6d1-43f9-b8b8-3b1bd2356ac9,2021-12-23,C,C
d4578116-fdf6-454c-95fa-eb6d4635659e,2024-01-12,E,E
ebf59b51-4908-4f0b-b5ba-18f30b4acdfa,2022-05-28,B,E
ee8f6ea8-0c9e-48a1-9ba0-0748a330cd23,2021-12-11,B,P
f17ed67b-b0b1-4944-8d0d-cae229131c08,2022-04-12,D,M
f352bb06-4935-4dff-9d41-e065e35c7ec4,2023-03-25,B,D
f4bb0f38-849a-4dcf-81ca-7ad716dd1c79,2022-09-27,M,M
f9f83110-b638-4de7-932b-567947d1142f,2022-10-16,F,M
fc90dd18-d6f1-40bd-8f35-6486c7a4bf0b,2022-12-18,M,M
02173837-3379-4dc1-80e2-6cc2f644da00,2022-04-13,M,M
037ae43f-6694-47d2-b134-d95e9815af51,2018-07-31,D,D
04a32ee4-36b6-4178-9aba-2c63f9731c48,2023-06-23,D,D
074d5fba-d6bc-4206-aaf5-e0b2d4370c57,2023-05-29,F,M
08269a07-8245-46f5-bacc-e2a31c1fce8b,2023-07-20,E,M
0a68056f-a7c5-42ea-b16c-cacef8473f38,2017-02-06,E,E
0abab772-781a-46ce-b686-a54ba262b6af,2022-06-04,F,M
0d27c1db-d196-46b5-a0d4-986af7afd3d8,2022-12-28,M,M
0e37a071-0f04-42fd-91e3-31462a23bbe0,2024-06-28,E,M
0f6ba8a3-692e-43e1-8da2-59efbaccc1b5,2017-11-19,C,C
10669f8f-03a4-4dcd-bd1b-0f094c2e6450,2023-02-04,D,M
160a8c99-9d3d-4b29-8648-ca8aa7525643,2023-03-18,G,M
160f65e1-707f-48f9-a74a-2d78fdc3fec3,2021-10-15,M,M
19c66616-7f6d-4f32-bd9a-6d4c7200ede4,2022-06-04,M,M
1e06e619-1072-48a3-ae90-6158865836bd,2022-07-30,B,B
24af26da-3035-43cc-aedb-b8bf70379a1e,2023-11-30,D,P
31c3f782-cb2b-41a8-b2d9-a32340a42a12,2022-11-02,M,M
33abddf8-1696-42af-bf25-b8138eb6ca15,2024-05-23,M,M
37d2be3f-4d45-4438-b4de-072cb8eb8cf3,2022-05-02,M,M
38471280-42ac-404b-9ef3-d79f6b46d15f,2022-12-28,B,B
386179d4-de58-4068-83f3-032dd1ba0cbc,2022-07-25,E,E
3918107a-d5bb-4d97-ab1a-2761c078906b,2024-05-24,E,E
3a038042-ab5b-4a62-9739-e803cd2ab40d,2022-03-03,M,M
3ad1fe9a-d3c3-4757-a9f0-323d20d1f4af,2023-07-26,M,M
4040b4e4-58e1-4ffc-bb80-d408b5d0beab,2023-03-03,G,M
40775c11-5ca7-4ebf-84cc-4e2e7c2b85f4,2023-05-21,A,D
412e9ff7-1c4b-4433-8378-2ec05a1c4bca,2024-01-28,C,C
43794583-901d-4b42-b257-dda165f0177c,2022-04-05,M,M
4990f28e-68b0-4dd5-82b3-457f93336e57,2022-02-01,C,F
4a3aaf1b-19a5-47dc-a478-532a892693df,2024-05-24,C,C
4ac72db7-3125-4de9-9a84-d942efd231cf,2022-08-30,B,M
560e88ff-7f32-4951-94b3-eebddbd8135d,2019-01-14,E,E
563de7d8-4ff4-43a6-a41f-917954828fa3,2021-09-06,D,D
577da01d-e95d-4a85-b434-afad0b8eff54,2024-08-02,B,M
5884fdd4-b783-46f4-925b-1e37cb476118,2022-07-31,M,M
612bcf0d-d0ae-4d98-8e7c-8da7d0b015f9,2020-12-27,E,E
65f5f019-3c7d-41db-af8c-7b66e3a3e9a0,2021-04-15,C,C
695d0351-f80a-47ef-a0c9-8aa01369e8c6,2023-08-02,C,M
6a19b99f-877f-47bd-929e-dc83dedde765,2019-04-29,M,M
6ad9c1c1-d6f1-447c-be7a-214880207674,2024-08-06,C,M
6c59b3a5-a759-49c0-abbd-4fdaa682cc11,2024-10-07,C,M
6de9c58c-bf66-42f0-8e4f-26616b388446,2024-05-24,E,E
6e333e7a-1d17-4a60-adc3-6c29833c8b50,2022-05-19,M,M
6fd8d5af-3af2-4dd2-8af9-bc8d125376a6,2022-08-04,F,F
707adb02-b13c-474f-8063-289f76e8937f,2023-02-01,E,E
7117b716-6e1f-4cba-9367-9a608395a469,2022-01-13,G,G
73b1c280-60a7-46ca-9bf1-c552cd8e8e90,2023-12-23,C,M
74abd282-d59c-4515-90c1-a0c77896c40f,2019-07-17,F,F
7a706ebc-80f2-415c-9862-adf76a9d322e,2022-01-31,C,M
7acafbbc-b5d2-433e-aa35-9310133d5cea,2019-08-12,M,M
7c438dbc-0628-414d-ae3f-d0b33a179524,2023-09-28,F,F
7de2bb16-991c-4146-8744-53af118bf101,2022-04-16,E,E
7e4f1e6f-afa1-4097-a406-d75ed403c198,2022-11-10,F,F
8087bbca-d29c-469a-a418-4db948f1ec94,2022-06-01,C,M
80f0e987-79a2-406c-8f1f-245a7d6462fe,2024-10-19,C,N
81311b5b-21b6-4f52-8478-8485648bee5a,2025-02-18,B,B
8149ccd6-6c9e-4c73-bbce-fe0ca3e787da,2023-03-12,B,B
823b7328-4b8a-4e38-a766-3c7e26880b28,2023-06-01,D,M
85d63307-56e5-444f-bf75-4b91186efe0f,2024-01-26,A,A
86060d48-0d88-4bea-b596-8d8a84b92bbd,2022-03-15,M,M
864c41e1-a008-4c38-8e5e-4d3ab723a8c4,2024-05-23,E,E
87cfa354-5c6a-44bb-8787-1df80617e7b3,2022-11-02,M,M
8b09614a-97ea-435b-a0dc-0bbddbb3b81f,2025-03-15,B,B
8f89ee3f-bbd5-4db4-9db1-521c6e0940ae,2023-07-26,F,P
8f8c1ab2-01c6-4746-9b6f-7e24cda994e6,2023-10-01,E,G
920380bc-9819-40ff-bc4a-d8a35b97fa33,2023-02-28,M,M
948f9c74-8756-415b-b36f-d1b2add0f886,2024-03-30,C,M
95c21563-6690-4e5b-b8bd-d35300631389,2023-12-29,F,G
96d1e283-beef-4cf2-bf5d-93ccdf41b0d3,2024-10-28,D,P
9850a08c-47e5-433f-b077-97616fe794dc,2022-11-29,M,M
9a831458-a639-4df9-ab3f-330b3bd7171a,2024-01-16,A,A
9c07c9c4-be60-4279-aad6-50ef9642c19c,2022-05-15,F,F
9c757389-3c78-45af-bf6f-38be46ca8e9e,2017-08-06,D,D
9ce9b78a-4721-485a-b36a-5b34430d1a5e,2024-10-31,E,E
9e298a18-69ff-47c6-9602-00be4931f4ed,2023-02-27,M,M
9f4db21e-5131-4cca-9785-5131b8a2ddde,2020-10-12,G,G
a1a83eff-9224-4977-aa08-b56a822719a7,2022-06-04,B,C
a2609c6f-b474-42fa-936b-2e1a831b7337,2022-10-09,B,B
a3f4ad0e-9076-4009-b107-418c1f4e2435,2022-10-30,M,P
a4b28410-fa76-4c30-8ba8-27769a10a065,2020-01-30,C,C
a5a91e2c-f41d-4086-9662-56163f3865c6,2020-10-14,A,A
a868b1f8-64f6-412e-9e8d-f56aba056e2b,2022-03-21,C,C
aa085426-3a2e-4294-9566-9168420460e9,2023-06-19,C,E
ad32d601-9871-4894-ba39-17b00795eb48,2022-10-12,D,D
b24b8094-a00b-43d4-b82b-b0d4acc8688e,2019-07-08,F,F
b3fb32ff-c79c-409f-8808-f9944801e2c9,2022-05-10,M,M
b460cdd7-5547-403f-96c8-690be2ee391d,2022-05-23,D,E
b58c0a1f-80b4-44e7-897a-b3af0367ddc4,2024-01-31,B,O
b6a8d2dc-fb95-44b4-bcda-04af73634485,2023-12-29,B,C
b8037a03-a6ee-4731-ba99-423eb83704f8,2021-06-11,B,B
b96cc7bc-d03a-43b3-8bc2-c0eb66c4fd2b,2022-06-03,D,D
bf49a08e-709b-486c-9f52-eb9da9af4413,2019-07-08,D,M
c06af9f3-f0b3-4afd-85b5-3cd704378ecb,2023-02-01,C,C
c96f6799-c39b-4979-8352-b20b86b525d5,2024-09-02,G,G
ca6f15be-3c01-4b1d-845e-6edfe46b3ce3,2024-09-27,E,M
cba6dc98-5e47-44fc-b48d-257fe24a839d,2021-02-08,F,F
cf052258-1226-4fb0-8613-171627171562,2024-07-31,E,M
cf272149-f2fb-497c-9133-7fc1e4b3593c,2021-04-26,B,M
d349d446-f38d-4405-bcc5-58433e76b711,2025-01-04,D,M
d543c9ec-27bb-4210-b145-90f8e722fcaf,2022-03-05,E,E
d64b9ea7-9cf5-4b11-9886-1c4dab577c45,2023-03-31,M,P
d6c9598e-d1bb-4ece-97b3-f85c496ccbff,2021-10-18,E,M
d7869903-a932-4679-b09c-4101f93d8693,2022-07-30,M,M
d9829c9d-be1c-46a9-bbb8-98116ea98cf5,2024-05-24,M,M
da516471-004c-47e5-bd9d-70e50daca27f,2022-02-13,D,M
dbcc606a-c62b-478e-90bf-ff808b7d8f26,2022-02-16,E,E
debc59cf-3558-4a15-9a8b-9de15c8c7c9f,2024-10-28,M,M
e0fd8016-aee5-4ba0-8b54-742e83770f9c,2020-06-17,B,M
e6e58f17-c8f4-431b-b2ea-af6030a8ed1a,2024-08-29,M,M
ea352142-43f9-4aaf-ac9b-13ec3893e905,2022-07-05,M,M
ea49588f-af75-485f-a2c9-fc32c0105f08,2022-05-14,M,M
ea4bdfb1-80d7-4402-8644-6735b2685375,2021-12-02,E,E
eba4687a-d19c-451b-a8b1-ddf5b34b5d0e,2018-07-16,D,D
ed21648f-0814-47e0-8311-e351897af2dc,2024-11-19,B,M
ed8f6b27-6206-4937-a753-2cc5758245e1,2023-09-28,M,M
ed9833e4-c1a6-4111-b21f-5a67d0e75fca,2023-07-01,M,M
f06f018e-00fd-497e-aee4-6ce08736a11d,2022-07-14,M,M
f10f597a-bf8a-4a0b-85e9-30d933d743eb,2022-04-27,M,M
f1389e20-9faf-4c13-a5c2-8beb11bd19ec,2023-10-22,M,M
f28f2e9d-2cf9-45c5-80c8-f430660f4507,2023-12-01,M,M
f39e109c-6f82-4eae-b3cb-8772d1a1501b,2022-03-12,M,M
f3b5955c-b4c7-447c-84c7-4f0c7b54cf13,2023-09-28,D,G
f7b282bb-853d-49ef-9298-111b5485e287,2025-03-11,A,C
006b4f0d-54d6-4d7e-b9eb-1d43fbe9507f,2023-02-01,M,M
0248da13-29cc-4025-9c62-ea3b1d7ec671,2023-03-30,F,F
047fdb8f-6d3f-4ebd-9279-70ed65f27d25,2024-09-29,C,M
09bcb0d1-2495-4709-800a-756475da1e3d,2023-06-29,O,O
0b10f5a9-d0d3-4b8b-a4bc-78652d255056,2024-10-28,M,M
13b297ff-b0c0-40d8-8e62-798a78b49609,2021-06-08,M,M
150f0ea6-d564-4416-8742-01d260a03738,2023-06-18,E,M
16cb83f5-0d32-4d20-85e6-fb8ab0f43233,2022-04-14,F,M
173e77f6-28c7-4933-b83b-4086c2f6f19a,2022-11-29,C,M
17b63d43-11df-4262-a5a1-bb0851e1fcd9,2024-04-18,P,P
17f4f478-001e-4072-a693-a0421d7cfc7c,2022-03-05,B,B
19ba9628-24cf-4d64-b8e4-6b462da45400,2019-07-08,M,M
19ddb167-c26d-48b5-ba07-c1676a29d34a,2023-10-15,C,M
1a9c85ec-dfc7-4f2e-934b-b39b11ba3266,2023-12-27,D,M
20d0096e-9b4c-4979-bccc-794d6a4f627b,2021-12-18,D,P
20ee7a27-6030-458f-90c5-785b6729ebed,2022-12-10,C,D
22fb2768-059c-4354-83d4-1510cc2c26f2,2023-08-02,M,P
24487be6-36c5-4f98-a26c-400b119b224e,2019-10-07,B,B
2487cf04-68ea-4e3e-90a5-dbbddcd597d6,2024-03-11,B,G
276642ab-69de-41c3-8f31-5c78cf9b3267,2023-03-30,F,M
2bf3e27e-fae0-41d9-beb1-c9377b0cea0f,2022-08-22,E,E
2c0f25b3-896f-4436-b69c-2663d589e08d,2025-03-05,C,M
326a1fd8-2db3-41b8-8522-48d24ca4e2df,2018-07-19,C,C
370d938e-4ca3-4800-833c-db130cd06f49,2018-04-02,A,A
39f723b7-edff-4054-8170-2e57b0513474,2022-09-09,G,G
3a75c5f7-8023-4c97-bdd8-d0464df37f4e,2017-12-11,D,F
3f009355-0fb9-4c06-9176-eb5dc90c2afd,2023-07-01,B,M
3fd91544-ef32-4389-9af4-63c00b368a4a,2024-03-16,B,C
418478e1-ad1e-464a-a932-be3a20b5d574,2024-02-05,B,B
4196f9c1-9943-448a-ac0f-4d6674abf97b,2023-08-17,D,M
42197b07-63b5-4316-a2aa-c89175aa62ba,2020-12-20,D,G
43094ded-10fc-4bd9-bb60-683da1f86a08,2023-10-09,B,D
431d1e76-b682-4f74-8133-c863fdf63699,2023-07-27,M,P
45fc3e1d-d4e7-45d3-9fba-ed18d6eab949,2024-03-01,E,P
46d35588-c569-4a34-bc8e-c043361a7550,2019-07-08,B,C
476ae8d5-83f4-4ab1-bbee-caead489fce5,2022-07-30,E,E
4996171d-83b6-4a73-9d46-b6cafbe44dfe,2022-11-02,C,C
5257d18a-cc49-4014-bc36-324ede0652a6,2022-09-13,C,M
52a7faac-3279-4253-bf78-f00efe162054,2025-03-16,M,M
539c7e2d-cf7e-43db-9ca4-8a252a8c8691,2024-05-24,M,M
56d552ee-feb5-47b2-9a03-c81841618e44,2024-05-24,F,F
577e04c4-8297-42bb-afe4-778033467e21,2020-06-24,B,B
58c56ef7-991d-40b2-a535-6d730c1194a1,2022-02-15,D,D
58cedbc9-5373-489b-bc58-f2d85e4294ac,2023-05-23,M,M
5aadb5e3-08e0-499c-96c1-c4e29a0c6dc3,2024-05-23,C,C
5ba9806b-fcaf-4b91-848a-ebc85d5e49bc,2022-01-10,M,P
5cdbe495-d099-4822-899d-e43e99525e6e,2022-08-01,M,M
5e6d8afc-05fc-44b3-a821-dd8d641d59f3,2021-12-11,F,M
64b62fb6-aa45-41d1-92bd-6a368946a158,2022-12-19,G,M
68d638a1-a93e-46b6-8115-61388059c8fc,2023-10-08,D,M
6fdbe262-787b-4fc5-b5ab-95bc5decc604,2019-09-30,D,M
71ef7a50-9aaa-4aab-8090-c24fc4d98443,2025-02-12,M,M
75026994-ac03-47ac-9ce0-6ff4678fc296,2022-06-28,M,M
75f789fb-24e7-444f-b2fc-41520bb5343e,2022-04-16,M,M
775d6180-fe52-4492-a72a-da0bd58d46db,2024-10-28,F,M
782fa62b-6b82-4cdc-874a-287448f6f44f,2022-11-04,E,M
78a453c0-d636-402d-be8d-e5c03d1344e1,2024-06-16,F,M
7ad443d7-4988-46c6-b01c-d0916a342cd3,2022-11-04,M,M
7d08a849-b1a4-4d9e-8a79-beb8517d2273,2019-07-17,C,C
7e454dbb-3270-4956-9a61-33ea9d41461c,2023-03-30,M,M
7f2da58d-4a83-4063-968e-2ce99f2aefca,2019-10-17,E,E
81eada42-adc3-4d2a-a379-d9bdcc62a07d,2018-05-07,B,B
824aae9a-efe6-4f6a-9b2e-d920f1352071,2022-04-20,C,D
82e79b63-dad2-4cfe-afd1-31d886a4968d,2024-06-28,M,M
84530b43-7cee-4507-af5f-ae5fc87f7330,2024-09-30,G,G
8552e282-46cb-4b87-8851-3a11fb6999b7,2019-01-02,B,B
8e1ab72e-d86d-45d2-9b91-eb66d5bc1a00,2022-06-26,G,G
8e5c590c-7674-4360-a555-b91e357f7fdc,2023-09-02,B,E
8f1bb2b6-6fb8-49f0-ae10-d2fd8a9b21e9,2024-07-31,M,M
91321d60-7ba1-4a79-9afb-6dec7708abfc,2022-10-29,G,M
920f2c77-b1cc-4935-88f2-1020cb93e13d,2019-07-08,M,M
9359909d-7fe9-4302-ad76-5a1de14e0ffe,2023-03-07,M,M
9488521b-b748-4067-abac-62358d189bd1,2023-02-02,M,M
99d7dcbd-13e1-44b6-ab03-13576bc5e40f,2018-11-26,M,M
9b506ccd-ed18-4e5e-8370-c77730acca73,2024-05-03,G,G
9ebc711b-9ced-4d8d-bd2a-718dbfdaa216,2023-06-05,F,F
a593f78c-c5c0-447b-acb6-016d4e4b1eb5,2023-03-30,F,F
a71bef59-ea7d-4c7f-9ced-db40f54bf634,2024-04-15,B,O
a81e3590-b893-4689-a874-146bbd067d17,2022-06-01,E,E
a89c26c3-4d62-4293-8940-200e31c85853,2023-06-11,D,D
a9119eb0-ccb6-4a03-981b-cf2e52365af4,2020-06-12,C,C
aa1b600b-b9a7-4f86-8f11-f6de8a67452b,2024-05-04,M,M
ae298f92-36a1-4e02-a5f1-c0dd56218317,2018-06-12,D,D
b242aa66-3769-4124-b073-3bffa738f16f,2017-09-01,F,F
b32be6f6-19bc-4ef5-a28f-092af2c37156,2022-06-04,M,M
b586c26c-c6c5-41e8-94f8-5cf9781eaec2,2023-08-31,M,M
b5b22220-1eae-4045-9524-2d4c0dcef422,2024-10-31,D,M
b72672ef-8d6b-4e57-b70e-a1c3ad3973f2,2023-02-01,C,C
b73757f9-cfb6-4504-ba2d-a20143c845cf,2023-12-03,M,M
bac25983-b88a-4743-bf91-7b70a77a90b4,2024-01-06,G,M
bc03dcc4-7f0d-4ef3-9b40-b3a1ec921bd2,2024-05-24,M,M
bfea7e14-1541-4b2f-93e9-9a229699015a,2023-02-01,M,M
c4f2b2d9-07ac-4b8f-8724-a42f1918e674,2023-08-01,M,M
c664cb04-ee8b-42ca-800c-72467ec4a869,2019-07-08,F,F
c9690426-376f-448d-880b-359a0650ed1f,2022-07-31,E,G
cce77187-752b-4893-8f3a-f11cf71b3000,2024-03-06,O,P
ce7028ef-1801-464d-a1cb-b72c81dd3ec7,2019-12-12,E,E
cf1d502e-e671-403a-9f5d-d899b2be5dce,2023-07-20,M,O
cf536d6d-4a90-413a-a456-54a608e731cc,2022-12-30,E,M
d16b6400-9616-44bc-8d85-0095c5c47063,2022-08-21,G,G
d246674d-dac1-47e3-96d2-803ae4bd8dc1,2017-12-11,G,G
d61ba359-109f-4e34-add2-da59cf7764ec,2018-02-21,F,F
d8575837-8a09-4e36-a685-94edb1ddf7fa,2021-03-09,M,M
de353c0a-b4e7-46de-ad54-7a17172b6225,2023-07-07,P,P
dff04d16-1a2a-4697-b49e-122383152d56,2022-06-01,E,E
e8bc7209-aa70-41c1-9342-11696cd61338,2019-11-03,F,G
ea7be2cf-0e0e-4fde-a8c7-dc38c36af4cd,2023-01-03,E,G
ed21c51b-63d8-4716-9b4c-5ceb691c6844,2022-06-28,M,P
f131adae-2127-4250-a11e-cd2621507beb,2018-01-16,N,O
f2a98660-d899-4bd8-bee5-c23f2920616d,2024-08-26,P,P
f40416e3-8641-4b5b-91fb-f80dc9cfd580,2024-05-03,F,F
f6bb26b4-fc20-42f0-850b-9c3cdc17ea64,2022-07-15,F,F
fa5681d1-112e-444f-9e93-cfc07c428864,2024-10-28,E,P
fb031489-b462-40cf-80df-a0783d1b567c,2024-01-25,M,M
fe3bbe66-ea8a-498f-909c-70f5f44fe134,2019-07-08,G,G
fec1d9ad-0126-48f1-ad5e-7b4df8f600e4,2022-03-05,E,M
02bd81d7-dc0d-40cc-89fc-72829c8c31f1,2024-08-03,A,G
037d79f2-69e3-4335-8334-24a1da267699,2024-05-24,C,C
03e18e6e-1420-4acf-86c3-ffc238dda89b,2022-03-06,E,E
05bd3cd8-9e9a-4f8a-be56-ab037bec1668,2018-07-13,F,F
05cd9c23-2281-4d84-830c-1bcdc5166c41,2024-10-17,E,E
073807a5-8350-4ba1-a7a3-87f68667ac2f,2022-04-24,B,F
07abcc5d-31c4-46ae-a48c-d03db799b9d6,2024-05-24,M,M
07f1e200-c068-438e-8802-b2dc185e1cd0,2023-12-22,G,M
0824c6c9-d114-4641-a850-b4d632c6a51b,2021-11-29,M,M
0a8a1140-211f-48a2-93b1-595dcb9d8159,2024-12-04,F,M
0e704798-01ae-4806-9328-2efbf474a195,2022-02-23,M,M
101ef623-d18d-481d-a758-eb00db4778a3,2024-05-24,F,F
129fd3f6-26df-4e4b-a3c1-f014b7f37f04,2023-03-23,E,M
12dbd15e-f7a9-45b7-b8f4-7b748d3258f9,2020-09-07,A,A
1306e6b3-9fec-4a6b-bafd-86d677200599,2024-01-31,F,G
13e0a5b1-ea0b-425e-9738-f9fc32efc6c3,2021-12-11,A,A
1b2e3352-8f06-4d91-ba90-1e885aa2accc,2021-12-11,B,F
1beaef26-15db-49e4-84b5-70315c12f8fe,2024-07-31,G,G
1e812b4b-51ab-44b7-8542-5fd4378ce84e,2018-03-28,D,D
1eed8d2a-eaec-415a-81d7-178c4e2b7784,2022-05-20,M,M
200db451-7348-4e92-b6b6-c904ce1f3522,2022-02-27,C,C
233d7da4-0e5d-485d-935d-12135e2d68ba,2024-09-24,M,M
26ab5d89-030f-4e53-a7eb-1e5d653fe253,2024-12-19,E,P
3099c429-8915-4fad-b17f-c405b5ff97ba,2022-07-06,E,E
31bafb88-4a6f-4f3d-8476-13ff2f658478,2022-07-29,M,M
31d9ce6a-d7a5-4a5b-a54b-9408db966f25,2022-07-31,C,M
34116b22-78dd-4e57-9bb7-e81677fde3e5,2021-04-12,A,A
49fff93e-b131-4fce-ad76-784b704d7842,2021-09-07,G,M
4c37d4d4-d07a-4314-b33e-0e0faf90239f,2022-03-05,M,M
4ead126c-007a-4927-8fa1-5812457e7185,2017-04-05,E,E
506a56b1-4941-468e-bcee-413ef263f600,2023-02-28,E,E
54b4c21f-b50a-40b6-a31d-ca13a3419bfb,2016-11-30,G,M
5887d4fd-be94-4c54-ba84-bb1c9e0f44d5,2022-12-14,C,P
5d142cba-731d-49bd-924b-7f8815164cc1,2021-05-17,E,F
60cbac88-6ef3-401e-906d-1af607633802,2023-06-29,M,M
612dc4d0-81de-4a60-9164-411838d4a1d0,2023-02-28,M,M
64c2535f-fbe2-4598-a286-c2f5283ac537,2021-08-10,F,F
67331d09-6c22-476f-862d-112d4936f4b5,2024-04-12,A,A
673e4a12-f6f9-43bd-b120-29278553a074,2024-08-01,D,F
69404799-5b6d-46b2-b2bd-b0d233e1a463,2022-12-30,M,M
69ef7c26-c224-45a6-a30a-49f03d478188,2022-10-25,E,E
6afc5ab1-ee8d-4b10-b342-44cd6c1ed533,2024-09-27,G,P
6bef09be-80c6-4835-882c-0d1fcc33f9c5,2023-02-13,E,E
6de94e38-024e-4e28-ba5c-9170ae619d9d,2022-09-27,M,M
7341d031-a1a0-4d77-a165-d847786a8f94,2022-12-28,M,P
745d317d-b535-44c5-847c-708b939fb2de,2024-07-19,E,E
77dcf2eb-1b67-4982-8b45-1e86fc1bbd43,2021-12-11,D,D
78596f79-e1cf-4773-a642-e1d7228f8398,2022-03-03,M,M
78978186-bac5-418d-bea2-91520a403cd3,2020-02-08,B,B
792c5eb1-9f56-4b24-9ae6-0492800478c4,2024-11-25,C,C
7bfc4cd3-bec5-4c99-9734-e7e887884154,2021-10-07,D,D
7d231152-6a33-4867-9b55-53897d2fb9c4,2021-11-01,A,C
7d3f8702-9b23-43c5-af98-d1ae4b8d37fb,2024-08-26,P,P
7f21d063-f714-4251-84b0-aa1d44c87f74,2023-11-24,E,F
8082bf7d-1d8f-4f0b-b968-5b24e3151141,2023-04-01,C,E
813d54e9-b497-4b91-8310-132f1538ce89,2023-09-08,C,M
8312a14d-6648-4447-8aa2-ad5f6af4eed1,2024-06-01,A,A
866bef2e-1e80-4031-beea-b0a053f26105,2023-03-30,M,M
892e1874-3cb6-44df-8733-80b1fc4d121d,2023-11-19,C,M
92abc352-d1d3-46f5-90c6-e0785c413863,2024-07-29,E,P
9ae0851a-3b22-4d25-8f8e-3f39a271cb0b,2023-02-07,B,P
9b47ab22-c1e6-4bc2-8196-94fdd2144d95,2022-04-24,M,M
9c2887cc-e80b-4b04-936a-7ede52a72170,2023-08-01,B,M
9df4a4ab-37cb-4488-80a7-a9386d4aa720,2019-01-21,G,G
9ea4d467-f049-412b-9089-5a4d654fb7c9,2024-05-27,C,E
9ee72155-1284-4019-982a-dbfd6b4267c9,2022-02-22,M,M
9f383e9f-671c-4e27-ac1b-cae8167e7c3b,2022-04-11,A,A
9fad67f7-8934-42fc-87d2-efea507fdc40,2024-09-23,M,M
a066f0fb-f800-4368-bda7-2b719a371fa4,2022-08-19,E,M
a532e6f0-7d2c-4d3b-b1e3-4b93f7f4337d,2025-01-02,G,P
a914a3ed-c50d-48ab-92e4-92311e4fd05e,2024-03-30,M,M
b0a6dbaf-3bfe-4c43-8a03-dc545f181fdc,2024-02-04,P,P
b10d2f40-2c5f-42a7-9f6a-63871e0a5bd0,2023-03-02,M,P
b20ea325-bc4e-4b8b-8ba6-f79aea29e078,2021-03-09,D,M
b44d0c45-5e6e-4664-b1be-b22829aa0a04,2024-10-24,E,M
b49c7aab-1c1f-4afa-ba60-f43c04fbb00c,2023-10-01,M,P
b9720d06-c44e-420a-88ad-db2331d757d6,2024-05-01,D,M
bc4a0346-12cc-4884-bfb7-5aec6f8159d0,2022-04-18,M,O
c013a646-df76-4fcf-b31e-db59f682ddee,2025-01-11,M,M
c0b9508e-528b-471a-beef-ceae8a24a487,2022-04-25,M,M
c1c93583-9219-44e9-a2bc-e967345482d0,2023-01-27,F,M
c4ba29ca-9b7b-4ecd-9da0-ece43e050ea5,2018-11-27,M,M
c514762c-a46a-4fa2-9857-18033ad7847d,2022-06-19,M,M
c5363968-0ba5-408a-a431-032de95e4504,2019-10-21,E,N
c5ebf174-c19d-4c06-a246-efc8176b3103,2017-06-24,E,E
c9b15c1d-2db4-4c4a-b431-deddfdf0e139,2022-12-02,E,O
c9e4e45b-78c3-4a12-836b-12e89a5a9ab4,2016-12-14,D,D
c9fcd62e-6bd2-404d-bff3-376edce7db1d,2024-01-19,O,O
cb3b05fa-c2bb-42fb-9306-53cd98a32a94,2022-12-30,G,M
cd3015f3-2244-4650-9a44-6ad1ee82281a,2022-05-28,M,M
ce464c1e-339f-463d-a868-cbd8687c6b1d,2022-11-01,C,M
ce6416d6-746b-4cab-ac0c-0a2d2a6444eb,2017-12-13,E,E
d3425eb2-9386-4711-a8f6-f392aa89547b,2024-05-23,M,M
d4d25592-e3a2-4d61-a40a-0244932a1921,2021-09-27,D,D
d5021034-d723-4c83-a0d6-df154e0ccc95,2023-01-14,M,M
dac18196-4dda-45a0-855d-868f237f3a6b,2018-01-29,O,O
dadfa67c-25e2-48d7-a903-a9f387013845,2016-11-07,E,E
e06c3dcd-91bb-477d-a002-4f4714a536c3,2022-01-01,B,B
e1d0d548-7e23-44b1-ad1b-02f0e539b706,2024-09-27,E,M
e2dce2ee-32fe-4ee2-93d5-3c0e37e05027,2022-09-19,M,M
e88b35e0-6aeb-4b46-b81f-beb3b578ed56,2022-01-30,M,M
ec9baa6b-7638-48f8-b85d-143a579ca8e6,2021-11-02,D,E
eca35766-5ef1-4553-9a49-7e1313c1918d,2024-03-13,D,D
ed8a4adb-ba7b-44a5-901d-b75bb22e9114,2024-01-31,O,O
edd9926c-09f7-4aff-8a2b-0d3dc62c14c6,2024-01-04,A,M
f1640fc2-8ce1-459b-9cb8-3407e869369e,2023-12-29,G,G
f247aff3-ef86-4640-9df7-b28069852fd5,2021-12-29,A,P
f3114533-1736-4788-8a09-3f98f43f389e,2021-11-03,M,M
f471ff47-cd9f-4029-9887-8b4da0ba7bf8,2023-02-03,G,M
f5baeac1-e83d-43c3-acd8-ec8db456130b,2017-03-06,G,G
f7213ee0-3913-4daa-a190-92d68a60c08e,2022-11-02,G,G
f7c9fd28-403e-4e51-b5cf-cbe4428a90eb,2023-12-02,M,M
f931fa87-6635-4c36-811d-607bbd4c5b3e,2021-12-11,D,M
f9c5fa27-3d53-47d5-8f09-74d480de1405,2025-07-01,B,P
fb097f78-1a00-4f26-ae91-4146ffe5a170,2023-02-02,D,F
fc4b2246-669d-409b-8a9a-cd411e353e20,2024-07-07,M,M
ffa1cbc3-e6e9-49b5-bcc3-22a9eee0b3e7,2023-11-12,D,M
061e8ed4-c6ac-44f0-b616-7d57f5c82f5f,2022-06-03,E,E
06d214af-d68c-41b9-87fb-386fcf0550d1,2022-07-06,C,P
08d6d3d4-3463-4cfe-bb2c-75ee6fa6a3ec,2017-07-12,F,F
0a655683-3ec2-4534-9060-761f4ca171fb,2022-05-20,A,A
0d01436e-2885-4db4-8ff5-a6e64948dab9,2023-06-07,M,M
0e6189b7-9938-4a42-a8cf-c9a9c1b871ed,2022-02-27,M,M
0f52a57e-9e6b-460b-8624-2c9025de055c,2019-02-14,F,F
11e27b37-f34d-4214-a655-575366986dba,2023-08-31,F,F
12d29ef8-9e06-4622-aa73-6de962cd0ec2,2023-07-18,D,M
151b2ec2-50a6-47dd-8a9e-0f50884ca2f9,2024-08-01,D,M
154979d0-f531-4bff-a0cf-5ec05dc4e2f7,2019-07-08,O,O
15bc8e31-fb01-48f6-a022-a7abdea8db8b,2022-10-07,M,M
15c8a00f-41a7-4d8c-95c4-df975b6a0d4e,2022-06-04,C,C
18a53c5c-8e6d-4374-95a1-c41a27af42ea,2022-04-07,M,M
19e99581-3b7f-44c1-9cf4-4e4a3d57f9b0,2024-05-27,D,D
1a99a594-bfef-41f1-8701-76964d08ca10,2021-03-31,D,M
1e91f758-6c20-484b-8bc6-3c4b9aea6c4b,2016-12-14,G,G
1ff49fee-4fd2-4906-9115-b3f8374a392b,2024-06-01,B,B
226245d1-82a8-411e-9e18-31ad3ede98f4,2022-06-03,B,B
22b40201-7cd3-4523-8202-ddd56195f7e1,2023-12-16,E,F
2423b486-3fdf-49ad-99d5-90dd6f4a8e95,2018-07-29,O,O
247a409d-3ca8-4cb6-9381-73376d6efc19,2021-05-09,M,M
250e4057-616a-4e17-95be-a1197ed09f82,2022-12-28,D,D
26431321-81b7-4f57-b33b-d06c83b0af1c,2022-03-07,G,G
26c32233-8b56-44ff-bd0b-dba80130c0af,2024-05-03,D,M
26eec19a-2fd7-49b9-b072-3655939cdc83,2021-12-11,A,F
2826d65a-98ee-4a4c-abff-d8488819c173,2023-12-29,C,F
28988ff0-579d-4ae9-979f-973f22c90b52,2022-09-13,G,M
2a5ba7d9-0205-4cf3-8246-c4172020d9b2,2023-06-26,O,O
2f08819e-ab8e-46e9-b0ce-d1f9f1721a64,2024-10-10,C,C
30d2ffba-b02c-45ba-bee1-4b943df70f12,2023-04-16,E,M
337b4d55-2d98-4951-8867-433969d23f33,2024-05-27,A,A
33e7ff54-dc48-4a16-ae07-c2df96493ab3,2019-07-08,M,M
36e4b553-bf05-49d0-bd5a-8582b1e445cc,2024-06-07,D,D
373f7ec1-8601-48a9-b114-5461f2a54284,2024-08-28,G,M
39232d85-7e25-49d7-9273-e34c49f96668,2024-01-20,D,D
39d6a44b-04f4-435b-96f6-4fb436cf90e1,2022-11-02,D,D
3a4f34d5-319f-46fc-8eea-c48a4f5643d0,2019-07-08,C,C
3c22167f-0fcd-41af-b3a7-2424376c4754,2022-10-10,M,M
3f9cc687-f8ee-4413-9ce0-c3916abd7d90,2023-01-29,M,M
41cbc97f-7667-4776-96ca-7ab7b242b5dd,2024-01-22,D,D
4229234c-1059-4143-bddc-aaafa179598f,2021-12-11,B,M
464cfbfd-a779-4005-baac-e62f3652c88f,2024-11-25,M,M
49352132-471e-4930-898c-bbadb085d7e0,2022-10-10,C,P
493df689-81e8-4237-b22d-ad265b03dd12,2023-06-30,M,P
4b0fb9fe-0ef9-4172-b816-8f013eae07e4,2023-01-15,D,D
4bc7c78a-1d7b-4d14-be1e-82e24e3840af,2024-05-24,M,M
4cef6262-2b04-405b-96c5-ee792c4bffbb,2018-05-11,E,E
4d041243-8cf8-45d1-b6e4-b9203f729e78,2024-06-09,C,C
4d67a5b7-adaa-4ba7-9fa2-848fa5d6502b,2022-03-05,G,M
51496fd7-6628-4173-a5b6-0f7ae3c24f4a,2024-06-28,B,M
520d61a4-b44f-4385-acaf-a902f02c5958,2024-07-17,E,M
535431fb-dd85-4124-b035-59a795085cf3,2022-07-12,M,M
5539f053-b9e0-4393-891d-df73416bac80,2023-10-31,C,M
55675db6-69a5-43b5-b214-3cc2b058b459,2023-09-05,C,M
56e0ed95-f38d-4940-a4bd-8e583cff99cf,2024-11-30,G,G
57874650-710c-46ab-8da6-e192b3406a66,2022-05-25,F,F
57aa2a10-9ce5-4124-aae0-504fa3ecf3f0,2022-12-26,E,G
58360e03-07c9-4eb7-94f4-266ec214a23d,2022-11-17,D,E
679a2b8c-0e81-4479-b690-4953d5a70fb9,2022-02-24,E,E
67fb2d5c-cffb-4974-963c-5135d84b31d7,2024-05-24,M,M
69765ade-d581-4d5c-a043-60aac856f8d3,2022-09-21,B,B
69f3ec14-c16b-4cd2-98e1-03fd5dc4afab,2021-03-22,A,C
6b9bada5-8b8b-487f-814f-cd809238540c,2024-05-24,E,E
6cb9edc8-d082-42c9-9577-642c42239f0e,2023-03-30,C,F
6e887afa-ce45-49b5-9022-406f3396f26f,2024-11-03,F,M
71a63e87-2cba-4ad0-8da6-0a86106b24f8,2022-07-30,M,P
773aef31-4536-4253-8aba-c5eb8a0b5d33,2024-01-25,E,M
77443b16-1072-47b5-92c7-bfc8a5ce7d42,2024-09-30,M,M
79463872-3212-4183-a6a8-8c382f5df962,2022-05-15,M,M
799ee679-492a-4a1b-be5c-e934f44681fd,2022-08-19,D,D
7aa022cf-d285-4030-afb5-819429336189,2023-09-28,M,M
7dc81d4f-fda5-4938-af93-844ffc68331d,2019-01-05,E,E
80a9603d-f1f5-44cf-8cfd-40fc45a54605,2021-12-02,A,A
81c7a2e9-0191-4600-b481-a65435cf014d,2022-04-15,M,M
84c0c206-9189-47ee-8dfe-6cfd64218498,2023-04-20,E,E
857592d6-8fad-4df3-9926-8e6d88cdf8b7,2022-05-20,D,D
8e46cb05-e6e2-41e1-bf69-e2ddd9608b59,2022-05-15,B,E
8ef2ac23-9e78-498e-b91d-0dc5027caac4,2023-11-29,G,M
94b82219-9da4-4865-b861-06a90981c3fa,2022-07-30,M,M
95bc00ef-6660-4645-8f2a-bfa83a357e42,2024-05-27,D,D
994263c6-bd4c-4695-8ac2-247f04728a85,2022-01-30,F,P
a004207e-1c0b-409b-922d-013e3443bed2,2022-11-02,B,G
a0b82180-1a87-4415-b194-5ee3c238aaba,2021-11-13,M,P
a3cb62a6-dbe8-48c4-8d9a-cddc456d20e7,2023-02-02,C,C
a5c55603-72d7-4180-9189-3690783f229e,2024-03-25,F,G
a6bb3d4f-7304-4c34-89f7-0e0e22c74d1d,2023-08-05,E,O
aaa23124-c6a0-4c3c-91a0-69965b5ab216,2023-01-15,O,O
acf9fd40-3fdc-45d4-bc5f-1ced4584ea73,2024-04-02,E,M
ae575b43-a49a-46f1-86e0-59edc5aaa5cd,2022-12-28,M,M
aee04399-e4b7-4ca5-987c-582ee19b3b68,2024-05-23,E,M
b146c307-783a-4506-befb-68029b2a7a17,2022-11-28,G,M
b1664e6d-a497-472a-ab01-92af97e869e0,2021-02-15,B,O
b34a9fc5-c2c4-4282-85e1-6ca9906b5052,2022-07-04,C,C
b66a3784-9307-4ea6-914d-7f60e6462ecc,2023-03-30,F,M
b6967655-366e-42db-81b6-fdbadb47040c,2024-04-23,G,M
b837dd16-069e-4805-b460-7d3d21e44900,2022-08-10,F,F
bc7efe26-5b91-45c7-a753-3bdbf102b9f5,2025-03-21,M,M
bd6e93e0-bee9-483e-bd94-c54a10d25092,2022-07-28,C,M
be9e3936-0c6d-4a88-85d4-3f6224acad74,2023-09-05,G,G
c07dec87-cd39-407d-b531-cb238e38c85f,2023-07-05,G,G
c2e1a7e9-0b56-42c3-81b1-6ae7b04598d9,2019-07-08,D,D
c2ed526b-34cf-4599-a5e6-65c1f9fdbf9a,2019-07-08,C,C
c4906cda-1c29-4082-83f3-1b65c98c2479,2024-07-29,G,M
c75029b9-b881-46d6-a2a6-56e51c5d4cb5,2017-11-17,E,E
c9c003ab-af26-44f9-b344-04258c5f331a,2020-08-19,E,M
ca2ce55d-07fa-42f9-abae-e7f28eb0abc0,2024-04-25,N,N
cafd14d5-d876-4670-9266-7d7f62be34f7,2016-12-15,G,G
cf1066ba-b279-4532-a49d-1f4e1a3e3d2c,2022-01-31,M,M
d17233be-9609-4ecc-9bcd-0bf292c5ae20,2021-12-27,M,M
d21d61ff-394c-4b08-a3e5-37e26a09b57d,2024-08-05,D,D
d2a8c98c-1dbf-45ec-87d1-cbd648dd9eb2,2018-03-19,B,B
d622b672-172c-4ce8-95c0-18eb8330fbc9,2024-08-01,B,F
d98115bb-16e1-4a77-b360-2f2dbb2d8402,2023-12-29,E,E
db37fa88-2625-4d5d-be02-a526f9aaf177,2024-05-24,M,M
dbfd949b-18d1-4122-b5c2-b1932c6f68e5,2022-08-26,D,D
dd42e339-12de-4b02-92ab-e52af3e9f543,2022-05-28,M,M
ddd5a503-339a-4f2b-8b20-0d56fb64bd29,2024-08-02,B,E
dede62dd-4d0a-404f-ad3f-58a4b85abcab,2024-03-04,D,E
dfcac89d-561d-4b8b-afcf-8bff4a6c4792,2024-07-31,F,G
dfd38415-68d4-4ba6-bc4f-c5ea9008640d,2024-05-24,F,M
e0554989-9151-4e6d-9930-3438e89c6e94,2024-07-31,M,M
e0a7b40a-dc93-42d7-9d20-d5c1f5d5a1a2,2022-09-30,D,M
e0ea36a8-87ae-41de-bbac-bdf2c114dbbf,2021-12-11,C,C
e68f0937-f38c-47f9-8f52-9577723e4c0f,2020-11-07,D,D
e8df1b63-a51f-4217-807d-bdebd2fd1088,2022-04-06,M,M
e8eb34fd-9b2e-4459-891c-b856af598bd4,2024-05-24,M,M
e9782494-d223-49ef-9435-14804e8e79a8,2023-04-25,B,P
ed6e5fd3-7e4d-4f3b-bfcc-1737a1d499a7,2024-10-13,M,M
f5dd84d5-e496-4a5f-a334-6d7c3804c28a,2022-06-26,E,M
f9bb0568-338e-4f3e-a7da-ac647fb7021b,2022-08-13,B,C
fc723dcd-83e3-44a9-a109-02928928c2f1,2023-12-31,M,M
fcdfde0b-69bb-48f5-b846-9b2df74c09b2,2021-03-31,C,E
031e0257-0900-4836-b09a-8d874dab8581,2023-06-29,M,M
033ea9bc-0bd9-4662-a82d-43e46fcf361b,2024-08-30,P,P
04fff93a-a8ed-402c-8516-c8bf32c0dec5,2024-09-29,O,P
060c55e5-ce97-48f4-97cb-09ae74e6b0ec,2023-02-05,F,F
076b57ea-ffe5-4995-b2f3-1c68c3c7d8f5,2024-02-03,E,O
0cfaff80-963b-4e64-b14a-4b184c61fdd0,2022-10-14,F,M
13235ecd-1577-4986-b3f1-377884c87ebb,2021-08-30,C,E
14783bca-b9f7-4cfd-8a9d-250316608c86,2022-06-04,F,F
1753e6a8-25aa-4660-a0b6-e571a946566f,2023-02-01,D,D
184819e1-7397-4286-9851-c95dbb295372,2022-07-28,M,M
19669326-fd72-4ce1-a671-b04b893addf7,2021-10-11,B,C
199e8af9-a228-41ef-8901-c37e3e9d6c01,2020-03-05,C,D
19cf083b-daf4-460d-b3a5-def969f1bda3,2021-12-11,M,M
1b07ed5a-62cf-48ad-b8db-a4bf2efd6a33,2020-06-19,E,E
1ba4e217-f4cf-42ba-b5d8-018af65a6ed8,2023-08-02,C,M
1cabb1da-820f-44da-a23d-c3e8382c28be,2023-05-18,D,M
1fcf940e-d8f3-49db-afc3-829c74ce180c,2023-05-25,O,O
21720d88-22bb-4cda-82ff-6293422cf890,2022-06-05,F,F
21a2e26e-d962-468b-9acd-35ce97a9ca1f,2022-06-04,F,F
225f0942-2ee9-492a-9c15-1757b490a70d,2022-01-05,A,A
2481b00f-6252-4f20-8617-ac4d93950557,2024-06-02,E,M
2683b4a5-5054-4923-a518-b737c32b73c1,2025-05-23,G,G
279210e8-e127-41ab-b460-4564b7b2bf4f,2024-01-23,O,O
2be214d9-c464-4621-bbb4-2fd00bc5f403,2019-05-02,P,P
2c2c3dae-7c2b-4e47-a183-a4817d7bf3db,2021-11-29,B,E
318db542-3283-4140-83fd-b5da8be17120,2024-03-15,D,M
32f45cde-df87-49ee-9589-d303de04a262,2024-02-15,F,G
341c4d6c-1741-47a7-a478-e142589b0eb8,2018-01-08,E,E
371b6a9b-4f76-4038-b263-8749becf9c0a,2023-04-09,D,E
38c45a77-380a-4fe3-aea0-daacc4f1a8ae,2022-11-22,G,G
3c148f1c-df19-4942-add2-aaafb0c21217,2024-07-22,D,D
3c25f12b-f12b-4a3e-ab98-e12f5cf6666e,2024-05-24,E,E
40016fcb-f5ac-4d4c-a6b1-5b96e7ab7224,2022-05-31,C,M
40fb1c90-290f-42f2-9759-2b32d1e8c748,2024-07-31,M,P
45007d40-76e4-4c2b-ad44-2848d22385ca,2019-07-08,M,M
4887c427-b54d-4bf2-aee8-979c5742a37a,2021-03-31,E,M
48d467d1-6123-4bed-9b8b-45682f153fdb,2022-01-03,M,O
4dfb4857-3682-4e5a-8fe4-e354f462ae16,2022-04-14,D,M
52f8d597-c851-4fe0-b4b8-6092c8aebab1,2024-04-18,E,E
5454f3ea-9a44-4705-955a-1a528a884bd2,2024-12-06,M,M
563663e2-2f6f-406b-83b6-9ed4e5c8eb92,2024-06-03,G,G
56e7d881-1f1f-47e3-b028-a8a393d1b5c5,2023-05-29,O,O
5891c12a-8bde-4162-adf6-2601ccff90ab,2025-01-30,G,G
596f49df-d512-4642-afc3-aac1e6e0cee9,2022-06-04,G,M
59d415d1-102d-416c-afc4-8200120eca93,2024-04-01,D,D
5a3d7fc7-50a6-4961-a62a-16f3a5cd6aef,2017-02-13,C,C
5b877a71-0e6d-45a7-9614-b1be6182148e,2023-12-28,C,C
5d5f73eb-7c3c-4145-9586-aa40ee795e00,2024-07-27,N,N
5df5c251-7a34-4851-a8bb-c0193adaa9d7,2023-10-17,D,D
60bf1db9-62f4-4009-9d46-b450111a19f6,2024-05-19,B,C
62131f78-7726-424f-863d-25dfd6def680,2021-01-30,D,D
64b05b6c-f79d-4bd1-8489-40e23cdbc5ee,2022-03-01,M,M
6e0ac4ed-ddfb-4519-99e0-e562f0e2e7a8,2025-03-27,M,M
6ecbd43e-6334-42c8-9ff0-138a8bf6066b,2019-11-02,E,E
74f8ec5c-6fb2-4b3f-b459-ea1916292066,2024-09-27,M,N
7cf326a5-e4af-4925-b65f-f6a94c7416d9,2021-04-03,G,M
7d856a14-0782-4d5d-8c50-bd8ae0dea56c,2024-07-28,G,M
81f94984-7cfa-422b-b835-eee7db7c351a,2024-09-28,D,M
8277f06e-eb6c-4359-88d1-c28013a3127d,2021-01-11,C,M
82d3f911-805c-4898-b4d8-092e928ce747,2017-09-06,B,B
8403630b-b6ed-4f1d-9e1a-713277c93db3,2022-10-16,B,F
84d751bf-1f3a-4527-b112-d8a650d7f6ac,2022-08-01,C,M
88dd3c93-5a91-4bba-af27-59a4e6979768,2019-11-05,E,M
89c1b76d-70cf-43c8-ac79-90e59b261ade,2024-05-24,F,F
8c5e316d-5c9b-4c7c-af8c-f3df39e4f854,2022-11-02,B,G
8f687529-f04a-4825-afff-b79ba96ee78a,2024-05-23,C,C
8ffd1c4e-0a20-4921-b955-862ba70ecada,2022-04-15,D,D
903cf3f5-b606-43f4-83da-c5352fcc11fc,2023-03-13,O,O
90a20fe5-8025-40a9-ab24-e21a6009b76c,2024-02-24,C,M
9365fb3a-7e00-4e67-b549-1c5186bd9bb5,2020-12-11,B,M
973a486f-3593-450d-9cfd-db7513eef911,2018-11-19,F,F
97f87570-3d11-405c-83a7-bf7f0fa404ba,2024-02-25,E,E
98351d9a-8179-4f2b-829c-7768e748121a,2022-05-21,M,M
98543f54-d21e-4f15-8f8a-a0cb84f270e6,2018-10-07,F,F
99eed71d-2263-4f72-a716-972a8f89912a,2022-09-27,E,M
99f92017-d580-4bc3-9994-e2ee41a052f3,2024-10-29,B,M
a134e25a-709f-4203-b6f3-d467cfabeb80,2024-05-09,O,O
a2e082b4-6453-4e9f-9431-3b7c34b3a6ea,2023-07-16,F,M
a497da82-4680-4e0e-a774-d5034b167c0d,2021-12-11,M,P
a4ab573b-3005-4080-bef3-eee67336e12e,2023-05-04,O,O
a54d0695-352b-412e-921c-87717c946222,2021-12-02,G,M
a841a066-38ef-4087-a1d1-134b22e9e8c0,2022-05-10,M,M
aabd0554-4142-43b4-a39e-5ffcb6c4d0fe,2020-01-11,F,F
ab994609-6492-4d5b-b92c-93e8edae061a,2021-12-12,M,M
af59bcc9-5f64-403e-90fc-5458b267c910,2024-08-01,M,M
b214cde3-f237-4df6-9474-561eaa4fc74a,2022-04-26,M,M
b64686d0-57fb-4d2f-a7c7-d4725fed63ea,2021-11-21,M,P
bbc6335f-1c47-478f-b9fb-ed00937a209e,2022-07-24,M,P
bc7f8259-d4be-4dd9-a1b1-a242ea13d0ce,2022-04-19,M,M
c764d5a2-332c-4473-9dad-f524b1c4cac9,2022-12-09,G,G
c7c7356b-9275-4876-a3fe-ee01c60fb7ca,2022-03-05,D,D
c94965ae-4eb1-413c-9264-373ae8a3ff72,2024-07-22,B,B
ce1d8f6a-0234-4458-9fe3-5a74b4b1c33d,2019-07-08,G,M
cebf7462-c2af-4048-ab22-77f1ec328f5f,2022-02-04,E,N
cfc6b41d-03b0-46af-a726-e37efce7f1eb,2024-05-24,M,M
d04f7fb7-ee6f-4cae-ae91-cb4ad12c7b83,2023-02-28,G,M
d1516de0-6b55-48ca-be1f-87183632b6b6,2022-09-27,M,M
d1ea31d2-dfc0-4954-854d-07d2ee375472,2022-07-21,D,M
d3cac523-deae-460f-8664-f5f192b407c1,2023-10-30,C,G
d42a45cd-f685-45b9-9e17-0af119d6661f,2019-11-18,E,N
daa6e1b1-9615-40a0-9227-452110c50cf5,2022-02-13,C,P
de1be2ff-f335-40e4-82c8-e5ac65cc4b8b,2023-09-28,F,F
e21ae2e0-8f17-488a-aba5-c6b2b9c599eb,2023-03-22,B,B
e27a926a-ea68-4a46-b07b-53a5cc420858,2022-04-17,M,M
e4313dd1-5d1e-49ea-9b6c-cb4cf6705de6,2023-02-13,F,F
e7fbeda3-5280-48e3-92b7-836ffda99f21,2024-03-30,A,M
e97b54c2-f7b9-4545-b294-917a769e71fd,2020-11-04,M,O
ea23bf1b-67c4-4593-9790-5fcec8833bc7,2022-01-30,F,F
ec931a8d-5df6-4885-bb1f-d83426b4f80c,2022-11-13,M,M
f013f23a-1e8d-4ea4-b52d-32a0f434bc00,2024-05-24,E,E
f175d25d-5171-4c3d-895b-3d77937e09c1,2024-06-28,B,B
f3c47d68-c640-4898-8e61-8c7713dd9b0e,2023-02-01,E,E
f3f5bb37-7761-46c7-8831-1470371d4a26,2022-12-15,G,G
f6379e8f-22f4-4929-8eab-24c1e09ea7b1,2020-11-05,E,E
f6b2e202-6d5b-40ef-8fb8-7c0c2b87981b,2022-05-09,D,M
f7b430e4-4013-4ce7-8d9c-c057df45991f,2022-06-26,F,F
f97c8364-5130-442a-acac-b0b2ac850368,2021-08-30,O,O
fbe85e2b-baf9-40de-ba45-be28ce6a5c8a,2024-02-13,C,E
fd36442b-6205-44de-a59c-bbf76c3c10d3,2022-06-08,M,M
01488f54-2f7c-4621-8ef4-4793b310d527,2022-06-04,M,M
08d05828-18cb-4b4c-971e-41367c7629b8,2022-11-10,G,G
08f51f76-566b-440d-954d-df342dd61327,2024-08-26,M,M
0b01c8be-99dc-4c57-a4f0-740786b926b1,2022-03-14,M,P
0b0eb9b7-8994-426e-b137-7e7bac45aa28,2024-05-03,D,E
12627b16-7aff-4e00-a902-610e6c635f71,2024-01-25,F,F
19fa6f48-340e-4c10-aca2-0f2c91740f41,2023-11-22,E,M
1a43f46a-2acd-4184-9e18-bc8872a98652,2022-04-19,M,M
1e54c756-2057-4ccd-9280-774e90122436,2024-02-11,F,F
1f2c6583-50c2-477a-982a-9edf7ba6b0f4,2024-09-22,B,O
21c30d6b-b002-452a-b173-92ec8da5b0f0,2022-01-16,M,O
22903bc7-b78a-4c50-81fe-748982b9f74d,2017-12-11,F,F
295fb0fd-e51d-445d-8f7f-63da999f4fb5,2024-02-22,C,D
2b613f08-81af-4ece-bc78-15f563e8534b,2021-07-19,O,O
2ce67427-c3e6-47b4-96fa-46335da777f4,2016-12-07,G,G
2d49a65b-6f2d-4e52-ace4-f486952dc3c9,2024-03-23,G,G
2e1da6c7-d6e8-4a5b-9bf2-25804550b9ec,2024-01-06,G,G
2f1d9593-8fc5-4f1b-9ccc-f4dcce273517,2023-09-28,D,M
3015585e-a6e4-445b-8046-fd0b91db3b8b,2023-06-26,M,O
328f64ee-2be7-4bd7-b8b8-a84164fcac11,2022-06-04,M,M
378ea77c-7524-47b5-a150-f10ffce51214,2022-01-10,B,P
389061d1-18f5-4f5c-902d-020378c1246b,2023-04-08,D,E
3b82ba0b-806b-4b9e-bbb2-09e8688969a0,2022-05-03,M,M
3e5b0718-be32-41db-a095-29d483926a9d,2022-02-27,F,F
40de6c37-740f-4abc-a088-d0e185b59272,2023-07-24,M,M
422dbdb6-1cc3-48df-baa0-35ed660739f7,2022-01-29,M,M
4420ea25-dc1d-4f45-9940-bf66886caaf8,2024-02-19,D,D
4513e679-bb7b-43a7-91ba-43b5ead38cd7,2025-03-05,M,P
467a5c49-2ef3-4b99-a221-2c306a13a17c,2022-08-01,G,P
527fce76-1102-465e-aaf1-23aa792ac986,2022-05-27,M,M
539dc3bf-d91f-4eb3-959c-5d677e2b0cf7,2022-01-24,M,M
5566302f-06be-430f-b4ed-f9af5c908871,2024-07-19,M,M
574cef2f-83d0-43b8-8455-04a23039e7fd,2023-09-29,O,O
57e871d0-5243-44e6-8a27-02c5f935b644,2021-12-02,M,M
5ab19c27-c7f5-47c4-8c82-68d560ebea95,2023-03-27,E,M
61c68231-7845-408e-b795-b5999ff00603,2025-02-28,G,M
6281e1f8-a5f8-4109-8714-57e0e15ab9a0,2022-03-05,M,P
638875f2-682d-496d-b420-3c4c3127d3c7,2022-07-24,M,M
66f6961d-e448-4f76-99ba-8d05254e31a8,2023-02-01,E,E
690664af-3e6b-4261-b582-1c9379b075e9,2024-01-31,E,M
6977d186-d4c9-4964-bf2b-a7ea0582b7ef,2024-09-21,D,D
69e9d5f5-ae94-4f28-8d4a-e59b424790d3,2024-07-31,E,M
6b33d42d-9506-49cb-bae5-901f6905bf25,2023-04-08,E,G
6d825c2c-d9d5-40b8-8cb2-8f98a49392c4,2024-05-04,M,M
6fe4e544-e52a-4a0e-91cc-7400cec52ce1,2022-05-31,M,M
721dea72-1365-453e-8562-f5e0e55f7e31,2018-04-26,F,F
76affec3-97b6-4d59-b32f-d464b7b109b9,2021-11-01,C,C
798d9b5d-47ad-42d4-b6e0-c3b7fdf35779,2019-08-12,B,M
7b8fb938-f1fe-43fa-bbee-e34cb79c8529,2023-07-19,C,M
7d55cda6-6f10-4fe2-996d-863faa8beb0e,2023-02-28,M,M
7dd7f27a-f81c-45ab-8290-8fa1d8a56fe4,2022-02-04,A,O
7e1e1cee-8f65-404b-b197-8a7cbf6a63f5,2023-10-26,P,P
7f7fce57-4cef-4f7f-b1c4-3e0683319790,2022-03-31,M,M
808f23fe-e1b2-419a-9fe7-031b8eb18ef3,2024-04-17,G,G
86e16f9e-0f9c-4ecd-8060-a781a06a48a1,2024-05-24,B,B
88529a0f-d02a-4a7e-aff7-a14626baa2f4,2023-04-04,D,D
89379f3b-5fc2-43c4-94cb-03f8091082c6,2022-11-08,F,M
8f50f82b-7a3b-4107-9bee-0059c687c9f1,2023-05-19,C,P
9536081c-06e2-4a11-ac44-435130c934b0,2024-05-24,M,M
99edc250-af72-4815-8af8-f801f985c330,2017-10-25,F,F
9a50e3ab-2b35-49f5-81fa-fca606ecf521,2022-09-27,C,C
9a51ffdc-f4ca-40ab-bd00-4735bc45f837,2024-10-28,C,C
a100fe4f-fab2-4712-9275-b5377201c8f9,2022-04-16,C,M
a1100a90-0dab-427d-959d-293a45191d00,2022-08-14,C,M
a1d6a5d6-b6af-46fc-8c02-46d45b754f25,2020-08-30,M,M
a28bbf3f-ef7b-4c4b-9dbd-160c3f8fd7da,2022-03-05,M,M
a35b0af1-41b8-41cf-ac50-2d1dcdbed0e0,2022-05-31,M,M
a366c7d3-8db5-4d23-a19e-a6e2fa07fb6e,2022-08-18,D,F
a51af833-1bbe-4bb8-a321-d0ae7991f8bc,2023-03-30,F,F
a61d200f-ecf5-476a-b98d-0cb99c6b8770,2018-11-26,M,M
a7240664-599f-40d5-8c19-f2793444eb5f,2024-07-22,E,E
abfbe83e-ef16-4ef6-8dba-70b8c5e3cc81,2024-03-24,O,O
ae03b099-db07-42c4-bd07-9309f310f8f3,2024-03-02,D,M
b046b132-7179-43b4-b07e-349fb14b93c3,2023-05-18,F,F
b49cd4a9-9beb-4573-ad8f-2bb2543d58fa,2022-06-04,E,M
b73fadce-d518-4e16-a832-fc9bdb56be17,2022-06-04,C,M
b9c8d466-93cf-441e-88a8-e7e3dfc956fc,2018-06-25,G,M
bf9a7176-2d48-4feb-8339-1cad05f58cf9,2023-05-29,C,M
c271a3a2-8319-4565-9caf-e483b19c766f,2024-08-06,C,C
c704eab7-e84b-4bc7-a15d-25125b08e3d8,2023-05-29,B,O
ca6d61f9-b5d9-4cb6-a12f-dfe2d322736f,2022-05-22,C,C
cb89afdf-1883-4a74-b3b4-04e6bbef2fc6,2024-07-15,E,M
ccc1375b-eee4-4341-94ae-9a755d4743a2,2022-02-28,M,M
cf8a971c-8d01-4b00-8686-508ac46f23d3,2022-12-29,C,C
d01a4e20-41fd-4975-b985-51018bcbf5f9,2022-05-14,E,M
d083cf85-6b0b-4beb-a34a-916db908751d,2023-10-05,B,M
d1be1ef4-3ee8-4566-ad10-836130c8b862,2022-09-30,E,G
d3affae2-3a8e-4948-a098-b2917d9fca99,2023-10-31,O,O
d61a940f-7bcb-433f-947d-336ed0829dbc,2022-04-29,M,M
d6b8852c-4a81-425f-be6a-cdb7b10da9e1,2024-05-03,M,M
d7ef9f79-458e-4c58-9e0c-7178cefedf16,2024-05-23,M,M
d99ae109-26c7-4a30-9003-6d36e307f2f1,2023-01-11,E,O
da0e08ef-ebf1-4e92-9f9a-fdbcb0a77e1b,2021-12-11,D,M
e3dce126-adc4-490f-840c-f86c0a3c615b,2019-08-03,E,M
ea45621f-0ea6-460e-be9b-724bc0019dbc,2021-07-12,C,M
eac88622-0382-44c1-851e-2f036eec9bea,2022-12-09,E,M
ec092b14-bccf-4efe-b7c7-f710728d8424,2022-01-16,M,M
efccde9c-00fe-4e6e-884a-dc390331d65f,2025-01-16,G,M
f2099421-19dd-4040-98a3-c4b9cde86669,2023-09-28,C,M
f3030bea-3fc2-4abc-b431-58e68a72f533,2023-12-29,B,B
f6cedddc-48bf-4a1c-be0b-609c8c112df4,2022-12-29,E,M
f78e9aee-03df-48d0-b20a-23546b16145b,2024-08-28,A,A
f98dfa59-6a23-4281-a8ff-7abd71d7dd01,2021-03-29,E,E
fba79cfa-d6af-4128-b0de-7886a185346a,2022-07-30,M,M
fe4a3986-c368-439b-9a4c-de34f7d8d694,2022-07-29,B,B
febc1679-0e9c-4cf8-812f-da946568b6cb,2022-07-12,B,D
fee1dc26-fcdf-4722-a553-a6c087f96c21,2021-11-30,D,F
ff8bdbb8-f4d2-442e-b67b-2d019b185981,2023-10-31,D,D
ffb38c6f-6587-4549-854b-4cef27e9d23b,2023-05-07,M,M
00fd726f-f5ff-4f2e-813f-2f359c7f86fc,2023-10-27,C,M
02247150-368e-4e3b-aa08-21df67ac6e61,2021-05-16,M,M
022f5eab-3719-44f4-8603-ee50a1cfd9c6,2022-11-02,D,D
047938f5-f5a2-4bd8-a25a-d0aaf138204a,2023-03-01,M,M
0625d36f-17f7-4c58-90f3-9062b124d87d,2024-05-03,M,M
09c10ff1-5f98-4435-a182-ee1e1652b3d9,2021-03-31,D,D
0c52bb97-c2b2-4e85-a812-0422a38d7fa1,2023-11-07,C,C
0fcae1e2-9299-4a7c-bb4f-272aa5c2e91f,2022-10-10,C,M
13aeb598-3100-4129-b7fe-e11cd5571526,2024-05-23,M,M
1469b91d-c0b1-4be7-b34b-2667792d2233,2022-03-28,B,D
14ac5636-e14c-429c-98ea-06f4634417ef,2024-03-15,C,M
15a65cc0-71eb-486a-9e50-d41cc12a7d2d,2023-07-11,C,M
15b7f600-840b-4448-875c-f3b1bed65c3e,2024-09-27,M,M
16207ba1-b4b3-433c-940c-dfa61bbf4485,2021-02-25,D,E
17711702-9a79-4814-aa5f-47c50b290812,2022-02-27,M,M
1a02c37f-4664-4325-81ed-f3c555b4ea83,2024-07-29,F,F
1c647a96-f4a8-450b-8a30-66cea00db220,2022-01-27,F,F
2114fea1-b0b5-43ee-8004-a455ecff257c,2022-02-17,D,F
22200081-0d43-40fe-afcd-2f542c734b36,2023-09-23,G,G
24bfe3dd-4668-4c96-a57f-fa79edbc0917,2024-04-04,O,O
252184da-6f74-40fc-bce2-5e1349c72f2a,2023-09-12,E,M
25e459ac-2f04-4759-822f-163b41f26d2e,2017-08-24,D,F
26c40201-449e-4a16-8e8f-fa85cd7e11fd,2020-11-05,D,M
272f4722-6255-4640-a3a9-362015a90d32,2022-04-28,E,E
27bf3bd8-aaf3-4a7a-ad75-47b5c9e0521b,2022-03-05,B,D
2804f5fa-bff4-43ef-b7eb-208a3ff2b474,2022-06-24,F,G
2a520c52-e062-4d4e-9804-344346e6852c,2023-11-13,G,G
2c346d3b-c50e-4d54-a90e-9b484a7ed9d1,2018-11-02,E,M
2fe428be-8da8-4da9-9e60-503031196f20,2025-01-08,B,O
322905d7-9b35-4667-88c4-050e344e9165,2023-03-30,M,M
33909ab9-20c2-4cad-a5ff-3a9d762ee18e,2021-12-27,E,M
34d7ae99-b794-462e-9316-bc50844c9dc1,2024-04-18,E,G
37254f2b-cae1-474c-8b99-683591b4024c,2022-12-10,M,M
3786240a-8c3d-4882-b71d-c15c87d37aaf,2024-05-27,M,M
3a8dbdf6-4c37-4528-babf-ec2dc34de665,2023-05-11,C,M
3ab93a39-ecf0-4f1b-a73c-65a3913bf296,2023-09-10,C,P
3da665a8-fd0d-4bc2-a7a7-caa88868573d,2024-05-13,F,M
3e568289-f731-42ee-b4ab-58556ca4a5ef,2023-02-02,D,D
3f04d9f4-f7af-4055-b00c-820bc2299a73,2023-03-04,D,E
40656843-2816-4743-b8d0-9fecd3c51809,2024-09-02,E,M
438e8dcf-9845-446c-950a-d8ba704fec85,2022-11-02,C,C
46e8d6c5-8e2b-4c9e-9ffe-47b7d1e69306,2022-06-12,D,M
47555b12-b803-4e4b-9d3f-87741b7fc65c,2022-09-29,F,F
4a0226f3-f569-462d-b407-b1a935c044d2,2023-12-31,G,G
4bee6154-7d90-48ca-8aec-ac616d49ee5e,2023-03-20,B,F
4f1e9739-485c-480c-b544-f001477ca5da,2022-04-06,C,M
535cec8e-0850-412a-8399-d70d54637743,2023-02-01,C,M
536581d5-da61-48d9-9354-fc189410be36,2022-11-02,C,C
59824358-106a-4880-9c2a-d55daacf0c80,2022-06-03,B,M
6344c206-ce25-4ab1-b0ee-dcf2dd67ae1e,2024-06-10,C,C
64b2b31b-902a-44c8-a0f2-8a7162a4a38b,2023-10-30,C,M
69f7f96e-2d6a-4385-9c02-2f101aa52f82,2022-01-03,M,P
6b419f5b-e921-48cf-a9cd-f01b6a1c0cf6,2023-03-27,A,A
6b774e1a-5f83-4dd1-988b-4d9c98f7f5eb,2024-05-24,D,M
6c65dadb-531d-4a98-b08f-14c0be79cfda,2023-10-23,D,D
6dd89041-55fd-4d68-aff2-d129da46869f,2024-10-16,B,B
6fa79ec8-02f6-4a24-b75f-634e91a684d8,2023-08-31,E,M
704eb5e7-0df1-45c6-a163-f1b478b2847f,2022-11-08,M,M
71947575-9ead-49d1-905a-c28b117da64c,2022-02-13,A,A
71eae1fb-e3c8-4213-b45b-4c89457bb4d2,2024-04-16,G,G
7266ebb2-c4eb-425e-aaa5-0b1514259d65,2023-08-02,A,A
778a8a26-d9f6-4a7c-91d6-ff7225ad4fa4,2017-11-16,B,B
79490fb7-7bda-42ee-a061-f58a6a87dd56,2022-02-14,G,M
794a9461-eec9-4751-958f-6633ba573bfb,2024-10-31,A,A
7c3509b6-24b9-4888-b8a6-dc27799c2351,2023-02-01,E,E
7e1bad3a-9ecc-434f-8aae-ac1068549b3a,2017-06-28,M,M
7eadcc1b-fdfc-465f-ae0a-dc312df4f3e8,2022-03-05,G,M
7ec14691-347c-44ee-96fe-4dc7243729d9,2022-11-22,B,P
8043b9a7-8fe5-4c3a-9ebb-64fa1610d7ee,2022-06-29,M,M
810740d0-5b11-412b-a545-a3b8971993a6,2022-04-25,M,M
8240e47e-547c-4afb-974d-b7e4a62718a0,2023-03-06,E,E
8501dda2-5470-459b-ba06-68fed496bd12,2016-11-23,G,G
8521b743-ae1c-4ed1-90a1-13b41910878d,2024-06-02,E,E
8663072e-e811-46db-ab2e-b840d2c6f077,2018-08-30,D,D
878216d7-721c-491f-b6d7-11b74560d52b,2022-06-21,M,M
8ce3972f-f200-4ed9-ac7e-b40a8116346f,2020-01-03,E,O
8de100dc-2f2f-4a89-97af-f7e5641fa666,2021-11-01,M,M
8f15e982-1b07-4ba6-8ef7-4a24aa6814c4,2020-09-08,F,F
91f95550-59f9-4eea-be8c-a2bae0235d31,2022-09-27,M,M
9372768c-1d3a-4c86-966f-3bd25afc550f,2022-04-27,M,P
937e77ba-9c57-45b6-bf34-c8c01b861307,2022-01-29,F,F
943c1a95-0b7c-4822-9a96-853915a1daf1,2022-12-31,B,O
95c3d275-8574-4ce8-9f8f-e64e2669a98f,2024-04-14,E,M
95cca6f7-fb0b-425c-b1fb-7fef3cf764d7,2024-05-23,M,M
9854740f-ca37-41f4-a122-121a1cf9f457,2022-10-19,M,M
986f06b1-0675-40ad-9893-5dbdf0ecec90,2022-12-14,F,M
9d8e0065-56ee-4031-9d61-e43d7178db5e,2022-12-02,F,F
a0ab1a9a-3074-434b-b89c-57cd8b1e5504,2021-11-09,M,P
a6be4b24-b8b4-4511-9cef-8803f69f5498,2023-02-28,M,O
ae5fe208-e897-42f2-af7d-d2b31b59691e,2020-08-16,A,D
af3641be-6871-4dfa-8191-4783159d1705,2022-11-28,M,M
af5c9e0b-752f-4da4-9cb9-01bbf17f8035,2022-01-28,E,E
b4280b73-93ff-4084-a138-6ce522317bd4,2022-03-05,C,M
b5208a45-ef93-45a1-9bfa-adf7069a8320,2024-10-31,B,B
b77cb8eb-2ae1-4407-aae1-87312431753d,2021-11-29,B,B
b9df9bd0-7252-43af-bef3-c8635095a900,2022-11-02,M,P
bb40dd32-205e-417e-9e9b-8edc98ea57f5,2022-03-24,D,D
bcb1d828-03b0-42c2-83c1-0090fa79ca9c,2024-07-31,B,B
be60d3ca-227a-4002-a1a0-d7e30fcbebb2,2024-09-27,D,M
bf3ab4cb-942d-45b0-8f50-3af7fc50ce25,2022-09-14,E,E
bf8f1f0e-d460-413a-8449-f4063f901391,2024-06-28,G,M
c68f6a98-b4bb-4d74-811e-26bf2828563f,2024-05-24,D,D
c9c4f2e3-cd86-4a14-b2c6-f9a12cb1ea83,2022-09-19,F,M
ca042a35-40c8-4385-9ca9-f9d74ed9d651,2022-12-28,M,M
ca135210-7032-4b8c-ae11-d5578e523912,2024-10-21,D,D
cfdcc6fe-c071-457a-9393-7b890f12e8a7,2021-11-20,A,A
d044286b-6fd7-465f-b6fe-9e7a63326b1d,2024-10-19,G,M
d0c6c896-b653-49f8-9848-42260abacd72,2022-05-09,C,M
d177921a-5829-455c-b2cf-7af87bdff740,2023-01-26,A,A
d7180872-194c-4cdc-8361-9a2893c7d167,2022-12-28,M,M
d9243d94-a706-485c-9de6-8baed0356d0f,2019-07-08,P,P
daab9a15-01fa-4595-9346-42d613182b09,2023-05-09,C,C
db814272-d4af-4e33-80ce-66e69caca1d9,2023-02-01,C,C
dba48c28-dd0d-4c94-9aeb-530689ce8c07,2021-09-02,C,M
dc085ef6-2817-4568-8188-7a5605c5846d,2022-11-02,E,E
dc50c117-ee4d-4667-bab7-e52ddde1d968,2018-11-19,E,E
dc51f9ad-0fe7-43de-acba-668952ac3feb,2022-10-21,C,M
ddb47c05-464b-4939-a940-8f3c94aee3af,2023-03-01,M,P
dfb8fc6d-b175-4ad2-95d2-53ff1fb719c0,2022-05-16,M,M
eb3cb808-6879-4f57-b420-8e2b8506df9c,2022-06-04,M,M
f0ec9eab-82e6-40c1-bac2-c87266f4c368,2019-10-10,D,D
f1079351-92b9-440f-a554-c3db53e1ae6e,2019-11-20,F,F
f12dc529-a7f7-446e-b677-303e015baa0a,2022-09-03,G,M
037a68a2-6a11-4849-b2b1-cb01ab070f5e,2022-04-09,M,M
042c54fc-92b9-45d9-910e-7c62ffe27411,2024-05-03,F,F
049478d0-89ca-4b6e-8e7d-283c8128ad29,2017-06-14,E,E
0a2f54d0-f881-48b8-8e4b-13ac1a85e075,2022-04-25,M,M
0cd0aeb8-c54b-464f-8545-4ac454fa8998,2019-10-30,F,F
10785c15-9959-4b56-8441-a4ad04c14a0a,2024-12-16,M,M
1127680d-29fb-48b9-8334-f9b6a4916598,2019-04-29,B,B
130c062e-604c-459f-b394-dac5f72f4bde,2022-03-05,C,M
1409cd16-8d12-4774-86ff-60c2a3f2bdbd,2024-03-05,C,D
14327b68-7af4-4b3b-9310-9e896aa9fe4f,2022-01-26,A,M
1b92750c-f2af-4ed8-b7cc-1d86e597ba0c,2022-08-03,C,C
1fe18873-aaa2-4437-9f96-33163e0fdd9d,2023-06-29,C,E
22ebda8c-a063-473c-b0bc-ab60fb0eb897,2023-09-01,E,M
28013c24-0abd-4eb9-b2b7-b7ad25cc61b2,2022-06-02,C,M
29a1ee6a-90f0-45ad-ba51-2837057b06a4,2023-06-29,B,F
2fc83fd0-850b-4f12-90b3-942e11d42cd1,2022-03-07,B,B
35c0014f-a45c-4cb3-b069-91165d52dd24,2022-05-05,M,M
39e84a10-d37f-483a-b2da-9356fd9911c7,2019-07-17,E,E
39ee4e6b-9bc5-485a-91f3-0b43af0a37d2,2024-07-31,E,E
3d16b273-9a26-4312-a684-c04f0d015751,2022-11-02,F,M
3d2cf4ae-08ab-4a69-97d4-6b4087e00d5a,2024-04-21,O,O
3f1ffe21-97c4-4ce3-b9af-e319f05d1b05,2025-01-13,M,M
408e6d7c-ff13-45f7-920f-0b6c9074b561,2022-06-04,B,M
41a1fc24-6b46-408e-8c0e-ba281513682f,2023-03-25,C,G
42c33f61-e923-4931-bd51-ce14d81898e9,2022-12-28,M,M
43964ced-066d-4794-8152-9a1960979744,2022-09-08,M,M
455860b3-299d-4201-af79-5d3c40460add,2023-02-01,E,E
4805f121-645e-4410-a5a7-24b60703369b,2023-09-04,C,D
486a89f8-4ce5-4f5a-bf6b-96f4cab2a03a,2023-01-22,P,P
496826c1-c54b-45b5-81c6-4564672f446a,2023-08-13,M,M
4985086e-7b74-426c-8360-5cc12de2e70b,2022-06-04,F,F
4d992292-939c-44fd-b025-22ebc225cc53,2024-07-31,D,F
50039dc3-1024-4e86-83f8-09bdd44ae7ae,2022-03-27,M,M
550fe164-c46b-4f10-84f5-a5bd98163df1,2024-01-08,M,P
557385a6-7af7-47da-8feb-4ee269bdfc84,2022-02-21,M,M
56b2a6b6-3a12-437f-b0b9-e2ad71d5600f,2024-06-28,O,O
576739be-a0ca-47d0-978b-f8f1d5a93091,2022-10-13,M,M
5958a446-ba6c-4847-b6a3-c8275197f59a,2024-09-30,G,M
5cdec4eb-eb53-4544-8e13-6c7c89af7439,2022-10-11,C,M
5d593009-3c6c-4e2a-9404-2358f83bd537,2017-08-28,F,F
5f2dbf4f-c16c-4157-9497-9f74ba1bbe2d,2021-09-06,M,M
61d55f1e-2df3-464b-a311-8d423994bfc7,2024-08-01,C,C
6319b8ad-1bc7-4b54-801c-24db814e2ea1,2022-04-29,C,C
66a27b16-56f0-4606-bdac-31e1b070d4b8,2021-10-18,F,M
69a47523-a814-4f45-86f6-b402efec3303,2024-01-27,M,M
69f8d40d-b4df-4806-8bf7-d458ae9ed1ab,2019-04-10,C,C
6b1f18aa-932f-4857-911b-61ad5b0f9208,2024-05-24,F,F
6bc74511-a93e-4824-8391-7438419d3000,2022-08-27,C,M
6c61859e-eaa6-4e23-a58e-0c80431f056d,2019-07-23,M,M
6d551e13-a745-4311-821f-75c9326ba997,2024-05-24,M,M
70ff4950-7c14-47d8-bcd2-7d5f32acbafd,2023-06-24,G,M
720744ea-f246-49b5-8cf4-3fd471975175,2023-05-29,M,M
73f8172b-1f59-49e0-bfc5-ca1357d3d38f,2023-01-09,C,M
73f847a5-d8ad-4242-b86e-5b34a5a02569,2024-09-07,B,D
7b58908b-3518-402b-8e0c-0b66fa895e30,2023-02-01,G,G
7c7d2fed-9564-4f58-831d-013e46163f63,2021-12-11,C,C
7cdfb842-6ad7-45cc-b65f-93a6f09006d1,2023-06-02,P,P
806d7d7f-1b26-4330-aa3c-ad37b54fe34d,2022-01-02,G,G
80e08303-613e-431a-a077-0b093df9660f,2024-06-28,M,M
82664b78-b05c-42b2-8bc4-a70ca6e3a02c,2023-03-21,C,M
83e9127d-9fc4-436b-ac50-969e08e99e0b,2023-03-23,M,M
85ce0657-fa99-4be1-a763-a70661f1bec1,2022-03-05,C,G
86dab8fb-5069-4ddb-b61b-dcdf5b3b9370,2024-03-25,C,D
87b52ffe-c676-4f86-a9c6-740d25cfb9b6,2023-12-29,F,F
885f90e8-bd24-4096-b5f5-2fecc90ad1b5,2022-05-02,M,M
89699c46-7455-46cd-9cc8-31379a15a174,2022-12-09,M,M
8b374562-2e1a-48a2-9d88-7f8358657a95,2022-10-28,E,E
8b49c050-4b52-4afc-84c1-df761abf1e63,2021-11-15,M,M
8bf5a95d-1172-4abc-bf48-7be7f51566ef,2024-08-29,B,E
8cf93983-224a-4d84-aa27-fde5ba47c6ca,2025-02-13,M,O
8d342f17-91df-41d4-b94e-8bb17a7406e2,2023-11-13,O,O
8e631284-7636-4274-bc39-855703597e48,2023-10-19,M,M
9020c07c-bc95-4060-89f1-641fc17e60b9,2023-02-01,F,F
9402e611-a390-4390-b20e-78569418b243,2022-06-18,C,M
96fead67-b4a2-4a40-a169-d243774b12b3,2024-09-24,D,D
9709d481-b5d7-4627-a768-f26cb5f16ebd,2022-04-25,D,P
97534537-1099-4c46-851d-ce0f6b33dc48,2023-03-25,E,M
9a51eab2-328d-4cf8-a2de-8ecd950d1861,2024-04-11,D,M
9a956b31-74f8-45a6-95a7-58bae7da4c07,2023-03-20,F,M
9ce5e165-4449-46ad-9e12-81ce01821012,2022-06-04,M,M
9db57e63-2c47-484c-ae88-be471d12b5c1,2019-12-16,C,M
9ec8f9a2-9be4-47d9-a95f-8d07a62d3acf,2022-09-27,D,M
9edbc271-0898-4370-81a2-d2985d2e4b48,2021-10-05,F,M
9f4e8c88-7889-4876-aa3f-9602b5b9beee,2024-04-23,F,M
a05470fb-0bd1-443c-b7fa-be35a335717c,2022-06-28,M,M
a0b2356b-254a-47cf-ae47-0f9949624096,2024-05-24,D,D
a1b176b8-f589-451c-b21a-cdd1d280c71e,2024-01-20,N,N
a21cf043-bb51-4ed2-a600-09cc6a7de7a3,2023-06-29,E,E
a306839c-a588-43b7-b36b-6d92f4da16a6,2018-01-10,D,D
a52d7abd-3d11-4c58-b764-d978e659efd0,2021-09-06,D,M
a58a828e-7cfc-446e-a4c3-ae9f68c1c93a,2024-05-03,O,O
a9a64b8a-5dd0-4adf-bc9d-0917c9c9ff89,2024-06-30,F,F
ab15b3f6-c11b-428d-8bf6-1fe4809e0268,2023-03-30,E,E
abc32417-3fb3-4931-be96-a476d7a618f6,2023-02-02,D,D
ad66db3d-af2a-40f8-b00d-9c07a9e09698,2024-06-29,C,F
b067e925-5b91-4772-8c24-a4101a9e51fd,2023-02-01,G,M
b3992b93-f2af-4d37-99f9-3e06534eac17,2024-05-04,M,M
b48b780d-05ff-41f4-8329-14442f830ccb,2024-07-31,F,F
b56d4d9d-6aa8-47b0-9cd3-2b9721bfcb7a,2025-04-01,D,D
b828eefd-648e-4c78-8426-35b261a9aa9a,2022-01-09,M,P
ba0aae99-8fbb-49a0-bd70-9c74d11bf399,2023-02-14,G,G
ba75def4-398e-49bd-9f73-ae278523f3dc,2022-03-05,D,D
bc48d1d6-91a5-40f7-87e4-a35de59004d7,2023-07-30,E,E
bcbc47cb-e9ff-4aa5-981f-282d4db592d0,2021-12-11,M,M
c0012e44-15c1-4565-9914-e82de9de3c00,2022-05-11,M,P
c0f73762-7aba-41d0-b3bc-7ead8af0fdc4,2024-09-27,N,O
c3ce88d0-aab1-4359-835a-a3ee00c90433,2024-04-16,F,F
c4298776-fb4f-4a32-ae3e-8e93cb414069,2022-10-26,E,E
c4a0174f-fc20-43d0-92fd-4d3e82bbeba8,2025-07-24,M,P
c6dfdbd0-a1bb-489b-a8bb-bf8a77c7bdc0,2022-03-21,B,M
c93c85e8-7b7f-462c-a28c-35f69e69f3ec,2022-03-04,B,D
ca011268-14ec-4bad-91e3-396400f5503f,2024-04-06,M,M
cd6e7969-1f0c-4ee8-a660-7aaa579d0a84,2023-01-01,E,M
cd87dd36-3f9e-4ce7-acd9-dce5ad25497d,2024-08-01,C,C
d2a6ab07-b9c7-4e1c-913a-965664a53fbe,2022-08-10,B,B
d41b277a-af3f-4066-9ea9-b875e2ebf95d,2024-03-12,G,M
d9608be7-2ab8-4f02-96c7-a685bbbab117,2023-01-28,E,E
d9dc8742-b1f5-4c08-a54d-8b5ccd26ac4a,2021-12-12,M,M
dd2f3d08-8f9d-4077-8107-d8b02b2e97e5,2024-08-12,B,F
e3cdbbe5-7d73-4c7b-9477-7f350ef8284f,2024-08-12,P,P
eb87fa5d-00d2-4e20-ad73-0d16cb623d1a,2022-06-04,M,M
ebd3545d-76db-4cfa-932a-becea3caff8d,2025-03-06,M,O
ec246014-23ad-4e5d-a123-f09881b935aa,2023-10-10,M,M
00bd6750-02ed-47df-bb4c-065e767e0a9d,2022-07-18,B,O
02104abd-f186-4a28-b9eb-a38cc00ebac0,2022-05-20,F,F
0657649f-484a-43d5-af87-100ce928f011,2024-01-30,C,M
07c7bad0-5ca3-4f5f-9ced-f13232675fba,2024-03-02,E,M
086fd586-573f-4c70-a805-1e5b31ddc642,2023-12-12,M,M
0a5dbf5b-5aa2-4f8c-9643-29cc58d88de2,2017-11-29,F,F
0cc1d683-bef1-4cc2-8e0e-551b8a7928e7,2024-09-14,B,G
0d1abd2d-72e6-4399-a5a9-9d058c0ee484,2020-12-31,C,C
0d958af9-c13b-42d9-8cf8-9dd1791cafb5,2023-03-30,D,D
0f7224cc-8e04-4be5-be53-0edfc62293a2,2023-07-08,D,M
0fc53147-cd31-4a1b-8fdb-42c9117b44e7,2024-08-01,G,N
14369478-35cc-47a8-9d15-1ebe4afbbbe1,2023-04-30,E,M
144a26ab-d877-467b-9063-34bc9f1bfb77,2024-01-31,G,O
1666f80a-62d6-450e-a223-64c1701e55ef,2021-11-29,A,G
16dd1fac-f8b8-4315-a766-dc7c59b08615,2023-09-28,D,M
18e80613-6fc5-4b56-9bf1-b3fd6fddbab0,2023-02-22,D,M
196eec74-2beb-41a0-9ee9-fc5007029bcf,2022-08-25,D,D
1a06b34d-4988-40a5-b9aa-7830f916dcc8,2023-03-13,F,F
1f5b30d2-ef90-4097-8e4c-17bc92239655,2022-03-05,F,F
1f90aa30-3759-41f2-8190-7abaf30c5842,2022-06-20,F,F
210adfc0-45f2-4744-a0f4-df9f9e2f62a5,2022-09-21,C,F
22e74016-60d3-46e2-834e-3cd720af5057,2025-10-13,B,B
24aef9da-62fb-4381-b3b6-df3c01d03562,2023-07-31,B,M
2979673c-d527-4f6e-9817-0769f961e94b,2023-06-13,M,M
29b150c9-bbbc-4f00-a1e7-13a3c6ceaf44,2022-02-16,D,D
2a238c97-cf7b-4566-890f-749f416a429f,2024-10-14,C,M
2ada1edf-6ed2-44eb-8ddf-b8875ba5aab1,2022-08-15,C,P
2c2d1b93-6cb8-44a2-bb16-301b51b2b63b,2019-12-01,D,D
2d766693-616b-4bb6-a028-86ac4601f185,2023-06-29,O,O
37172b35-1de7-4f24-9a9f-cd32b6cff5f8,2022-11-02,E,M
3846f158-b8a8-4eda-8fa8-122d7ad5f566,2023-09-28,M,M
3d241236-f64b-471a-a296-a88d24792672,2023-08-01,N,N
411e94c4-ca6c-4db0-8393-3fe0ddb371b6,2023-11-20,A,D
4333f07b-4793-43f1-848a-b6262526bbd0,2024-08-01,M,M
458ffc98-bc22-425b-ba5f-be7a27f5fcd1,2017-09-16,C,C
45f0aaaa-498d-4499-bc9b-24afe1c0a978,2022-08-18,M,P
46333ed2-fe7e-4007-bdb3-4105aae7ae18,2021-12-21,M,M
476808f8-2685-4ec5-aa92-3c7625537cdf,2023-06-18,E,M
4b6cf553-1565-4552-a243-262abc6dd298,2018-08-06,A,A
4e215588-cd22-47cd-9bcb-bf4d0b8960f3,2018-01-24,F,F
4e7516c4-0151-456f-b6af-b7d947d2f4cd,2024-03-11,E,E
516cfa3a-0fbf-4bde-ab07-68c3cac7dcc6,2022-06-01,M,M
523a8d91-edfc-41df-bf7c-60a280ed341b,2023-12-23,D,M
52e41c51-704d-40a8-92ea-aa6da5f022ac,2019-07-08,M,M
543c459d-375a-49d6-9297-d02c01d0d3be,2022-07-27,G,M
56cce40a-e6a5-419e-9fea-e0441e70e600,2023-12-23,O,O
58a81f37-cfbc-4eb9-be6f-ed38f0b484d7,2025-08-06,P,P
59b3644b-b312-4924-95bc-24c6b2acd405,2022-07-03,C,O
5b1ea75c-55b3-4ab6-bc4a-402e26111e27,2024-02-01,C,M
5b22f03b-d06a-4d7b-a15d-13c6eaec5262,2023-01-18,D,D
5f1424bf-124d-483e-a4cc-15f62568a084,2022-03-19,M,M
60820687-d444-45a4-a0c9-984be605bfb3,2024-09-23,E,E
610ff536-0b6a-4ec6-88d7-b59d6d8b2a87,2018-05-28,C,O
61c92965-53d0-4cd5-9868-36f4c049334c,2023-02-17,C,M
61ed1220-b5e4-411a-aca3-11534e52f95b,2024-01-19,P,P
620c8eb9-6e73-428b-ab6e-d531138f2ed5,2024-06-30,B,D
66ae0fc3-1f45-4285-a5d8-21762cb90c7f,2021-06-09,C,M
677e6526-63a5-4b3b-a6e8-71adf844a6dc,2023-03-13,A,D
69497240-d65b-415c-bd6a-d8204378451f,2022-07-11,B,E
6bebd92e-ffc0-4d55-84ce-e5f27ed82b3f,2023-07-31,B,B
6e8c08ad-d33d-47dd-a665-6a34ac01a3a0,2022-08-19,G,G
740a0622-c9b0-4ca9-bb0a-e27a41786c0a,2023-12-29,G,G
7444e31a-6f8e-4de7-9319-50d88c98ff20,2024-08-02,D,D
747e334c-0d09-4564-a992-7f78da23d8b4,2024-07-22,D,M
760547cb-e094-4a6a-b8bb-8fdc64e19089,2024-10-01,M,M
78333f2a-3e4a-4551-9840-492e255ce940,2024-04-16,B,F
83dcb574-f87d-4b6e-b9c5-7b0bb3504313,2024-04-23,O,O
86638b5e-f7cc-49c6-b000-024a7fdb43ca,2021-09-04,F,F
876deae5-5f50-489f-8190-1eef51314bbc,2021-07-01,F,O
878962bb-e669-4c92-a90e-5e91daf4df0d,2023-05-29,B,B
880e3f23-a581-4168-abfb-f856c99fb48b,2023-09-19,D,G
883d860f-8fb1-45e6-988a-1232b44c3b2f,2022-01-29,A,B
8aeaebe6-3b1e-49a1-8c57-9ec5ffb4ee39,2019-08-23,E,E
984f070d-b8e6-4b43-9040-4ba5860fd050,2023-12-29,M,M
988f14c1-8715-4ed6-830a-08d3bdd56808,2022-02-07,M,O
99555cd8-d4a2-4e3a-807b-13e44af86a56,2021-12-02,O,O
9acd47db-3aa7-461b-80c0-6cda93ea6cc7,2022-06-01,M,M
9b1e1221-8b5f-438c-b3d7-4da50c55e44f,2024-05-24,M,M
9dacd17a-3e15-4de9-bcd5-b29edeefdb9b,2023-11-12,G,M
9e9caa01-7d61-4095-911b-272c5c9f2124,2022-06-04,C,M
9f7b30aa-afff-4b48-8ed3-60b1fa0f3761,2019-07-08,C,C
a091526e-8783-437b-96df-8d76ef3292b2,2023-01-29,M,M
a2464f32-bfa8-486e-a0b1-317324f89cf7,2022-07-07,C,C
a3996296-ccda-4978-8063-59078f896758,2018-02-19,D,D
a3ea30eb-b075-4922-9f8c-12da993400f2,2019-06-11,D,D
a5ebb78c-0a56-48f9-b8ba-a3aef16c0ead,2018-05-05,C,C
a86f5685-89d8-4a4b-9f88-80c9d06a73a7,2024-01-01,D,D
aa6792b5-a1af-46a8-899b-1dbbc00e5e0b,2018-08-16,E,E
aaf4cc7b-eaeb-41ad-bd7a-b2dadb0f5b44,2023-09-23,O,O
b220dc4b-705c-498e-b692-f847919113dd,2021-12-02,E,O
b228c547-9ab1-4039-96f0-437fc08e7480,2024-07-31,M,P
b5522d0f-7efb-48a8-9a44-9e21641c3147,2023-11-04,G,G
b599151e-7bd0-48c4-b8a2-913ed92193fb,2017-08-28,B,B
b81737ed-b351-4ce4-b668-c5908287894c,2022-01-29,M,M
bc822727-9f07-4291-aa48-1b52d6a1723c,2023-03-03,A,B
be8d5070-2626-4310-a83b-3b79e57ad96b,2024-11-05,F,P
bf4c59fb-8f2e-4e02-bb8d-3ccadd28026e,2022-06-30,M,M
c60b4a7a-39e9-426d-9c88-3137e9098e27,2024-09-24,E,E
c7631116-b0ca-4658-9104-327098238a2f,2022-06-21,E,E
ca7f9089-e9dc-4105-ab64-6ab886cd5571,2023-04-21,D,D
cb050deb-a68e-4ca1-8492-c0e07e96a921,2018-09-09,B,B
cd2b2f44-6c3f-4935-8de8-7004191f422a,2022-11-21,M,M
cd63973c-82d2-4567-986a-e46a1fa153a4,2022-03-17,M,M
cdae7eea-8b7f-430a-a623-aaef76498349,2023-02-01,D,D
d2ef8445-5742-4082-8826-55be2027757d,2024-03-23,O,O
d4ad25fc-439c-4d64-88df-c74ad4b2500d,2022-02-22,M,M
db7705bd-2b64-4b9d-a122-10eb8ebf503e,2023-01-27,G,G
e39b1589-3806-4b68-908d-8fd58851674e,2022-02-21,M,M
e41c3b3e-5e11-4429-ad53-40aa8a619070,2024-06-28,B,B
e5a3ad77-a6ae-4362-b0eb-702fc8b35fb1,2022-02-27,F,F
e87db2c8-a7e0-42b9-bb0d-5a81e717913c,2022-05-27,C,C
ecc6959c-1820-43a2-a580-73fb32597d18,2023-12-19,M,M
eec66243-3304-4f1b-bd66-838ab4716d76,2020-08-03,B,B
ef65f5e0-2471-4ad8-9314-a96b46c9f6bc,2024-05-02,D,M
f1db6699-f060-4baf-a534-218b6317a23d,2023-02-01,E,F
f35b467e-6c16-4091-b918-5bc6ed3e56ab,2024-01-03,E,M
f82703ed-8df8-414c-9ae1-d5ec535b8e8c,2024-05-17,D,M
ff4bdf2f-03a5-4187-81e3-57f37cf68b89,2021-11-29,E,E
02571c0a-8d31-457c-88f1-0eab3a3d8fbe,2022-07-03,E,E
05029039-acd8-4ed2-a149-e8017410ba17,2021-07-22,C,M
0a7fc3f0-b2a1-41d8-85a9-30de76a8878e,2023-11-15,F,M
0c51d2c7-2616-4284-9650-89c38ead1e46,2018-01-03,B,B
0c7287b1-6de2-49b1-960b-5316171e90bc,2024-02-19,A,E
122bfbdc-4729-4c5b-99e2-7b264f92bdf2,2024-10-31,F,M
138f207e-c1d7-4421-b21a-6ddff8818470,2024-10-21,B,B
154fc0e4-3fe1-4a9f-83d3-61c669d1f10f,2021-11-22,M,M
15718b68-3ed0-43bd-8f37-4b5ddf4b50a2,2023-12-31,F,F
174f52e3-bbba-4646-ab5b-f4d832c00b30,2023-02-02,M,M
17a2a817-7dfc-4f46-80f3-afdebad5b6d0,2019-07-29,E,G
184e4763-0c69-435f-a857-aa158c666353,2023-08-28,B,B
19cc3af3-8aef-4604-804f-51704587169d,2022-03-04,E,E
1be8334f-37ff-4a47-b910-1f376bd6063e,2023-02-28,M,M
1e94a528-f624-497d-b404-d3b6b934d149,2024-04-08,E,M
21dc09a1-6a2a-48c5-95ba-5b96fd415a2e,2021-07-14,F,O
271dd0ba-ab57-4dac-97d4-f80fae05a74f,2022-02-13,C,D
2bcadadb-e3e1-45ea-a438-92df827dff4d,2024-09-30,C,D
2ed45d74-3c0f-49b6-aa66-3dce31f5e697,2024-01-22,M,M
300d44a9-a5f3-4ae4-82cc-af22092c7e7d,2023-02-01,D,D
34070527-6465-4520-a411-7f30221502bd,2021-12-08,M,M
3ac1b33a-45ee-4b19-b050-42e1eaf5b26c,2023-02-28,M,P
3d810849-b72b-4fba-85ab-d58d62f4915c,2022-10-30,M,M
3e9d6fe3-64d1-4909-aa00-ed6ae6be8af5,2023-05-15,O,O
40948b37-3a28-4f02-b567-e03c9cd41c0d,2017-08-22,F,F
40af3ef8-b252-4536-a163-46fb8d15dd81,2019-07-08,M,M
47e3b113-7c72-4c2c-9ff8-cb86efc436f3,2023-02-28,O,P
4bdb5074-9ecc-44aa-8044-3092f02d02d6,2023-05-29,E,M
4ed2f299-b5a9-4b02-b1b6-7f185f052dd2,2022-05-17,E,E
4f424b6c-3c74-41e2-a990-148c007bb9f2,2023-03-30,F,M
5233abeb-5acd-470c-bebc-c358ef91a79e,2024-05-04,C,C
54b05339-46c3-48c4-9e7a-008b50bbf441,2023-07-25,N,N
581c4089-6471-4fdb-8b30-3822ae9b1b5b,2017-01-04,E,E
5a5096d5-26a4-470c-a616-2c8bc6e65b6d,2022-06-11,F,F
5d727b61-c695-4b54-ae7c-ea1de8a50a15,2023-02-02,M,M
5e9a8f5c-e1e3-4213-8dd5-48515a2950bb,2024-06-30,C,M
5ee554a2-418b-430c-b4e7-3168e609ad64,2022-03-05,E,E
6180a5c5-e1f6-487a-9d83-b52c90dd9e5d,2023-01-29,M,M
6bbbdc62-7554-43f4-b7a0-47393586a57e,2022-08-02,M,M
6f0bd6eb-6d3e-4e6b-9eb5-ba4559c105f8,2022-06-28,G,M
704dd68e-0921-4eca-88a1-df2c941ea2db,2022-08-23,D,D
7261824f-2dc5-4cc0-a145-98c7d002a841,2023-04-18,O,O
737659df-3e14-4a9c-9e99-856e4d6ee5dd,2022-06-01,M,M
7441ea80-a5cd-4b4c-82b7-ddd30189922b,2021-12-09,G,G
7615fd79-ca54-4ccb-829a-1853e4b93239,2023-02-01,M,M
7810374f-1cfd-41f5-9290-9a6a594c6c94,2022-01-19,B,B
7c6876a7-6f57-4e61-8d41-2e894374684d,2021-12-11,E,E
7eab5779-7314-4723-99a3-1d1efbb446b9,2025-03-01,M,P
8246b8ac-fa75-49ce-897a-c69bc2678e52,2024-01-18,C,C
824efaaf-616c-4460-83df-deedccaa5c16,2024-04-15,F,P
861dc81f-3f29-4972-9361-0430d4ffe8e2,2022-10-12,F,F
86a08470-6680-4c63-bc60-89c6b09088a5,2023-10-11,E,M
88e1c606-4994-485a-ad2b-d2a907e29b48,2023-04-11,C,M
892a4df9-257e-4657-a632-3f2514b4ae9f,2024-10-14,O,O
893ae675-fcd6-4f58-9f36-d9ebd75ddc57,2023-08-28,F,F
929c073d-764c-4f77-8b76-29b078e84c65,2024-03-13,F,F
95ed8a96-3af1-43ca-81e1-d7f39c11c3b1,2024-01-09,C,O
972e7756-450f-4347-8def-d883d7986fe0,2023-11-27,D,M
98f92897-0de3-4493-af67-7196f0e16e6e,2023-05-29,E,F
99397d03-fa2e-4e63-98cc-995ced5fb0f7,2021-12-02,M,M
9d01b628-e1f8-4e4a-8c6f-935616c043d4,2023-04-25,A,A
9d3717ca-6553-4fcb-ae48-eb240fecfaca,2023-03-21,E,F
9f22185d-55fc-49f5-b397-116d0fb7e755,2022-08-13,M,P
a04d8691-affa-455f-a67f-6759e946fd85,2023-07-04,D,D
a4449e94-a012-4d3d-a974-9d5e27a756e5,2022-11-11,D,M
a96146e4-6ca0-47d5-b437-5d0493764e91,2022-04-04,E,M
ad4ab2ec-38fc-4a11-a862-60608178d0a0,2022-01-12,M,M
adc8c02a-8583-4d5d-bb21-53b676936a3c,2024-05-23,M,M
b18b56ba-c7dd-47ee-9cf5-86bd48187f51,2023-03-23,M,M
b2ca4c55-5fb0-4be1-939b-6252de3e5b2c,2023-03-17,M,M
b6f4f9d7-2747-42a7-bf05-82267ca49642,2021-12-02,A,D
b8287275-af27-4692-b5eb-7e29450bdfab,2023-03-23,F,F
bb9a583a-4af5-49a2-886d-daca796d7ef7,2022-02-01,M,M
bcc87a4d-2700-4004-b7a5-5c9560f5731a,2019-05-01,D,M
bf4a317b-767a-4102-9066-548e160acc70,2023-05-29,E,E
c0dea97e-60a4-4149-89dd-948f1fb1ff99,2024-11-04,M,M
c1284c6c-51f4-4ee1-8877-f0ea3e259040,2021-09-20,M,M
c5b9923e-7eff-4e6a-bd3c-88a34af180c6,2019-10-21,F,F
c70874cb-d6bc-4662-b8cd-ab1e7daa3fc7,2023-05-29,M,M
c715317e-46d3-4712-93b7-0bc6998df37d,2022-03-05,E,E
cbe25be6-7fd1-489a-bad5-e7ead24e4340,2022-05-25,M,M
ccf302df-7c41-4426-8041-74900c03056e,2024-04-30,P,P
d043759b-24ec-4ebc-876b-624f1d55ffe6,2019-01-08,C,C
d0b5db97-46b5-49f8-9367-f1ced2fb8490,2020-12-07,D,E
d0dae2b1-7322-48dd-bbbe-90838d873a0f,2022-01-03,M,M
d0ef45bf-d9f0-4faa-8f7f-ba29cb4cdb13,2024-02-26,E,G
d1feaa1b-b055-4bb8-b97f-e1c6c4166849,2025-04-15,E,E
d2321a88-2127-4abc-a00b-cf36579a2aac,2023-01-09,F,P
d3102466-511d-4e30-9df7-72246a1c257d,2017-06-14,A,A
d534ae7a-ea72-4b69-85e1-f4899dad5fca,2022-06-04,C,M
d58c46f7-1d32-47c8-90fe-72a17262652d,2022-11-22,C,M
da496f09-b85e-4be4-9130-203478188490,2024-12-19,A,A
dbfc18d8-2aa1-4ef6-97be-942dfee88f59,2022-06-29,M,M
ddb01a93-c950-4088-ae74-71b6acbd5783,2020-08-03,C,M
ddf1fa71-1c4e-49a7-91af-44c5501f2dda,2025-08-05,E,E
defb44d0-e141-4b84-af7d-f2d23fa43f7b,2023-03-14,C,E
e67acd1b-baee-4811-bff5-ae5485c3b0d0,2023-05-09,M,P
ea62d355-eb44-4fd3-ab2d-2b4a833ab6ee,2022-05-20,E,E
eb641c3c-7a71-48d0-bc33-d0dbf44c806b,2024-02-01,F,M
f8c0e8bb-75f4-48b0-b8c4-62711791d8b9,2022-04-01,D,G
f8d5a442-0e5c-4660-840d-2450c059604a,2022-09-02,D,D
fdf378bb-1773-490b-a8c6-33700970b873,2019-07-08,C,C
ff396fff-f94b-42b4-a450-c71c0e933a9d,2022-12-11,E,O
ff86b279-b7f1-4a5a-882d-66834cf9df46,2019-07-17,F,F
0a030a6a-40fd-4a71-9554-c694e9a31011,2024-05-24,,
e1ccc839-4921-4fcc-8f0c-df9587824b2d,2024-01-27,F,G
e1ce61b3-4353-4be0-a3fa-f5ad40114690,2022-06-10,C,E
e4dc5d0d-992a-41b1-987f-dc69f1c8f90b,2023-09-29,O,O
e55d82ea-4eaa-45c5-b997-bf80e8abd96b,2018-12-14,M,M
e8baf98a-3d83-4ff6-89f6-88d45481ca99,2021-07-04,M,O
ea7cb002-5005-4425-8c87-7f4aacf0c1bc,2022-05-20,M,M
ebfed59c-bf2e-4a3d-bfd8-fd3cd903f8b8,2022-03-18,D,D
ee3da21d-54b5-40ec-8f5a-1b56e250ce83,2022-09-02,M,M
efc6f109-83af-4f13-926c-d71ca079ee4e,2022-01-29,C,E
f0b8bd69-849b-477b-ab32-2c07d0da9fa7,2022-04-14,M,M
f2c1c734-e1f2-4e7f-a800-8ce3ed125004,2019-04-24,P,P
f3dbff49-75cd-42be-ab37-d54e84fc24fb,2022-04-28,G,M
f47897b2-f79b-4570-9c86-c8ff68022d2a,2018-03-22,F,F
fed5be3e-d3f0-482f-9e8a-28e4e06e8145,2019-08-18,F,F
db17e227-5403-4227-b2c4-09dc69814a25,2023-12-21,,
03803c50-bab8-4b77-8aa7-293014ba40d2,2023-05-01,G,G
07b61680-df31-4a9c-8338-f71686ddb869,2022-11-27,B,M
0de84b74-cd1d-4538-888f-5f1fe3ac19dc,2021-05-01,F,M
0e87276b-988f-41f5-83a4-61bbee6ac0b6,2024-05-24,E,F
13baf0e9-912f-45af-9db7-9c5f4a7b2dad,2022-03-05,D,M
1517c25b-7379-41ec-8ce2-e0ebc26634d6,2019-07-08,F,F
153f9228-e5d0-4935-abfc-87bf17821b23,2018-10-29,D,D
1641e101-1755-4a40-9cda-dd5a27cec0af,2022-06-11,G,G
179b2a89-2b26-49cd-b9ec-a830ebd0a3b0,2022-06-02,M,M
1ca67af4-5b92-45ce-9070-6dfcec1cdef8,2024-05-24,M,M
1f14dcb7-3fc5-461f-9f15-8968a3311bfe,2019-07-08,B,O
1f5dfac3-f2d6-4fdb-b5c2-7373d3990aa0,2023-06-15,A,A
20806878-0c67-4ebf-ad9f-e32b85115e61,2024-04-28,C,P
210dad2c-c853-4553-8fa5-17b9957f3d2a,2022-08-02,F,O
22d95d53-4a32-45f4-8f14-2c7c8a4c040b,2018-02-07,B,B
254b2966-7ff5-4100-b343-c562015fe819,2022-02-27,D,M
262aae34-a127-4228-9e7d-d6bb3584cb48,2017-07-10,C,C
2782c3bc-4afb-4f6e-9ca7-8134e9a98bdd,2023-02-11,A,A
29b8021c-fd38-48f9-9acb-402d7ee40f3a,2018-11-26,M,M
2f7a6964-f805-47d8-9674-2a90adbd932f,2023-03-30,C,G
2fa347b5-64f1-419c-855b-29e41a3c8618,2017-06-14,C,C
30f9cdea-885a-450e-a561-058684cd72f9,2023-02-01,F,F
31c88ec5-dd55-4e5b-b5f4-fce50ea63b81,2024-10-26,M,P
31c9d01a-91a1-442b-b099-52107605db25,2022-03-28,M,M
327158a1-bcdb-4a77-963f-5eb6f9bf1695,2022-09-23,M,M
36beef7a-5764-4b51-abfd-4ee273b2c839,2024-01-30,O,P
413f3871-9b74-4819-a144-9dd821f713ef,2024-05-24,M,M
4199e7e6-6d0e-4f6c-91e6-f006f38df09d,2022-08-18,E,M
44032a3d-4ee4-423a-8916-5b31d7d003eb,2023-02-02,E,M
442dd39b-b1df-4719-ae16-6df57abd1d3e,2024-05-24,M,M
490a2034-418b-432e-9c86-f576b6c6ca40,2024-06-02,C,P
4dbb8ca1-f267-483b-ad88-f33ef622af2b,2023-12-29,C,M
4e2c8574-82d0-48f1-8ace-7a8a517e989a,2022-11-28,E,M
4f819180-cd34-46d7-b8ba-0cb421242d5d,2024-07-15,O,O
50b8c91f-293c-4192-955f-9fb9fad5787d,2022-09-21,O,O
54190981-9607-47df-8827-53f72700e366,2018-05-05,G,G
54424217-f088-4040-a3bd-cf0e69ee1254,2023-03-22,B,B
55e5a75c-747c-4c77-b1ef-7b00f3004c21,2024-10-31,C,C
599b3d19-403c-4253-9cc2-29a892c8508e,2024-07-29,D,D
59fa2091-7674-4002-90b5-c84796af89c8,2022-02-08,N,N
59fd4205-c38e-45db-9c60-d44a815ed5ac,2023-01-12,D,O
5a676bad-d1d7-4964-b704-e534f34d2a56,2024-09-04,M,M
5a89754b-dae4-42be-8c47-401d27be213e,2024-07-15,E,P
5c10c8c7-9425-4495-a02b-3c670f4bc5a0,2022-05-19,B,D
5cc179b5-66d5-4701-80e6-dbe8ed02c49d,2023-03-06,E,P
5cfec998-3d81-4a9e-a12e-1ff50f3e1efa,2017-09-18,F,F
5f181bf7-34a1-4dd3-ab0e-26117d2bd84e,2023-01-29,C,C
622de8f6-a3d2-44d9-8853-2128ffd49bf0,2021-04-02,M,M
626ecb8c-5ae1-4701-8b25-ee1107b91bb5,2023-10-06,B,M
629c4c41-cae1-45e9-b100-37808f8d83b9,2024-07-31,E,M
63572f3c-eec8-4114-85c2-32c476331801,2021-03-07,F,F
63715809-d083-4f80-862b-bc42368bac9d,2024-09-10,E,M
63a92770-2121-411e-9249-8fd1675989fe,2018-11-26,M,M
651161c1-68c4-444a-9d31-5f893fb83b03,2022-11-24,E,F
657c8ce1-fd2f-49a3-b491-07e2c66ba4b6,2025-01-18,A,A
6b170088-3907-461e-8ea0-7526b86c5749,2022-12-04,E,M
6e600f45-429b-4cbe-aee1-bdc71b8c978c,2020-08-19,B,G
6f864094-2b87-415e-9077-95315cdcd8dd,2024-01-25,F,F
71c7f9cc-a886-424b-b81c-55eefa2d4731,2022-12-28,M,M
723c21f7-dad3-4e4e-89c3-772a87b94f6f,2022-06-04,M,M
735c4dc3-b82f-4983-bdea-3d56dfaaf98f,2022-11-02,G,M
74ade21e-6910-4fc0-8041-8909349db42e,2022-10-13,G,M
78bab4ae-a19d-4bbd-9804-5837a7a17e7b,2024-01-21,B,E
7d07b428-e489-4631-8ec1-b6ec7836a48e,2023-02-01,E,E
8091458e-0eb2-47be-b527-b7619fe32f50,2024-02-01,M,M
83419854-937e-42dd-a8a0-7e6d6ac5e498,2023-03-30,C,C
856da014-e8c6-43e7-b3c7-54699c58413c,2022-06-01,F,M
89676db0-cc1e-46f6-a1d5-f33e6b30ef41,2025-02-26,G,M
8c48e784-1c6a-4eb8-af46-c6e2e09ca6dd,2021-12-11,F,F
8d420e7d-2a5c-4188-8795-f46e375e0af8,2020-04-02,F,F
8f150cc2-05a9-4901-a4a4-c7f9305e0903,2022-07-02,M,M
90027012-9d78-40f3-967a-2b064ad36f1b,2023-06-16,M,M
90646dd8-745e-433f-ae96-8e2101ec5b5d,2023-12-10,M,M
9451cf5c-b84f-42eb-af90-53bf29991271,2022-09-16,D,M
974c6742-0bfb-4b66-b88c-58251c97a996,2019-08-26,D,M
9a4ca3c2-0f81-495f-8146-a55a862855c5,2023-05-29,M,M
9a5fbc5d-d83c-4749-9193-e4b004722d42,2020-03-18,F,P
9c474f02-c98b-4bf6-8688-b8bd2e4af064,2021-11-01,B,M
a28ee19d-42ff-4aee-a9e5-8960421c176b,2023-06-07,F,F
a3851459-d47e-40c4-ab7e-1abacf115cab,2020-05-29,D,M
a946e0ab-64dc-4b7a-bc32-1b3bb9906839,2022-01-17,F,F
aaef805f-0286-4884-b739-5a435ff9f4aa,2023-07-29,C,O
ab428d68-1f3d-4a5f-9ecc-10d6e6ae6e6b,2024-01-29,G,G
ad08123a-33b1-4cf2-bd8e-0793e239e436,2024-06-10,M,O
aebc4d9a-5ea5-4b9f-adf8-a4779fd31e5e,2022-07-04,B,O
afd46dd6-9f04-4350-828b-ba45d9ce81c2,2023-05-29,D,M
b2a752c5-2e10-4d01-8c5f-2d8a2fc7da48,2022-05-18,M,M
b30864df-3db2-4827-b69c-da2c71f6226e,2018-06-18,F,M
b53ecf1b-5337-4404-8c3b-4add0177f6a4,2023-09-27,E,M
bc16f82d-64c6-48ed-9c70-6df5284c6736,2021-12-02,F,F
bc9934c8-bfc4-49b1-84e1-9f8597f59577,2024-06-28,C,M
be013a8e-ea51-40e9-9380-f5f2ececfab2,2024-07-31,M,M
befdaf2b-27f5-4a32-af40-1b10a2167765,2021-09-06,C,E
c39484b2-6f5e-4d3b-ad50-fcb73874f09c,2024-07-29,B,B
c5cb52aa-a7e7-4bd9-b6f6-d84be61fe56e,2021-03-15,F,F
c624f2ae-a8be-4a5f-b59b-eb47b3b56770,2022-11-10,C,N
c8a3e069-294a-4bc8-8485-a0212e9693be,2024-04-15,D,D
c8c3dacd-0e43-4c79-b82f-584731da6d45,2024-08-11,D,M
c9e27ad1-f8a4-4f97-bb19-fd70ec3427bb,2023-04-28,M,M
ca95c8a7-5641-44bd-ad34-1804723517fd,2024-10-27,M,M
cba334ef-9e2c-48d9-a1b6-ef25ec7e50df,2019-07-08,M,M
ce184be1-6d0f-4167-a26f-9f3e64f8d1fe,2024-04-02,E,M
d06cfca4-787c-4f48-b1ec-021bb0ee684d,2022-09-06,F,M
d10abf77-d4c9-408e-9a13-200172d87aa3,2022-10-20,M,M
ddedb7dc-2e33-4372-b329-39b8bcb68c6d,2018-05-05,C,C
dfb9f56d-a39f-45c4-88fd-f28223c94c67,2024-10-21,E,E
e544c298-2136-4c68-85ac-5887764343ef,2024-06-02,M,M
e7baf12e-8016-4e71-8295-b8996f040efc,2022-02-04,B,B
ea01e74b-64e9-4d6c-a952-3b85136729c5,2017-11-15,C,C
ea3fd598-c986-427f-a888-9128421ecc7e,2023-09-17,F,M
eac46878-2f49-4384-8fec-e6f19473760c,2022-07-28,G,G
ec8e9e4e-17e7-4193-b6c9-bbaf68cbd927,2022-07-14,D,M
edc6a3e5-630d-40ab-817c-fcff30fe65d5,2022-01-16,D,G
eeb531b8-edd7-45a9-9981-58fac2f6d5fb,2023-07-20,B,B
eed8672a-a52f-45fc-958b-f74fa967764c,2022-08-03,E,E
ef4d341b-4045-4890-bd08-02644ac4b099,2024-03-02,F,M
ef53f4b4-46f1-4f8e-a70f-6f070a3abbd8,2022-06-10,M,P
f3d37658-e587-43a8-a68b-f31bd343f142,2023-04-27,B,P
fb8f7cbf-2e5c-48f6-bedd-92def8c78878,2024-03-03,M,M
fdf585a3-51a8-4b8d-a3b0-016185adbea5,2024-08-06,B,B
32740c6b-ab46-46b3-b26b-e2c2c4788d60,2024-05-24,,
efa4f344-2ad9-4333-bf57-d7bfcb4da6be,2024-02-06,M,P
f0192014-4f19-428c-a7e3-bdf517f17683,2021-12-02,C,M
f7f58874-d03b-4c5e-a379-cee4d2636d8d,2023-03-30,B,D
f8f822d1-f08f-4475-b12e-a93b06979762,2022-06-03,D,M
f9db6673-2dcd-453b-9254-61adb0431424,2024-03-04,C,M
fbcd8158-3f40-4f9f-9136-e06fa6370d81,2025-07-20,G,P
fd060afe-6430-426b-95c8-68e24e95a77c,2021-09-27,M,P
fdf6064c-7da9-4f08-9f80-5488d7f76ed1,2024-06-11,M,M
00f34513-5057-4216-82c2-269e11239133,2022-03-05,A,A
0174a461-79fb-45a5-8604-4066ec5483ee,2024-07-11,F,M
01ee1d9e-7fc3-447d-8c54-c6bcaba540ec,2023-02-13,M,M
025bf20a-5baf-47ed-a9fa-a0a12f4dad50,2025-03-14,G,G
04de7b95-509d-420a-8533-22940910424d,2023-05-29,C,M
0893fbc0-b1ae-43e0-a21d-9cb16120be47,2018-07-06,G,G
0b70f523-bc29-4501-9900-65e4544f08ae,2024-10-31,F,F
0fa5646f-8d38-41a5-acb3-dbba39a11c09,2023-11-11,E,E
128aa5d4-2da5-4797-966e-66514c4adff2,2025-03-07,G,M
149ab976-2473-4362-ab30-6be10b73c58e,2023-10-21,C,M
1674ab5a-ab01-4fd5-a66e-2bd4e4dc42e5,2022-02-16,E,E
17eeb411-87d4-4795-93e6-a23d64ba23ad,2022-09-16,D,M
1913042d-c74c-461a-a98b-d86a622e72d0,2023-05-29,M,M
1b09eec4-f526-4cc7-8d09-12082736bb12,2022-04-06,M,M
20dab388-b89f-4ccf-adbd-abf8ea0bdcba,2023-10-29,M,O
23d90cc2-2b8f-48a1-b05e-df8eb5c755a6,2024-10-31,O,O
23e140b6-d2e4-42c6-87e1-c68b32d543c8,2022-10-03,F,F
28dbebfe-6af6-4400-a17a-c9f82fe2d297,2022-08-12,B,M
2afb849a-28f6-474e-8c73-77af7c66024c,2022-10-06,M,P
2df131b4-b71b-4bee-b246-f92718c1c84d,2022-05-09,A,O
2fc776cc-43da-4167-a4dc-f7a77b12fe07,2023-08-03,C,P
34fc18bc-b5ed-4414-82fd-675397f4cc89,2022-10-01,E,E
3712834f-0c1e-4b06-829d-4d0d1772ea16,2018-12-06,F,M
41192241-bfa8-44c5-8428-61612c69dac3,2023-02-01,D,E
43648a9b-41d9-4ffd-8d38-719d7d86eac4,2022-07-08,D,D
4a5e4427-8135-40ab-ae13-db6d32b3bd68,2024-11-21,E,E
4b0d8394-0aed-4a8f-8182-29cdb49722d0,2023-12-03,E,P
4c213c94-c0ae-4d83-953d-d233f76e3b7f,2024-03-30,C,M
4cbde008-aec4-4609-bfc0-eab9c4ac52c3,2023-05-15,P,P
538bdb4e-7c02-4ef7-8dfa-cff5a381b06b,2024-08-26,A,C
547928df-662d-4294-9a4a-1f1ed2a207da,2023-10-17,F,F
582c6e5e-6012-4bc4-a63a-a24becf89678,2024-12-10,M,M
5a59d629-14e4-477a-b364-3abc254f9dd3,2023-02-01,M,M
5d8e0c60-d1a5-4c06-b354-9a252344b166,2019-07-08,M,M
5eecc48e-8704-4e47-94f9-96f94cfce162,2022-08-22,M,O
61543685-15ef-4e8c-b002-ddd6814a3f0f,2022-01-24,M,M
623c3603-2c9d-475c-ac91-a2c35ae8ad39,2023-03-20,M,M
647ce3bb-80c3-4d5e-a067-28d876464fbb,2025-05-16,E,E
649be97a-b56a-4f21-a94c-de4b83956da3,2018-02-21,C,C
65b8abe5-964f-436b-a547-d7dd1892c54d,2022-01-11,E,M
692bc473-d6bb-4a0f-98ff-4cca9c4919ac,2023-05-29,F,F
698fe0f9-74c9-4a46-8bb4-77db6b04ff54,2018-03-01,A,A
69ff9e45-cc15-4e9e-a501-fb39fdcaf0db,2022-11-02,M,M
6b6b82ec-b707-4af8-8fac-edbec73f1efb,2024-01-06,M,N
6cb0aeae-f024-4941-8039-4431c2583a41,2017-06-28,E,E
70444dd9-4144-48b4-9a0b-e970a556025d,2024-04-16,F,F
714eee9f-fbad-4c12-947d-5588e5bc4afe,2024-08-01,M,M
7197e3e1-5467-4737-9c6f-32a2c3ae76a8,2023-02-28,D,D
7331db5e-9bcc-4985-aa01-bde80f292ca7,2022-06-22,M,N
79e67f76-6f24-49ad-bdf3-319008f7292b,2024-04-08,M,M
7c3f654b-bf34-448d-8f45-d9245f03329f,2023-07-06,M,M
7cfd44e6-11e5-446a-9775-56fa5c83b551,2022-08-28,M,M
83d63d92-1549-42b8-bc62-5a6b7c8b778f,2022-04-29,M,M
84485ed6-ea26-4fdb-bf70-b9cf4ff4e3a4,2024-12-06,C,M
84ce27d8-3dab-4579-a865-c136220b0662,2022-02-01,G,G
86c3053d-09db-4abd-9d70-3912b278c149,2025-01-28,E,F
89870314-9e9a-406e-a3ae-a1f3fc3e5141,2023-03-30,D,M
8bdd2143-d993-4f18-a331-b6e2cb2ef3b1,2022-10-19,C,F
927e4cc4-102c-4fa8-89f8-d76f03a8f416,2024-01-29,E,M
93f66245-ee54-453c-8827-0d6ac32af07f,2022-10-01,C,M
9574ef38-2fda-413b-a11f-581251084919,2022-05-20,M,M
95780729-03d5-4783-b195-5d3141134b83,2024-05-24,M,M
962e6495-3b78-4b30-a632-cf1e8d2bc91b,2023-07-28,M,M
9da06ef5-e5b2-409b-9934-6c7f9b856bd5,2022-12-14,B,B
a21dd967-2791-4cc0-b78c-80b891693cd3,2023-07-11,C,M
a410572a-7cc1-43e7-9d65-323734356cf2,2022-08-15,M,M
a52ff7e9-b017-46fc-9408-f956499a7acd,2022-11-28,C,M
aa498fc4-3017-4b9f-853a-10f0a8cebf1b,2023-10-30,E,M
ab4d3cfa-0173-4be2-94c4-159fc02bfa50,2023-10-31,G,M
ac1c3c39-e1ff-4ca9-ab72-0df9c76502bd,2022-12-29,M,M
ac424de7-09f2-44f8-9502-911953cf9afb,2022-06-14,A,A
acab9efa-bdaa-4995-b03c-62b43d8bc4c7,2022-06-27,M,M
b14b84af-c032-49e8-aacd-5a66469ab4cf,2019-07-08,F,F
b1a9f8f1-6908-4d2a-b8a7-acc1e4bc2e3b,2021-12-11,G,M
b41b5253-12b5-4fc3-a233-0ff4367ac869,2023-07-20,A,A
b43bbfdc-bdee-475c-8732-257f6544b301,2021-04-08,E,E
b7e132c8-18e3-414f-8829-8fef533c77d4,2022-05-15,F,F
b930e67e-9da5-48f1-9c94-d68ab8ede836,2022-12-28,O,O
bb8f4515-3ced-496a-9374-1cf46f0957f7,2022-04-13,D,D
c1159584-114d-4860-97e3-1ee6d1cfb6cd,2023-04-06,C,P
ccf0ef3c-1849-4c86-aef2-a53766863f6b,2024-06-28,O,P
d1c0a158-c00a-4df7-b540-d00c9fcd89ed,2023-12-18,D,D
d3927532-0ed5-42bc-b5a0-6eb9992d098d,2023-07-31,B,F
d668cf43-8d81-4291-89da-29a6227d1662,2023-12-23,D,M
d6acaec1-cd06-4ff3-8068-eac4edd7d616,2022-07-06,D,M
d915a30a-287e-48a3-99f9-26a94dc7cf85,2022-01-10,A,O
da3028b4-8e06-4a70-8e21-99daec1836bb,2023-04-20,P,P
dabfc085-52d1-4cc0-b9ae-3438e4b58ee2,2023-05-14,E,E
db8864ac-2931-4bae-a286-a191699f29c1,2025-05-26,M,M
de62fa96-48b7-4158-892e-61c7f4a289a8,2023-03-30,D,D
e2c5b540-aea1-4637-9769-db860b0ee5e1,2023-02-28,B,D
e3d85bc1-6b51-467a-976f-e99019fa5fe6,2021-12-11,A,A
e3ee267f-9aa6-4df5-a43a-9d6a481fcade,2024-05-24,M,M
e477d256-3c55-4bf5-9528-674bc586f1b5,2025-02-11,D,D
e7e1ecc8-8c27-463b-a431-7c3ccda250ed,2022-05-20,B,B
eb5fa6ce-36a2-4aa5-a676-a67e26a215c6,2021-12-03,E,M
eca5eae0-294c-447d-b1a1-d846e588edcc,2024-02-11,M,M
ee77b168-e431-475b-ac81-4768ccf2915c,2023-06-16,A,B
f11ef3f6-40f5-451e-b9fc-e67ac59f28d0,2022-08-28,C,M
f186fed3-07a5-400b-82af-60610c80b830,2024-09-27,M,M
f5399b81-6f69-4949-8f78-3b9d7b127d83,2023-09-28,D,M
f667a4b4-7096-4ea0-b3e1-04d89fb6a1c8,2024-01-09,G,O
f6894509-7201-4bea-be1a-cd1047391baa,2018-04-25,D,D
f784b7bc-0751-4a7f-83c8-e73df9c3414d,2022-05-20,D,D
f89936c6-bed9-4b42-a1d7-0904829c73d7,2020-03-04,F,F
f9c42840-c11b-43d1-9c32-beab9626193f,2022-10-21,M,M
fa0c90bf-9605-4338-84cc-37e1ad9d6017,2022-07-07,M,M
faf42f18-b60f-4b4e-84fd-16fad2498e05,2023-10-30,C,M
fc641620-d96c-4484-a830-78e72a249285,2024-01-31,M,N
fd5e67cb-7aae-45ab-868a-eefa65a0295d,2024-07-31,G,G
c70b1d38-e428-4780-970a-c0ad92ed00b2,2024-02-10,,
b2402e8e-a287-486a-92c6-ea0052c47d08,2024-05-24,,
2b0b721a-e04e-4873-ab9a-de9756d03a52,2024-05-23,,
666e2465-7df1-4b6f-9f08-ac9243f0b466,2024-05-24,,
01f26f8f-a1ce-44c0-a63e-05d326ea595c,2023-05-21,C,C
02502c96-23d6-4b6a-9dda-13e009166f3b,2024-03-30,E,M
04636a8d-37b1-4270-b687-0a8aabc39492,2021-12-11,E,E
070f4afd-8ca3-4e7a-9cd2-48a6732cf8b4,2022-01-16,M,M
08a1780a-1679-42bd-8e76-00bb84f31885,2022-01-13,E,M
092364eb-6b07-4645-ac19-32818eaf7e3a,2020-10-05,C,C
0cddf8c4-3c71-4ead-97a2-9383650c1f6a,2022-08-21,M,M
11a835c8-e6b4-454d-acc0-7faefeb09a60,2025-02-03,M,P
11ded170-fb1c-4fc4-a258-76b7760fe00b,2024-01-19,P,P
14386bf2-56df-4605-aa51-9511c7a9aad0,2023-09-28,C,E
1499ecfb-7ef1-4640-a232-8e4793013d93,2022-01-19,F,G
16a1e647-9d0f-4760-8c89-53b431ba2532,2022-08-18,B,M
1c2c4bc3-9f63-4d7f-861a-de65a6eb7131,2022-04-14,C,F
1d0c7dc6-e57b-45ff-b921-afbc6c088cca,2023-05-24,M,M
1e1440c8-db3b-4cfe-9354-b357e10baa1b,2017-11-19,C,E
1f271551-72de-4cbb-b16c-d60745d7f377,2022-08-01,M,M
210ffe6b-b27f-4e87-9f16-2c91e2720f21,2024-10-16,C,C
24ff27d9-2f83-491a-8b64-b3a5d56ed0f9,2022-06-02,M,M
275edc1a-0d93-44e6-be86-9efc7c47a7a3,2023-06-02,M,M
2817cbd8-75b4-421f-abfb-be15188d75ad,2022-05-20,M,M
2baf1196-88b1-437f-9533-6635e3d4be91,2022-03-04,C,D
36a7b1da-d9a3-453d-903d-f3176f779fce,2024-08-09,C,O
37571f58-9bed-425d-af9e-28886071cd6d,2024-08-16,C,P
3a15484f-8d51-46cd-a98a-0f50444063cb,2022-05-10,C,M
3d3c83be-4033-4005-82bf-862deb12f813,2019-11-19,F,F
3d7f46bc-3dc9-4ad2-8f7c-708120972429,2024-06-15,B,P
43002e86-d152-45a2-8ef4-f9bf68bd865f,2022-04-27,M,M
45da2b91-ccf5-4bb5-a9af-eb0803aea407,2023-12-29,F,F
45f3efaa-014a-4221-a401-55f770eb5a2e,2024-09-27,O,O
4618c5f0-85a7-40b9-8805-807fb478082b,2023-03-30,F,M
46b0381c-0da5-40c8-81ce-a1c6bc45c37c,2023-06-29,C,E
4735e2c3-8088-4505-989c-3f1b6c005d87,2022-09-22,D,D
477e9276-3025-47ec-8428-e9cc534e2b53,2025-02-28,E,E
4b02b904-ea51-4728-8326-2d9a6b5bf984,2023-12-29,D,F
4e16efa2-77d7-4b33-8047-816f179f6c22,2022-07-07,E,E
4e287a75-2b13-4448-85ce-fcdb64277606,2020-02-03,B,O
5075331e-f975-489a-956e-60c9d4a356c1,2024-05-04,O,O
50ed2a05-a774-4cfb-9093-f30e4bbe7a80,2023-02-02,B,B
54e6d5e6-a1d4-490c-b004-2a94337c5293,2024-02-11,P,P
5502d54d-d91b-49a4-90de-98b88155c61a,2023-04-30,C,P
57369d93-6221-4d56-a7e1-81567bdea77e,2023-06-19,E,M
58e0d4f4-6971-4746-9bfc-7756f40eb784,2022-06-03,F,F
5b4fa531-0d94-41e5-bfc5-c0b6e338ba82,2018-08-02,M,M
5b5e55ac-dab9-4a3d-b59c-b3d155d9bcaf,2021-07-19,C,M
5bc78de0-9b98-46ec-855c-6f325148eb10,2022-06-01,M,M
5c58a81f-2938-47b6-82a1-b0549d90722f,2022-08-17,F,F
5e848bf7-3ab2-441f-8f31-005d65b123a3,2021-12-11,M,M
6af1d648-98dd-4db3-94bd-c620d8cf6c02,2023-09-28,E,E
6e5364a5-8149-4279-ab0b-04ebf4f8e79e,2022-07-19,C,M
6fb6d828-8155-43b8-afbf-18f773dddb55,2022-08-03,D,P
6fd4007d-e829-4fb5-8272-6b647d719652,2022-05-02,E,E
71ce88a3-6dc3-44c2-bf39-581ca3e3e6a5,2021-11-29,B,B
73beca70-3d54-4c34-a53b-17e04df88d4f,2022-04-18,M,M
74687e09-9942-495a-9181-9dd9b4da6e51,2019-07-08,E,E
762257b2-b207-4562-bbe3-22970ac3f7b1,2019-07-17,O,O
77fe6c83-c4ee-44c1-86ec-2d848cc95f2e,2019-03-28,D,D
7be65e31-e351-43b3-be5e-ab9add130f8b,2019-07-08,B,B
8457c36e-1bab-424b-bffe-2059d557495a,2023-11-04,P,P
84640b57-9256-423f-8a34-fc9d33a090ba,2025-02-15,E,E
89679407-2f4f-4b7b-b134-10071dba6084,2023-03-30,E,E
8caf2c6e-8fc8-46a9-bf2d-7eee9d7f7310,2020-05-21,F,F
8db03b42-3f97-4905-afbb-11567edee82e,2022-12-28,E,M
8e98b008-2fbd-494a-8561-8bec2e532591,2023-02-01,E,E
97167f1c-c796-4afc-869c-570909f42c50,2024-07-19,F,F
98958f2e-ee5a-4bd7-a646-03a163540413,2023-09-28,M,M
98af51a3-f0a5-46fa-988f-48c37fa97b3c,2019-09-06,C,C
9b4f52dc-ba3f-41ed-9fe4-2de538206aca,2024-07-08,C,C
9baca72c-3f29-4e4f-ae39-0f575d398fa8,2024-09-27,M,M
9c1c10ea-901e-44c8-acb9-0b42cde112c8,2019-08-20,D,D
9c48c678-1ed5-41cd-9d3c-80e6545ea258,2023-02-22,D,M
9cf582ac-88c3-44f1-bfec-8b3da24fabcf,2023-09-27,E,P
9d0d0206-8ce9-4636-90e7-3ae52b2d39c2,2020-05-20,D,M
9eff228c-5b82-4ded-b9b3-b62363537f65,2023-08-17,C,F
a11459c2-cada-4b33-bafd-5142e8d6850e,2022-11-29,B,B
a2210244-e5e7-4d21-818b-65c3f45c44dd,2023-02-02,A,C
a2381852-1083-4296-8bb1-851634d35264,2024-05-05,E,M
a3f377e6-086d-4438-bd8c-2dbe153caddc,2022-12-29,N,N
a440e1da-cd08-429f-93ff-8176cb533486,2021-01-30,C,C
a55ec76a-bb9c-43b1-aece-2e524c69209a,2022-09-21,D,M
a8a70daf-a074-4660-a8b2-3209afbf939b,2018-06-12,C,C
a910f7f0-6cfb-40e3-a5dc-f51508600ccf,2022-10-30,E,E
aca0a22c-18f3-46b5-a84f-de3c4c110eb5,2022-08-24,D,D
b18963a6-9d57-45f4-b1ef-216d7a3c7da8,2022-06-04,E,M
b211dd76-2d91-4351-acc1-98f09805eec8,2019-07-08,M,M
baa72e38-2bb9-48f6-808a-77b81314239d,2024-06-02,M,M
bf531c8c-9301-475e-ab61-e31eec4a7102,2022-08-29,F,F
c64e1358-f0fc-4d6b-aa28-6c34faab2310,2023-02-01,M,M
c873bf1c-aa5f-41ad-9d28-4496db59d85b,2024-06-04,C,F
d42b9000-4037-47bd-a0d4-adaa3b321fde,2023-05-29,M,M
d76259f6-d46d-444e-a4d2-abc341fe5a77,2024-09-17,E,M
db33e950-ae16-40ea-a6df-b5bfb93d4da5,2023-06-29,G,M
dd42e7f5-2aa7-47b0-8588-1effe7331f00,2020-11-08,M,M
de1cdd52-e166-4920-8b75-06d35b175256,2021-12-11,E,M
de7b4c8f-25f8-444f-92c7-6e11b9ccc880,2024-02-08,C,M
deaf12a8-5e5e-4352-88c9-6cdb8c5edcb6,2022-12-21,B,D
e3441b85-87ed-4b55-b28b-f62dccedfce9,2023-08-04,B,D
e5fe0306-b4ea-436b-8726-d94f87252481,2024-05-23,E,E
e630422e-b010-489e-881c-f3f14bfc4c5e,2020-08-24,B,M
e6377a5d-8b3d-44fa-ae55-31520f2b5e30,2023-10-23,G,M
e646c159-87d1-4325-a4d6-b29f090ae45d,2022-05-26,E,M
ea3b560d-6bee-44e1-aa48-04297a2a3e4a,2023-06-22,B,M
ea851f0e-cf05-427c-9683-bdd33c2b8434,2022-10-02,B,B
eb7223cd-2816-4c14-84a9-3fa2eb681b18,2024-05-24,E,E
eeb05838-2815-403b-8cf4-d0b5c211963e,2024-02-29,P,P
f1fa0bb5-7572-430b-aba3-ff6ddcfb90fb,2022-05-31,M,M
f243bbda-889a-4e99-b640-dbc6857fd90f,2022-03-04,M,M
f6bac06b-7e9d-42ca-ad0e-077dd622202a,2022-07-30,C,M
f7d139e2-7724-4a56-8c9c-90746b911c87,2023-08-01,D,D
f863984c-b398-4c13-9cad-1099dd03a684,2022-08-13,C,C
fd23a566-56cd-49e7-b014-e54b3698290b,2024-06-11,E,G
fd7359f6-b9f4-47b9-8d19-f2cc92b38665,2023-05-29,D,D
fdcbb38b-f286-4868-9ab7-e3a23f655b12,2023-05-01,E,E
fe6f5d15-1f48-4ee2-901d-03bda6a3ca8c,2023-05-29,D,E
fe937611-2bf6-4397-864a-d4b93be0f974,2019-09-05,F,M
6d5d4b29-6e5e-4735-a333-4e51df0f7214,2024-05-24,,
03198398-76ac-418c-a363-db66568968ee,2025-02-27,F,F
047ea6d4-7e6c-426a-9122-852d61828976,2022-12-19,F,O
08213af5-8de2-4c3b-bff6-6b4690efcaa9,2023-02-10,C,C
0a37211c-f1d2-4de6-96f9-3dc63541b254,2024-07-17,B,D
0a4eb058-7aab-4520-a32f-2ec52e6c92f4,2024-07-29,C,P
0c2e99b5-f236-4252-bde5-0957cdde66c5,2024-03-28,G,G
0d34c186-b13e-43fe-a789-da40d2e287ce,2022-06-17,M,M
0d705094-7ef3-4520-a4af-765ac10b2c36,2024-05-24,M,M
0f29bbf6-0d54-4f64-85df-8fbea105ce44,2020-04-02,D,D
10bb5daf-3752-49e6-9ca4-cd9ba875f2bc,2024-05-24,D,P
118ee237-898f-4d5a-996c-a99a6d0b8c9c,2025-05-18,B,B
12c13753-e042-4ad9-adb4-f55d54761fd4,2022-06-12,M,M
174926c8-9e5b-4c0f-ba1d-1d618ece7317,2021-12-11,M,M
17ec9818-7f51-4b34-b5f1-3426db7503cd,2022-09-27,F,F
18bf73a3-3a1d-444b-aecb-731a071d72e8,2022-11-24,B,B
1e871836-272c-44db-809a-fe7a0752f827,2019-08-04,F,F
244bad78-a8b0-40ee-89da-bd2c3c1f300d,2022-03-05,M,M
2b7b3e8b-73fb-4abc-8b0e-ad63f43da30c,2024-03-30,C,C
34cbee8e-6aec-465a-8794-d938ee7fcd17,2022-11-30,E,E
390c0bb0-d2e6-4157-b440-ee2e0b91fd07,2022-11-02,M,M
39164ffe-cc77-41a8-b981-0dd2e587eb22,2019-07-17,M,M
3b65702e-f650-45d8-ae38-1a6fbd045d95,2023-03-01,O,O
3ca7e8d4-4341-45dc-b999-f26d03d01eb5,2022-04-14,M,M
3d02484e-32d6-4e1d-ac2f-aaaf15658321,2023-05-31,C,F
3e4bb0a9-12c2-4f04-b357-2f614dbe53c3,2024-04-08,M,M
3ea9b50f-45d6-4849-9169-4230a80d06bd,2022-06-30,M,M
41e63559-f730-4603-9e7c-7c556cc2c894,2022-11-09,M,M
425a9b71-d413-4a6b-9094-253b77202a8c,2023-12-30,C,M
4435d0f3-a18f-4337-9837-890299b5c6e5,2023-04-16,B,M
4b155e34-f7f2-4983-8207-67f8459efbb4,2022-06-01,D,M
4c5d5a29-1f1a-4bb1-bc7e-4f95c329109d,2024-08-28,E,E
4cee7ed7-fe3a-4dd6-b6da-98b3ad99c092,2022-06-06,A,P
4db882eb-2b50-4fc7-94c9-6235053abee9,2024-03-30,B,C
4f1374fb-0ad6-4b13-b195-179e34704270,2024-04-15,A,B
4f1858a1-6733-4988-91dd-8806b9c49b9a,2022-07-13,M,M
5ac30ff6-f94e-4040-8a91-a74d65cea421,2022-09-02,B,B
5cb43d20-4852-4cff-9b7c-50b42daaac82,2017-04-14,F,F
61fdd58c-6aa7-4155-a712-fbf207125684,2023-06-29,G,M
65f22598-bc8b-4a7a-b04a-6c82e41370b3,2022-05-30,M,M
6669208e-a14b-4d36-99c2-07c4a938eb7e,2023-11-20,M,M
67acf1c6-6527-4ce5-bbd6-867fb74ed697,2021-04-08,B,B
67fcbad1-6d6f-4833-9cf2-19252a4c4513,2025-02-09,C,M
68af4279-8b10-4b63-b9f7-4e35a7d0185b,2022-11-02,D,M
68bb1b58-a740-43b1-b8a9-67d8a5c12443,2024-01-25,C,D
6b008649-02b7-4edc-a0b4-aa3cfbe10f89,2019-11-17,B,B
6bf2f60e-a2e9-4f4a-964c-1bfaf7741fda,2023-04-09,G,G
701543fb-d2df-4f32-9eae-b596daf43765,2024-10-31,F,F
70cceab7-0150-4ab2-85a8-c8209fa1a0a9,2024-09-30,C,C
72f4c1b8-4b7a-45fb-b006-d16deebacc6a,2022-06-13,C,G
7334f3f3-fc3c-47e6-8092-0d9ff53d8d2a,2018-05-05,A,A
76bca9cc-aefa-400b-bcbb-85f2ace251a8,2022-07-25,G,G
7ae3a79a-ad05-48b6-ba57-7d73d29909ef,2022-10-11,G,G
7b7a3fb2-5ab8-41b4-943a-444ba9637925,2022-12-29,C,C
7c845698-65ff-48b4-a2de-7f778f67dcef,2022-07-10,F,F
7dec1a5f-960d-44d9-a976-6cf7d41abb77,2023-05-29,M,M
8039dc1a-721d-428f-b06e-1b6344d468c7,2023-03-30,M,M
8d909d58-1279-45f4-9f52-ab32b1c6ddc2,2022-04-29,M,P
8f8e698a-eaf4-429e-b97b-ef3fdc880f44,2021-12-02,D,M
9200ce6c-5ce7-4e91-ad43-7b2ef9c893bf,2023-02-19,M,M
92f4dd8a-c8ab-45c8-ae1a-a0919bcd747f,2022-05-23,G,M
94d9e1b1-b2c6-4aae-9379-d20fb2da68ca,2022-06-13,M,M
96ab6477-728e-47a7-9c9d-85e75018abd9,2019-07-08,C,C
97541a4b-cd89-4590-9117-307ce9b9e38f,2024-01-22,E,O
97a7f02f-de7c-4c65-b84b-8cc0742e93c8,2022-07-08,M,M
99649544-3cb8-43cc-9ff5-b28bd75a5d0a,2020-01-01,M,M
9dc7dce3-6794-4ba8-8e49-3819efb4e856,2024-09-07,B,M
a34d44d6-688d-4757-b9c4-8bdc27c44be1,2021-03-31,M,M
a5e61044-64fc-496c-a7df-2d78299bc065,2022-06-26,M,M
a5f98776-bb8b-4167-a019-714d68960802,2022-04-17,E,M
a713b691-90e3-4531-8d96-c206db12f146,2023-10-21,M,M
aa99a4d9-5d22-4f9a-bd26-3af13d37b7da,2019-11-17,E,E
b31916b8-ff28-4b8b-a847-1c0103721153,2022-04-13,M,M
b32eb082-bab8-40da-aafe-b0a493100632,2023-09-03,F,M
b419d180-5b54-4faf-9f69-6d975e8a4196,2024-07-31,F,F
b981ccac-367a-4150-9c31-e351997a8f1c,2023-05-28,O,O
bb90c371-d085-4d46-bcbd-00c6241de86c,2023-06-16,C,E
be1c23c9-d626-4b7b-870c-6686af8f2ceb,2024-09-09,B,O
c21df6f8-62fe-4509-a0f1-e279b599d6da,2021-11-07,M,M
c363beb5-1697-419d-8931-f6f6d61533ba,2023-04-18,M,M
c3bdd341-c248-47f9-ab86-09d1dff240ea,2023-08-01,M,M
c5533fba-57ca-452c-8c4d-8b301eeffd02,2024-07-31,B,B
c92585dc-6ae4-48e2-a6be-59656bce3681,2024-04-13,M,M
cb8249de-b993-4e23-aad2-593c0b5c6870,2022-10-14,M,M
cbe069a0-2cb3-4d29-bd79-f00519737bda,2018-02-05,E,E
cbfc76e8-5d34-4a4c-82f7-ff45d8fdd5b2,2023-03-14,M,M
ce0fc167-b296-4b8e-a95f-53af0552468f,2022-10-30,M,M
d1caec39-1d1c-408a-b4aa-bd465014820a,2023-11-26,F,O
d4aff3c9-305f-4e66-87da-be3d37459d8d,2022-06-17,F,F
d6732541-5e29-4803-8020-2d50c7f00a84,2024-05-24,M,M
d8acc5c7-1f7d-44ff-b0a9-291b405e1b52,2022-02-27,G,M
d9885f53-95bc-4fbe-a621-742ffefffc2e,2023-05-29,D,M
de5493c1-82cd-46b2-9695-57586a7225db,2022-02-21,M,M
df824935-5766-4a79-9446-f704f8d71f91,2023-03-08,E,E
dfd5bce1-ba96-4e05-8ca2-cace0e4016dc,2024-12-05,M,M
e42c9b02-1fc4-4680-981f-cf8efc72a7b6,2022-08-30,C,C
e59d42a7-027c-410f-ac89-e913cffdc139,2023-02-17,F,F
e667f81a-49dc-4747-82e5-4582cf80bff0,2023-07-31,B,F
e7e3c331-c5e8-42e3-adb2-6875214a27fa,2018-05-05,M,M
e92e87bc-e9b0-4c8a-ad77-298da0b8d5f9,2021-12-11,M,M
ea49cf59-435f-4a22-acef-870fee9e394c,2022-02-21,C,M
ebe29f9f-f77d-4a65-811a-98c22ae6f183,2022-01-02,G,M
edbd3236-48b1-43e0-905d-9df44c542906,2023-04-25,E,G
efb8f563-f694-406b-9c30-9e80ca566244,2024-07-29,N,N
f339e54f-1bf7-42bf-ae74-ee86ea20221a,2022-06-28,C,E
f3c1c981-dcd8-41cc-b072-53ac70f0cb77,2024-09-28,F,F
f5898b27-ca73-401d-8b8e-a0650cd8d268,2019-07-08,M,M
f6717340-bd8a-40fa-bbfc-1707964c6939,2021-04-01,G,M
f6c09154-157c-4aa0-afe6-a43eb5dbeda7,2022-11-03,D,M
f9733dc3-a6b3-4354-b721-63173be92217,2025-03-20,F,F
f975e056-bf07-41c5-b152-0804c6243f27,2020-07-22,E,E
fad0ae56-4102-4e2b-bec8-28b74af28233,2024-10-10,M,M
fc122b28-0ba1-4c90-8364-8304085e6c06,2024-12-18,F,M
00f7dea6-52cd-4f13-be0d-487d29c7aef2,2023-03-16,M,M
01e497f5-7a28-4fea-aefb-687a84a9868e,2023-03-13,M,M
042e12d2-980e-4222-858e-db2e91191fd2,2021-12-02,B,B
05a9ec70-f9aa-4018-84f3-5351836bb56d,2020-07-27,D,E
05b1cfe7-f563-4966-b9af-9cc7e047a671,2024-04-04,C,P
069d8d10-d84f-4e37-bbab-60768e65cb1d,2024-04-10,G,M
098c146e-fd86-4dee-98b4-37831f41d7b4,2022-06-28,M,O
0a4ff013-43ee-4e33-b91b-235ea6542588,2022-05-13,C,O
0a86a1a4-1942-463b-b68d-c89aeac040bb,2023-05-09,F,F
0b41c9a7-9981-4aca-9b29-68829769f8fc,2023-10-08,D,D
0c7131fd-4a48-453d-aac0-58b2453271ce,2024-05-24,C,C
0de53a7b-7213-4df3-a230-bfdd68455687,2022-10-29,M,M
0eb5e515-187f-4027-bf0a-8187ef93b6b9,2022-09-27,M,M
134fa736-7e65-4ee9-aceb-81a068ce64de,2024-08-27,E,E
135d650a-930d-40d9-a4b7-cbfb32e3d14d,2022-06-04,B,B
1374f208-2f9c-407b-bd2b-1a723d1dad0e,2022-07-22,M,M
1407b236-b219-47e8-9df4-01788f4a1c72,2019-11-28,F,F
1a312974-e201-4fb3-86c0-2d73b328679c,2022-07-17,M,M
1a870ee6-6702-41d9-a7ea-c39438524f03,2019-08-08,D,D
1b73d2e6-e7d8-4a48-a9c2-4f3c9a31a959,2024-03-30,G,G
1bb65406-def3-4d62-973e-32b99674dd84,2021-12-02,C,C
1d12f56e-4fb8-4b75-9b90-26a5bea0e629,2023-06-29,G,M
1f532d69-d25d-4208-b5ad-4ffc3e589af1,2024-04-23,O,O
200b9227-2670-42b9-bb5d-ce0843834558,2023-08-01,G,N
21eafeea-648f-4f40-9b35-587fbaac2c12,2023-02-01,C,M
23ee9d62-b125-4228-b6ea-9f0bc7d7b6c4,2022-02-02,M,M
24594b0e-87c6-42bc-8fa4-89c563e11364,2024-10-08,M,M
24a8ff5e-0cc7-4aca-a9a5-5226fa8321c7,2023-12-29,E,E
284ec47f-3885-4d55-92d8-0fef53284f83,2021-01-11,B,B
295c4afb-b716-440f-af9a-d17bc7c782c9,2021-04-12,E,F
2970ab63-b3b2-4738-b9e2-404be73ad7ca,2023-03-16,G,M
29a59c41-2a94-48d8-9ea6-53db48804399,2022-06-04,M,M
2c78f8cf-ae4f-45a1-914d-cafa3be0d7c7,2022-12-29,A,G
2f4077a3-071f-4d5b-ad1f-578ee696be58,2021-12-11,F,F
321e1838-554c-4106-8b4a-77b24e1ab68e,2022-11-19,M,M
33e1eb89-79a7-46a8-8eb5-e5a694732ffb,2022-10-11,B,B
3526f9e9-6786-43db-9b78-8957a9d70e1e,2018-01-24,E,E
37f4763c-ff0e-4431-9e6d-700c79804097,2020-12-11,F,F
38e08e13-e02c-4c17-9bb5-e830f2bd7a58,2022-07-18,M,M
38e47dcf-19d5-45f1-a9ea-e800f3daab8f,2024-10-28,B,C
393aa4cc-5336-4115-91b6-20aee7d579b2,2022-06-04,F,F
39d548f3-fa4e-46b0-94e4-7a9432acd59d,2022-06-04,M,M
3a12fff7-f35c-43ad-bf99-de797829235e,2023-12-29,E,E
3b536fd6-590a-48a8-bb64-292ce63cb63b,2024-02-22,C,C
3c7a3b15-d69b-4431-af92-9148504a2fa1,2017-01-08,F,F
46053967-1522-4e64-865e-4650ff20f0a3,2023-06-26,F,M
498bb86f-a36b-4994-8f57-efdc85c41ff2,2022-01-25,B,M
51d0f134-d515-43c4-9616-20098fbb521e,2022-01-13,D,D
51ef048a-8651-4874-b1c4-e289edf08f7a,2023-05-16,E,M
5385a991-318a-4400-a407-59b76ba4deda,2024-09-29,O,O
549fcd3b-dd4e-4a8f-acf8-c65cf0117f74,2024-05-24,M,M
59336dde-c01e-41bc-9b80-60117dfe09f0,2023-11-20,D,F
5d58dfde-f1f4-4a91-be75-65685ccea4ef,2023-08-17,M,M
5de19b7e-144c-416b-b72d-63b0be1a6670,2022-06-04,M,M
5f192438-4229-4af6-a08b-e89873f8cea8,2022-02-24,C,M
631112c7-354e-477c-adc8-2c6a168e9ff5,2022-12-12,M,M
64dabc17-c089-4bf3-8f12-4a375d4b0741,2024-06-02,M,P
65d8e5d2-33d1-4e91-ac32-08f9b4fa388c,2023-09-25,F,F
6669f58a-ef21-49bc-af83-9e0991609888,2023-08-03,C,M
6681457f-ef9f-46e4-84c7-7fdda94e03dd,2024-09-10,M,P
67260864-01ee-46b5-be5b-0a7c2418a23b,2022-10-06,G,G
6d8f6787-27d9-469b-baf4-1971c4f5deb8,2019-07-08,D,D
6fb2f488-5b00-497f-901c-dafaa21d840d,2021-12-02,M,M
713e4f5c-2557-4f64-8518-0a667817ca82,2024-09-04,C,F
76bd9eb4-9ef6-4451-8c8e-961006c5c470,2023-03-30,O,O
780c84af-8d30-48c1-aab3-c2ca5f9ab092,2024-12-25,G,G
79ec2a5d-4dc7-465d-b4ae-c2ca64bd2934,2024-02-15,F,G
7a5bd236-c871-4142-abcd-89d440879625,2021-12-11,F,M
7ef016af-adc5-443e-953e-65ab2af63b3c,2023-02-01,M,M
8248a7f7-e69a-466d-99d3-81e6cfb59e55,2020-08-17,M,M
82d28ec2-b5fa-426e-9532-e6e0c70bae07,2023-10-17,G,G
8465143b-e2ce-4434-aae1-f260688a5e80,2022-08-28,D,D
87ff98e2-4bd7-4f25-a9e7-9942e26b1870,2023-02-09,E,E
8b329d8b-c0cb-4927-b095-e923a68c0178,2022-08-31,C,C
91d79f03-3730-43d9-8fba-8177451ae0c3,2023-09-02,E,M
95437302-086d-4513-b6fd-043a7ad5355c,2023-12-21,E,M
97879966-3d04-4ceb-b9e5-d8713e2a4b79,2021-10-11,C,C
98c31674-8f7c-403b-a313-77f73598972b,2021-12-02,M,M
9a621959-fce7-419d-a0f2-d5a58a12f79b,2024-08-01,G,M
9fcb1a8f-6bcb-4c49-9ac2-0930c927fa9a,2024-04-29,M,M
a17bd844-e5e9-4b84-8a49-c0665443db83,2024-08-01,E,G
a1a99174-b277-4e99-85f2-83e056beeb05,2024-04-14,C,C
a48eab1f-db86-40ae-b5b6-0c4a66fcdf6b,2022-06-04,D,O
a4a791cb-802c-4c2d-b295-c5a77e505c37,2023-02-27,F,M
a79682a3-525c-40c1-9d4a-15a414ba8a6a,2023-02-01,F,F
a9062685-5834-4ed3-830e-279a4bfccd42,2024-05-24,F,F
a9912e1d-e6d6-4088-927b-461a662b0f86,2022-03-05,G,G
ab30b219-5742-46b2-8572-381670bce893,2022-09-27,M,M
ac6b97f5-4c50-4465-a2be-eaa8f44cc7b1,2023-05-29,F,F
b5d4ba47-2e0d-4bce-9d85-f5f3674ac419,2023-02-01,M,M
ba66bd18-cd3c-45c1-8b61-8ea6c5b77c9d,2022-06-04,E,E
ba8615c2-6781-4865-9530-855fcb9f0405,2022-05-08,E,E
bf58a16a-4125-4a07-a0c1-3c2add811082,2019-01-29,F,F
c34ee71c-c8fe-4a9f-bd73-a4822c2fc5c3,2024-03-30,E,F
c6c950f4-5772-41d8-b8e6-b45694dbf089,2020-12-11,C,C
c7cb9a6a-464f-4f5a-89d8-25956ce87995,2022-09-27,E,E
c9be6bfe-aa37-45e4-8f86-120133a28981,2022-05-03,M,M
caa6af3c-0451-46fa-b8cb-e0dc65f31b3d,2022-03-05,M,O
cb52647e-4089-4b66-9e1e-f91110445807,2022-11-13,A,A
cbb8644f-21f0-4b77-982c-7f8314ce1e22,2022-01-16,C,M
cc4b5779-822e-4d05-9661-fc2cd74f75ae,2023-05-29,F,M
cc753b90-2ff9-47a8-a9d4-c929a13d4801,2024-05-21,O,O
cce5fe91-57a0-4672-8120-bac909c0bac2,2022-08-30,E,E
cda7a3cb-7ddc-48f4-86f4-d1908fa2dd03,2020-11-30,E,E
ce6f3adc-29bd-4f13-b149-d1cbae527057,2023-04-22,C,M
d171a74c-68b5-4986-b732-53306dd5803e,2022-07-30,M,M
d2207846-2df8-4f40-a049-48bf97c607bd,2022-05-23,C,C
d3cf7ff5-64e1-4a03-848a-446946ada479,2022-08-03,E,F
d5d1f455-5cda-4288-9ed7-c43dd8e8107b,2017-06-13,G,G
d9fa4248-f47c-42c8-977c-5cfdde80ebc0,2021-11-04,M,M
de816c3d-211a-4ca3-b309-3ba02921606d,2023-09-27,D,G
dea3cf58-c931-42b7-b90d-a01b1e508a8e,2022-03-02,D,D
df7b954b-ef23-4606-9423-efdb1d63d837,2023-01-01,E,E
df9dd9bf-467a-44e5-a2b7-a987340188b7,2023-02-01,F,O
e0393a1d-c960-4876-9f08-50f7974c711d,2024-06-28,E,E
e1b076d9-1682-4333-beb9-af02799d8e73,2023-02-01,E,E
e3952ee5-813d-4031-a144-af94c93462e4,2022-06-04,E,E
e3b53fdd-ce70-4b57-8252-1bf748c15548,2022-01-02,M,M
eaba2567-be5b-4f44-b9c4-9f468da4f481,2022-03-05,E,M
ec3ced69-723d-49a4-a798-e564c385b1c3,2025-02-19,B,B
ed79b609-cb7d-4b20-972f-4edd0e8a13df,2021-09-06,C,M
ede72bc8-1f71-4c76-9eb5-4f62067ac1a8,2022-08-16,D,M
ee7e5284-465e-4019-87cc-49429bf1560d,2023-05-11,M,M
02026537-5a40-442e-bd77-edbef2b763ae,2022-01-16,B,M
082b2507-ab2a-46db-87c2-3209e121bf0e,2023-10-22,E,E
0895f991-0b11-4c18-a3d4-b8aa0ddc4dd8,2022-05-11,B,D
08ff6cd8-1312-4718-ac70-d1d942497b22,2022-07-23,M,M
09987fad-3970-4668-ac6c-25b4d4949891,2021-06-10,E,G
0d554d9d-d319-4c4e-b250-d7f089ae97aa,2024-09-25,M,P
0f81c82d-e975-45e7-a997-f36422f76f8b,2023-03-14,C,M
103b7df1-72b5-4da7-9f91-27391bcae2bd,2017-01-03,G,M
10c5c912-ce41-4b1f-ad99-c9321bcdf610,2023-12-12,G,M
12243d08-b71e-414a-a3d8-2c56ce7e5f02,2024-09-07,E,M
1343e7e4-db22-4032-9fba-e89514f43bfb,2022-09-28,D,M
1641190b-7246-4c05-8d57-bbcb117614a6,2021-06-10,M,M
181c943e-efb1-44bd-926a-716a5b9530b3,2022-06-27,D,D
1a93fab5-33b6-43c9-8f8f-2ac3fac06801,2024-02-22,P,P
1f468309-c189-4213-a2d0-817da0e2386d,2024-04-11,C,M
21e8c3f7-8849-430f-9265-89190d116539,2021-11-20,E,E
22fb758d-0751-4834-8f6f-e26d529f5524,2022-11-23,G,M
25cf2a43-1ef2-484c-8045-5bb93de6ce53,2022-11-23,G,M
26f840b6-1794-40bf-9e5f-d385efb1e156,2018-11-26,M,M
2701e130-d50f-4982-a30f-27a2f67f8a0d,2024-01-18,E,E
290d2cf6-f3b4-4958-bfb9-53c74bd44aea,2024-10-21,M,M
2a910047-3ce0-49a8-b741-a75cdc220cf8,2021-10-25,F,F
2ab5a619-069e-4600-bc1b-0e937fc99d36,2016-11-15,F,F
2b1b418a-ac5a-44df-b2db-67ba316e190f,2023-02-28,M,M
2bd34f37-02dd-4535-8fc4-073ad5c9e0f6,2019-07-08,F,F
2deedaa0-709e-4683-a58d-135ba2808979,2023-08-01,E,P
3017c27a-077b-495a-96fd-04fbe362b073,2023-02-01,M,M
31444fde-b633-496b-9b56-f52bb6d077ed,2024-08-29,C,F
31db983c-2f72-4ff9-a37e-854d83c17ad5,2023-03-30,D,M
31f154dc-3fe7-4f84-8877-f0fe80ed8106,2022-02-02,G,G
32f734de-ac4c-4a2e-b3de-9acd3eef4ff8,2022-11-23,G,G
399e9c6a-74f6-4a74-a4ae-835dfed8142b,2023-09-28,A,O
39b0fddc-48f2-46bb-8818-570efd7ae4ae,2022-08-20,G,M
3b5d0db9-6e75-4b11-827f-b2da8a65f8f2,2022-05-16,F,O
3e908951-0993-4c56-8131-81edea49deb9,2024-01-29,M,M
43c97289-dbb7-4d7a-8540-c2698885a825,2024-07-15,M,M
44171800-6557-41a6-a2a0-14c2f9560ee1,2017-08-01,C,C
4605ad74-0674-43c5-b6d4-2748f0df1c76,2023-06-27,N,N
492ec787-4d92-42c9-9323-5a1f61828a2f,2024-03-23,E,E
4b7051ec-ebb2-4f55-8c93-f5af62a13931,2023-02-22,E,E
4d248825-2caa-47f1-bcb8-c39c1049a7f9,2017-04-19,E,E
4e33ec61-ad93-4ab7-84a6-31ae21370752,2024-01-15,D,M
4eac638a-4961-4192-8336-8f3899643583,2022-11-02,M,M
54ad2e27-be79-4e52-b491-a2e41d47e9bd,2021-12-06,E,E
5733d14c-84c6-4bf1-ba1f-bc6e863f12af,2021-12-11,M,M
58103162-bfe1-4f48-a6f9-0c949a7cd8e8,2024-03-08,B,B
5b711d18-6ac7-4d01-b034-b2994a863da7,2023-09-11,E,E
5b966299-c0fa-48a0-a478-e1b127f7b24f,2023-02-01,G,G
5cdbc647-cd55-4e0a-8b17-5402aae20e0b,2017-03-06,D,D
5d49dcce-8915-425a-aec6-b7f5656fb6ee,2022-06-07,E,E
5eaf6de2-7541-4fb6-88fc-e5ff5e7152c7,2024-09-29,D,D
5fb6a93c-e7c6-4c59-acc7-bc5a30245aaa,2019-11-30,B,E
61c631ba-c743-4c48-9781-bd4dca598ab7,2024-05-24,B,B
63509631-2e59-48a8-93bc-b3c1aa4ab78c,2019-08-08,E,E
65c8d25f-2672-4331-b3d3-cb0095c4535c,2024-03-09,C,C
6761c863-8d01-45ad-b3ca-1e24d3bf9a18,2023-08-28,C,M
67808e24-5443-481c-a15a-082e72314ba0,2023-09-26,B,E
6a2d2572-5d4b-42dd-8bb8-705d27bea58a,2024-05-23,M,M
6c604c6a-96d2-4379-a10e-714e540340e0,2021-12-11,B,E
6f88d8e8-1400-486c-8506-a6a45cd36991,2023-05-29,F,F
72d6dfab-6388-4334-9857-9fcb66c15c3f,2023-05-29,M,M
73d9a82f-a9b5-4f14-801a-7e59d25eaee6,2022-06-04,E,M
769c2b2d-7a7a-4264-ae32-029e9526c222,2023-04-10,C,C
76f3f5bc-d75e-4661-97fa-e34380de79da,2023-02-01,C,C
7940bd37-c73b-4312-81fe-96bbb83e356c,2024-09-02,B,B
7a1bf0a1-e24b-44fd-8ac8-fe9f080de8ff,2021-11-24,M,M
7aa8a206-e32a-413a-a3d2-0c4bc8fb922e,2023-03-29,M,N
7b3bbd02-6ce9-45af-b830-14272b9ec802,2023-04-28,B,B
7c9d641e-3caa-4526-8991-177e1bf801b1,2023-10-31,G,M
81c54a2e-f427-48f0-8799-1e9ef2b6b182,2021-04-20,G,G
82c04ccf-f463-4798-81a8-48d00a11bd17,2024-07-08,C,C
83d796a4-eb92-42b9-9530-e05826ec73d7,2021-12-02,G,M
84a09a4a-a98d-478d-8717-888342f0b2dd,2024-08-13,A,B
85bea8d4-6326-4b78-8e3d-7a11e186579b,2022-05-26,G,M
867e435d-65e4-4435-8a4a-c206d25bd5f2,2024-06-15,G,G
89397b80-672a-4c1d-9512-f9d699076346,2024-04-28,F,F
8b0ee4b7-9432-4cc2-8b0f-2d87b37ead4c,2022-10-18,M,M
8bf7388e-a076-4035-8b19-f03eaa8e579d,2022-05-31,M,M
8f3d724a-1605-4818-bccf-5ecfe7eb4854,2023-06-29,E,M
92f9f87b-85c4-43af-8d93-197893456e3e,2024-10-22,M,M
936a70bd-cb0f-49e4-8f90-d6b7472cd477,2022-12-28,B,B
9ba67e2e-0e02-42e7-a001-ff90725da1c3,2023-01-20,M,M
9cbbe013-1342-4f4d-b755-7a1829a138a9,2018-05-15,B,B
9dc6a496-2e32-4938-b0b0-81970534c360,2023-03-14,O,O
9fc0f918-3af0-45ec-9255-02391c9385f4,2023-12-28,E,M
a19d94bc-d9f6-446c-a5f5-1b1ef9e2daf4,2024-08-05,C,C
a2befe27-13a6-46e5-9314-b58517c2afe5,2022-06-16,B,E
a9b8d7e6-217d-482c-b88e-d9d9803689d2,2024-05-23,C,C
b1103472-348a-431e-85cc-c6ea1892303c,2018-01-16,N,N
b2ad44bf-2a9e-431d-ba65-4e486eb3073d,2024-10-28,B,E
b31fe48b-aa1d-4b85-a19d-75e3e8e2f8b1,2023-04-12,B,M
b321054e-6255-4cbc-ba6f-9af99424e85a,2022-09-09,M,M
b4ac6626-3a56-4ba4-bc94-d32467f81c35,2022-04-07,E,M
b601a74e-3043-4cd3-adfd-885b66ec4fe4,2022-09-23,E,F
b97efe72-86bd-422b-a692-e68e031b531b,2022-05-25,M,M
bb87654e-9a06-4f8b-bcc9-bda486324c98,2021-06-18,D,D
bba6c6d3-f641-48e7-bf98-0a9bd6ca46c8,2024-01-01,B,C
bf7ca9b7-70f9-402e-81a3-fea870ded57c,2024-05-24,E,E
c1731e54-8d26-4920-8ab8-552b61ed57a3,2022-08-06,C,M
c5458467-a45d-4704-8c29-055172beeb88,2022-05-16,M,M
cac91e1b-a71f-4e35-8f51-a9738af3c153,2022-04-06,M,M
cbc2b478-9fe3-4f14-946c-0311a9df24dc,2024-06-06,M,M
cda38255-24a8-42bf-bc85-9f08575a5ac4,2022-06-16,M,M
d2b089a0-b948-48eb-b0ba-95ff1a728a8f,2024-10-15,M,M
d4136257-281c-4275-90f3-679b54b84311,2024-04-17,B,B
da71aabd-4bbc-41bf-94ec-fed7a4788e64,2019-07-08,C,C
e0f20537-b70a-4bc1-b877-3e9043a99035,2024-01-15,G,G
e0f88a66-da0c-41ca-93e1-6c9b376132c7,2024-05-12,G,M
e25d6a4c-5e6d-4b52-8987-27af5fb35042,2018-03-20,E,E
e577a8d4-14e1-4cbb-80b9-66faacb338d4,2024-03-28,B,M
ef8455a1-1f00-4487-9442-3c869913ab87,2022-02-15,C,C
f57e426a-9ab1-4cb5-866a-26d12a1ddd0a,2022-06-04,B,B
f5aca204-4f99-4410-95f9-dc261c597fa6,2024-04-25,D,M
f9a07f1d-18b8-4e47-a4e6-8d374124cc80,2022-01-16,F,F
fa229f47-214a-40aa-916b-48506df162ed,2024-01-26,O,O
fc72377f-c169-4d3b-ada5-c7d7a53a44e3,2024-05-24,F,F
fccea7f0-7f8c-42f1-81be-2f7ebfa310d5,2018-08-21,F,F
fd85415a-427b-4412-a47b-455797dfb492,2024-05-24,M,M
fe4b99e4-4edb-4843-971a-503c9ed26f8e,2022-11-29,B,B
ff1c1d57-f9b5-4cca-b9f6-cde11d9cb4e7,2024-05-23,D,D
ff66a06d-5801-4e49-8435-944f27cb996d,2022-12-28,E,M
00ec60fd-cf9a-4efe-b304-08623a8f58b0,2022-12-28,D,F
019adff1-0cb3-4340-b55c-1ab1db011d5b,2025-04-07,D,M
040e6316-76d1-4a09-9227-ccdacd71b32c,2024-07-31,F,F
04a6b9c5-b207-430d-bbc2-992aad2b3dec,2020-07-05,M,M
086860dc-eb03-4ea9-838b-e5b16c6aeb46,2022-06-30,G,G
091bd9df-5d9b-469c-90cb-130813b72719,2024-07-09,G,M
1121ff09-05a8-4750-aa34-c7ed3037a9f5,2022-12-01,E,E
12a33758-82fb-43cb-914c-50c47bfcb0b2,2023-02-19,E,G
13b45f30-6a85-4fbf-a40f-9dd7c9a6c8b9,2022-06-28,M,M
14d68e5e-e7fa-4839-9d6f-9e340618bd2b,2021-03-16,C,E
19a34293-2e25-4ecf-8f0c-02d545462a4a,2024-05-24,D,D
1c118cf5-68ae-4505-a606-393ff7bcc383,2023-05-29,C,G
206a208d-2f1d-4112-b3f5-79a5e8859e3b,2019-07-08,B,B
23ef461d-6d3a-443d-a64b-6cf319ba0d5e,2024-09-09,M,M
2539b406-6ae7-4547-93f2-7c4e2bb4c6ac,2023-02-01,D,M
267924de-3e0a-40e0-9065-7e0285224da5,2022-06-20,D,O
28b1f950-85bb-4528-9c8e-a617d3dc1315,2022-03-04,M,M
29be9f1b-bd4f-4a32-9d28-cc7d53fb9d13,2023-04-16,M,M
2b0649a2-dc2e-4bde-9291-ee169d5af365,2018-05-28,M,M
2d272fa2-2e95-45a8-80f8-f934cef85eb0,2021-11-01,G,G
2d7335f8-9882-4797-92b3-2e0831757921,2022-12-09,G,M
30e5e49d-d7b0-4e92-b024-fdb51550a1e9,2024-12-17,B,B
31664242-390d-483b-a526-7e5887f0e0f3,2023-08-23,B,M
3233c8d1-209e-4b2e-9531-e98372a88bf3,2022-04-13,D,P
33962d66-7ede-4abd-8b85-2caaadd4242f,2021-10-14,M,M
34e7a9fb-8732-4f1d-b2b3-66c0c01acaf2,2023-12-23,C,M
38e4b573-afd9-4e38-ab69-ac4c12dc0b5d,2021-12-11,G,G
39aff139-d3a2-491f-b2bf-0ea4dce86ff9,2018-07-16,C,C
3a887162-c038-49a6-8c8e-5889d967554b,2024-03-16,C,C
3c7db4c4-271e-4805-9941-929fe2d14ca8,2022-09-26,G,M
3d92cc82-c5f1-49a0-8cdd-2531694fff65,2024-01-28,C,C
40ab15b6-48fd-4946-918d-10f004b87ded,2024-05-23,F,F
41cd0815-f470-4a0f-8b9d-fb794516249b,2022-06-04,F,F
439d51f7-e29a-475b-a1e1-6b9a77b6ac13,2023-11-14,D,M
43b16cfe-2e4c-438a-b5d3-393587b50ffc,2022-11-02,C,M
450b16f6-f61a-4b4e-9a4c-72426055b162,2022-12-18,C,M
46a6d36e-3354-4860-8c07-b444241d3fe5,2022-03-05,E,E
471cb99d-8cfe-48a5-a7bf-0a9086dc4848,2024-09-27,D,G
47b15a7c-f51a-4eac-87f3-1ac0b5c75090,2022-08-16,C,P
485247d4-50ce-4e2d-a9d4-15efaaab02fd,2022-12-28,D,M
4ce2f7f7-c963-4934-b0c7-0f1f8ad7bc9a,2024-05-22,M,M
5025dd38-3abb-4c0c-9d3e-12bfda365049,2023-02-01,C,C
545d9e24-406d-4019-8c14-84e0f7ad44b1,2021-11-29,B,O
557acfcb-763e-44c0-ac42-191c27ced083,2024-02-29,G,G
55d9a3e5-f8c7-478b-ae84-a6fd89abcf22,2022-11-14,E,E
56abd847-cd68-4b95-b70f-0eaf6c226ab3,2023-03-08,D,D
57a7db4b-ca9a-42a2-bc70-99cc00aa8b20,2022-03-20,M,M
5897981e-a4b3-4975-be3c-1cfe009b5985,2023-12-29,E,M
594ef481-1b27-48e9-803c-1c782b56683d,2022-05-03,O,O
5a889621-6024-49fe-b663-279e70ea3b55,2024-12-23,F,F
5e23f25f-87d4-4962-b16a-769f2c06da82,2017-07-14,E,E
66d9acd5-bb65-4bb0-9d7f-d3d3af8ef748,2022-06-16,M,M
6767c3b0-b2b8-4d8a-a635-05bcbf327a61,2019-12-12,B,C
6777f59a-fdc3-4999-b00e-1b1fb91ea732,2023-12-29,C,M
6841b506-b3c3-4636-8063-f7e29610d024,2022-11-13,G,G
69d36d5c-57bb-40be-80d7-80c1ef39f730,2024-03-30,O,O
69e16818-f40b-4ad5-9bba-e8c48b3b2279,2017-10-23,C,C
6aa12995-2d72-4dea-9ee2-5f7fd70b916b,2024-06-30,F,P
6d01035f-7c74-43be-8472-9fd10c0092ca,2023-03-24,M,M
71e3799c-41fb-4044-ae62-bf5e169efdae,2022-05-20,C,M
77b6b359-c5f3-48b7-919d-2a52ae1eef46,2023-02-20,A,C
7922f8fa-5351-430f-9648-840abd21d4df,2023-09-28,E,M
7c5742f3-c671-40ae-8bfd-06ff1a0fbf8e,2017-08-09,C,M
808acfad-7b33-41db-b6bc-00ae6a54e1a4,2024-08-05,O,O
80d3860e-f6ab-4e9b-acbf-1becf72b59e1,2021-12-21,M,M
81296bd6-4fb6-4f6d-841b-efa4d4eadf92,2022-02-17,M,M
843716b3-c5a7-4e65-afaa-36ce7952d1fc,2023-02-27,O,O
866c8d5d-0545-4137-89fd-37265035348c,2022-06-12,E,E
87127588-5ebe-4032-9ca3-8c1285c4d642,2022-09-19,E,E
897594d9-4fce-4ef2-8527-931484d53cb4,2024-05-04,B,M
8c124caa-bd06-4de5-81df-dbab5619bdd6,2024-05-24,M,M
8f9e870b-df81-4791-a7f3-27da35380ddd,2022-11-19,M,N
90660831-6e04-4dc6-8fc7-1dc20caaf1fb,2021-09-06,D,G
923068c3-fa0a-4ade-949a-6bb60cb3ae5c,2021-05-05,O,O
92beaa03-78fa-43f3-9930-efc524b1bfcc,2022-11-28,M,M
93ce3f5e-1292-4600-a266-d84536e86c5c,2023-01-29,M,M
9476bc59-76fc-413d-a00f-210ad98408f7,2023-07-14,M,M
95807078-6fa3-44a4-be9f-bbf7d261b86c,2021-06-10,M,P
9abfc238-5414-4b59-9b4c-b8b9a33b2647,2022-05-20,B,B
9c8a9516-07b2-4a02-9a68-7425496339d4,2024-11-22,G,P
9f21f86f-6547-405f-a88c-ad362ae7bcac,2021-07-04,E,E
a229aaf6-3cf6-4ee4-a781-bbc1620f2bf4,2023-02-01,E,E
a27fe710-98b9-46e4-aa0d-b674e836f834,2022-05-22,F,G
a3aec249-f368-4f9d-9a08-3a28f6a71009,2024-11-14,C,C
a4286cd8-005d-4499-8950-cad84d4bc939,2024-05-24,F,F
a868f7c4-1829-4a6a-ada8-512f73a991fa,2023-04-01,D,M
ac09d057-4d4d-480c-92eb-d3023d711f24,2024-05-24,E,E
af00433a-73b8-4102-b4f3-7e93ecd50520,2016-12-14,F,F
b72bf67a-abf9-4255-9e53-bc65adc88c14,2021-11-30,D,D
b906bc52-13ed-4e2a-a6dd-a01aac1da0b6,2022-02-27,C,C
bc30c7cb-8801-4771-ac16-a38310faa671,2024-07-18,C,O
bc38d01c-cf10-4746-ae2b-58415c746df7,2024-06-28,M,M
bc529df9-f86e-447f-8dc3-45e7df2bf30e,2022-06-04,M,M
be7fd0ae-dcba-4b61-9a69-447c06111fa1,2023-05-22,E,E
c01e03f5-88f4-49fe-94c6-b93323bc3eeb,2022-07-23,E,M
c1cb9f9e-9b93-469c-b310-c2758a91c2e0,2021-08-30,B,C
c1e233e1-15f2-4f99-b3c9-a8da53c6ca78,2024-07-31,D,D
c3032e8f-fc99-4c0a-a676-6cf258509f74,2022-06-04,M,M
c307f9f3-72e2-4125-9ea9-19cee7b20e88,2024-06-22,B,E
c4dc941b-0b2c-4624-8684-e78930c9497d,2022-06-04,C,M
c5f175f3-9233-4173-92e3-af5f52329c3e,2024-01-09,O,O
c87ade56-351a-4113-8cf0-04bdcf174cd1,2023-11-22,C,C
ca542cf5-93e9-4550-bedd-33fb09b388f1,2024-05-21,B,G
cf454a14-bc34-45f8-8948-fbd7289a7682,2023-03-30,G,P
cf7cb8be-bbc6-4360-b2d7-91796f58be69,2023-02-18,M,M
d3895471-2fba-4c72-a11f-b78436c7aafb,2023-08-14,F,F
d4bbb497-1ad0-4e01-943d-3f6b534f935c,2023-08-02,M,M
d624e670-e620-4f98-987e-b6b533170cb8,2022-01-17,D,D
d6590c2c-c462-4175-9320-9077cd982b6e,2024-02-26,O,O
dec4a0d2-36a3-44df-bbe4-6d1973fe7c34,2022-08-28,C,E
e05739e3-7cc8-4b2e-8ea6-09c786f434a8,2024-01-28,C,M
e2238385-601d-4771-8af2-f87385f230b9,2024-05-23,F,M
e6131955-6b6b-427e-a603-d1778d608ceb,2023-11-05,E,G
e83e16f7-e9cb-4855-9dff-443d7d1a1025,2023-04-23,G,G
e85b3481-73a7-4f62-a893-8ba38e721705,2022-01-29,G,M
e9d2121a-6dd6-447c-9489-88aff68dab81,2023-09-16,F,M
ee402dac-ca20-43a7-80e9-d354aa78c372,2024-01-26,C,M
ee7cc185-9cea-4a39-aae0-c2203eeb275d,2021-01-25,E,E
ef0a3b10-617a-4f29-8d72-c0aadecd2c3e,2024-02-18,O,O
f0fd0307-7660-4a13-b22a-d96a715bb931,2021-04-07,O,P
f4cbc059-9577-45d4-8f5b-a8d31787c67a,2023-11-02,C,M
f533250d-1283-4ed2-8c37-6faa30ca22ef,2024-10-24,C,M
f908bb9c-8b43-40e8-847f-4ee2d4fa590c,2024-01-31,G,M
065989e2-8088-43ab-9bf5-d4ecf780de7b,2022-06-01,C,C
08d13b4b-ece0-4435-b503-818339a8f817,2022-04-15,C,C
098d4a67-8009-449d-9f49-b5c490ee4e91,2024-10-06,C,P
0b898282-cf7b-4370-9356-d9218ac12dc9,2023-03-30,G,G
0bd0033e-94ae-4066-a31c-48fdc890304b,2021-12-11,F,F
0f6ea52e-44af-4ab6-bb77-1c29b2fb2f02,2018-05-04,B,B
15ca6cc8-e6fc-4502-8a2e-7d340216444f,2022-05-19,E,M
15cf88fd-8914-4f23-beec-be3200e05a0a,2022-12-02,B,O
17958dd0-debc-43b6-a786-d584396218f5,2024-04-27,O,O
1eb65616-d68f-4f4c-9cd3-fd62c32ae078,2023-02-01,F,F
1f9fcb05-8f0b-4208-a03e-121adb76fbe0,2021-12-02,C,C
211384cc-5bc1-41d2-b0d7-d874d10bfd6f,2022-04-20,B,E
2158e424-6373-40ed-9265-8baa9ddc0e94,2025-02-19,C,M
22740ceb-ef0e-4474-8f79-f48d95d1581a,2018-01-08,F,F
234724a2-93f7-4805-9f50-d186044563ee,2021-12-02,D,M
24bf290b-a89d-4c91-bfe3-2b4219a016a4,2022-09-08,D,M
268fe34e-6e75-4863-ad06-818f38b4e27f,2024-05-20,O,O
2c49fa20-8ddd-4255-85ef-630b65049c57,2022-08-19,E,E
2d20f086-5e9d-432e-846d-0961305296db,2018-09-19,C,C
2ef14ae8-2cc6-49c5-9230-33c65e55dcb1,2022-07-02,G,G
2fa89497-9e2b-492b-b04e-7426cf4ef24c,2024-08-17,E,E
33e7cd47-2a1d-45bf-adf0-d661c584fce4,2021-12-02,E,E
36d0f709-b1aa-4aee-a64f-592ec4fac6a3,2022-08-19,D,D
37181f25-daa7-4080-9703-56f6fdc91970,2022-08-31,G,M
3b1b6499-0f48-4da9-be43-110757df3277,2022-07-30,M,M
456a799a-eab5-4f28-a154-b9110f89652e,2022-04-14,M,M
45b8425b-77e7-4bea-8424-4894e1c80905,2021-04-27,F,F
47724878-1736-41bc-9d86-078b9bef4717,2022-09-27,E,M
4845d497-bf78-43e5-8901-72ed39b436a5,2016-12-05,E,E
4b5e7747-9a6d-44e6-941b-91bc063170ef,2023-05-20,B,F
4cf190bb-b109-4950-bef0-45ad4297834e,2023-02-01,D,G
4f910fdc-dc2a-4b52-b098-f9f2f9c44df9,2024-10-25,C,E
508b9e34-4a25-43b7-bcf0-30882ebf3e58,2024-02-15,M,M
50da0f33-e224-49d6-8ac5-9026cbe1b9f2,2022-10-11,F,G
513f8bbd-e7f2-4752-97dd-e2a921ee7c75,2022-08-03,M,P
5531b1f1-9bf2-4733-a6bb-6e8e33ec6400,2021-12-30,C,D
56c96555-046e-4912-99ec-5188cdc45a12,2021-11-08,M,O
57b93a0c-0baa-495b-9648-fd61d53d5080,2022-12-24,E,M
596a2b86-bcf7-4459-b3e6-0aa5efa93b72,2020-03-05,D,D
59d8a277-ced4-43d6-97a3-67dacc4752b6,2024-01-29,G,P
5f6c0389-4a41-44bc-a5c6-fd27e0257731,2023-12-29,B,G
62c093c0-1620-4d9b-98d4-4b98ceeeeb25,2022-01-03,E,E
6753cafa-f4c6-40b6-8afb-e988a3a99ff4,2024-11-05,F,M
67a6c936-5f1e-4dab-b013-81f23c4ad1e7,2022-06-28,M,M
67eb55b6-2474-4eaf-b6b8-235aa353937f,2024-01-24,E,F
6a356afd-516f-4ed2-8b16-15af9f68fff8,2024-08-21,C,M
70dcd3c4-f1b6-44ba-8b9f-88d18dbbd4b1,2022-06-04,D,D
7690b69d-125c-4e04-93eb-80edbee3b618,2018-06-18,E,E
78c823ab-a49e-418b-ab9d-b75ef5a49774,2019-12-12,A,A
7dda6708-fc77-4de4-acb0-f1849e557efb,2022-05-05,M,M
80a798e1-af44-4fe9-b54b-35e75aeec7e6,2023-01-23,M,M
835121eb-a34a-4049-84d5-21fc5c38241b,2024-06-20,E,M
8727a448-cd62-40f5-8362-a21d6373f5ba,2023-02-01,E,E
8763e37b-0b3a-48dc-bbae-a61e994cbe8a,2023-03-29,E,M
878de57d-86c6-4cf5-bb3b-1cd3051933c4,2021-03-25,M,M
8a01dfba-2748-4cac-92c4-9596c1d04d03,2022-12-11,C,F
8aba4a96-1ded-4ec7-bc22-078614ee8283,2023-03-30,F,F
8d1e8ac5-06d9-4cc1-aa7a-9c1e0adeef6c,2023-05-29,E,E
8ed8af71-b7e5-475d-b20d-983efc0538ae,2022-05-16,M,M
8ee7b343-30ae-4728-9039-c061a4361fc5,2019-07-08,B,B
90dd5104-2927-4cd1-bc30-750219ac821b,2023-03-21,C,C
9129bf32-d4f9-4fa0-9592-ae62d1963eba,2024-07-18,G,G
91cc1d39-3d00-47fa-af83-ecb158b5d839,2024-09-29,C,M
985eee37-e2fb-4fa0-82b7-2c822d0033ee,2024-09-29,O,P
9f15bb0c-a031-457f-ae26-b980509c4709,2022-11-15,C,F
a01ac30c-29c3-4583-aa04-62a2d4c8c7c9,2022-08-26,M,M
a1021a1a-255b-4aa0-8ab8-27daea3d98aa,2017-02-06,E,E
a3e61fd9-97b1-494f-9041-a19448c74265,2022-10-27,G,M
a54bcd85-2b1a-4947-9c52-7b2e9423f60c,2022-06-12,F,M
a8be4d53-1091-438c-98be-b331eb07b01a,2024-11-13,M,O
af1961d2-a39e-433b-814b-16e3c4a7ade0,2023-02-25,G,M
afd8c961-df27-4f96-a7bb-fda9a378ab57,2022-05-18,C,P
b029b4f7-333d-4bca-92ea-96522cc898de,2022-03-07,M,M
b3e113d0-1d26-466c-a3e1-b84fa5b2e317,2019-07-08,E,F
b9534889-f7b3-4680-ba15-c2e332d535b3,2022-05-12,G,P
ba5d1665-0a58-4839-bea1-260160ea7d6f,2021-03-31,F,F
be3315d8-8ca2-405a-99d8-296e24fd43cd,2024-04-30,F,F
be750c48-a4a8-473f-8793-6b34d93172de,2023-11-11,M,M
c4743877-22a1-4e20-a361-caaf6b153388,2025-01-03,M,M
c4e97dbb-454e-4273-8684-d8d6a32cf918,2022-11-07,C,E
c79b3c98-1901-4b1f-83b4-bafd4964f0f6,2021-12-02,G,G
cb56ae7a-2531-4d2a-8241-6a9b51d936f5,2019-10-21,D,D
cf073a78-b158-4b52-92eb-ef3f982f109f,2023-11-24,M,M
d06848b2-adec-4aab-ba85-b479e6a9903b,2022-06-04,D,M
d4c33564-24e1-4dbe-9925-07ebc1d7d580,2024-02-01,C,C
d73bc1d4-f16a-4a0d-962a-2d8841bb27ae,2024-01-13,E,E
d78f06f5-c439-4612-b6db-6875bc9e2000,2024-08-26,A,D
d995ba2a-dc56-4fa1-81e7-b26bea27805b,2017-01-17,E,E
dc3e3872-80b8-4ee4-847b-0723b00878b9,2023-10-28,C,E
dedcc557-9639-4b1c-ac30-ae65f1e0e362,2023-01-23,G,M
e173b857-d632-4464-84a8-219d04bcc90d,2022-04-05,B,G
e3a00117-e79a-4a46-bb97-eb22506964c2,2023-09-01,C,M
e40d4b1b-543b-4c25-bb6a-69deb837fdf2,2019-07-08,P,P
e67af844-771a-44dc-b918-b8c2db015031,2022-11-11,M,M
e7aa1f68-737a-4794-b5c7-deabe2f18407,2024-11-05,M,O
e8802bc6-e23e-43ea-b6c5-794b17f03a66,2024-07-15,B,M
e883bcb7-d480-43f3-a224-d05987f34b86,2025-02-25,M,M
e929aea2-249a-44df-8e84-7b358c2a8f54,2022-04-29,M,P
ea867a13-17ac-4a60-a6eb-4a8f1a59c2b5,2018-01-10,M,M
eca05ccb-2468-4beb-bfed-253a77ed8538,2024-05-03,C,D
ecc9571f-0282-47fa-a405-0a07a092948f,2024-02-12,M,O
ee43e8b5-0ed4-4892-9d1d-0f06fa97a4df,2025-02-26,M,M
ee44e57b-3682-4f16-8a02-5d8c2c7e8f88,2023-06-27,C,C
ee578645-c268-405b-8736-abb0156b2a99,2021-08-23,E,E
ee9c4ef5-8f6a-4839-b11e-af95b01aebd6,2022-02-16,M,M
efc14a45-1d90-4072-8f84-b65ed5c44b9a,2023-02-01,F,M
f0626dd9-0ea6-4a6d-9d4e-c381b7f61873,2021-12-05,C,C
f20845ee-e51a-4e8d-a297-beda23543b88,2022-03-04,C,E
f49d0852-1bd5-4afc-9c6a-1f04b0acf845,2022-03-05,B,B
f8167bdf-a692-4eb2-b5dd-f8d8e1c270ac,2022-09-30,M,M
fa483d6d-ce55-4400-b7cf-82edd10e241e,2024-01-27,M,M
fd4f577f-a6c5-44b4-9e9d-864ed9c33a71,2023-08-01,C,D
03b70f62-8cec-435e-a22b-c497cfd1a690,2023-01-23,C,C
0958f40f-3e70-4d1d-941f-04a5bf5c9e4b,2021-11-16,G,G
0ad0e36e-3d3c-450a-b610-b5d22e9e2aaf,2022-06-04,C,C
0ade7361-ddc6-40bc-afe7-4a0f1ffc81e5,2024-05-23,M,M
0c77db29-5120-4cbc-a960-9eefa248427d,2024-02-18,P,P
120821ff-d4c1-4511-9889-eaeeb1f5759f,2023-08-16,C,M
124c15e1-9a37-474e-b76a-72ffd31339a6,2023-01-07,F,G
1473b065-beac-4f9b-acfe-8f74c431bd46,2018-08-20,A,A
167e48d3-d28d-4f07-8b6e-7a60151dbd62,2023-12-29,A,C
1746c320-26d1-4308-b87d-6e7c2d4a1eef,2022-09-19,B,C
18788168-0535-429b-b074-11306a2a3d97,2023-11-17,B,M
187a9670-8761-4ad9-98b8-4ff320d10fc0,2023-09-28,B,B
1cb369f3-f86a-4105-8e55-8b8f26589141,2022-02-02,M,M
1d3fcf6c-e630-439a-bc0a-8a91d64a2dfd,2024-02-18,O,P
1f4f2584-af36-47e4-8ff2-8f23ec6abd12,2022-03-05,M,M
27661270-7f73-482f-a11d-3b30f47868d1,2024-07-29,B,P
2930df12-0460-4a84-a5ea-f0d17d4abc6e,2022-11-01,E,E
29e00ec9-8663-4649-8868-4f2ba55493bf,2024-05-24,C,C
2efa0297-0ea0-43aa-81d3-568f64545b48,2022-11-05,D,D
2fd0a9d0-935a-494d-a947-4b32f042633b,2024-05-23,F,M
3632dc2f-7494-4363-8195-a12e6cbf04a8,2024-05-05,M,M
3c8320be-4921-4589-b54a-b955ba12f2b4,2022-06-09,M,M
3cb1038f-6360-4051-b82f-d38d661905c9,2022-06-04,D,O
3dcbade8-0b65-4fb1-a694-fed431c72729,2017-05-19,C,C
3e44d1fb-9e85-4d63-8b33-e82ccaf4147e,2023-12-28,E,F
40a7fe55-13cb-489a-96ba-4ce3ed18ec79,2022-02-25,M,M
4259259d-0993-499c-8420-d1df9b8aed9f,2023-06-29,C,M
44f31187-5350-4791-bb5f-b86847b26783,2022-10-01,A,B
4640871b-53cc-4539-9690-5f5222b8d5b1,2024-04-25,F,F
469d1930-75a9-4041-bdfc-d4854626851e,2023-02-01,C,M
46c64ba5-ec9f-487d-8f89-d7417ae85385,2024-08-03,D,D
48df01a4-d09a-4853-9cc9-a2601c09d0cb,2024-05-24,F,F
4b62956b-0886-42ba-9410-f75bdf713222,2023-07-02,E,M
4d7dbca9-82da-4d6f-b2da-84a7ab34f27b,2023-11-25,F,F
4e1403f1-d3fb-4fcc-a072-e29945df432f,2021-12-16,M,M
4e5e37a0-1b01-493e-b78f-7b31f7f3fe55,2021-12-21,E,E
4f1c316d-7908-4f28-a84c-9c611e4311c0,2022-08-04,D,D
4fc7574b-4578-4cf7-bf15-abdf94aad3b1,2023-02-02,C,M
53dcac3f-72c3-4d0d-95c2-0d2c541575f0,2025-01-19,D,D
57b1ca8a-e44c-4aef-aa94-01d135447b21,2020-09-06,C,C
5d65ec8a-7497-4bbd-9652-ac7194ba8c2f,2018-11-26,M,M
5d846576-96be-4421-a223-9569ab975c97,2022-01-16,C,M
5da0947e-8562-4fba-9a84-2e8e4ac0521b,2022-06-04,D,M
5f901221-d701-4558-b88f-8c856f74921c,2024-03-30,D,M
62653504-61bd-4695-bc4b-940295c6a6c1,2022-08-31,E,E
63a2cec1-b854-4b88-8874-062fc20ad28e,2023-11-03,C,M
64ec6f6b-e01c-4266-be11-8cad37d733ac,2024-09-29,E,P
6c4d435d-9da5-46d5-8269-1a68412205b0,2022-08-01,E,E
6e204ef5-97d5-4311-b4ac-be21e33595bc,2022-08-18,M,M
6e64749d-703a-4b95-a156-999e85b7a856,2022-07-30,C,O
70d582e5-0147-41d5-aed6-249638a783bc,2025-03-31,C,C
70d8bfe9-ea2b-4337-bd02-52453e0649cf,2021-06-26,D,M
711bcb8f-9e33-4de2-b79b-463ce0ff1108,2017-09-20,D,D
72738f5d-bd0c-4569-90eb-10905720a847,2021-03-11,M,M
73ccf2ae-e1f1-479c-9958-da75c1839db5,2024-06-03,E,M
7494c816-8fb2-4207-9afb-764cf837b16e,2018-05-12,P,P
78ac82aa-cfa0-4b16-8746-928f37f5be22,2019-07-08,D,D
79916d51-fe53-46be-8fc9-74557b188f84,2023-06-19,M,P
7f482a81-650d-4af6-b43b-e6084d0894a5,2022-12-28,M,M
8458c12d-0b76-4999-8d48-f5e9715fe6a1,2021-09-04,E,E
85443e57-d0f9-456d-b646-e2108536e9c8,2023-06-29,C,M
85e65f7b-c7a2-4a91-8804-785366e05cbe,2022-11-04,M,M
85fec8da-e978-4756-ad56-42f31fb68450,2022-03-24,D,G
870ed0e4-76d3-4e89-bb17-b596f96aad83,2022-10-27,C,F
8a89b48e-4c04-4b51-8519-96c2f01b04e5,2024-01-31,M,M
8b33aab0-bf0c-4417-a48a-85a5b2bbc4a6,2024-08-18,M,M
931e8812-76cc-4519-87d8-a89a322c155f,2024-05-03,M,M
93f0374e-9906-4448-9556-f1ec687d5eef,2022-10-04,G,M
9a0cd35b-357b-4f6b-ae15-012b7cb764d7,2022-11-29,D,M
9a6630bc-fbaf-4a20-9da6-746a005946da,2024-05-01,M,M
9d6d154f-333b-41f2-bf9b-f81c1be23c1c,2025-04-29,M,M
9ddd67ef-d2a8-4e46-943c-3f67925cdbb2,2022-05-28,C,D
a0ee9654-963c-4ff5-9910-605bed0fe9e6,2023-01-20,D,D
aaf42f33-30ee-40cb-9038-19648584bf5e,2022-04-17,M,P
ab74aa0a-210c-4efc-bb99-a84860d1d280,2022-01-23,B,O
b1bad84b-8bb0-4b3b-80d6-53101d5ceefc,2019-07-08,E,E
b3556c79-8dfb-4291-968c-322da5e148e6,2023-06-29,M,M
b3f7d249-9846-4929-a7ae-47fea11edcb3,2022-05-12,M,M
b8196706-0e18-450b-b761-d9c7fbd3eb51,2020-06-15,E,M
b99539fa-2bce-43f4-b0b9-daf2438dbac3,2022-08-22,F,M
bee34ae6-f5bf-4e0b-8405-5f75364675a7,2019-07-08,C,M
bf1ae964-d08d-4269-baee-f9e1e1bf18e6,2018-03-05,F,F
c18cbaf6-8e88-47e8-8d9c-82955b2a9651,2023-03-06,M,M
c2b53510-fbe2-4af4-9409-cb339ae929b9,2019-07-08,E,E
c44be013-4436-4c22-a95c-b10fbb0c0a16,2023-04-12,P,P
c5ae841c-a14e-4de4-a251-9aed9f5c49ae,2023-08-20,B,B
c8d7e8a6-2f7f-414e-8b33-cdb72c4d1fae,2021-10-28,O,O
c9cf5e50-b10f-4041-b492-9fe6da438477,2019-03-23,E,M
ca6b54f4-0c60-48c6-b8dc-183679fbec82,2024-03-16,C,M
cc89b5ad-61ac-4f47-8ec6-45cae3416779,2017-12-18,E,F
cc8afac4-f24d-4ea0-b9aa-faa51d013e30,2024-05-24,F,G
ccbdf837-6244-41e0-9e3e-f6cd065efaa0,2024-05-24,E,P
d0bb9f76-7004-4c25-a983-c301cceac057,2023-02-02,F,F
d186af5a-f353-48cb-be88-f02b40fe371b,2020-08-17,G,G
d1d8080d-c898-4347-b6c2-102ff3a273e4,2022-05-23,M,M
d4595150-4b0b-42d3-b186-725eca6ac441,2024-05-24,M,M
da11ab2e-2ade-40e5-83b0-ad0f80a05d65,2023-03-06,A,A
da661990-04a4-41d9-be06-bcc62cfba2ed,2021-10-01,M,M
dbde19c8-eafa-40ab-a963-c83de40290d5,2023-01-29,M,M
df176be4-d3d6-4de8-ac64-4b6ef45488ca,2023-06-29,M,M
e3037e65-a55d-4471-a2be-61d118e55ce1,2022-06-30,F,F
e7babaef-45d6-4e9c-a9d2-10fb4a877ccf,2022-03-02,D,G
e8169009-35b7-4ab4-989b-1a998f33eb31,2022-06-20,E,G
e8d15fec-822f-4452-9d5f-53a027c06ef5,2022-01-12,M,M
ec20ac18-9170-46ff-a7db-bafb52f4b2e9,2022-12-26,G,G
f0bdf3d6-e397-4d8d-a0f2-6a0f967d503c,2024-10-12,C,M
f748ee12-7381-431f-9dca-a3e551e76b5d,2020-03-07,E,E
fa2dc453-53dd-4d8b-9cc6-164a45a9a322,2017-01-03,D,D
fad52abe-820f-4531-b326-493f7ead4f78,2019-09-09,F,F
fe3e2df3-30b6-4006-b76e-4ff7299229cd,2023-02-01,O,O
ff4ac323-5233-4d29-b3e2-1c58d32d3924,2021-12-11,E,E
ff589dd7-f047-47a7-a4d4-a7ebfba56901,2023-10-31,C,C
bcb9a7fd-7ce9-4191-b868-6644e0b1896e,2023-12-11,,
a333de34-8dac-40cf-8a85-5a51ddf275fa,2023-11-14,,
00cbeda3-5063-44ad-8ca9-9eeec579de0d,2022-06-10,F,M
031315b9-4c21-4d3f-b929-efa6d941d45f,2022-03-05,M,M
04294324-b333-4bc8-9248-960cb501b1e2,2023-08-07,G,G
06531eeb-65e5-4384-bca7-d66846b23456,2023-10-17,B,M
06d53ec9-5228-4946-8b76-31ca144346d1,2023-05-28,G,G
07457b1d-2b32-4916-90d6-31fc99e0fe18,2024-01-27,M,O
0783a487-6c45-487e-9e4d-ff7c65dfe617,2022-07-03,B,F
0944cc54-1ee3-4132-a6be-4287ccb2cb17,2022-04-01,M,M
0a153b34-d503-432d-b0a4-c6292f23bf64,2023-03-01,C,M
0e7ad41f-738c-427f-83a0-ee20397b7ef4,2022-02-27,C,M
112d76e0-079b-41f9-9e0d-453525584004,2019-07-27,C,M
1390dd6a-9e91-4c8c-b996-5430c81f28b2,2024-08-28,M,M
1a0e1aac-9db8-4396-bd28-f55614d8b250,2023-09-28,D,E
1e500b58-7b17-41b7-b8c0-33ae050eab2a,2023-01-22,B,B
1ebaa0d4-ddc5-44cd-83ec-5497527d68a9,2023-02-12,F,F
1ff85fc4-879e-4613-ac98-70de94dfb58c,2019-01-16,E,E
20907aee-c41a-4d63-b08e-2586eaab5c78,2019-07-08,B,B
224c82cb-f32e-447a-a04b-83150f7ea99f,2022-05-15,E,E
25e7507d-3020-4de5-a571-b9eefacf3c5a,2022-12-14,E,M
269d92bd-54b3-4dc2-9219-9c149842cbc4,2019-10-01,E,E
2776a28c-091a-41cd-94bd-b1f63d28bb89,2024-03-25,E,E
2c740228-b48f-4167-8f4a-2e257a6bec48,2024-09-30,P,P
31541aba-271d-4d76-a662-511b37dfe368,2019-09-05,C,C
32510e98-d424-423a-9af8-168cc4b743cc,2021-12-20,B,B
329efdce-9091-490e-b61b-5bca403b9752,2023-12-25,F,M
3501f2de-7d6a-4514-beeb-a44f6fd17a3c,2020-12-28,E,E
36aa60c0-d1a2-44cb-a882-b74f3bbe35ec,2021-08-19,E,E
3a335500-0d94-4fc7-9427-35a065248f4f,2018-04-26,G,G
3db52fb0-92c9-4bbc-a410-5f63ba56f562,2023-10-10,M,M
3fad2344-214d-4471-90e1-2e82c2eebec0,2023-04-24,M,P
410c883e-6323-4aee-a6c7-55bb6239c398,2023-07-23,C,M
41327478-c9ce-460d-9f8e-67dce8813ca3,2024-01-15,D,G
4332c08b-0dde-41c1-ab41-0fac54db34ef,2022-02-08,E,G
482df98b-9d13-40cf-9afa-95c0c2f169b2,2023-03-10,F,F
48a4776b-3cb6-4d1d-a44f-d320f5cfac98,2022-06-28,F,M
4a758183-ed57-43a5-bd7a-2c9a2b45e1cb,2023-04-01,M,M
4e050a13-e92c-473b-b957-0b59616cdcdf,2023-05-29,C,C
53657e90-fede-42d9-81c5-740a5f65b12b,2021-12-11,B,B
53e1c225-ed2e-4029-aeed-c0ecf8cdb0c8,2018-11-20,E,M
5431016a-9793-4f69-b19f-2840ec69972f,2022-07-11,M,M
553c56b9-3bbd-4cbb-8eb2-4af96e16e6ea,2022-09-26,D,M
566458b0-c17e-4427-acae-9b1e7c5aacde,2022-08-01,M,M
5a87da06-646a-4b03-9f85-b710b8deb9d6,2021-07-09,C,C
5afc2c51-3c59-477f-a224-8b1ff66afe16,2024-06-26,E,M
5b1fb04c-af6c-4bd2-9c4e-2818d4ec1212,2022-11-08,M,M
5b219b1a-fcc5-4686-99bd-fcd3bb36467b,2019-07-08,B,B
5fc23220-0aa0-45ad-a3d6-13da62fae861,2023-08-07,D,M
60beca25-fc66-4749-a06d-6241a4f7241d,2025-03-12,F,M
6392bda1-2496-479e-a9c6-49c29c014396,2023-02-07,E,E
64384a6a-d03a-439c-b7dc-a8427afc3367,2023-03-18,D,P
65743706-285f-4746-a543-456829c1b663,2024-07-11,D,F
65c5763e-d161-4358-a185-71f4b57d29ed,2024-10-06,E,M
66ae8754-3333-497e-a631-c55525a549b2,2022-03-29,M,M
682ecf2d-5350-412e-850d-4a3ddc0d3e5d,2023-02-25,G,M
69bf0acb-2b5c-4bc7-af3d-8fbf81f5682b,2023-05-03,B,P
71da6faa-c1ec-406b-b83c-15126268dbb7,2024-09-02,D,E
71f400a6-5d6f-4840-b8c8-2a2fe06d412c,2023-03-01,M,P
754fe747-a55e-470b-94c8-8a84ae97880f,2024-02-19,D,M
75f4f676-c53b-4327-91aa-727f418585f4,2022-06-29,M,M
782ea41e-b9f5-4719-8a74-3d0abc05b4c5,2019-07-08,D,D
7b7cc2f1-32f9-49a2-b3d4-19b0c4fcc89c,2024-06-17,F,M
7eb54542-b720-4f79-b180-6fe1d6a47267,2024-07-21,D,D
7ebc6255-eaa5-4982-bfc5-b3996187a7c9,2022-06-01,E,E
85313ba7-58be-40fd-b94b-3e779968866d,2023-05-29,D,D
855160ac-7f11-4cc4-95cd-0c693706cf48,2022-03-09,G,P
8595c020-8a4a-4167-a16f-5ce7e907f129,2024-05-23,D,D
868082ec-d82c-48b7-bdd5-b0ed32a732b0,2017-09-06,M,M
86ca11ad-9bdd-49a1-adc0-e2bd419a4a9b,2023-12-20,A,C
892a04bf-63e0-4826-8b02-77b18b29fd29,2024-01-16,O,O
89e1b2a2-2221-4c64-8b2a-d508b25f0a62,2022-03-05,C,F
8a958cfd-2e75-4a91-a7a3-d4355b6323f3,2024-02-26,D,M
932755e6-351a-478e-ab48-a499a06781b8,2022-03-07,F,F
933caf22-5588-4942-a591-1de08f1f28d9,2022-08-11,F,F
95680760-a335-4020-81ed-4e6e26a1cfc0,2019-07-08,P,P
95c06ea0-0955-414b-b8e7-4b99353f3e06,2021-12-11,M,M
99262adb-d4df-40a6-bbc7-1d2c333861a2,2022-04-28,C,C
9c6ec5b9-c5e6-4b50-a49b-fc8498d6f835,2023-06-29,C,D
a1468d92-b0e5-40aa-9159-b79b92faac93,2021-03-22,E,E
a34635eb-6843-4e5d-ad4d-b26192301d04,2021-07-14,M,O
ab589110-e2f9-4835-9639-3a260fea61e2,2021-12-11,M,M
abbb72c3-4d99-4667-97ac-fded4159cf8e,2020-07-20,D,F
afff952f-335a-4352-860e-22ea592edf39,2023-03-13,M,M
b05c67c8-a4ec-48d2-a852-bb22453276e8,2017-06-21,D,D
b2d824f2-ffdc-491b-bbde-9228d98de7ac,2023-11-24,O,O
b6f7d937-06ad-455b-a426-631522831db2,2022-10-18,G,G
b814f9dc-fa88-4b26-a7d8-b7658e7ca664,2022-07-30,D,G
b86b4bd4-42ca-422c-ae2d-1cbd77e0364a,2024-05-24,E,E
b99ac419-23b4-4081-9a83-eac1c174aa5c,2019-08-26,E,E
ba18075f-7664-4987-8d7f-72c5029d3994,2023-02-01,E,M
baa2d911-9d10-4323-b4b0-49b1a7939f2a,2024-06-03,B,P
bf7346f0-d909-4d30-afaa-26f34ac09396,2022-09-27,M,M
c234f037-0fad-49ed-829e-90322b2bf876,2024-08-12,D,D
c5673c21-7845-48cc-8797-b4025f70e998,2024-06-28,A,G
c5960fb4-3c26-461a-9bc3-1d806a53cd07,2022-04-29,M,M
c5cec31d-9f4b-4a4f-990d-cc10814225a3,2021-05-01,B,B
c7154df7-ab24-4b54-9d7f-ec7e3850153d,2022-05-08,M,M
c7445588-2b6e-4ab9-bf93-2ec8b867f57f,2023-04-17,D,M
c93d763e-785d-42ca-9387-77bcd1519b7f,2025-05-19,B,M
cab71a0b-b279-4b46-9448-6132580c31d4,2024-09-03,M,M
cd11e839-0a1f-437c-963d-d64a1e1b1283,2022-06-30,M,M
cd5eec12-7c80-4a7a-98e0-1ca5ec53fc15,2024-03-02,M,P
cf97391f-c534-40a1-b9c7-de04c4d295f6,2022-12-28,B,B
cf9ece48-3389-414e-9eed-866e0ce816e4,2024-06-22,E,M
d4852d5a-334e-45b8-b452-e8855588628d,2022-04-01,C,C
d508e22b-0e68-4ea3-8d7e-ca18b6a7f842,2022-04-29,B,B
d5db95a4-8d2f-4f17-89e2-71e1c9f8c84b,2022-03-04,M,O
d66d7f75-78b8-4b51-b6cd-4acd4602883c,2024-10-28,D,E
d7fe50da-92f7-430f-8d18-c39bd5bc6b95,2023-12-18,G,M
da2c397c-0065-461e-99c0-718332f63d83,2022-11-05,E,M
de330f71-0ccc-4bc8-84eb-2edac87a4c2d,2022-09-27,M,M
df182a78-962c-4bdd-87cc-54fbc059cca9,2024-08-30,F,F
e2553105-c272-4ef4-922c-8e74243194a0,2020-10-28,F,F
e3ef43a3-fe5e-45b4-aa0a-a14ae4b35dbb,2023-02-24,F,F
e619513e-6004-4748-9942-5c3cac6ea660,2019-04-16,C,G
e7fae1fb-469a-4632-843c-11cf1dcd3634,2023-02-01,M,M
eb4af058-d45e-452a-a11b-3a8763d265fe,2023-03-30,E,M
ee729983-af16-46b8-b3f8-cb90f5f53a1c,2024-05-24,E,E
f6893259-a4fb-41e1-b00b-45dd4ebfb99c,2024-03-21,M,M
f7a29ba5-2d6e-48f2-b7c0-9363bc7de292,2024-02-08,C,F
f7a4a113-fc69-446b-8779-699c7fc24f71,2022-05-16,D,M
fc78131f-b934-4e07-83b6-b1d5b14354f4,2024-03-08,C,M
fd7d7a39-6358-436c-a8a7-c87044e11198,2023-01-02,A,M
fe4d073a-d921-4753-9608-1bae19b740d4,2022-11-22,M,M
0520f481-d641-46ba-ac1a-55790faad856,2023-07-01,D,M
05ad2941-20dc-4452-bff2-52e7367b4fba,2022-12-01,M,M
076d7339-a5f0-43d5-8f9a-346646549be6,2023-03-30,M,M
080a5a95-7550-4517-923a-40f8782447f8,2021-07-05,M,P
0856d273-ed36-41fc-83ca-a5005ea61ae1,2022-01-10,E,E
095e74ac-a1f6-4ca3-bc8d-60d9eacf45d0,2022-12-28,P,P
0ac2a415-cf80-4071-b036-1da0045e9c8d,2023-08-29,E,M
0caacf96-8bdb-42d1-8b5c-2aa402b5ab66,2022-05-05,M,M
11883a95-27f7-467e-a10a-ad038387b6b2,2023-07-16,G,G
138495e1-9d86-437f-b74b-6f3fc25219ef,2022-08-12,G,P
142148b3-8a96-4ef9-be66-a8e729fb1940,2024-09-27,E,O
148ed61c-2828-4e2f-80da-da34792c0838,2023-08-07,B,M
156d4f0f-8da9-4736-90de-7d5d6db036ef,2024-03-02,B,E
181497ef-a6cc-4611-9b56-0073a5a16acf,2023-09-12,M,M
183e3285-8b34-4402-983f-7bd3fca35d36,2021-10-03,E,E
1b16474f-5ec3-4238-b4f5-fa2a0c3f39b0,2023-01-17,G,G
1fc4ecb5-37f3-4090-ad97-7d11c089dddc,2024-08-24,M,M
2225b8dc-46c2-4793-bbc4-d61a410e37d9,2021-01-29,M,O
22545499-322c-4946-8771-52b2bb18a23d,2024-05-23,M,M
246896a4-c803-4df8-9dda-de672292ae57,2018-02-21,M,M
24a7c02d-f051-4452-92db-e59c83b66d4a,2023-11-21,D,G
24f5de8c-05ff-4a72-abe8-bf5c0ddf274a,2017-07-29,C,C
274436ae-e671-49e1-abc3-443910ef5e27,2023-08-20,N,P
295021be-2c06-41d7-b946-e7f821c57735,2019-07-08,E,E
2bf974d3-ee1d-4c5c-8d64-c2cfa5b51256,2022-11-21,F,M
2e7dc945-6549-48d1-b0aa-7cb93a44a6d2,2022-05-20,G,M
2ece812f-aae6-492a-a30e-4dd175dbf524,2022-04-29,C,C
30957752-7374-420c-98e2-f6e4e2f21794,2022-04-06,C,M
328c78af-a58d-4598-ac0f-2c8934b92bb0,2020-10-11,B,B
3326db9c-bc15-4c6a-8c90-654671028683,2022-02-27,B,B
3550afe0-8922-402f-acbf-c4c420f5f46b,2018-05-28,D,E
38ce80f4-de0b-4c47-a2a8-4a1bf98aa91a,2021-12-11,M,M
394d11e8-94d2-410c-b49f-86f4239be815,2024-05-24,M,M
39bcaae7-d234-4c22-a3cd-41543ceaf33f,2021-01-04,O,O
3b5a80c6-a056-4f2e-ad0d-4b7fcfac5f86,2022-03-05,D,M
3cac2cac-51eb-4bb2-b553-9a38dd3e5917,2023-08-22,C,M
3d42f510-022c-41c2-95c7-3d472468b860,2021-10-20,E,F
3d56f243-791a-46ce-badd-59a74c96157e,2022-06-30,M,M
3e90a648-67a2-4cf0-ba8c-c64ea532acfa,2022-04-01,F,M
4439c5d9-78cc-4a98-b22a-c402f5ab290e,2021-12-11,M,M
44aca7f8-94e1-42c2-b26f-a5cad1bdbfc1,2023-10-31,E,M
458552f8-7f05-4d7f-abba-c932e847d461,2023-07-20,M,M
4771be14-546d-4c77-bd3a-02f3a202ab6d,2022-10-29,F,F
47fbc684-ca88-425d-a370-b0521b338950,2019-07-08,M,M
482cc2a8-9a23-4597-8999-d9c479341f29,2025-03-09,E,P
490e9b1a-aff5-43c6-896d-45f9a4d57267,2022-11-02,M,M
494ed71d-0871-4fb0-aa31-146be20e83fe,2023-03-19,F,M
49f006db-6adb-41e2-9f5d-6b6576dec83e,2022-12-14,F,M
4cf10d59-b63f-4955-99b7-9f8e9c1a0520,2023-02-01,D,M
50b0c1b8-a0a6-4884-b4ba-5574899044fc,2022-04-29,M,M
51c6bce4-ab6b-47a3-9463-f1d06adf4ce8,2019-08-15,E,E
52e74741-4eef-4412-b4aa-83a689888c26,2024-10-07,D,D
55b11184-e0da-48dc-b0b5-fda660af1294,2022-08-29,E,M
578f71b1-412a-4784-8497-2a37244d521c,2024-10-06,F,M
57f90bd8-2c4d-4d0d-8aa0-20204f866466,2019-12-18,E,E
58092364-73cb-471e-b55d-2f8f952de675,2022-09-19,G,G
5daeef37-7acf-4213-9baa-94d2b136d26d,2022-04-28,M,M
6128463e-47b8-41dc-b5ad-fab76cfc7c0b,2024-06-18,B,M
67e91631-bf19-44ea-aa06-4c06b80ff1d4,2024-07-22,D,D
69106dd9-7ea0-4ade-a9dc-d0e1f04d0eb7,2022-03-05,E,E
6dcdc24a-4e3e-4115-b7ff-8005dd0a2922,2023-03-24,D,G
6dd85171-8327-4dc3-840b-96430bc280ab,2022-03-02,M,M
701372e7-2dfb-4444-bf8c-12a198179a3e,2022-10-30,M,M
7315086c-eedf-40e8-9b27-330d0ec06f3c,2022-05-29,M,P
738c0838-5321-45b1-bd49-11a6574b3106,2021-10-10,D,D
74ff3d1e-f75c-48d9-a2e3-fc31ce65fce1,2024-06-28,O,O
76843c84-d090-45ca-855b-2727d0eb1311,2023-04-10,C,E
7808c3f3-d416-4406-805b-af58fadfef3c,2024-05-13,E,M
7b6b2cc0-de6f-4929-90a5-5258133ab958,2021-12-02,C,M
80e678ab-84d1-4671-ae72-a1354e37c355,2022-05-25,M,M
82426304-5410-4ba4-9c5e-0f490ae3b597,2023-06-07,F,F
825d158d-527c-4e1f-b18e-205b816b99bf,2022-06-30,D,D
83c90215-caaf-4e8c-bd65-55c4c0c16b0c,2023-07-02,B,E
85c85e10-32aa-4ae8-8dd3-82a3bcb00ba0,2022-07-07,C,O
928fe588-84c0-47ab-8239-bbf389276735,2022-03-30,E,E
9326a308-7c71-41dd-bc7a-37e212d13451,2023-11-15,E,M
97d647dd-d3f3-49ad-bca5-7ec94c3d5d3f,2022-09-27,C,D
99d3cedc-f245-4819-8e9a-8b995f2a135d,2024-02-26,B,B
9a449a22-7355-40af-991a-bbae27bc4fcd,2022-05-22,M,P
9a7f27b7-be66-407e-af6e-49cda1a71690,2024-07-29,D,D
a0c5a984-6aaf-4ac5-bc5d-4f14a7117f22,2022-04-09,M,M
a1f6703e-abb0-42c9-a6bf-2ced456e8341,2022-09-27,D,F
a2d83a56-20d8-45dd-9b9a-bab90e405718,2024-05-24,M,P
a37c92fb-221d-4fee-9596-774d53f841fa,2023-11-17,M,M
a437e77d-12cc-4d98-9a8e-99384a357a15,2023-04-23,B,E
a4e0f117-cafc-4089-a321-9b2421c9ddde,2023-11-12,O,O
a7ec0ade-f1ba-4194-ba55-13f26baf0fc5,2022-10-08,E,E
aa3545b9-5efd-4c75-ab72-86e5063267f6,2024-08-01,G,M
ab07df00-fd6f-47b0-ab5b-e04239ddfc55,2024-10-31,P,P
ab9546d2-10e1-41f1-acff-8098aaa50849,2025-01-20,C,G
af8e0ed6-8b33-4226-b913-49a1f7886250,2022-03-08,O,O
b373989e-f17d-4a90-b49c-36687674dce4,2022-04-02,M,M
b4f4ac21-adae-4b04-a9cd-cd52ecf20143,2022-02-27,E,E
b60f4d64-fea5-4ef3-9729-2e61c425e606,2024-02-12,F,M
b6e0dc9e-94d9-41bd-a408-a0ab6b36a6e1,2024-02-29,M,M
b73092c9-66ae-4456-9755-4b2c97e6a09e,2021-04-05,D,F
b81f2d7a-02e9-44c2-8e58-5a3aee423553,2022-07-25,A,B
b9e400b9-9a5e-40c0-87f7-9fdf018d247a,2022-04-17,M,M
bc961ff1-688d-45ec-ae75-9e3e31a1da39,2019-07-08,M,M
bca03ea9-7d4f-4734-80d5-94601dc6e4c4,2022-04-06,M,M
bd86860e-6689-4db4-be61-20fef8c5b817,2024-03-20,G,G
c27f04e5-93e6-43a2-99f2-a3170685fb43,2024-05-03,D,M
c3e9b6d7-b9d1-42ab-85c5-0f0bc32ad4c0,2021-12-02,M,M
c549cd1f-690b-4c86-ba17-0b976d39372b,2022-06-30,M,M
c5df8433-2335-4d4d-ad4e-39ba435d960e,2019-10-07,E,E
c9d1d1b6-e7cd-4d64-ad2d-09128ba4330f,2023-02-03,G,G
cae25df9-5798-452f-8873-f9d3f3b47976,2022-07-28,M,M
cc69e05b-668b-4385-b758-956cf249fcf6,2023-03-30,G,G
cd69ac1e-b680-44b7-83bf-a0439e4860f3,2023-01-28,E,M
d0a29eaa-3495-4910-9663-117af0413a06,2024-03-04,M,M
d26ccb56-437d-4afd-a7f1-a3346763ffec,2022-08-11,C,G
d3a44efc-d784-4044-82b1-de63a4f3e504,2023-03-30,O,O
d4b75879-b76a-45c2-b800-54744ea73d0c,2024-05-24,G,G
d4bc0b72-1715-479e-8b18-19df3200bc0a,2025-04-10,F,F
d4f6828a-3f6b-4d67-a196-59a33b643982,2022-04-29,E,E
da2a268f-b4dc-4f1e-929b-a79c4b42da47,2021-12-11,M,M
da7f80e0-b9b3-43b4-adee-eeb2787e9f8f,2023-06-13,M,M
db8bbfae-901d-4ddd-8207-adffd843eb38,2022-03-17,A,B
df1f0652-5a53-4cde-9aa7-872bae0b8652,2024-05-24,F,F
e3ee9804-3387-4bfe-adc6-dfa35aa07a58,2020-05-12,M,M
e5c28f6a-8b16-4a0e-b1c9-d4df7cfac494,2023-09-04,M,M
e81bfa19-abaf-4f3a-a5e6-98db46c5075e,2021-03-31,F,F
ea2f9317-d146-440f-9581-148c1ec1e2c5,2020-12-02,E,E
01dd0916-38f4-4487-bb75-9e17f50e7c2f,2022-08-06,B,F
044efc1b-2f8e-4677-8273-b407ccefa9ee,2022-11-02,D,D
056ce970-84b4-47b2-83eb-a4ee603c5b71,2022-06-26,B,B
05860eea-698e-4097-9ab6-9ef810bbf230,2019-07-08,D,D
064693e5-e2af-4a20-b377-06e9ccb1a679,2022-05-20,F,F
0962e298-a601-458d-8abb-77f8dd9aab02,2019-11-11,G,G
16ab953f-2322-4905-bced-4763ce1e9809,2023-10-16,C,F
18b119df-c72c-47fd-bdf0-0e917d612d3d,2021-08-08,G,M
1bb3dba3-9be3-48d1-9ac9-3078960b2686,2022-04-15,M,M
1d996646-94a8-428f-9698-11b6fd451de4,2023-03-08,M,M
1e0516d4-995d-415c-963f-ed125e5a2e41,2018-03-05,D,D
1f68e056-9074-4e34-86cb-10cffe3301fd,2023-10-29,P,P
1fdeb097-5abd-4ede-95e5-3e70973678d0,2022-12-28,E,G
20822247-9e0f-40d7-b3e6-fa43305695bb,2024-08-05,F,M
239829b8-fe61-4c51-bdaa-b2d0ef0f6add,2019-10-22,B,M
23a965d9-07d2-40e5-994f-785a3942fd3e,2022-10-16,F,M
24690b43-bf03-4097-bf4d-1785fa531324,2022-02-27,E,G
2724de93-afc2-46bf-867e-601c634b172c,2025-02-25,B,D
28228d7b-4d68-4ee8-b1ed-efa23ce017a3,2025-02-21,M,M
283c8aed-fef5-42e5-8bf2-5a1db979535a,2016-11-18,E,E
28f088cd-8b70-4949-8ecd-93279811393f,2022-07-13,D,F
2a545893-b745-49a3-9885-0aa7a6496ab5,2023-08-08,C,C
2e74b948-7dc7-4de7-b336-903ac4b8ab67,2017-12-04,D,D
2f4a5bb4-f2f2-4dae-90a9-33e909bca693,2024-05-03,M,M
30b776f6-e8e2-4b58-8ba3-b7c9ec6bd73f,2024-03-02,M,P
31bbb984-9161-486f-ac2e-7eac804d0fda,2025-01-19,C,P
389c81e5-872d-44af-b144-5fd0e0b1b21b,2024-09-18,C,C
3a9e2aeb-231b-4532-be17-bd7860d79275,2019-08-05,F,F
3ce927e6-1b53-41ce-82df-b2c357e62dd5,2023-10-29,F,M
3cfd3ec7-a10e-4f18-968b-9afeb03b83ec,2022-11-20,B,B
3d4773ee-5b4c-4ef9-a660-a95e13684f2e,2022-08-19,M,M
3dcc9eb5-cbb0-4535-9aa7-aef114e41134,2018-01-16,M,M
3f1a74b9-8fe8-49b4-a449-8aea5676bed7,2024-05-03,M,M
4028bffe-3f51-40bf-b1b4-ee98d0ab2843,2023-11-29,D,M
41417fdb-c8f0-42b4-889d-5c24f935ae73,2024-05-03,C,M
445c5d46-27c2-4503-9cfd-91569c70aac4,2023-11-13,B,B
4697919c-217d-4263-b3ed-cc75d9027d3d,2022-10-04,C,M
4b36fbb2-10c6-476f-a678-c4976cf2ffe3,2019-07-08,M,O
4cd320b4-c76d-47a9-b4b6-ad45c3811348,2022-01-28,C,C
52cf6a24-a868-4b99-98ff-7c32d9e777c2,2022-06-02,M,M
5388b8a2-f02b-4dcb-95c3-459d726c0e8b,2020-02-08,C,C
57c98dbd-58db-4cb1-8bc5-cf02937a026c,2018-11-29,E,E
5d1b3562-6737-448a-950f-c6cb3e59c6ae,2023-09-28,M,M
5ee5a86e-6d06-469f-b813-29ca8d0ef65c,2023-04-19,F,F
5ef5c268-1cca-4896-b524-4bf32476020f,2022-07-28,G,M
6c8d0bd0-fa57-4e56-b07b-199e13b6a0ac,2017-11-15,E,E
713e9ba9-4ec6-4d5e-87e0-79c8f2132c73,2022-12-28,C,M
733395f5-8158-4072-a294-379ddfbae63f,2021-05-30,M,M
733a6f7c-6067-4f49-ba86-4e8a6507c132,2024-02-01,M,M
74908cb6-7568-4eed-975f-2998f65a94fd,2023-10-10,B,M
74bb42a5-d20d-4f64-99ac-f74f019bef57,2024-01-23,O,O
776aef52-ce6d-440c-9750-927c54a686ff,2023-11-20,C,D
77b31c03-193f-4820-bc2c-4e7974d2b801,2021-03-07,D,M
794a0582-7923-4280-92d6-7de1e0569870,2016-11-30,G,G
7d6ef9c0-4a44-4595-bf13-c07db9a7a674,2023-03-25,E,E
7e59beaa-7989-4152-89c2-087e3306bd66,2023-06-06,E,E
7e7800ab-49ce-4cf9-999c-86b5d529ef38,2024-01-08,G,M
8509b31d-34c1-4b26-9a30-f5f8fb460df8,2024-02-05,P,P
8c408296-21e7-4aa3-be2f-ca9ef8498feb,2023-11-19,M,O
8e8270f4-aea6-4c80-b129-b64e4d0f8fe1,2017-07-17,G,G
8ebc7d91-6b39-4fce-a106-154c94f65b39,2024-09-15,E,G
902c487a-218c-4657-861e-f4b30c9e7077,2024-05-24,E,E
91e7647e-a141-41b0-8545-fee4bc0fc934,2017-11-19,E,E
92ba1dab-6537-4b07-93e1-a01d2f12ac20,2022-09-22,D,D
949d5842-74d4-433b-add9-756f181816ab,2022-10-30,E,E
94ec762f-0cf4-4779-8f4c-ae99e6b3ee04,2020-10-31,E,E
95acfa77-f7fa-4c12-94f1-7802e7fff263,2023-07-04,B,B
961ecff8-1481-4852-a1a2-cea3cbad9643,2022-12-29,D,M
9907e23a-f080-497c-b501-a6171940134b,2021-02-12,E,M
9cbf4388-0acb-4595-be4c-244c7fab8389,2022-11-11,B,P
9d8f8bd0-1759-4a9e-a793-5e6f482b685c,2023-08-01,E,M
a05e1af5-6fb1-451a-a2aa-0f0f1c99bafb,2024-01-26,B,D
a33ce447-19e2-4df3-b41c-3a1a18debd46,2022-02-17,B,B
a51858f8-3518-47e0-9dc5-40e5355357f1,2021-11-13,M,M
a6844eb8-159b-4d85-818b-79b7f1e0ec22,2023-10-29,M,M
b296ff4f-48f6-43f5-9ea3-d26ba977cbe9,2023-04-30,M,M
b2b6c05f-180f-4d5a-9d30-94df4841a835,2024-05-24,M,P
b2baa34c-41a0-4f9d-8d43-b7039a4c2228,2022-12-28,M,M
b4a18bfa-0b1c-4424-98fe-99e345054669,2019-07-08,F,F
b535d9ee-df38-4d53-8318-2671c6587762,2023-03-25,M,M
b5738f95-d71a-4dc1-91a9-c1699ec35217,2022-08-19,B,B
b5821f92-9975-4581-85ef-867ad22a831e,2022-08-23,M,M
b74b6c08-4d00-4b70-9a16-72f91c1689e7,2023-12-29,M,M
b7b23adc-10d7-4d1a-b0aa-98452479bddb,2024-05-23,B,B
b8672868-c509-466e-a7ac-3b5597de140c,2022-10-12,B,B
b9a7f411-37e7-4b25-a92e-2aa4d0e081c7,2023-05-24,A,B
bcde7275-cd5d-4f8d-924a-f7aa7af2e540,2018-01-24,D,D
bd43ef77-b3f9-4fbc-9996-adf2a2669aa7,2023-06-17,D,F
bd8dc7c9-1ee0-4a7d-b904-e387802fa8fd,2024-08-20,M,M
be5284de-21dc-42a0-9bb2-a05f47659b08,2023-08-23,G,M
bf448f9d-ab35-444c-8d26-24ab42533aa9,2022-05-15,C,M
bf58b537-f549-42fc-a092-fa0ed5378422,2021-06-21,C,F
c004fcbb-e2e9-4beb-a8d6-bce5743bb56e,2024-03-17,E,M
c7d89047-e3dd-41e4-a423-e03cfc0caf02,2021-12-11,E,M
c8e0d708-0502-4054-8429-d6c6e0efd27b,2022-01-29,M,M
c9b726da-1cfb-4cca-b548-7fc837ac9511,2023-01-24,M,M
ca32e7df-7f53-4e57-acdf-bdad20ba6a04,2022-05-15,F,F
cbfceb08-6957-41ea-90a8-a5f35d324524,2022-06-04,C,M
ce72ca93-0831-40be-bfc5-8babdf65a850,2024-07-29,M,P
d20f35f9-ca07-4e8c-a82a-fc5527877e5b,2018-03-09,F,F
d34d371a-0388-4ea3-b128-b704a341ae74,2025-04-21,G,M
d591cc2f-42c0-4f1d-bcbd-797281756c01,2020-10-22,C,M
de32aed8-40bd-4370-a07b-3bfb4d446dc7,2024-05-12,M,M
de94c481-64c1-4e2d-ae38-0bc3409a2111,2022-04-29,F,F
df02cbd1-4cf8-4747-987e-fc22e80af805,2022-07-02,F,F
e19275f8-ebc5-4ef2-b582-7dd83c2d265b,2022-11-02,M,M
e28d74f3-8b9f-4790-813e-6a30c6cc927a,2017-09-20,M,M
e7aa5f19-72d6-4407-87df-c2420bbaafbf,2022-08-25,M,M
e92643c4-1a16-4aa8-87c3-579326764d58,2022-02-27,G,M
ea6fbc4d-a1c4-45cc-bf39-da74ea448ca3,2022-06-30,M,M
ec29ef87-b5f0-4a5e-a058-6f2425c22ca4,2024-02-12,M,M
ec41419c-36b8-4407-9547-3a76032d8073,2022-11-04,B,P
ef33f8e0-dc37-4009-99e9-a1ededd22e4d,2023-01-29,C,D
ef430b60-5015-48df-bbad-47404ffab8b8,2022-10-10,D,G
f33d94a3-f5e9-4843-8672-9e7446890b39,2022-02-24,B,D
f4160264-3af2-479f-ab03-25a6336e5e0e,2022-12-06,F,F
f72569a5-7e58-4f71-bc3a-2ab55d78841e,2023-08-25,E,M
f8ecedf2-0fa8-45ed-b478-18257d256bbb,2021-12-11,A,B
fb4978e9-9d3f-449d-a2db-240e2d130425,2022-01-23,G,G
fb497ffd-3b57-45b4-b651-e8727955933f,2023-12-13,M,M
fd2a60f0-319b-4f1b-b675-53917703d4e6,2020-08-31,E,G
66502cc3-34cd-4ed4-8912-adbf371efa10,2024-05-23,,
0075f7ae-3e36-4614-8729-ac3cb4c72018,2022-05-17,M,M
011a8982-1308-44f1-b9d9-9ef6df314308,2024-04-15,B,M
03c26795-c031-462d-880b-3828ade90d7e,2022-06-12,F,M
03cd1811-2f14-425e-b367-94d44881ad7a,2018-11-23,F,F
0bdd75bc-afec-4956-aee1-bc6d02b28332,2022-05-31,E,G
0f183146-1e10-4636-bf96-87e7292f3679,2018-08-10,F,G
1219560d-d691-42fa-b089-63fdc780030c,2022-04-29,M,M
15ccc49a-f07a-4951-a698-8e62ddac9e83,2021-12-02,D,D
16592cef-b3ed-4433-95aa-3bbe59ab46a0,2024-03-30,N,O
16fdfc6f-d681-48cf-bdc2-68abd8143db7,2022-11-28,M,M
1b5109ed-3d55-41f6-a445-6db81c665942,2023-06-19,A,M
1d9eca2a-aa59-43d3-9eaa-bde61eb46e75,2022-08-03,D,M
1dc2ac56-2b7e-484e-bc04-6ed3f2d0654a,2019-07-08,B,B
1e819f9b-a7e1-4331-8724-2efbad7a6007,2022-02-13,D,D
2017f6b6-3434-414f-ab2a-2836f70f764e,2024-04-22,E,M
21c772fa-31a2-4b17-b0b2-89114cbac353,2022-06-29,M,P
28cc98e2-31a3-42ed-9a63-39a20ace9419,2022-08-19,E,E
2b931012-96e2-45cc-a949-196709cdb73e,2022-09-27,A,A
34e909b7-91b7-4d65-8e3b-b1168050cef6,2021-03-22,M,M
365ed2c5-8062-4485-9f51-2001fb01655f,2023-02-23,M,M
3b81bc6a-da92-478c-83a4-dd0ccf07d182,2018-10-15,B,B
3bdf34fc-7371-4b07-a166-b604e1e7cd22,2023-12-20,B,B
3f4e4f2a-7747-4afc-8e71-36f39f27762c,2023-04-05,C,C
4092b080-da41-4fc0-b485-7e4ddfe159c0,2022-11-02,D,M
41753c53-3a55-4893-b74b-0fb2d6eae203,2018-01-08,D,M
4211bc08-8d49-4605-b517-b63bb138cc45,2024-02-01,B,O
421f8683-433d-4d36-a56d-1bc25fa56b0d,2023-01-21,M,M
427448cd-fd49-4705-a6ea-f89a77510339,2023-02-16,M,M
44f209d9-0e86-4d74-b853-d0afed1c868a,2023-02-01,D,D
48154340-b053-49a1-b4ae-c3117ff877e9,2021-12-11,B,B
49c2d921-a718-47f1-8a26-ff7d8f723c33,2021-12-02,M,M
4e1a6b0e-99f3-40ac-8024-2e35ca49c97b,2023-02-02,B,B
5054d8bb-5a8e-4bf5-8e1e-fa67d04866ee,2024-04-03,B,O
50bd24f0-7df1-4ba6-a5c0-5bb21ea6209b,2017-05-28,M,M
52229a23-2095-45b5-98ca-ea71e2d7bebf,2023-02-01,E,M
560593cb-1cdc-4ba1-b1a7-1a466d1b7361,2021-08-22,C,E
5daf1458-dbe5-4ba5-a028-7a22e948ec81,2022-06-02,M,M
5f4f8398-f43d-4662-8f99-fb464c8711c5,2020-11-24,C,M
62516556-c586-43f9-9fd6-9a4d9e4fa124,2023-09-28,O,P
625809e4-c594-428b-a6b4-2331abfda6ef,2023-04-05,G,G
62ecaf4b-bcdf-4898-ac9f-3bf9bd51f2f0,2022-09-27,E,E
63b94de8-4f4b-431a-9118-b8cd8df75dc5,2022-05-22,F,M
66627370-516e-4ff0-869e-5f5cfe5bdb55,2023-02-01,E,E
69271db3-ea27-4d5d-9ac9-637630b6c86a,2024-10-01,M,M
69c2fd3d-8054-4155-8d0b-1c0f7e4a4ab2,2022-11-27,E,M
69c94e5a-6c74-4ac0-930f-57bcbc4b2b33,2023-03-16,B,C
6dfdd7cc-6c7c-4066-b26e-afaf98318418,2023-09-29,B,E
70b91f1d-182c-4933-9f15-13a0cc2e2afb,2023-10-02,C,C
726064f4-c2ce-4f21-8f79-3bd397438ae8,2019-07-08,E,E
74b2021e-a7b1-4c55-be16-1f96b362488a,2023-04-03,D,M
75b4f49c-f959-4d5e-9c28-97b652504ddf,2024-09-08,M,M
76282dc9-9eca-45e1-9875-dcff7ffe6329,2020-09-05,C,C
76e585d2-9f22-4566-99ea-6f4320ec2212,2024-09-27,B,G
77e85f34-b86c-443f-894e-af1d3d3bf1af,2022-01-15,C,C
78601566-4bfb-4cc1-9113-9f76f0907f45,2018-04-14,B,B
7c2f340c-3e66-469c-a53e-d03bab188f4a,2023-01-22,M,M
7d6ac69c-7806-41c5-913c-3b85c740565d,2024-06-19,O,O
7f6e78a6-1c84-4a3d-8b44-243b439719c9,2022-08-24,G,M
8098e59f-1eba-48ac-a5dc-ef2da4ca6d4d,2024-04-13,F,F
826ab3d1-df62-4150-ae97-a0b6e06272c1,2020-08-24,B,B
8314e01e-1a61-46f8-ac2e-d91d7441fcd3,2022-09-07,D,F
8685e2c4-e2ac-4494-aeaa-819c5047a965,2023-05-30,B,M
89e246a4-b7be-4985-aacf-dea60e7d9aee,2019-01-24,E,E
8bc9f78d-297e-4e15-8c34-8e4cfb0c7c0b,2022-04-06,M,M
8c60fc08-4e91-4286-ac4c-1873f40065ba,2023-01-11,B,B
93c3206a-9e8e-48a2-bf8a-eac3df769bbb,2020-08-06,E,E
95ae0eef-4314-40fb-ba7a-01869a434437,2024-03-30,C,C
971cace7-9461-4aad-880d-4663c016d1e4,2021-03-31,E,E
995f9c54-ee95-49b5-a889-d0f35d79ecc8,2025-04-09,P,P
a08bebf6-ef5f-47b9-8832-35ed6aa5e29d,2022-08-02,M,M
a1f75744-c668-46be-87b4-5372497249ab,2024-07-27,E,G
a241f96a-58d4-4634-9481-9015f3454781,2020-07-12,E,M
a34380bd-d78f-4d29-8df1-2f352da8ebf1,2024-09-29,E,M
a4b4be82-6cb8-4a51-bc8a-a4534bd8c8b2,2022-07-31,M,M
a80d0555-05af-48d4-9813-f74236990c25,2022-01-29,M,M
ac158be1-ef21-460d-adc7-5464a4c29256,2021-12-11,G,M
ae606bb2-4135-42d0-a004-1aa99d197a31,2023-04-27,D,P
b0b15a03-63d4-447d-bbc9-d1423600fe9d,2022-05-20,F,M
b277e58f-504a-4844-95d8-7eb9544687d1,2023-04-10,F,M
b4fa72f4-f243-41b6-8438-9cb9b14751cc,2022-09-02,F,G
b9d6d7db-a1a3-40f7-b497-4f4a35eab0a6,2024-01-16,O,O
bd1feb54-3c19-4848-a037-c435b52a6327,2024-05-23,M,M
bd9036c8-117f-4410-afd1-dbf38b102e15,2024-08-01,M,M
c0f7844a-7928-4fce-ae6f-495f634628d1,2024-07-29,C,P
c16f0a94-915b-4fb8-96f2-08ac8da7914c,2022-07-05,M,M
c1f5b6b4-7660-4084-8366-de877de9b7d2,2021-09-27,E,M
c3449cfb-67a0-4854-ad5f-03acfda4ba6c,2022-09-12,F,F
c3f7fe0f-4eb9-4bfb-a378-f1689a692244,2024-11-09,G,G
c477c34b-0a8e-4130-97f6-325306a0ce5c,2024-05-27,M,M
c6c79a0f-dca3-40f2-b04a-f7b7ac84cc54,2022-12-28,M,M
c70a7697-30ca-4e7f-97f2-9f0db9f84f96,2022-02-15,M,M
ca9ff81f-06a0-40a1-8110-31e865d3a9c5,2022-10-19,M,M
d1833879-74ea-4e07-af42-8f4d7780952c,2024-01-13,D,M
d21d33ab-dd3e-474c-97fe-524ba25568d9,2020-04-05,D,M
d270866f-eb63-498e-ad43-4e76d1345676,2023-04-03,G,G
d297c82f-ae34-4966-8112-cadb2800441a,2023-10-01,B,E
d5437db3-4411-41d6-9e7e-a071e304af48,2020-09-28,B,M
db67241f-bc8b-4efd-83e8-2e8f74f89180,2023-11-17,M,M
e06415c9-e945-4faa-9277-7933db13555b,2022-04-04,M,M
e2a35832-2936-42e3-8d1a-68615e3f134b,2023-10-18,F,F
e397fc27-6d23-4f0b-a155-e60d3bce3a19,2022-02-02,B,B
e421d58b-4bab-4ba9-93df-cd493a401bba,2024-09-27,C,E
e82aa603-5550-4939-b24c-5eb70ffdf09a,2022-10-26,G,G
ef40a23a-bcab-4c20-b650-c0a078068756,2023-04-08,B,C
f468ec08-6b1c-42b9-8163-5a2c24665fc8,2023-06-29,D,D
f4e8823f-c81b-4a0f-8863-14f904aa121f,2022-05-08,F,M
f4ee38f9-ed49-4131-815c-2308f846ca65,2023-10-31,G,G
f9689720-c3c8-42c4-acd5-3c5c6ef554e2,2021-12-11,C,C
f99f93a0-da39-443e-b467-b9542a0cf8d6,2020-12-15,M,M
fdbc258e-9c4d-48fc-bf99-9be58c962471,2023-04-19,F,M
fe29e0d4-2e9b-4ea0-b7e7-706fc948181e,2022-05-25,G,G
031a42b9-13f8-4037-8c03-3fafef84e785,2023-02-01,A,A
0b06ed74-b710-4945-a24b-fdc8362a6787,2024-09-27,C,C
10619549-e064-435c-80d4-e2c826928802,2022-04-11,M,M
115e5fa0-d341-4477-ab9b-019d6549db85,2023-02-07,C,D
1477c2ca-6204-4fc8-8e91-72803d5402e3,2024-04-25,D,E
1641e27c-ce6e-4c27-8fe7-8f31a8b663e9,2024-07-26,C,M
17356490-b33a-4881-b2b0-9b401c8dfcf3,2024-03-30,C,M
183f43a8-9cc4-4d1f-9921-cf3e80947b9e,2024-05-24,E,E
19e9a4ed-ab86-4809-8209-ad88eb5c7f9f,2017-11-13,E,E
1c5d52de-ff27-4bc5-ade3-ba8d87441e49,2024-08-28,M,M
1f8a441a-b939-4eb5-a985-a22f484afaf4,2022-06-18,M,M
23e7c9b1-c3bb-4f24-8ba8-af24e6bcc515,2019-09-12,E,E
26e2e7e0-cf6d-40c3-a7e4-fd39e4266e21,2018-01-24,B,B
2716e9f0-8500-41d9-a2a7-cdf994ce9e42,2025-02-28,F,F
27a809e1-67ff-4766-bd1f-7faf9f23d857,2022-07-30,M,O
2939b459-c7c7-408d-b999-f29c98987b7a,2023-10-10,C,C
2abe5927-4a56-432d-b10a-66535f959278,2025-03-21,M,M
2b35ecad-2fff-4e5c-a7e8-9120556e1fec,2021-12-02,M,M
2bce77e6-e34c-452e-abb1-d93259ebd8c6,2023-12-29,O,O
302f37db-c0ac-4245-abcd-554f43350e32,2019-07-08,B,B
3469deee-2547-407c-b3d8-ad756d498d2d,2022-06-02,M,M
3c03daef-da81-482d-964f-3f79af7e8609,2023-02-01,D,D
3d7f1849-ba2e-4e92-8d41-9f28d9c332ea,2019-07-22,D,D
3df5450d-8412-4532-9d21-052fde74a23c,2023-10-31,M,M
3e5a5968-626c-4984-8217-49ecfe027a77,2019-11-30,E,M
3fa3eb8a-c367-4289-93b4-0d318a6e0207,2024-01-02,E,G
42b8507e-bad4-4e84-875a-da5204a9bafd,2022-04-23,G,M
484ae07b-f805-4ea1-859b-22bbc3e00b4c,2025-01-02,C,M
48980c8d-cfc2-4f71-ae92-a3f3ec09e6e6,2024-04-04,A,M
4aaa30b5-8ce8-4252-8b04-7d397179b2ef,2022-07-27,M,P
4b8b70c0-e361-4ca5-8664-2d2103502275,2024-04-16,E,O
4d4122bb-07aa-4e28-9102-212337a3e547,2024-12-04,E,M
4fa97d55-41e6-4e2b-8e84-da22a22a3339,2024-01-31,D,F
515ebd95-8074-4da1-8c3a-6f3a8f07c5fb,2022-05-31,M,O
5213071c-8417-4bc4-8228-01cf9601ca7b,2024-11-22,C,P
557312dd-91f9-45f7-a861-a33bac0447fd,2022-02-12,G,M
58b0e8c5-b484-4a2a-b647-b657689832a9,2021-02-18,B,B
6203cc1a-3f18-4001-9a8d-5bfe3f29269e,2022-07-01,M,M
6221410b-949e-4fe6-b564-9a1714e5e2ef,2023-06-29,E,E
6393ab8b-fac3-4872-858b-f31827111904,2019-02-11,D,D
6c493b32-9a31-4479-aff3-fa8e1a8ba258,2022-04-01,E,M
7052c38d-b7e0-4e2f-8c62-7c82e1f87afb,2023-08-20,B,G
70e3cbf9-15f2-43a5-8cc4-e163a60cc383,2019-10-08,E,M
722ef034-d77e-41cd-ad9b-b554304485c2,2022-02-16,E,E
7393b985-b34f-46ea-9ded-2f8bf756b8e7,2021-08-06,E,G
77d2399d-7edd-4dab-aa0d-3602f95846ef,2022-01-29,E,E
7ce81c9c-cfb1-44c1-90a7-1fc9087b755e,2022-11-02,C,F
7e2ec830-0f01-49e0-8bf1-2a627dc5e60b,2024-08-05,A,A
80298975-7edc-4664-90bd-974f9ca7f7f7,2016-12-05,E,E
81698777-9be5-4e2a-b0d9-76f6cfe62527,2023-04-17,G,M
83beb7d1-28ff-4b9e-a4db-0beccee2e4ac,2022-06-02,E,E
878c546e-9014-4a75-957d-ad330bb40c66,2022-05-01,M,P
88ecfdcd-43df-492c-8f75-8025513346ea,2023-08-12,E,M
8a209f72-e422-4111-be7a-b1495b537c40,2023-05-11,P,P
8bd6148a-2f35-4360-8fc3-db41757702d6,2020-03-23,D,M
8c37a75b-3543-47ad-9bd5-8e1634bcdce5,2021-12-21,M,M
8d046996-a779-4197-8694-7cf77a772eb8,2024-03-30,F,M
8d4c05be-dd29-42f4-ab21-5e1b61a5c4dc,2022-11-21,E,E
8d743296-7fe0-4931-8259-55ae5dca4f57,2023-02-01,C,C
8d9e2d5f-7547-4e5f-bff8-bc6912a9b33e,2023-12-02,E,F
8f481bcc-4a48-449c-b497-8b4cc91c81c2,2023-08-28,M,M
90939fad-a08a-47ab-ac67-d315eaa84857,2024-07-31,M,M
9123ad52-d668-4413-ac42-757e9838be64,2019-11-06,C,C
9296cf49-c888-428b-8de7-acc2e2b64179,2024-10-31,E,E
945f2825-32f7-4f25-97ff-e9c8fdd9784c,2022-11-29,E,M
9501f6d0-e9a6-408f-9c2a-5382a73b18a8,2021-07-01,B,M
962116e0-ce2f-4e88-b980-9f089352cbd7,2019-07-08,F,F
96465d22-232a-4471-ac04-a36b926e089f,2020-09-05,B,E
98bfd130-6348-487f-8683-f5dbe3519bec,2023-11-05,E,M
9ad95327-c0a9-4be4-966d-2ba44b5f8797,2024-06-03,A,A
9f33c258-e74d-404a-aca9-2c154b7fd93f,2022-09-30,E,E
a20d1979-f68c-4925-8c20-4c709fb33222,2018-03-06,E,E
a2dbaede-5c9c-47b6-a193-4b690c367e6f,2022-11-02,G,G
a4bf6682-f4ff-4848-af0a-ffd30230c57b,2024-10-31,O,O
a696ec33-a1bf-4c0e-a76b-272059fdadb9,2022-11-14,F,F
a6a1f4fc-aa43-4f79-a31e-2a2d26986b06,2024-09-27,D,P
a7434c98-b4a3-455f-9e4b-8a99dc3eb8eb,2022-11-03,E,M
a7c55f0f-7a2b-43de-afdf-b0e3b5c24f13,2019-07-08,A,A
a9ac1fc7-9f6a-4c3d-8ada-6928911cccfc,2023-02-01,E,M
aa76d2dc-4e94-4988-8ac3-d72be07b088f,2023-10-12,B,F
ac7c6ba4-3564-46cc-bcca-d36a3f53aa75,2023-09-28,C,C
acb47f69-b6d2-475e-ad2a-d541cb826121,2024-09-26,M,M
ae979f7f-71f1-4d04-ae9f-00602c5913b0,2020-12-11,F,F
b0dece1f-0cb4-4bdc-91bb-e705d573fb8b,2024-08-01,B,M
b9896bf2-2e4b-4efe-bd43-6e3111ea520d,2024-08-05,G,M
b9aa460c-538c-4876-9a1f-9371443dff35,2022-03-04,D,D
b9c01994-ccf5-4ce1-a7a0-b446f97148e2,2018-10-08,C,M
ba469965-ec34-4689-baea-1c6af82a72ce,2023-02-01,M,M
bfc139c5-b512-4c5c-a1dd-f81262ad8a03,2024-07-30,M,M
c2ea48aa-32e8-4da5-ab87-d754a92bafd1,2025-02-26,C,P
c5b9ce2a-7e0e-42b6-bb33-2d0c26f27c97,2022-12-01,C,M
c86e041e-4036-45f1-9fe9-f2e1fa8e742b,2024-03-07,B,M
c9fc46e2-e82e-4b7a-8fce-798865333574,2024-09-05,D,D
cc7a052b-3831-41f2-bd9f-e615de6c021d,2024-05-24,M,M
ccdf7565-733e-4895-8a53-1457ee4703c6,2024-10-14,O,O
cd15bf54-0fef-438c-9fd7-de72994ce1bd,2024-08-03,C,M
ce315d87-e9a3-41fa-8c5d-f6927697ecf3,2022-07-14,E,E
ce5df2bc-5cb0-47c2-81e2-cc41ba3c4c02,2022-12-30,E,M
cf8a7d2c-c720-40ff-a7ad-050b75e5c6e1,2016-12-07,B,B
d0625de4-35c8-4f1b-b307-a1c44b3ff810,2024-05-24,D,D
d088ac8c-c745-45c2-a4b9-900871c39647,2022-02-24,M,M
d2409e35-8709-47e7-b2b7-2722616df2c7,2024-04-04,M,M
d8de9698-2e8e-430b-97b2-ee5587042eae,2024-08-12,O,O
d995cc1e-edd2-4cd9-a249-b81cedfec22f,2023-12-29,M,M
dc339764-d630-45c4-873c-6e6d2afd68de,2024-05-25,E,F
ddad2961-cf0d-4c87-8e5e-e75976557d0d,2022-01-29,M,M
df6eff05-20d4-47ca-952d-dcbfda944c3e,2025-05-13,F,M
e1046ae6-5d71-4e02-b655-36108b935b99,2018-02-07,B,B
e2b86add-b428-4824-bc3b-f96f0861ca8f,2023-02-02,C,M
e73f11c3-5014-4eb7-aa49-97f38de3c9ee,2021-12-02,M,M
e7f27686-b007-4eb7-bbdb-4e457d3cca06,2022-02-27,C,C
e9489052-c167-4231-afd6-b89607038199,2017-01-11,F,F
ecaf9390-b840-4cc5-9da8-16301b63f882,2024-05-24,E,E
f0560a88-6dbd-4c5c-965d-9c6dc11ab2a0,2022-02-08,M,M
f1bb6cee-6b2a-4a25-8adc-024073387eb1,2023-06-15,E,E
f43872af-2e98-4004-9ce2-f6e3e40a1ba5,2022-09-01,P,P
f458987c-afee-4ed4-8c38-f864ca6e50d5,2023-06-20,B,E
f481a3a4-4761-4e52-96d3-664c01aea907,2023-10-17,C,C
f761e59b-33fa-4987-ac4d-27c9af69af27,2024-05-24,M,M
fa2bb2a4-a851-437a-8616-9cf1343f1e95,2022-01-16,C,M
fbda0d6a-2974-46e7-ad0b-f85d3768202a,2022-01-16,M,M
fdb7a862-0bb4-4f52-8b74-ac59c994086d,2022-05-26,M,M
fe750e76-c0b6-4a8f-8b67-01279b202b25,2022-08-27,F,F
0148c120-4f20-47e5-80b0-8ad4d90cdd9c,2024-10-30,D,D
0595a677-26da-459c-b95d-e217aa42c66a,2019-07-08,G,G
0c03256c-4384-40db-8086-0a991b241329,2024-05-24,G,G
0cbd9d19-1cf9-4925-8c25-45783e0aa632,2024-08-01,C,P
0d9bf8f6-f24a-4d55-889f-9964ab4b4697,2022-04-08,M,P
0f9af142-647c-4dc0-9fe4-c0d9643ee9c0,2021-06-07,B,B
11a9c363-617e-438c-8ae1-d3b1bbbec4ca,2023-12-03,B,M
179083d8-809c-4c9c-bd46-ae4fb219489e,2023-01-17,E,P
2376128f-7878-4dc6-acf4-ae9a0673301e,2023-05-29,M,M
23b34083-4611-4ff5-9cb9-59e15fa1c074,2024-08-01,E,E
2abb497f-6951-4f36-bc91-caf191aff009,2023-03-27,M,M
2b633808-bfa9-4da7-b023-68cfbb8b2618,2020-05-20,F,M
2c9c550a-3f2a-49be-bb52-d661597c6b91,2019-07-08,F,F
383c9265-5c3a-43dd-89d8-99e51f6a37db,2022-12-11,M,M
3a38ae90-6b95-4257-87b5-5dddc75a0430,2024-10-21,M,M
3a6943c4-96c8-4a5c-b2fe-7ea9f418e341,2023-01-31,F,F
3a9cdd5a-c49e-4f66-81fb-959219bbe1d5,2023-05-29,E,E
3afc4b97-bcae-43dc-b96e-d714822ca26c,2020-01-13,E,E
3b2fd3d6-a2c5-42ae-a100-24c0a2ccc6ce,2023-04-02,P,P
400f184c-ac15-42a2-80ba-73a4dd1f5b68,2021-12-11,F,F
413c14a2-0e8b-40de-8008-4c194f4feb54,2020-01-16,E,E
424ac7d1-f6bb-4ce4-a928-625fde9b8c0c,2023-04-04,C,M
42fdda34-b75f-4c00-aa30-61eb3a346da3,2023-08-02,C,D
45799845-45e7-4865-9dfc-92e6e633fea6,2024-09-13,M,M
475c3f83-0baf-40bc-8dbf-13ddd3a270f2,2023-12-29,E,M
49b632a4-83ff-4650-9a2d-43240ca0d4c3,2024-03-30,B,B
49e6f434-cdac-4ad9-bfc7-b9ba357b1fc6,2022-08-31,F,M
4a36b08c-a520-4826-ad39-ca7c07ec1a32,2024-08-28,M,M
4b4844af-e705-4660-8943-00b6b6194711,2022-07-26,F,M
4b5dc448-1e1d-4f9c-815b-6d4c70484c3a,2024-03-30,O,O
4ff6592f-0d60-4736-b84e-40ddda40a891,2019-06-02,F,F
517d90f1-7e90-4ead-a7ac-ddd87292b4b0,2023-01-29,E,E
55f9a7c9-bf3f-4e7a-9a97-ec5b93cfab63,2019-07-08,M,M
58298c13-4d9b-422c-87b2-c56fdba6bdb5,2021-12-02,E,E
5a477167-a8df-4207-a2a4-829f7827261f,2021-12-02,C,M
5afdb0e4-33bd-476d-b5bc-d7933dfa4859,2024-02-15,F,M
5c328592-8e8c-4273-8eb7-22fdba34f94c,2022-12-03,M,M
60de8aec-c405-4e02-8d97-96a6dec00c39,2024-05-28,C,O
62ca200f-41c6-498f-965f-50ae554c1874,2018-02-26,C,D
64e01048-6351-483d-965f-94e302ed0f72,2024-06-14,M,M
66a652dd-eb62-4796-9f8c-525d324658cd,2024-06-17,C,F
6bb81109-6a7a-4434-bde4-4c10ed4d2038,2023-04-30,M,M
6c1786b9-d644-4255-8b17-656a49d1cf2e,2022-04-25,E,P
6dc30b76-0c44-4cac-a8d8-ac42ac732e80,2021-09-04,C,C
6e9ec9aa-a11d-41b8-b2f7-15b682452ddf,2023-06-06,G,G
6fde90dc-d151-447f-a899-0c0c58e608f6,2022-09-20,G,P
72b211a2-d1cb-4be3-bf1b-b86b33989353,2021-07-02,M,M
73928747-c831-4236-8d0a-2ff5acdee01f,2019-12-18,C,O
76697ee6-b3dc-4ec2-85bb-596c1e1b6e7d,2021-12-20,M,M
7dd3b618-934c-4cba-8c29-a0428c78f2f4,2022-07-02,E,M
80a2728d-e115-4449-a97c-6e1c1e71fbaf,2019-07-08,B,B
82f5c753-756c-4497-a56a-d474bca92eac,2023-10-15,E,M
85dd6fb5-3215-4a9c-b69d-3b49228bf54d,2021-10-31,C,C
866d4479-47f6-4b27-aa76-3745c1d6de69,2023-12-11,M,M
9243f4d6-7524-42d8-9dcb-688a41b946ce,2024-01-20,O,O
929208bb-12fa-44cc-9828-241910d00899,2022-08-09,M,P
937a9633-ca7d-4412-a986-f16744e5477d,2022-01-31,M,M
93853c91-183a-4438-8715-a449ad308a03,2022-09-27,C,C
986c883d-bbc0-452e-9984-0d6f5429bd53,2023-02-01,C,C
98acd2c8-84c1-42a4-af6b-66448350be40,2022-03-31,M,M
9a4a14cb-3857-4899-a70e-c5f1aa8a09a0,2022-03-28,D,G
9b3be77c-ff10-42f3-b2b7-dc457c45668c,2024-07-24,E,E
9d61c17a-3705-4fe0-bd68-b76e585c7977,2024-11-12,F,F
a1ac2311-4beb-4172-9e64-c7b33dc0d0a3,2023-03-30,C,M
a4a5e1a2-2264-4ce2-be92-97cdac8b8e7a,2022-01-01,E,G
a5e5bbe8-7533-4140-aa63-844eacc38b82,2023-02-01,E,E
a7d462af-b3ae-4bd3-881e-47952cd09e76,2022-07-19,M,M
a96841fd-9f05-4f1b-8398-d1956289ade0,2024-07-29,P,P
ab08f446-b8a8-4f39-99db-fa5826ec7b8f,2024-07-01,F,F
ac3cc83f-4da4-42ec-aa3a-98c25ac963ee,2022-02-02,M,M
b0ce2ff2-a225-4bcb-bd4f-157be32c115b,2022-09-27,M,M
b36f8905-9ca6-4439-abf8-0ca3e6381163,2024-07-31,M,M
b9477ea9-5475-4c80-bbef-d46a1458cd73,2023-10-02,M,M
bcfb0907-ce64-4784-acfe-fa8b98aa7dfd,2023-09-28,M,M
be15266b-5e01-4f7c-8501-d80548aee3e0,2023-10-24,O,O
be3c33fc-01d3-4b65-9ff3-fb1f379c7705,2024-01-15,B,B
c2836d0c-11df-4301-9a5b-9e3b59ec3090,2024-03-22,E,M
cb0510f1-87a7-4f34-9723-a33fdf8e3304,2022-03-01,M,M
cde91d4a-a9ea-4259-acee-991ca6b4f8a9,2023-03-12,M,M
ce1a13f9-5f13-400c-8dd5-635bcb3714b7,2024-07-03,B,O
ce46b830-2a2a-48a8-90e5-bd6b296f5514,2020-09-07,M,M
cea20e1d-83e8-463c-a343-40ab8f80ab08,2023-09-04,E,M
d5100be6-5d08-46a8-8df2-8a6da98596b2,2023-02-09,F,P
dbfe54ca-c188-4721-a7fb-39821ef69f8a,2022-12-30,D,E
dcad6d40-1c8c-4b09-aa74-78bc359851e9,2022-10-23,C,P
dcb49579-392a-4376-aadc-a9b91a089844,2022-05-20,M,M
e1cc0243-a2ac-4f33-a08c-ea5a5ac0ed72,2022-02-21,E,E
e1f3183f-3624-4a40-a342-fb28eb58f97f,2023-03-22,M,M
e32128c0-6431-41ae-8100-a9b9524866b5,2024-03-08,E,E
e91254eb-fec4-4ddd-a8ae-2bc5a3ef1c02,2022-11-02,G,G
eb075ed3-821c-4780-a70d-17c4437a2059,2022-09-05,G,M
f06a57b3-6fb4-41af-b04f-f99cddc02a87,2024-03-13,G,M
f312c5eb-f992-4f37-9965-6fdec323a69b,2022-03-03,D,D
fa20a2e4-219d-43ec-b831-4f18bbcc4dfc,2022-10-30,O,O
fb89a513-9688-4236-9003-26ee0bf80671,2023-10-31,B,M
fe852ac9-b69c-4488-a9f4-f19d11dcb22a,2019-08-02,B,M
ffba8bc2-f990-44fc-a0e7-cba2aa8f34ad,2023-08-02,D,F
ffefb331-3f5b-49d4-b7b2-6a79975e3265,2022-01-29,C,M
00c83612-dcd5-4efb-a134-c8c2d2acdedb,2019-07-08,F,M
03fb70b8-600e-439b-9205-c1fe126029ae,2022-12-06,D,D
085fde69-b924-494d-848d-15e618dee90e,2020-07-17,F,G
0874264b-b306-438b-94c1-bcac99755872,2022-09-13,M,P
096ca036-6fdb-47ee-b846-c307c6efcfd2,2021-11-29,E,P
09acc429-f5ef-46bf-bb36-27880cf49427,2023-10-19,M,M
0e2a0fdd-482b-4026-b856-fb39912b698a,2024-05-06,M,M
0e9fdd12-2fd8-4a59-b0f1-d2857fd13f87,2024-05-24,M,M
0ea19fd2-4329-4dbb-96d9-613e58e4ad40,2021-03-31,E,M
0ecb5226-13f4-4f54-bd2d-88054efdeae0,2024-03-02,E,E
105b63a7-a95d-4263-b617-3ebc61dc7ac2,2023-02-01,F,F
10fb619e-afa3-478d-8d73-a57bc4085f78,2024-02-05,D,M
1725e33b-9400-4f66-bd0c-07661d322ec5,2025-05-09,M,M
1ab69542-e43b-4435-ad79-7183f239e15b,2022-06-24,G,M
226377de-f58d-48fa-ad91-13dd157cee4d,2021-12-20,M,M
2927c80a-5fa4-479f-837d-3b112da0f960,2024-05-14,M,M
2b40cc73-97a3-4fa7-bc22-fc75e5e19e85,2023-02-01,C,C
2ba2c8e4-d91a-4b6b-a807-978d497f6c52,2024-07-31,M,M
2c894a78-78b8-4940-9585-0d73c5f5f93e,2024-01-08,M,M
2e813150-128e-46d2-a6e2-f1b469eadf7a,2023-02-01,F,F
3040f338-6fc2-47e4-ab6e-f99b7b42204e,2024-01-31,D,D
30cf0605-17b9-4e6f-9cd2-9a2eed0da835,2022-01-13,M,M
32285d85-fc78-4ede-9560-29444e105d22,2024-12-20,D,M
362830fa-dcc2-4ec0-af45-511e824df219,2022-11-29,B,E
387d32ad-6db9-4007-bf9f-9c6c0643f85e,2024-03-02,C,M
38812971-b0f8-402e-a644-1cb2dc294426,2019-07-08,E,E
3b661172-1574-416a-a5a1-f7d641da120f,2024-02-25,C,M
3c079610-0c96-4c65-80fc-715bc59b9657,2024-10-20,B,M
3e6b7dbc-c6de-43ff-870a-0dc21376c250,2022-10-07,C,P
402e3dad-46ca-4524-8a49-b1f8be6b3d53,2020-01-24,D,M
4271e28b-2c9d-44a4-81d0-21b958f50681,2023-05-29,M,M
437c4caa-fd94-4d8a-9040-778bbb02b2d7,2021-05-01,M,M
4441de44-6e39-4b6c-97ca-43fb30c84a0a,2022-07-19,M,M
464cc5cf-f687-42d3-8c63-0e56d31db799,2018-04-18,D,D
471d14cc-aaa6-40b6-a89d-fd17b113fa2e,2021-10-25,M,M
480e44e5-77b7-45c7-bd91-76ac21390c18,2023-04-23,D,O
48c67df0-e09e-42b4-9ed3-adf6d318e7af,2023-12-11,M,M
4b401150-ff25-4357-96e9-96fea4b22db1,2020-01-22,E,M
4c2aad32-c930-4cd8-a6d4-0fe2e7167197,2024-08-29,B,M
4c5c181d-d74d-432e-9408-76439dfe27bf,2021-12-30,M,M
5028f2f5-73b4-4b8e-99ae-376802275581,2024-11-03,G,G
50e6e8c6-f3c4-4b1d-acf9-1c8d5922815e,2022-05-25,M,M
5a3a1d66-d178-44df-9da5-13966a3a463b,2017-07-24,P,P
5cec70f5-b380-4666-9d55-fca80522904c,2022-06-28,M,M
5f639f45-2aa4-4b40-8525-97c8ebbee824,2022-06-04,M,M
6245f858-2918-4d6b-afd6-7fd7799ae1cf,2023-04-17,P,P
653e6bfd-0a69-40d4-be98-c78eb437f810,2023-03-06,M,M
66b932a0-5f7a-471b-84a3-5cfdbd4ef36d,2021-09-02,G,M
6a913be4-a9bb-4cc8-adf1-b1a3586683a1,2021-04-25,M,M
6bd5e8e5-4ef2-4eff-8f77-a966b009e147,2023-03-06,C,M
6c6ead1e-c956-4284-a4c7-4c6bb12f5515,2023-07-17,P,P
6cbced0e-27de-4b9d-aa8c-0b95df185e18,2024-07-12,C,C
6cf5e5e8-d206-4363-876f-c73b4987ec21,2024-10-31,N,N
71d3344f-3fd9-4219-88ae-5bb51371c9c2,2022-06-04,B,C
728b5309-88fa-4e23-acaf-d37cf5116736,2022-01-20,E,E
73e2f090-a3f1-4de3-b4a2-d3f22dc933e7,2022-09-16,E,M
775ef3a9-9168-4be1-a2b0-4a355781dce2,2022-03-05,C,E
77d5c02f-e1c3-462f-9cd5-fe07b3431326,2019-07-08,E,M
78a7d436-006f-488e-91cf-c7a799b5868e,2017-11-15,E,E
79075cc5-8389-4035-b45b-986ab0bd244e,2022-02-01,F,M
79b6e54d-ea46-4421-9356-87e2f6ea6e10,2022-07-06,M,M
7cd9f474-2a08-4dba-8bb7-dbd6f07fc4fb,2021-12-02,C,G
7d860c61-8fcc-42b7-90ea-9a0e02746fa5,2018-11-26,G,M
7f9e177e-46d4-4baf-a664-d3c155682217,2024-07-01,C,C
7fb7f5d8-e976-4f39-bd80-a6333d5f619e,2024-04-18,B,B
810b3efb-bb81-4aa6-8cde-bec499f3c66c,2022-11-09,F,M
8263c1a3-21ab-4a88-9093-92fe6886d0ba,2022-02-27,E,E
84367c88-6683-4492-ab0c-fbf9ea271bde,2018-11-16,C,G
8b1daf18-17fb-4062-81e1-7c25277c963b,2018-01-16,M,M
8ca13972-810e-4db5-bb32-d885ebc01b8e,2021-12-11,D,D
8e098693-9919-406e-a04a-e4ea32c7b06e,2023-06-26,B,B
901aca4b-4a8d-4819-95cf-e906df5e5ca1,2023-02-15,C,M
95985a11-42b2-4bdf-a0de-35c23693c0f8,2023-04-18,O,O
9b44b730-91d0-47aa-a752-622a3e692cf9,2024-01-05,E,M
a0769023-fd0a-474b-8417-3f7217a66ed2,2017-09-21,C,C
a12dfdd0-d640-4d40-88e7-da4685dafed9,2016-12-03,G,G
a2a4d4ce-086d-440a-b9ca-e575cd82603c,2024-09-08,D,M
a3172d8d-8662-4c47-a532-9db6f70d65b9,2022-06-04,D,M
a3da607a-9387-43b5-be52-4694ee6bc754,2022-07-16,M,M
a46d1d55-af5f-42d3-a9bb-74a9fb0293da,2023-10-04,D,M
a4a1361d-04a5-488d-a2cd-aa36d380ed0c,2024-09-01,M,M
aad607ec-013e-4499-b8ab-9f712329c419,2022-03-05,G,M
ad75af8a-30df-47fc-98dc-2e750a0f1bce,2023-05-29,D,M
af819ae5-f510-4dc8-878c-0c1162f60f68,2023-01-08,F,M
b445e312-3c84-43a7-8ee4-7e5b76a6955f,2023-06-21,C,C
b748b376-6850-4299-92b6-58993f6c2ce9,2018-10-28,C,C
b892bdc4-2424-4d0e-8111-488e41f6e537,2023-04-18,F,F
bb47f446-d953-4ab3-bc48-17a383ecabcf,2022-08-11,B,D
bb78a47f-36f9-4405-9abf-488bae26b3ed,2024-09-08,M,P
be3126b9-66b7-47bd-947b-dfa801eb1826,2024-10-28,G,M
c2ce69e4-4848-47f3-be13-4a6309232bda,2019-07-08,B,B
c362bfe6-287c-4da4-9d94-3e27cb89e363,2017-01-31,G,G
c94dfabc-1754-4312-9077-319e3323e594,2024-09-15,M,M
ca3e87da-118e-4968-be8f-dbd9f057415f,2023-11-27,M,M
cb741957-7602-4514-9f5d-e5e9d4043c40,2022-05-19,D,D
cd6a2b3c-8851-4d5b-9aa8-7e098765d9a2,2021-12-02,D,M
d174f5ee-d310-446d-b483-7a3093615986,2024-02-01,G,G
d2c8d337-1175-454e-a125-a90d89597c36,2022-03-28,B,B
d44d5336-5ef4-45c5-a6a5-b746fe39bcbc,2024-05-10,D,P
d56aff87-62ed-4d8c-8905-fcdda88ff638,2022-06-30,E,E
da6081de-641d-4bc3-bdca-a8808999927d,2023-04-26,C,O
db44a5d7-7bf6-406b-90c1-45166983232d,2022-09-06,M,M
dc5c4e56-1ae1-4a47-a3be-2b183c66e10b,2018-04-16,M,M
e30dd280-20d0-4a11-b843-88d005ccc4ed,2022-08-29,C,G
e3f28942-7e06-416b-912d-69ed0527f394,2023-03-19,M,O
e5a7d249-99c3-41ce-aa49-25fe5bb4a847,2024-08-25,D,P
e5bc20c6-1c48-4880-ac44-e96082493786,2019-07-08,C,C
e71e8a98-7408-4a0a-9ffb-aa634d49e6a9,2023-08-21,D,D
e80a9eca-a933-4ada-acc9-07ec73f6c0e7,2024-05-23,D,D
e928e2e6-531b-4e23-928e-613c8d622dfd,2024-07-30,C,C
ea81e155-1775-4ff6-89cf-03a60e72b739,2022-05-11,E,M
f1bd8bde-f5ae-47cb-993b-e63f18aed86d,2022-04-29,M,M
f313a789-8f57-4197-adb5-19e72a0a063a,2024-10-10,M,P
f75885c8-10a6-444f-a543-f5a181e62b54,2024-09-27,G,M
f78196ce-5f09-48d8-8750-98c39378eb6e,2023-03-30,D,M
fcd0bb10-c730-4e84-94b0-bf46b788e823,2023-05-29,E,M
fcff8d84-c7bd-4248-99a6-76185238601d,2023-03-30,C,M
05ad9ac9-507c-4ad3-a574-9aea8dead29c,2024-10-25,M,O
06414d64-f6e4-4787-8942-6b010e0ceed2,2022-01-20,E,E
066e6cc1-32a7-46d9-87e2-2d86e4c49d90,2020-02-25,F,F
067d886e-0148-4b63-8d74-8abe59c4d56d,2022-01-19,C,M
09458040-2261-474c-8613-47c9bc865565,2024-05-17,M,M
09c9de10-192b-4425-8c5d-31ba80488ed1,2022-10-31,M,M
09f7dedb-d6a9-4cd8-9473-7e84b78f4c3d,2022-03-03,B,F
0b230b8e-20b0-4475-a72b-92c5d49c91d9,2023-04-30,M,O
0c0d0ece-3d71-4832-b4a2-1db47cf946cc,2023-06-29,C,M
0e09eea0-262d-483a-a709-16657f4b1455,2022-06-01,D,M
13f900bb-2f48-42fa-b662-ac0527580a39,2022-11-30,M,M
17ca8dae-8e40-469f-94b7-2517a4ea529f,2023-01-18,C,M
1d1e0e55-0b88-4ca4-b9f4-83b624013a14,2024-09-27,C,C
1f9b8115-8c8a-4899-9c57-e02872481dc8,2024-02-25,M,M
1fc7c3fd-d820-470a-8a9e-83cafe8b11fe,2020-09-17,D,D
21754ee8-dd9b-4d8e-a94b-70f28504f25f,2024-09-09,N,O
21efc587-e681-4bb8-97c2-9a8b446f5663,2022-07-01,E,G
22490708-9293-4a06-a174-7a9230c647ca,2023-04-24,C,P
24310e1c-307d-434d-8df0-ea3ade6fe3fc,2022-12-28,M,M
28df54d4-4862-42bb-88a3-3c6c9da2de95,2023-10-08,P,P
2cb4f37c-6c58-4491-81b5-1b37c953f3aa,2024-09-29,O,O
2cc8b877-6f6a-4a5d-b6c1-93d83fee42c6,2024-01-29,O,O
2d4482f2-fdc8-4ee9-a05b-f82aca006162,2024-01-05,D,F
2ea3668d-d812-4b70-adba-8dcef660fd2c,2019-07-08,M,M
387186d2-e459-46e4-b793-ef6473a9f286,2022-04-29,F,F
3c35d99b-1d24-41b8-8857-b679203287a9,2023-04-08,O,O
4263629b-152a-422e-ac15-cee73331c75f,2022-06-28,E,M
42d1a012-69cd-4c76-9fa6-c9acd36e8756,2023-01-11,C,G
450c9903-7ff6-4b9e-8617-6b1f906bc8c1,2024-09-17,M,M
4542131b-fe09-4672-9efa-518e85dca203,2019-07-08,E,E
464af59e-4ff9-4f1d-b89f-8fc6119ff374,2024-05-31,E,P
47d62eed-243c-476c-8421-ad39eb9a9143,2019-07-08,E,E
4922bc76-d4de-4211-83eb-f2d68493f796,2024-06-03,O,O
4b50332c-7980-427b-b0bc-b49241dbd023,2020-09-13,G,M
4c794c06-9dd3-4798-aaa2-0a0f13f6f30c,2024-06-03,F,F
4f702292-6036-45e6-9733-7b56e55a1cb5,2020-12-05,D,F
501632d2-3f48-46af-9bb2-55f38dec870a,2024-05-24,F,F
520d70c4-eee4-49a4-a944-d42060202b17,2023-09-28,B,M
53167a3b-d45b-428c-a6f5-4c3e77d1458d,2019-01-29,C,C
559dfbd4-989e-41fc-9895-69fd3df0692b,2023-05-05,P,P
590c8868-f6f2-4347-9472-19c18ccc153a,2023-11-06,C,D
5933081f-ee1b-459f-82da-854617247b41,2022-03-05,M,M
59df4d88-de40-4b34-8c27-b4c9990d41f3,2023-04-04,C,C
5f9ec38c-fb20-49db-9946-934cc7231eda,2024-11-27,E,M
603df75e-fafd-4b27-a5f9-98539cb09536,2024-01-05,O,O
62d932f2-ac50-48dc-b297-ecb5ed3527f9,2022-12-18,M,M
62fffed4-04ff-4f85-994b-7b802f1b8b0d,2024-03-31,F,F
63d0f3c9-404c-43a6-bdf4-870302f8b97c,2018-07-25,B,B
64e369e1-1df6-4338-8a00-dcbc552aebbf,2023-03-30,E,M
6710356b-9816-4aef-b77e-1f31169f88ab,2022-05-22,E,M
68d0337e-8444-4a5b-b8a7-a0df11d40fd3,2022-04-29,F,M
71a0682b-acdb-4762-9825-5bf0a4727b37,2024-06-16,D,D
73fca379-6623-4f3e-8f50-f0594f7c95a9,2024-05-24,M,M
75920fd5-4905-4448-b952-9d880e31e90a,2023-01-26,F,F
7a1e3a29-13d4-432d-90b0-8e3d1b7469e4,2024-10-28,C,C
8258cad0-7a8c-424f-a166-9a705272645a,2022-10-10,F,M
838378a6-e3ae-4aeb-be4b-6db079bd93dd,2019-07-08,F,F
849fb61a-eceb-408a-911c-4090180b5fe1,2023-09-29,M,M
8bcc00fa-85c3-427f-b036-0c3b6ea452a9,2023-02-01,C,C
8d83b450-9452-4b41-a82b-abf00cab4abf,2023-06-29,M,M
8e375711-531e-4cba-8dee-84c2b11df268,2018-01-18,M,M
915ad65a-5d8b-4145-a7f1-1f3188185671,2023-11-25,D,M
92052301-66ff-4d2d-a6a0-8f80841b2611,2022-10-16,B,E
9285faf8-ccb3-4559-b4b8-baa5545b3688,2023-08-01,F,M
963ef845-39a2-42f0-bfb8-33107ef766e2,2022-07-25,D,M
96e62f35-292e-4a1f-a29b-5f6454a45023,2025-04-25,M,M
98b38d3e-925c-44ab-a335-4c9e18e46d0e,2022-07-14,E,F
993d564e-7bc9-4c67-a7e9-cd99005150d1,2022-10-01,G,M
99ed4399-8afa-4aed-9a15-ef4f450411b6,2024-06-28,M,M
9b638fe4-de56-4800-a2a0-536ab48ed4e7,2019-03-05,D,D
a5f4d3a8-a7a6-4738-99ac-3def20184ed3,2024-01-26,M,P
a67bd4d8-dcc7-45cf-9aca-f8532ba00b70,2022-12-28,E,E
a891e1ee-8ab5-4f13-b1c3-e782d8b2a9bd,2022-09-01,B,F
b21679d9-a4ca-4d39-99fd-a8270f632fcb,2023-02-05,M,M
b48bef9e-8753-439b-9596-6ea9864fd47f,2020-06-14,M,M
b529bbf3-78cb-48e5-b45c-057bbde2d816,2022-03-02,D,F
b846dacf-c9ff-47c8-8a79-88807081dfd6,2022-10-09,M,P
ba4c0251-fff5-45b6-9807-419dc3bbc808,2025-04-14,A,A
bed39150-1a5d-433f-a65f-37d0ba7729f3,2021-05-09,B,F
bf0cef3d-064a-4e0c-99c5-7816304af10c,2023-07-29,E,G
c31f6d62-5020-4543-9c6f-8e779802b6ba,2023-06-29,D,D
c32a394c-ad1a-4240-b901-2d83cd44ba64,2024-07-16,D,M
c682ac52-6933-4cf4-a533-4b19e77286e6,2023-03-15,D,D
c71dddd6-948f-426f-a8c3-af81e8dfcc1f,2022-05-18,M,M
c7d17420-ebf1-4c2e-bb21-b96e358518dc,2022-10-29,B,C
c82af1d6-50b7-41af-baf1-f17b1ea1797b,2024-03-30,P,P
ca6f0a90-4b8c-45f4-a0a1-5e43d31bf0f2,2023-01-28,D,M
cc780535-7a1a-4f34-bf9b-6c0217b7acb2,2025-02-05,M,M
cdfb9e54-e9ae-4fa9-bd44-7adf524aa0fb,2023-02-13,E,G
ce1198b7-db4a-472d-a2ec-f2a5ee5abddf,2024-02-05,P,P
cf62e70d-26ce-4c06-8e43-4b5101c5156a,2022-08-04,G,G
d3bc50ca-86ce-4996-9e5b-78500858e0eb,2024-05-24,M,M
d798af70-496b-49f8-a0fb-0b964f69454c,2024-01-04,C,C
d7bf812e-b526-406a-824c-0c7e8c0efaf7,2024-03-09,C,F
d8b1ad0d-a81d-4428-af8a-b31b1ab7a7f5,2023-12-29,B,E
dc06964c-0c70-4ce0-914d-548450bb939f,2025-03-10,B,P
e08a03a8-4708-469b-a21a-2c4348957dae,2023-06-29,M,M
e3198ef6-0530-43d6-aab8-9c83f8011a55,2023-05-29,M,M
e8bb491e-38a1-408c-b29d-c4f1d348ca6a,2023-05-05,F,F
e8e8270d-3754-4cc3-8c7c-d67cc9c5e1c5,2022-12-02,D,D
f385960d-48bc-4854-bca6-a07e721c7e16,2025-03-03,B,M
f4e188db-fde9-4428-ae08-742fc68c2f15,2024-05-24,G,G
f65a906e-dc82-4787-b379-6f8a2b2be7c7,2023-08-02,G,G
fa6b86d0-f942-4f35-a88d-5c1dfd5d9231,2022-04-14,D,D
fb3abc24-0027-4b58-ad92-303641e36670,2022-04-04,C,C
fbc9c31d-cbb5-4663-ba70-f3b6931fb692,2023-10-22,M,M
fcf18df0-40fb-4fe3-ba21-5b4fd68497a8,2022-12-02,M,M
fe96d387-2b87-4d4f-a5d2-396b5b32907e,2024-06-28,M,M
cdeb07fc-93c6-46ba-bf21-7206e9223287,2024-05-24,,
0010a53b-37e5-4bd9-9434-69ea2cdb42b7,2022-04-11,M,M
01c589b9-818f-44ea-b81f-07c97c192dc4,2017-01-09,E,E
055a1950-5f77-43d4-a0c1-4c5f90425d2e,2018-07-21,M,M
0a4e7fb2-550b-4492-bf78-fe40704dca27,2023-04-16,O,O
11be7c0a-6460-414e-902a-75474a66ecb4,2023-08-01,M,M
12882a8d-bf96-4c13-b5df-ab462d1c7f10,2023-02-01,E,G
130e8c40-4f65-49eb-bf44-cf1b784e161e,2024-02-09,O,O
1318044f-c9b4-439e-91d8-c091449fd508,2023-09-28,E,M
137bbdb3-0ccc-4809-a7c8-479ce1493b8a,2022-02-27,M,M
14399632-936c-47fd-992f-1ca0beefe73c,2024-04-08,B,E
1687ed01-5c6a-468a-b150-21cdddf832f3,2024-05-27,E,G
16b91f87-be2b-4150-9016-99396f15f2a6,2023-02-01,C,M
17d6157a-0805-48bf-956f-70a020e1b3a6,2023-05-29,E,G
1a489875-8a0f-499e-9819-c6fdb7911ea1,2024-06-15,A,M
1e00ac56-c7cd-4f15-8445-facc4c2bdc5e,2019-07-08,F,F
1ea6f7b3-ec82-4dd3-a6d9-1803fd571b21,2024-08-01,D,D
207a647e-cd4d-493e-aabc-c7b81e5846db,2022-12-23,E,M
22dd0d7f-d315-4fac-b905-dc2c83aaf5b3,2023-09-23,C,E
23a438bc-1274-42e0-a1a1-42f571e1fdf6,2024-01-26,M,P
2522072e-2cd1-4b5b-a13f-aee22a8277f5,2023-03-22,A,F
273687b8-7c17-4239-ab4c-e6f44b3ee222,2024-05-24,M,M
286e278b-eb42-4b37-a954-539c4c16e294,2023-09-28,D,D
2ba3f280-f52a-4080-81c8-ed587e014837,2019-07-08,C,C
2cdf7a9d-03ad-488b-96ee-0a13c34f46b5,2023-03-30,M,M
2d6032d9-583c-4ba9-9e1a-ffcd5032b7b1,2022-11-02,M,M
319740c0-88cc-44af-a585-b9226c4d6aef,2019-02-04,B,D
389815a1-5c88-4c93-9a1d-9509ddb50ec4,2022-08-30,M,M
38daa124-c061-43e4-8746-2162bda0ce2d,2023-05-15,B,B
3bdc9912-8460-47b4-b218-6396840db709,2024-07-05,A,C
3c94ca43-6a56-478f-88ad-2e5b11c861e1,2024-07-31,O,O
4136763c-c527-4881-a799-c4f8ff99447b,2024-06-28,A,B
422f4396-f520-4504-866a-31b6e563318e,2021-12-02,E,E
43e02142-bb55-4621-b2b9-7cd1f17ca2c5,2024-01-29,F,F
45df85f7-bbff-4894-b4a3-795e906d5c70,2024-06-20,B,P
48478475-7d42-4a95-bc47-7704329bb5eb,2024-05-23,M,M
4a1d3f73-f30e-4f68-b174-de3f0dae39f3,2022-04-19,E,M
4ab0e289-5478-477e-b71b-3cc9ecd4d637,2022-02-18,C,M
4bfa0c4d-a041-4594-a2e6-1946003ba337,2024-08-28,F,M
4d5df8d4-40e6-45e9-b8f5-52a8394bd997,2022-03-03,C,C
4e9cf9d9-c568-43c1-9b17-93ca18edd2b9,2021-12-30,A,O
52d8bf0a-3077-48ae-b48d-c906bd331f03,2025-05-12,A,O
53e70983-c8bb-4dcb-9057-42a49d0c62e5,2023-02-01,D,D
59d9c591-307f-4582-bce4-ea23bf9077c2,2024-02-04,M,M
59faedf8-520d-45b1-9660-c993827338ce,2019-07-17,E,F
5bbe6f78-b9d3-46c2-b436-3a0dc35912bb,2023-12-27,M,M
5c1ec46b-0d20-4dd9-8d6b-09aec644b5b7,2022-10-08,P,P
60d2025a-5cf9-435a-91ec-0768a1ee5a0e,2018-08-28,B,B
635b60ea-80f1-4c36-9b4c-8f34d9e57812,2022-05-31,M,M
6675f9cd-67f5-4e8d-9f46-cb9de352fb75,2019-07-08,D,D
67986e78-e231-476b-ab04-2046577b7285,2024-10-29,E,E
686f8fa9-fabd-46e8-bf67-3f779fe41e34,2022-05-31,E,M
68e40135-f638-4fe7-931e-9681e5c2360c,2023-07-08,C,M
6fba95a6-0be8-4c67-9f57-657419625661,2023-06-29,B,M
726449c0-c450-441b-abb1-74a37101af3a,2022-09-13,F,M
7586043a-7fa9-44e3-913b-2b7dfb07466b,2023-08-29,D,M
764067bd-d94a-4eb3-8531-2cc377b0752c,2024-08-26,P,P
7659e228-c4aa-4df5-8816-a8d757a6b581,2024-10-13,B,E
77379367-2729-4b39-b898-14492ce3f1c7,2022-06-04,G,G
77cef769-f1ea-4ea9-8000-e1acc5e1c6eb,2021-12-27,A,M
77eb7b7c-30eb-4a1a-9f5b-3761786dfbfe,2024-01-15,M,M
7a21b21c-ea8d-4c27-b87d-8e95e9f3543b,2023-02-01,F,F
7b4567e1-be51-48b6-8a98-847c1960b591,2024-11-28,C,G
7bc7b0dc-931b-416b-a309-30e8d653467c,2024-05-23,G,M
7d350d66-5bbf-4c8a-a8ae-4be4d8fd0b74,2022-09-04,M,M
7fc0e0e9-8176-42ab-907a-aca283c265f2,2024-03-30,M,P
803bf129-44e4-4d32-9bf9-9664840b0ffa,2024-03-19,D,D
8061015a-ab47-4e60-a6b7-b66516b058d7,2023-04-19,E,M
820bdc55-433c-4d26-87e1-8240a1310af0,2022-02-16,E,E
830bb62e-a285-413b-bf5c-923796995531,2022-06-04,G,G
839f55e2-fd7c-48b5-8e60-8250b93cfe47,2020-05-11,B,B
864fb11a-be15-498c-bb92-1d79b28d6d71,2023-09-24,E,G
87429f06-bb68-4abe-b008-d756b7f8d63e,2022-03-30,D,M
99cd32e5-d72f-4bb4-be67-d60d63153929,2022-02-28,D,F
9be8ed4c-7da0-42ca-b3a3-106c26f2d98e,2024-05-24,M,M
9da82a11-cf5b-456c-be42-9801f253b989,2024-03-24,O,O
9f8c4bb9-9818-47b6-84f4-fba30f220793,2019-07-08,F,M
a4fe2adc-d991-48e9-9afb-60b711b0565e,2021-12-11,F,F
a5056a1c-cc81-4480-bf33-d044064cafa9,2022-06-08,M,M
a5117232-4d40-4b84-ba78-82f6f5f8b9d3,2022-12-09,C,C
a59e037e-7e17-4a32-8b71-1b78181a6103,2022-09-27,M,M
a6feea88-c3b1-48bf-b732-21103c694dda,2024-10-17,M,P
a85e4979-a60c-44bd-a73a-158dadf2e33f,2022-06-04,M,P
a96c0138-a340-4d22-ac96-b47e65db7834,2019-11-10,E,E
aae11309-db7e-4dc4-95ca-d5b9cdf96b1a,2019-07-08,D,D
ae0e7cf0-f62a-4816-8364-20cfc37a1a0e,2022-09-20,F,M
af012831-2d74-4cb6-a4b8-9a055eb374e5,2023-06-29,M,M
b11c56ce-f537-4b11-915d-f059bcd803e3,2023-09-29,C,M
b2b45559-2478-48e7-a2c1-cad900bb129d,2021-08-02,A,A
b3e038da-b040-4abb-afe8-e0f6cf281182,2023-02-01,F,F
b75b3044-c2eb-4053-9f2f-55abd8526cfb,2022-02-01,E,E
ba9e9d22-cf1b-4547-a98b-3167e24c3b75,2021-11-22,M,M
bc684053-fddc-409d-8bfc-01235f245c26,2021-12-02,F,F
be1130e1-361d-472c-91ba-dbe39eee357e,2024-03-30,O,O
be388be7-2a5e-4205-858c-83cc9441624a,2021-12-11,F,F
c0fe2432-93ed-4c09-9040-c2bef8a8d7af,2024-03-02,F,F
c16194ab-7348-41eb-b096-03489bffdb9e,2022-11-11,B,M
c2b31ba4-919d-4d63-9dee-f1cbe652f183,2018-02-14,D,M
c49496e3-2f1c-42b8-b317-f6f66f1ebdc8,2024-01-06,M,M
c6249fb7-f908-49ee-a3c2-a5858b24383d,2022-03-05,M,M
c8dce501-d1a8-4911-9741-f466e5930ed1,2023-04-16,D,M
cc983bd5-5c18-4cc7-9698-f0876dfa57f0,2021-04-15,C,D
d0514db9-07f0-449f-ad60-14c10b51c925,2024-07-29,B,D
d17047e7-5ba6-473a-82ac-6543eb0a3bf0,2021-08-23,C,F
d18126f3-32ae-4ab8-b58a-aa31e299cf04,2024-05-24,E,E
d18704bd-ff8c-4d96-b737-fa49471b21e0,2019-01-11,E,E
d42167e9-cb00-446f-8220-955f03d962b4,2023-06-29,M,M
d7a98b3b-476d-4009-858c-8ed0452efecf,2025-01-17,M,P
dd2552a3-9c53-4a49-a421-1e2724b8d48c,2022-05-20,F,F
ded397fb-15fb-4aaa-a29b-6d3930438294,2024-05-24,M,M
df8e1141-36c2-48cb-b84d-a743833b9344,2024-10-28,B,D
e736f7c9-5961-4bae-9bc4-62dfb9d1c689,2023-07-10,B,B
eb2919b6-922a-4b9b-a61a-85952e5f24a3,2024-06-28,F,F
ed80a698-d279-4ac2-a313-735aad8251eb,2022-03-01,C,M
f0ce6bf2-3af9-4c9b-bdb4-ee5a91d436e0,2022-05-20,E,G
f2cf2abb-a213-488b-915e-2fd460b9a147,2022-05-03,E,O
f46d58bb-c40a-435e-877e-4cb250d7bea6,2021-12-02,F,F
f4c651e3-2739-4ea0-ae48-075ed7251ea1,2022-04-18,G,M
f554c35d-18c7-4c67-b236-72ad7be9052d,2022-11-12,G,G
f7186c33-a97e-4ca1-95b2-394dbe91e350,2024-06-28,O,O
f9b5149a-fa2c-42ad-a4ed-449716c29d90,2024-06-19,E,F
f9f819f6-bb8e-4607-98b8-d502fb7bd384,2024-11-18,G,O
fa9ebadc-5df3-47c2-b783-ee040d66554d,2022-11-21,A,A
fb4f500a-d63e-4c11-8a9c-b0e2d6d75ce3,2024-04-30,G,M
fb07d730-3068-4208-a0cf-7d8fcefb5c76,2023-09-01,M,M
fb7b7384-3d48-4c89-84a1-eb1ed41d3fd1,2022-06-04,B,M
fdfa92a3-741b-4b53-bebe-1182b65cd779,2022-05-01,F,F
fcab3a86-2c68-4753-b651-9ecd0c52c8b6,2024-10-30,D,D
fd34fc4b-9062-4cb9-806e-d29d8e33a8bc,2022-01-29,E,E
fd533067-6c3a-4ff8-9eed-1dca2a9cc21e,2022-02-07,E,E
fdc3e14d-a9ef-46ac-b013-47d8c5cb83cf,2022-10-31,F,F
fe88a84a-8665-45d7-8836-f8cf2c3c5385,2021-11-29,M,M
ff1faeb3-084e-4f47-a5fd-54f2991378a5,2023-05-03,B,B
ffa3294f-fdd6-4e1a-a6ca-9e57eca5a660,2021-12-02,A,A
ffc13ea3-1783-4a2c-afd3-26891c494f31,2020-04-18,B,O
0039c275-2d74-414d-b545-4559cd5a6a4b,2022-03-05,M,M
0137ff64-6145-4def-9274-032fb57695ee,2022-04-07,M,P
081571e5-95f0-4172-9131-9d4a926ec316,2019-07-08,C,C
0a08b35d-7e1a-4956-88e1-8e49a9204bc9,2023-01-09,D,M
0a300b97-139e-4284-aecf-56809b45848a,2022-11-02,M,M
0ae35994-abab-4621-b0bb-57a8c7ff2b2b,2022-07-30,M,M
129b74c0-127d-407c-9cb1-ef8a8b8780c2,2024-07-09,E,E
15273352-0c3d-47a0-a9bc-34657fb59a0f,2016-12-11,O,O
178e59a7-c7ea-49c1-ae85-e79b62880d57,2022-08-22,M,M
17d0f093-626d-4c0f-b75e-83baf9b934f6,2022-09-24,D,F
1ca8cfa0-164a-4f86-9aab-7c0d2eeb59e0,2023-06-12,C,M
1cbe256e-d2ec-49ac-bee2-63dd8945c9b0,2023-05-27,M,M
1f63e2f9-01fd-4680-9f81-e1002360b513,2024-05-24,E,E
219bbcb3-caad-445d-859c-0eec5c1eed70,2023-09-28,M,M
226732cf-171e-4acc-bf5f-e9ebe653cd9c,2023-03-20,B,B
24b9f5e1-5717-42e0-ac1e-89b0d0035725,2024-07-29,F,F
25946294-50fc-49e2-b57d-07f11bd6249d,2024-05-20,E,E
2a1b707d-a02d-42e2-80f6-8117c74516ca,2022-04-25,B,B
2b144ece-a457-42c3-af33-d21509993405,2023-01-05,E,E
2da03324-ec8b-4474-a1d8-47b59d2bfdf8,2022-12-29,B,M
2fc23bbe-6b81-44ce-93a6-188e449a1ffd,2022-05-16,M,O
30fd595c-053a-445d-91d4-b8ce546ebbd3,2021-12-02,B,E
3151d9a6-fe43-462c-ae41-04c629a9f674,2024-06-03,G,G
32fa3a60-9a27-4dd1-b8f2-9e770df7a613,2024-07-28,A,A
35667f8a-cc83-45b5-b636-63651169d178,2017-10-27,D,D
370d8d3b-38fa-43f2-b4da-473cb598a10e,2022-08-23,F,M
39583df8-4f96-4d69-b3e2-932888d78cf4,2024-01-13,M,M
39c49fe6-d6a2-4c5c-ab4e-574242ff0906,2022-06-10,M,M
3a90972a-372b-492f-a741-3c39ba143fed,2021-09-06,M,M
3bd7c1c0-7879-4659-8df1-0a83af9706e3,2018-01-08,E,E
3f04bfe2-866a-45cb-867b-cd6f3f5e1af8,2021-11-22,G,M
40678667-69ad-4ba8-b2ff-a4b267f83b33,2022-06-15,M,M
41d75feb-4382-4712-a367-7d743e922f81,2022-06-01,M,M
423e39f2-06e9-4a48-98f0-3e4c83f81403,2019-06-02,A,A
46aec883-b16f-4686-9200-dce782a63bda,2024-07-22,O,O
46fae260-8501-48cc-9950-a32b4ca08f7f,2022-07-30,M,M
475794f9-45ec-4490-b33a-93c37e506f9f,2017-10-01,C,C
4e7ef9ab-190f-474b-9df8-f1e8814cc254,2022-06-09,M,P
4f1311dc-7b15-4e91-accb-d7631b7d0dd4,2023-05-29,M,M
4f48cea3-1b20-47e6-a915-6fc09a327413,2022-02-16,B,B
51d13264-6aad-4546-afb0-f78968a28f4a,2022-09-03,C,G
58ef0916-f751-419c-95c5-8e6f0080a740,2022-06-05,M,M
5979130c-d8ef-43b4-ad6b-45acdd12252a,2024-06-30,B,F
59a35054-5ff5-464c-ad48-0e7bd94408e4,2022-12-02,M,M
5b230835-42a7-4aa0-9aa1-d2d67404f730,2021-12-02,M,M
5c6d1588-b07e-483b-80a0-02e08f7e8847,2020-06-19,E,E
5f81a4a4-68e7-407e-88f4-7b5cc482068a,2021-09-04,M,M
62aae8ea-83f8-4212-8a6c-cc2895222692,2022-12-03,F,M
683dd809-cae3-4fbc-a14e-d7879d1de24a,2022-06-04,F,M
69d4ed72-9cf3-4cab-b3d3-67b1b65a4bf3,2024-03-30,P,P
6b4d5e68-04ff-47b6-84cb-34a90712b919,2023-01-29,M,M
6c8acbe8-1801-487d-a9e3-4e16938ce0e4,2019-11-11,E,E
70b17093-c4e5-40f5-819d-2ae1082e6471,2025-01-16,M,M
7161d988-0d75-4fca-b014-33981fcd4a53,2022-02-28,G,G
71e431cc-8f05-4afd-98df-3711ff035762,2021-05-27,F,F
7284bac1-2148-4388-85db-ed5fb818f2fd,2022-12-28,D,D
77c17f9a-3318-4a97-addf-efc836d16779,2020-10-05,C,C
7a8ca90d-60d6-448e-8ad3-2ab60d52c685,2022-06-01,O,P
7e4751d9-bf69-4054-879a-c93dd3fb9a5e,2022-06-01,M,P
7ea2802a-f52a-4713-b21d-68c6491cc360,2022-05-20,G,G
830ec65a-238b-46ca-8957-571389e1930a,2022-08-17,M,M
83cd93f4-8dc7-4a6a-98de-e8650c1f4e21,2021-02-12,D,M
849c7a2f-a5cc-4c2a-ba56-bd4589aae827,2024-05-24,D,D
8532760f-e12f-499a-9b4d-b7815cd5b892,2025-04-21,M,M
895cd9c4-e6cc-4525-bc72-12f980bb6269,2021-12-11,D,D
8ae309ee-b94d-4e70-9b13-5985310ae032,2024-10-02,C,C
8c8d322b-2c9a-4b5b-8aef-90414bdfe3d3,2024-09-03,M,M
8d471dc5-9171-4129-b561-89a76fd75954,2023-08-01,F,M
8f5c7612-8658-4eb9-bfb8-af04e6bc0118,2023-02-02,A,O
9178e56b-9c67-45be-9dc9-42bb88caa927,2024-11-13,F,F
91e935bb-49d0-42f3-af39-ed17493787af,2024-03-30,M,M
980c401b-fcfa-48f3-b810-05cc7ed314da,2024-04-24,M,M
98dc5b87-ba25-4603-9acd-9ce52f847849,2022-12-29,C,M
9987c398-b34c-4aa6-b5b5-83192e104526,2024-07-31,O,P
99d9440f-c9ae-40e3-9997-184c4fd070a6,2024-06-09,M,M
9d00fd39-fb8f-4e31-82e8-f9fa7cb009a9,2022-04-29,F,F
9ead5205-2aec-4275-b7e1-09b81a4a7cf3,2023-04-12,D,M
9feaa234-bae2-492f-835c-b170431946e6,2024-03-29,B,E
a0602bec-f9d3-4d99-bb39-16dd90468b05,2021-11-17,E,G
a1522d24-d72f-4f16-8372-5ae692058192,2022-09-02,B,D
a7501f08-82c8-48b4-b30b-928eaeb3d2c5,2025-04-05,B,B
a8a36285-ba13-4733-9fe9-51979107e374,2024-08-01,C,M
adb651ac-f840-49ac-9aef-35190573eb02,2019-09-09,B,B
ae661e30-f14f-435c-a8f7-c9353fcf1697,2019-07-08,F,M
b236af04-65f6-4b45-b599-1161bc264213,2022-11-08,C,C
b68e2592-9f81-43c3-a9c4-c6a98356df3e,2024-05-23,C,C
b8360ec9-c962-4ba6-af50-1cd51e02d2d3,2021-12-02,M,M
bbcae86f-ae45-4951-871b-4ad7bb1188de,2025-04-22,B,B
bdbc8ffb-eb42-4b7b-8053-738bd0368015,2023-05-09,G,G
bf2eca9c-2db2-48f3-9d52-d79697abf4a3,2024-07-15,E,G
bf895ad8-9c21-4419-95fe-0d47f345f8e0,2023-02-12,M,M
c17cf1ac-dbba-4b21-804b-f76f3f1afea5,2020-04-02,M,M
c2abbf0b-3814-47bb-b9da-7a92ad76565e,2019-01-05,E,E
c5159056-0ac0-4c19-8172-2b6c5da7944b,2024-05-27,G,G
c5318dcd-fdf9-4a56-8e68-83bfb42f0152,2024-11-12,M,M
c9d9072f-7d6e-4474-aaf9-4d6ff52486ad,2023-12-30,B,M
ce55e202-a869-4fd7-bf7a-3667a54db2c9,2023-07-01,A,E
cfc22116-4b0c-47b2-aafe-f732a7325c96,2017-04-09,F,F
d1670edc-03bc-4f95-b62c-e2179da713f3,2019-07-17,M,M
d20a5fa8-20f2-403e-ab9e-3c1c575c1c69,2023-02-17,E,E
d5a5a53c-aef9-43c8-9882-2aa9a10ccfe3,2019-01-25,D,D
d91e3e75-2d1b-4486-bc23-bc87d39bcf7a,2017-11-16,F,F
d989fde2-37af-4cd7-9a23-fdc4e6ee8e5a,2024-08-26,G,O
dae6e5dd-319c-476b-a429-91f682b3b5b2,2019-07-08,F,F
dcad35e0-9d28-42f5-80d5-5d05009682bf,2023-03-08,D,E
dcdb72b6-39d1-454d-96c7-a316bf0fa6e4,2022-06-28,E,M
ddebb15f-3453-48f5-84e5-be7f88ef08bb,2020-03-05,M,M
de3f7358-1cf1-486e-9406-b7ed3e54b6a4,2023-11-14,C,M
e15f5168-9afc-4cf2-aef1-800b753cf9ad,2022-03-05,M,M
e25929ff-4cf4-4af3-ac40-358ae8e931d6,2022-11-18,C,M
e66b3f58-fc6a-4d68-9351-b7ab430a9652,2022-04-28,E,E
e82aeeb9-2095-40ea-8ece-6f47314bcde5,2019-07-08,F,F
ec72086a-06bf-4372-957d-c6691eb7bd28,2024-05-24,M,M
ed5ff54f-85c6-49b1-8025-6389e7a0cb95,2023-12-31,D,M
ee33359f-8e32-4a65-8664-37721512955c,2022-04-04,D,D
f6e03477-523e-49a4-b675-36d576ea9d02,2022-11-24,C,M
f7a9bebb-7fa8-4e99-99b3-8aacc43f359d,2024-09-28,B,M
f7af740d-f617-4f7c-914f-be8f43c0dec1,2021-12-11,M,M
f9d75855-1e4a-4939-8891-85a988e216c5,2018-02-04,D,D
fa1ee45c-bc74-4136-9f6a-80743b0fa031,2023-06-07,B,M
fb432122-74ac-4bd3-b50d-0951672b26a2,2022-07-05,D,M
ffde7c5c-9bb4-48c3-963e-365f2d356323,2023-05-26,M,M
b64445ca-b3a8-4454-a8b4-519ecdccca9a,2018-11-26,,
004b7194-f233-4dda-b0ba-b3c4d00adc74,2022-06-03,M,P
039605f3-5cba-4ffc-a112-368fed090d01,2019-08-20,D,D
045c9f50-8e2c-4050-82db-0c5eb238e8f4,2022-12-13,D,M
0726a98a-d354-495f-aeb6-d586d1fe85eb,2022-12-28,F,O
0bbd099b-ecf8-4a9a-a4db-dd999f9eeda4,2021-08-04,M,M
0edb5263-0b4d-4586-a76a-4fdec7345347,2023-02-22,O,O
104fae13-f742-4228-a185-570814fb9889,2024-10-28,P,P
1348a77e-dcc1-4626-b1b5-7449fd73d1ee,2022-03-05,D,G
1ad720aa-f707-4724-99fe-ce8211808096,2024-06-02,M,M
1b087308-92c7-49fd-8c2b-e35b437e2546,2021-12-02,F,F
259a2edd-06b2-4e34-83dd-e3361cad888a,2024-01-31,E,G
27958b0d-5b12-41a4-a819-08e6927d4e51,2017-11-16,F,F
2baa7dc9-b599-4e09-99ab-0f0fe64fd6e4,2023-06-29,M,M
2c707d66-53b6-4bfc-aa16-d09b03ad4ce2,2024-02-26,E,E
33dce17d-db43-4ee1-9fc0-bc6882f76595,2024-06-02,P,P
37707d7a-e7fa-46c8-82fe-ce0753ddf978,2019-10-14,D,G
3ac2aa54-b287-4898-8132-fc78ae283d03,2024-10-30,O,O
3c112da5-4cea-42a1-a33d-64a80555abc4,2023-03-05,B,B
3dd8bf92-68f6-43f6-84d0-f32c30a8ec3a,2019-07-08,D,D
4568f997-944c-42d2-9ff3-23a833a8a056,2022-03-05,F,M
459390d6-63d9-4ca4-82f7-233d64ec09b0,2023-02-02,E,E
45b6ab1c-e301-4d6c-8a6b-ffcdcad034e5,2024-03-30,M,M
478c487a-5aea-4e14-a364-d3824182aa09,2022-12-06,G,M
47faf277-0458-42fb-8d8e-16340d8bce83,2025-04-28,A,A
493f850a-fcb4-481e-9bb6-2b23a70a7a33,2022-10-05,D,M
4af6bb49-69b4-4732-add8-95779434bb24,2019-08-16,F,M
4bb94ebd-cb8f-4b0c-a707-799d23f4ee47,2020-10-16,B,C
4d0cbdca-df98-4b71-8cf4-7ef99363cdd0,2023-07-15,E,M
4ebf189a-c491-4463-9f0d-745d5772ea5c,2022-07-07,C,C
4fd9e9a4-1706-4c52-91d9-d21705840f6a,2018-02-23,B,B
53a0a0e2-01d2-4f27-8502-7da465c3a684,2019-07-08,F,M
5731bebb-b7b4-4537-aaa0-9b8632df7212,2022-10-23,M,M
5859bf28-35a0-4836-93e4-4d1b04d0cb69,2023-10-22,B,G
5960a407-e675-4b65-8f5a-c6a98dcbc6e0,2024-11-18,A,M
5bd04aef-7108-484e-a160-e0f029bf8d81,2022-02-01,M,M
6365283b-48e3-4f1a-a811-22330974222b,2024-01-08,E,E
63b76fb8-803a-4702-a498-edae9dfd9024,2022-04-06,C,C
6599f6cf-ad5e-42bd-be87-94c4e08f574e,2022-11-06,M,M
68a9d36d-c6f9-42c2-9531-d4e9f720943c,2022-07-20,G,G
68d42b0d-b89a-442b-8e92-100d2cff611b,2024-03-25,E,E
6ab1a2d6-e731-422c-8011-fb3660f94b60,2022-11-22,C,C
6b68c44b-ac2f-43f9-80a8-c8a468215900,2022-10-30,P,P
7ccdab74-239f-4b0b-b876-f2850084a295,2021-10-25,M,P
7e28b6a1-e43e-4e83-9226-637f721a4972,2022-11-02,C,C
7fcf04b1-fa05-4aee-b364-e6326c94b8b4,2024-04-30,C,M
837d17d2-3c53-4e41-b306-d3c371445f82,2023-02-07,E,E
872f7b07-4c2f-42f9-9e7f-038eafa9c39d,2023-11-01,C,C
88f0675a-8074-48e4-9eef-18a21e6dd12f,2019-09-23,D,D
8aa80fc7-60c3-4b2b-8c52-dd40f804e1bd,2022-03-12,B,B
8b4c4362-f441-4c1a-a083-be9a1d755cf8,2024-03-10,C,M
8f065715-9f5f-4f36-ade3-563ff27d281f,2022-09-16,M,M
90068a9a-c79d-4b47-afc9-815e8f997dbd,2021-12-02,C,M
989e1da7-15a0-487e-a1c6-c783f0b84dff,2021-07-26,B,F
99b2f59c-aa81-4971-9858-8aa6e9832cf6,2023-11-09,O,O
9a70a7d8-be17-4c8f-a30f-ce5314d6d9cd,2021-12-11,D,F
a0675eeb-47fe-4d18-b67b-7d15e06092d0,2024-05-03,E,E
a0ae86f5-1f23-4741-a662-db624d4e3843,2021-12-02,F,F
a16c44a5-8dc2-45bb-a608-82fbdb8d80dd,2022-10-18,M,M
a2284c50-e078-43ab-9c07-756c77d7056d,2019-11-11,F,F
a31fff29-dec1-494b-8776-5eff82a76594,2022-09-27,C,C
a6eb22d4-5358-40db-9cfa-1b06c2aec36f,2023-05-29,G,G
a9e640ef-eb92-4557-b015-6b135d217983,2021-05-07,B,O
b20edcc7-c49b-4bc3-b440-2863e3c6286c,2024-03-11,B,B
b3742255-1648-4e15-89e7-78778ac07445,2023-02-01,F,F
b5996225-5618-4b5d-85a9-82d65687b69e,2024-11-12,M,P
b634bb7c-9cfb-4a28-9e02-ce62c2da09d9,2023-02-01,M,N
b84d3d31-eded-42c7-9e3a-10df937e9fac,2022-05-02,G,M
b9cd997e-5a5a-4651-8bf5-c425913ac584,2019-07-29,E,E
b9f8154f-bd3e-4262-a432-4eb56a7161fe,2022-10-21,E,M
badad11c-b325-4628-9753-d7928108d2bb,2022-06-26,M,M
c10c6bb2-6364-4c5f-b1f9-2eed9c5fdde1,2022-11-02,M,M
c3633003-b101-458c-9d26-be3cba3061a7,2025-01-05,M,M
c5393d22-c09f-42dc-937d-1d0faac35da0,2020-08-15,D,D
c87e983e-be84-4e5b-836d-6de4158384a3,2022-10-15,C,O
ce5182ab-8fc2-420d-aabd-b49d06fa7bb4,2024-01-14,G,O
cf941706-c53c-465f-9e59-5a88b928fbdc,2024-06-28,M,O
cfde7d28-3f0c-4028-bc77-1d9655479a22,2022-11-28,E,M
d005bc4a-02cd-42c4-99a3-3f4aefa9dc3f,2022-06-09,M,M
d0fefc7c-f5d0-4eb9-8fb0-6d8e42c3b62a,2024-03-04,B,E
d2bd6027-c75a-415e-b1b7-38c653540e61,2025-03-05,D,D
d39c6129-7b5a-4be4-b315-7cb031e856d2,2023-01-01,B,P
d5bd6591-015a-416f-9446-eb419a40355b,2023-04-24,B,E
d8eb9d20-28f6-4ab5-81e9-6cbe57919014,2022-05-25,M,M
dcdb00a6-0258-4f15-a427-a90fbe7f8d1e,2022-09-19,C,M
dd5b0a91-6294-40be-b4cf-95f2f6291220,2024-08-01,M,M
dde2999f-e0e4-4150-bf83-014f9b378842,2024-05-24,F,F
e584ceca-0c77-4905-8934-637daf81b9af,2022-12-22,A,A
e968e959-2983-4d87-ab84-bf9be04a5311,2022-11-28,E,M
e97466fa-7c23-4b2c-bcc3-de09acd4e863,2023-11-28,G,O
edca7ad8-49fb-44cd-99a6-cfb028989c2a,2024-09-16,D,M
f046e8be-13de-4f67-8116-9388ad961495,2023-02-02,A,A
f177efcb-25f0-4438-bed6-bf17ea3c3583,2024-08-12,F,F
f461af38-b1d3-4596-9c85-a6b2f678b15d,2022-07-30,G,M
f5c3f32b-835e-4e14-9a9a-4250cfa35f04,2021-12-02,C,C
f6838d8f-04c7-4ad6-a393-61a75c5af73f,2022-03-05,B,D
f9b3e42d-cf86-494c-97b7-0592034df84e,2022-11-02,O,O
fb5be065-a87b-4a5e-a809-804aa62ff5b3,2022-07-01,D,D
fc0f1986-9d21-44bf-828f-0bba6ca2fee9,2024-05-08,P,P
fc60429d-4348-4bfb-a47c-1c27b4070c19,2024-05-03,M,M
fd1e5162-8bc2-4a8d-86aa-529f887ef1bc,2021-03-08,D,D
ff09925a-657f-4ed2-8337-8111689dd0b6,2022-03-29,G,M
00a8c936-7ae0-4f8e-8ab9-fc70c97faf5f,2024-10-31,G,P
02c36e9a-7757-4cac-b5e6-e6b59204616d,2023-03-30,B,B
033f8645-84b2-4be8-bcff-2cf2e678029a,2023-08-01,D,D
03b845f5-4ada-48b9-8b56-413fc1793539,2022-05-04,D,D
051c1cdd-1559-4b30-9fb5-7f72277cce76,2023-03-06,E,E
0598896f-80e4-490c-a351-6b47353587de,2023-02-01,F,G
0adcb304-d2f2-48df-95a3-83d143b49c66,2025-02-01,G,G
0b769b8a-6655-4f2c-9a37-514f46ef1948,2025-03-28,M,P
0d206adf-23b7-4a8f-b73c-49b130dcd559,2024-09-12,C,M
0db3ca00-dd8d-4096-a0be-9eea7cd7edb8,2021-12-02,M,M
0e72e9d5-d35f-457d-bea4-936c80414784,2024-02-19,D,D
1fc177b2-eb6d-4373-9012-76324fec3314,2023-12-27,F,M
200ed38f-9868-4e57-b8d6-47cdbaf3a86b,2023-10-05,C,F
22bee9e4-cda9-4645-bfc1-c7f41a8eb858,2022-08-15,M,M
23c6de6e-316a-4367-a391-cb60d9d3b46c,2021-12-02,M,M
24558cb0-cc2c-4c51-9e8d-916cd2e0536e,2024-08-02,M,M
24d453cd-0c55-4a3f-b036-83175eb2afe8,2023-11-27,M,M
25090e80-035b-423f-bfd2-95af556a4a11,2023-02-02,M,M
2768ff22-35ac-4a57-b390-2da844fe2a79,2018-10-15,A,C
27da08df-ccad-48c1-9704-d217d258b531,2024-01-30,O,O
29555bf1-b4d4-4f5c-b465-70c5bd16baf1,2024-03-02,C,G
299aab3e-4750-424c-b230-7dfc1928ec19,2022-03-17,G,G
2af4011f-dea8-4a05-a8ae-9caad51cd22d,2024-05-23,F,F
2e0cd460-dfe6-4879-9a9d-8d3566d97252,2022-03-01,M,M
3067634a-6676-40e0-9999-f2b2440a4d56,2023-05-20,B,E
34f9b4b5-84d0-4d0b-957d-ecf5fa8c5a4f,2022-08-09,C,C
389f700d-acec-4fdc-9dc8-86338dc17959,2024-03-31,E,M
39bddc62-12af-41cb-9342-7a7ea2719569,2024-10-10,D,D
3c5ff1ae-623a-4909-9966-35f9dcad1205,2023-07-01,D,M
3ceac2c5-fa04-44af-956b-32c12e354acf,2023-06-25,E,M
3d488090-ecde-417b-a97b-de008a36eeb7,2025-05-02,D,D
3dfed54b-91d9-4925-9ef8-6ab8abccc5c9,2022-11-11,E,F
44bdfe75-269b-41bc-a3d8-7a2249bf6378,2023-03-30,M,M
461f3889-d19d-46b9-8d2d-c2cf1c70c4a1,2023-04-03,D,D
47689b69-39ae-4b2f-a3ad-192de449b110,2022-10-16,G,G
4b6965b9-c267-42dd-9403-ef6ed786a1b5,2022-04-27,B,P
4db579ce-97c4-41ab-b77d-744ae5885e4d,2022-03-09,M,M
4ef9d620-2307-4e6e-9b35-bd7dad1c6616,2022-11-14,M,M
4facd85c-fcbb-4961-bb36-90369e89ab51,2022-04-07,D,M
54e51342-e0d3-43de-84e3-c3ea51509356,2024-09-30,C,M
566d9b38-a763-40eb-8879-2d3c1c3a27bf,2024-03-04,B,G
57c46962-eff5-4572-9e88-93a7014fed70,2022-06-30,G,G
58d990a5-d548-452e-bf9d-34a2dc1afaf8,2022-06-26,M,M
5a2731e6-ab44-4c0f-bb05-8d8d192afc3a,2020-11-09,E,P
5af677e7-b3dd-4b98-a7a5-26a6d17a0b52,2024-02-01,O,O
5c27f210-8f0d-4783-8110-f3f1702a294c,2022-11-28,B,P
5ccc159b-905c-43d1-bb04-d94f675bf108,2023-07-20,M,M
5fe327d1-ba64-4df8-b7e3-7590777ebcf8,2020-03-29,C,E
60b8934c-bac7-418d-9d5e-b7a5f6d59e18,2022-08-18,F,M
6276b3c6-b329-4949-8474-51f960dd22c4,2023-01-26,M,P
63b80a29-7520-47fd-a46b-34cd7c0be396,2022-10-09,E,E
670bce17-caff-46c3-bb1a-71d9ae8ff295,2025-04-03,M,M
684d8c7a-2546-4248-86e3-3b8e6340b2f0,2019-07-08,P,P
691461b3-827a-40e8-88bb-29a5d3f4a934,2024-04-29,M,P
6a7dd1ef-35d9-42d2-a05c-3ad5fe20eab8,2022-12-04,G,M
6e03d3c2-51ed-40cd-8641-27f7ada89e0b,2025-03-04,G,M
6edc5959-ad68-4779-b23e-39590324c994,2023-05-11,F,M
6ef9b151-8b4b-4cc0-ad0f-f99e20f3a1ae,2023-04-18,M,M
6f532331-a55f-43b7-afab-a4a66059ef34,2022-06-04,M,M
70e96411-a389-47d4-b536-ce00e5411986,2024-03-30,D,E
7144c44c-1c80-4006-9147-260e0829aa59,2019-08-05,C,G
71c4cf05-7e4b-412f-8319-4d17dd63f54a,2017-08-04,F,G
72c49d79-7841-411f-adea-0bdffb2b82d1,2022-05-20,A,B
7357644b-c986-4c6e-a018-947d1d8ecf19,2018-01-30,C,N
740526f8-f89e-410c-a482-dbae15d0a7b3,2023-04-04,O,O
7406910b-b0b2-4d6a-8476-eb6bf748eb37,2024-05-23,C,C
76e48bab-9bd7-40a9-be08-b16551ae9f09,2022-01-04,M,P
771e2699-93cb-4aa2-a294-b250c684f05b,2023-08-07,D,D
7eaacd4e-befb-442b-bb97-e0c39df6d1c4,2022-07-10,M,M
8117ab16-8ae4-423a-9a36-4bcc24b4a34a,2019-01-02,F,F
843ed446-f0f0-4bc6-b073-c09de34efbfc,2022-04-12,M,M
8495b473-208e-4e71-8ab2-23c110ca5453,2024-10-14,O,O
872fbb3c-8043-4e4a-a920-2ca40625f9b5,2021-01-04,G,G
8769279f-20de-4798-bc85-ff0fd8ab615c,2022-11-02,E,M
882ed341-9d88-4988-b0d9-ac34a2e53ac5,2022-05-05,M,M
8a791e19-2ca1-4849-b766-fe81f86103cf,2024-10-21,C,C
8afa5cea-83ce-4a3f-9dd5-f57578d9a4df,2022-10-19,M,M
8bda830d-3fd9-46ab-9fc3-0626c302f1ca,2022-06-11,C,E
8c8b0499-d361-45ee-b2f1-40e2231599b2,2023-06-25,E,M
905b2253-97d9-4b16-87e4-5438140d0eae,2023-01-14,B,M
9267d293-519a-491d-a233-35bd0727fae1,2023-03-07,O,O
92dfbe15-7b64-4214-ba58-3cfbf75778fd,2022-12-28,M,M
9419f8d2-5196-49bd-98f6-2f9165f69b5d,2024-02-10,B,D
943a7760-f0af-4adc-aec1-9bb8d432fdc4,2024-07-17,G,G
946fc74e-495b-4e1e-ba4a-7a540a020a1e,2023-03-31,F,M
95eacd91-78f1-48c6-af3d-c65dcafce5b0,2024-07-22,E,E
971f4185-061a-469b-8c53-6ffa441f80a5,2020-11-16,E,E
9722acd8-1b67-4562-a4b5-f89687e70f32,2023-12-29,F,M
97fffe08-dbc4-4994-8d80-a34ada7c33a9,2021-10-11,G,M
984147a8-5e26-4b17-a53e-f77b866fc013,2024-07-31,P,P
9b771843-d38a-40f0-b029-b5e492fc839b,2023-02-02,D,M
9b984e45-1526-4cfe-ba40-fb292dd42fb5,2022-11-03,O,O
9bbc2069-391a-4be3-9ed1-265ffe968093,2021-06-10,E,E
9ebc2e69-23b2-4cb9-9fab-14b616b7c4f8,2022-03-05,G,G
9f044401-b3f3-49f7-a043-1f8fd34a9d92,2024-08-01,O,O
9fb566e3-f28b-41d4-ba01-fe03fa852a98,2022-10-09,C,M
a4353c09-78be-4240-b672-ba2a190b2975,2022-11-20,M,M
a8c7f9a2-4f8e-427e-9a3d-78c45cf47b66,2022-06-04,F,M
a98eeed6-59d9-4b0c-8f2b-d03e5812319f,2024-07-31,C,E
ab4c4380-d846-40ce-855f-6028af6acfd4,2024-01-31,G,G
abc8d59e-3159-4ab3-a5b4-12e671da60bc,2023-02-05,C,M
af64cb16-e8d1-4468-ad2d-918b122596c0,2024-07-31,D,M
b04a3db3-d034-4ae4-9fd5-d657a331280b,2020-11-21,F,F
b32550b4-8492-497a-9a70-4ce1917b7473,2022-05-12,M,M
b344b8fd-6cf7-4d51-924a-794741d5aaed,2021-12-02,G,M
b37218ea-2f39-4601-9c36-ce1de42548f0,2024-05-24,D,D
b45b5d0c-8503-4fe0-96b7-dab0d1e0eea2,2023-05-10,P,P
b877cac5-832b-46fb-93d7-613daaf8ecba,2021-01-30,E,M
c02f8b71-ba54-4744-993e-c7d8867d92ac,2021-12-08,D,D
c3393e80-4330-4221-8d45-59fe9d7b0846,2023-10-31,D,D
cb7ef84b-a057-495f-b864-30d60fee19f2,2024-10-02,C,M
ccff4f04-627a-4e94-99ce-b44144440e0b,2024-01-20,F,M
cd6da5c4-e969-40cf-8919-279ad541be52,2024-05-24,C,C
cd75b89d-eb99-4060-b764-8459a5640d1a,2022-11-29,E,G
cfc81138-d23d-4deb-b592-208b14477fca,2022-08-19,M,M
d2377361-b5e3-4b71-8c5e-fa2226037318,2024-02-24,F,M
daf4cb84-46eb-4a2d-9c5d-dd17de22a5c8,2024-05-24,F,F
e200d8ae-168c-4e63-83bf-d6ccfb6a8401,2025-01-22,E,E
eadd92e6-1a71-437a-83cf-482fe0586e21,2025-01-23,M,P
edbdfb2a-833d-4663-b538-bdd44cc70f06,2021-12-11,B,G
ef8f2784-c87f-4c77-9d5d-563662124c01,2023-02-28,G,M
f236a0af-a31d-4b7c-b399-76cc49391f86,2022-07-20,E,E
f5c28f88-eaa3-44f7-a266-6a1dcd7e8833,2022-08-28,G,G
0125aa75-add8-4adf-863b-ca91613da4a1,2022-07-17,C,C
04dc95f9-3497-4f58-8679-205341292e00,2024-10-21,A,A
08073187-90a3-48d0-9944-a99c493beee4,2024-05-23,M,M
08c44327-9eac-49ce-b3da-ad7e7387d9a5,2023-05-30,M,M
09af0032-7895-4984-90da-a97eeadb12a4,2023-06-29,D,D
0a743881-1eda-43b5-9c47-992907161bff,2023-09-18,D,O
10a70b73-b1a5-4c6c-8341-999f04089e20,2024-03-08,F,M
11b8cef5-0f11-434e-b994-6b5b032b2e58,2024-05-23,C,C
1301e8fa-3bc5-4719-9cc8-bfb738c97f0a,2023-12-29,M,M
143b2cb2-178b-4a4b-8166-7d20b405f129,2023-03-06,G,M
148012c9-6b0c-418c-b1c4-7e7a3dcd5c96,2023-10-31,M,N
154bfd40-e475-4131-beec-f3daddbf774c,2023-02-27,D,E
1589dcde-9f57-47ef-96e2-9b2acfe8b1d3,2023-03-03,G,G
165eaba1-aab7-4e81-bb0f-72ef525f303d,2022-07-31,C,C
1757e9d6-b8c3-488f-9f3c-89115b352fc6,2024-07-16,E,E
182ddfde-ef9e-413b-ab8e-13b260d183f8,2022-10-29,D,M
189447a6-6f7b-4168-ac61-8e257efa57b8,2022-10-10,M,M
1f32e4c5-7f75-4f8d-8e13-6d6941e9828d,2019-07-15,G,G
233f3509-eacb-4a78-996a-973be75d97ad,2019-07-08,F,F
25168c5d-6a29-440d-acf1-a1c7acbcf17a,2022-01-29,F,F
26251e18-85d5-4a32-b606-b7ee8bd211bb,2024-03-09,C,C
27bb1d33-2823-4bae-9b9b-1fc6239f574a,2024-02-09,B,M
29f8e304-3886-4232-bd23-5cae90d33d87,2022-08-04,M,M
2adbf581-72af-42e7-a5d9-3f8517656bda,2022-07-29,F,M
2c4437aa-1f40-490e-be64-fa7a198999d0,2023-03-15,C,D
2cb6006a-0cbc-43fa-8e70-3951ce6838b6,2023-02-01,M,M
2e67dd5c-6e09-43cc-9db1-f646c897a013,2022-06-12,C,C
2f0d431d-245c-4d3e-9eb7-7f94af163cf1,2024-04-16,F,G
31cedacd-026d-4de6-86d3-86ab8454c850,2021-11-29,B,M
31d40d53-baf5-4a04-b0d9-c6c66d26a4d6,2021-05-03,F,F
376cb4cf-51bf-4836-b4ca-d934f0f7c85f,2024-09-29,M,M
39d7b268-66e1-4d54-8687-f8d6b95ed1fa,2024-06-20,O,P
3a6dfeba-f6aa-4b62-a95b-4d00eac66054,2022-11-20,G,M
3b50ae85-f65c-4a10-af00-1f87c19bd47a,2023-01-20,M,M
3ca9d3a3-f1c3-4d02-bf0e-54d4aa33c8e1,2022-10-31,D,O
3e3d1601-62d2-4459-a747-6220f7dc9eaf,2022-05-20,M,M
3e99af5a-ebe7-405e-9b23-70fd3f06652a,2020-12-10,F,M
47e5cce2-b3ef-4faa-87bf-e478acdb4c97,2019-07-08,E,E
4ad91c9d-f085-428f-b7fe-ecc1c8e0f1e0,2024-09-16,F,M
4b049f16-d2f9-42d3-bbf9-e0dc10aa71c3,2024-01-16,E,M
4b0ccf13-d668-43b1-8728-3ff8ee6cd287,2022-05-15,B,P
4c41bcd5-febf-4edd-bf56-c1c1557a42a9,2023-10-12,C,C
50a84d86-2062-442b-98cb-0290a7d35b22,2022-06-29,M,P
571849b5-3aed-4d07-b8f8-67ec1293fd42,2022-11-18,G,M
592264e6-ea27-4cad-8f94-6c41b97b3508,2024-06-28,E,M
5f3b9848-e82b-4018-a6d1-185665244bd0,2023-09-28,G,G
5f644db5-a02e-48db-959f-68665ec51d58,2023-05-21,M,M
5f711231-4dc7-4618-9553-976c4f27cb33,2017-01-02,E,E
628b118a-30aa-4e5b-9fe0-3c37318fc5e5,2023-10-06,M,M
643e04d1-cceb-4e6c-8ed3-2a771917dca0,2022-04-01,M,M
66021f0f-5049-4d5e-829e-9022f5e937fd,2023-12-29,C,G
66b2f1f7-9310-46ac-8cde-fedf05565a5f,2019-07-08,F,F
66dadc79-ecfe-45da-9862-e3662a9d59bb,2023-01-11,E,E
699a459f-04f1-4fe8-b290-7dec09f6707d,2024-03-13,B,C
6a8041d2-5300-4a9f-8a17-69d155367721,2022-03-05,B,B
6d86350b-6f4d-44f7-a26a-78af6afc02c2,2017-12-10,D,D
703db68f-3f2c-4e50-8b32-8bd86f382de3,2024-01-05,E,E
72151064-07ea-42de-b9d0-cb92338cff29,2024-03-18,B,B
736d347a-91df-46ba-acdf-e6defec7288f,2019-09-23,M,O
742e92c7-e158-4b6d-8347-d960629c73e9,2024-01-31,D,D
74823454-5ed8-49c6-bae7-8e329f54e5a4,2022-10-12,C,M
748ec3e3-ac09-4742-8a9c-e469a9385fc7,2021-12-05,F,M
76767434-389b-47d3-a606-e18fbfa199a7,2018-11-08,F,F
77f54c4e-15ce-4cbe-adbc-ca5e61d8fa87,2022-04-20,M,M
7952cf1a-ddac-444c-8a5a-46efe5b1d52a,2025-02-28,B,E
7ac798cb-e0d4-4e37-9dcf-2aaa13f186df,2022-08-15,M,M
7bff27ac-a5da-44db-94fc-6a873f8f6827,2022-02-27,F,F
7c357b36-b15b-49bf-afac-2809bf154999,2024-10-31,G,M
7d743823-91a3-4386-a1cc-a35c07b0d7dd,2022-07-06,D,D
7fc40172-5df0-4e6e-b8d5-59430fa4b24f,2018-02-04,D,D
8071edd6-2792-4a5c-9d0a-145f1ddfd5e6,2024-01-08,P,P
80996949-f5f3-4e72-b7a7-ac681123232f,2022-07-02,C,M
8299601a-e88d-4c93-a5fe-78d069f677d3,2022-12-29,F,F
842c7507-7770-4012-bf82-c2257837c07d,2024-11-28,B,M
8495d181-0487-4c6b-9f2a-57f3752f34c8,2023-04-30,M,M
857f08fa-ea2c-4506-947d-1f26526f2db2,2023-02-01,E,E
8bfd8120-1db7-4253-9792-2f65ce470a0b,2024-03-30,O,O
8c4c9fa1-0bb0-4a10-b637-9a1c84ce3939,2024-10-21,O,O
8de8ffa7-f801-46ae-81b6-cadcdd52726b,2022-12-31,M,M
904836d8-c5e2-4d25-8190-5f5daaaca65e,2024-08-04,E,E
954f6af2-8788-4536-896e-80fc0e93c212,2022-06-01,C,D
97773c45-969c-42d6-8198-180723f08d14,2024-11-08,F,M
989f33cd-e314-4066-9df7-9fee22a7404c,2022-11-20,C,M
9bfb2b9f-f7be-4895-b2d7-b389567af020,2022-06-26,C,C
9d5bab0a-58e2-4ae9-bcd0-4b58bae22dcb,2023-12-06,C,M
9dad1561-1179-45e3-b2b7-a818b81dd040,2023-10-22,C,C
a2c9753e-de62-479c-9957-41a64077de26,2021-05-01,D,D
a377a187-18be-4749-9e9c-056265306aa8,2024-02-19,O,O
a483fa1e-3b0c-4ff9-978a-2bef0df9f7aa,2023-01-03,C,G
a70b7723-2551-4520-a66e-1cfe9aa0e6a0,2025-01-02,D,M
a813727d-e1a2-4c12-aa0b-986d8a5c4d30,2024-05-03,B,C
a926db8f-efed-44db-a3e4-d94714636f7a,2023-12-12,E,E
a9b5f5e4-ed7a-4454-a338-809f1a3d5bdd,2016-12-15,G,G
aab43714-aa0d-4942-a62b-836b0047b8a6,2024-10-04,A,A
ad0d93a2-e8a8-4a7b-abcb-3ca16966f28f,2022-09-03,D,D
ad77c950-4abf-4c37-9f70-11ffd53ac8e6,2021-12-02,B,M
b0a5bb5e-00d0-441d-be32-b9ce260e6680,2024-08-16,F,M
b6a91711-eb55-46cf-8702-51d20393b4aa,2021-05-09,E,E
b960d724-c502-4f58-a246-fc1bda2a3010,2023-10-16,C,E
b9e2f1f4-a006-4296-b19d-fe461b0420fc,2023-06-13,C,E
ba61c8c8-cbe6-4954-921c-884c5f7a0d05,2018-05-03,G,G
badfe48f-6b21-4b54-abe4-83360f5cd6a4,2022-11-27,F,M
bc05a010-41e8-4e61-bc3d-da14a073b040,2024-04-08,B,B
c047b475-8cbe-455b-8430-c5c935295633,2021-12-11,E,E
c07ed4de-4e4b-4719-9e0f-cf7c5d0dbc9f,2024-01-20,M,M
ca48de28-ba57-4575-ae1f-997714cf49db,2017-11-16,B,B
cb5854bf-b0ae-459b-8709-a0ebee4d3b7c,2016-12-14,D,D
cd0f19e1-a781-4e67-8726-cdfa3cad1d33,2022-02-07,E,M
cea0db56-aff7-47c9-9e2c-24f468b14058,2023-01-12,B,B
d2145fdf-6a64-46f3-8e9f-68e445600e10,2023-09-28,M,M
d2de9d22-8418-4c0b-8502-457a2a0e805c,2018-09-10,F,M
d4e444a7-7b56-405e-8749-f40e9ad13318,2024-10-20,C,C
d8e09040-0e8d-44f3-b18f-1789c7baa602,2022-10-02,E,E
ddcd0a0d-7368-4c8c-bb4c-30d1ede59f58,2021-08-26,D,D
dedbd99f-3751-46a1-a2b5-078301ba6f7d,2024-10-06,M,M
df87f3f6-de75-4053-b27b-6ac6a600c82a,2024-08-11,O,O
e042650c-71cb-4a48-88ad-6ad393a4683e,2021-12-11,C,P
e62fd4b7-ae00-499c-9f7f-ce6c00b4dd42,2023-03-16,D,M
e642803a-6ffc-4ae8-a879-bd0c6e84d86a,2023-11-13,D,M
e68a7770-ef61-40c0-bb22-5f8bfc7e6355,2023-12-25,B,P
e885ce5f-f875-408e-87c9-a7249b13d253,2023-04-30,M,M
e98bcf47-5dc4-4979-ac4e-0d9597f4e4b6,2019-07-08,B,M
eac62d9c-2fff-47d3-85ae-92e7c6930484,2022-07-23,E,P
02d05d14-770c-4bc2-bcc5-d2f1de455175,2019-07-11,E,E
04b6ae9a-5d22-424e-8bfa-4ed0cbbf9ed3,2023-02-26,A,B
06a446ff-5759-4727-ad5b-a1844be83236,2019-07-08,C,M
08b84075-988b-41ac-bda2-e4960e226dac,2022-09-27,B,C
0aab3579-52d9-4d31-987e-04728831251f,2022-06-04,B,P
10275e22-351d-4aff-9f29-a289b9bc3188,2022-06-22,C,M
114e6029-69e7-4147-b915-37fcd0ab92d9,2022-11-03,C,M
1168c90b-3ecf-4e8c-b2b5-05770ce89a82,2024-04-01,M,O
11aa86e4-f0b8-44bd-b1ce-77a4d6bb86cc,2022-03-26,D,M
1201859b-c270-4431-b87f-363c1d802211,2025-02-01,M,P
16ff0948-2bea-43ec-870a-f4c87835aef4,2024-06-19,A,C
1b739dae-531d-45db-8e4a-bc9dea7d076d,2023-09-28,O,O
1ddb030b-e1af-4840-bf2b-e0ed77d7df4b,2023-11-01,M,M
20534f71-ef00-4cae-87c1-94a0fb363af7,2021-09-27,M,O
21f9e042-461d-4b09-9fc7-c1ec10a09fb5,2024-01-04,M,M
25ee14b9-7664-4e10-bbfb-2143ccc7c066,2022-05-28,F,F
2785e70b-42a4-492f-9713-f6b7ab651550,2025-04-15,D,E
28d11c74-c516-4187-8420-bc85574db9ac,2023-03-16,A,A
2c36aa54-5f53-4d9a-ba1f-e87b8e2b597b,2024-09-27,B,B
2ce2b157-fdad-4ea5-b960-c1299e2a8e9e,2019-07-08,M,M
2dacb0e0-9095-4f64-a072-c2ba2c233164,2024-07-31,G,G
34141192-1bd5-4675-ae5a-e69876d0e164,2023-07-04,M,M
341d6456-a9e7-4cff-9cdc-945ace76da3e,2024-02-26,B,B
3a000d23-a8bb-4cdd-b0e6-e1c27c1c542e,2024-03-30,M,O
3b0d1742-ac17-41bf-b6a0-12622e5bc1dd,2022-06-29,F,M
3d93056e-9c39-49fe-a74c-5081dddc3aaa,2023-04-28,C,M
4100bca5-713a-4657-872b-29c5a848b9cd,2022-02-22,D,D
4561db7a-d8af-4340-8a20-aa93037aaafd,2023-05-30,M,M
4cc508fc-33e4-4777-b19b-dedc8a366a4d,2022-04-29,M,M
4ffc6414-b7de-41cb-ab28-3284d90311f2,2022-05-09,D,G
5078490b-afff-45ad-a4d9-607ff1a2c4ea,2022-10-07,F,M
58548d37-de59-4811-84f9-cb5acbe6262e,2022-05-15,G,G
5926da83-dfc8-492a-9483-2dd4a7981bae,2019-08-07,D,D
5aabf5e5-62e0-4dff-9e71-5ddd8ea5413a,2016-12-23,E,E
5cb85008-cc8c-4517-8c13-e96029832987,2024-06-25,G,G
60fcae4d-a9a8-4cce-93e1-b993c5feaea3,2021-09-04,E,E
644ff1bc-0e05-41e8-93f0-b9da6f7dbbef,2022-04-07,M,M
658a7ec6-673f-4afb-9156-b442da934dd8,2023-04-11,M,M
6714bf1e-b387-42df-8d05-ae4b4baf8bee,2019-01-16,E,E
6b17bd45-7b2f-421a-85d0-93275b8d6460,2022-02-16,M,M
703c31a7-0f50-41f6-b4a1-81c38a2e45e7,2021-12-28,G,G
72830010-13f3-4bc3-b9ee-92e17ff9fb29,2023-01-29,M,P
73cd7fc6-8df3-44ab-b4dc-b056970f5cb9,2024-09-28,D,D
7402caba-aba4-4d4e-b91a-b5c3cb413d97,2023-01-17,C,P
759f0932-dbb2-409b-8731-089b94bfe109,2022-07-12,F,M
75c43a7e-af6a-437a-87f5-02ab991c18b0,2025-02-09,D,D
75fb5d6b-3170-4c9e-9434-930a02b52f4f,2023-07-31,G,M
7615f710-70f1-468d-a8ff-512cf8925a65,2022-07-21,F,M
76389dee-001e-477f-ba8c-1d70f65fed79,2022-03-05,M,M
7923ab94-125d-4501-8033-e2ced0205ea6,2023-11-06,M,M
7b7ca0cd-d3c4-4a69-9a79-0ad55a0b31a0,2023-03-30,O,O
7be4877e-2de6-4ce7-abaf-314871831039,2021-11-29,M,M
822c7c85-e6b0-409d-ac8d-3c1972b19245,2023-12-29,A,A
87b74bf9-9d70-43f6-a8a2-d004e9238fff,2023-05-20,M,M
8c7b73fd-7366-4cb5-8d6b-622d3933dbde,2023-09-18,G,M
8c963d93-d8ce-448a-bf92-bc79e24182ee,2023-12-09,P,P
8ec3e9d4-ac4f-4b4d-9cdb-83ed3d450aaa,2024-01-15,C,M
8f2b6f1c-1117-4f47-b54d-98c5f4a1e980,2024-05-24,G,G
900761c3-2fdc-402c-8ad6-db411d7a2a89,2024-12-30,P,P
91281099-b6f9-4c9b-a4b7-3f867c5a4bdc,2022-11-27,C,C
92873745-8974-4257-ba78-4882de5c4ebc,2020-11-23,C,C
9460cc1e-6ca8-489b-99f4-883b47918ac4,2024-06-30,E,E
9673e9a9-4f54-4647-b472-a05e5b515285,2023-04-24,C,C
9bdba516-06fe-4461-8db4-e9f7bf1a735b,2024-02-04,C,C
a38d5ea7-85c9-402a-b77b-912cb5a36186,2021-11-29,M,M
a43bd9bc-17d7-4c40-81cb-2698f97ad24a,2019-07-08,F,F
a5f30fc8-1a81-466b-a23a-ad0b6fa503fe,2024-09-07,F,F
a61bbd09-6b5c-41a6-ad85-f3b5ef379c2c,2024-05-14,O,O
a6d3055d-02fa-4d9c-b5d3-f1734e8b863a,2018-01-16,G,G
a75947c9-fc26-43eb-a24b-8426df1dd09a,2024-09-29,B,M
a979c4ba-a58b-4a91-8158-3d58b5212fbe,2021-12-11,E,E
aa2a3491-94d1-4b13-8e37-ba534878a908,2024-08-01,M,M
ad74951b-299d-41dd-8bb0-1df466f0b274,2023-04-30,B,E
af6fc93a-af53-448b-8da5-cd54f20bb077,2019-07-08,F,F
b55fed2a-0b82-4028-ab98-34418bed5e72,2022-01-03,M,M
b892fc3a-67f8-4cc7-92c8-da65c1a6f72a,2021-12-02,E,O
bdc78e48-eeaf-41a0-8351-d44a21026a88,2024-09-15,M,P
be2280d7-f994-4f9c-937d-edcca5d3be14,2023-09-28,M,M
c07820ad-c61d-4293-8af5-a2b0aed04357,2023-05-29,D,F
c15b7da4-906a-47c2-89b9-88eeb296540e,2022-03-04,D,E
c16d7985-4fad-41a4-83eb-4ebae26c212d,2023-11-01,E,F
c2ad20cf-8c18-46a1-a012-6bd7b58c3725,2023-09-25,C,G
c5194714-0e8d-4f4b-9b9a-0d770a91dddb,2023-06-18,E,E
c5690362-2cfe-472f-9033-fa5958cec986,2022-08-19,C,C
c6f4b3b2-c404-43c5-85f1-53c1044ca0d5,2024-02-29,P,P
cd772e84-1e23-44fa-a158-c6386678665d,2024-10-31,P,P
ce5eed18-576c-4a4e-9ca9-45d87250d9e5,2024-10-06,M,P
cf11b8b3-c66a-4fbb-8266-3895ef3a34ad,2020-08-24,E,E
d41b01dd-3474-41dc-9867-49e2dbc1f476,2017-10-28,E,E
d53c0d8a-c0f3-4fe9-9c6d-d04b0be86294,2025-01-08,O,P
da0cb5b2-7328-4dc4-9699-5b54c7cbc6f1,2023-01-29,D,M
dcde05aa-f000-4ec4-b95f-69177e0e446d,2022-08-19,M,M
ed912d20-4ed3-4e0f-9a61-800379474687,2024-05-04,F,M
f1376086-5ad1-4dd7-a6eb-41ffc0b3b3bc,2024-01-31,D,F
f1af1b14-9bf8-483e-a019-81ba627608ad,2021-01-04,D,O
f7bddce7-7b90-4194-bf59-2c9ab668cafb,2023-03-03,P,P
f9d0992e-9c06-4bd4-ade3-9116451ee21f,2019-07-08,C,C
fab2274d-1c13-417d-ad4c-e51cfd1b47c8,2021-12-11,M,M
fb022f6d-2164-4b8b-8398-8a73ebe693fb,2022-07-06,M,M
fddefd6d-0365-41bc-ae4d-4e8a9807372a,2023-06-27,D,D
0360056a-71e7-488f-b05e-dfeca5ad5ea1,2024-10-24,C,M
07dc68ec-d3da-490e-beb6-709fa3a0eed1,2022-02-17,C,D
08d99fa9-d9b4-438d-9a89-ffe6a1fa1929,2022-07-09,M,M
0d0e9289-0756-4313-ac92-948025fbba94,2023-08-09,E,F
0d9e3930-7c8c-4c47-bb98-78f7ef4595e9,2023-01-08,M,M
103b11a7-f32a-4870-99ff-7378f82c0511,2022-03-04,M,M
1109c3d6-d8e9-42ae-821f-b0787bde1289,2022-11-02,D,F
13527f9f-26a7-4433-8383-9e74e8bc428a,2023-10-20,P,P
17ad387f-1f5c-44ba-97e3-875dc9263f6a,2023-12-26,M,O
185953f2-3f76-4d53-9ec8-a2bb0fa4e3be,2024-07-31,E,E
1d177c9e-6f5e-47b8-a7b5-fe8d573662c0,2024-03-24,E,E
22566ed7-7cca-4a7f-944b-220654ef2e96,2023-03-30,D,M
240d02ba-3698-4259-a397-e58e88e9d0fe,2021-05-07,B,B
24e03a57-4df6-4b53-9b8b-16e520a63b1f,2022-01-21,G,M
29183715-3eae-4bf3-a530-e98546f00263,2018-12-05,F,F
2a9df083-9948-45db-8df6-3104c279b860,2023-04-30,M,M
2aa9746d-2b93-4357-96cf-0b00e6ca982a,2020-03-14,E,E
2ac9c5a4-bff1-4c56-8136-84a5c70a1676,2024-03-02,M,M
2bd962dc-15e8-4540-ac11-f03b6714d9b9,2024-07-31,M,M
2ef22f06-8f44-4e39-a298-1dc9c3fdc068,2020-12-28,D,D
2ffe504b-78a6-462d-b785-d73328618fbe,2023-04-15,E,E
308df110-3bab-4b8b-b648-bfc7993d81de,2021-08-30,M,M
3511db04-22ae-4015-badf-6ff07bcb928a,2022-05-28,G,M
360a2f9d-cb23-420c-980a-f8ecf1f6eb27,2021-08-02,C,M
371c1619-4d9e-4f04-97e2-15ebab561d06,2024-05-24,D,D
3a83e563-cef5-4486-9b7b-683854c7f507,2019-07-08,P,P
4125e256-5d08-495e-8746-0207ff9e921b,2024-08-21,M,M
430a47df-9481-4f54-b56e-c971921c00cc,2023-03-30,F,M
45bec8ee-9a9f-4eff-a6cf-ee3f2a8ccd0e,2022-03-05,M,M
4d9d4a4f-9bdf-4ad8-b960-bca6a636caaf,2022-07-24,M,M
4da0c6a3-b45f-40d7-b284-54f2630fd2d6,2022-10-02,M,M
4f89c3c8-3ca2-4c23-8b93-9da566df7331,2024-04-02,D,D
515b9ac6-1d8b-423d-93fc-9d0f03f95be5,2023-02-01,E,E
56a871f2-2d5f-47eb-9849-ea8a430b059c,2022-03-05,E,M
59d1c703-8ef3-4fb8-9142-4c71d3dee586,2023-08-02,G,M
5e63eca4-120c-42d0-b71b-5e8d9667ebc7,2023-07-03,E,M
61b0aeee-098d-4380-8d33-54c494ba631a,2023-07-20,B,B
64ffbf0c-26e1-4dfd-8932-5d2e85f086ef,2021-08-23,F,F
69341683-1011-4301-aa83-2d4a0f052253,2024-05-23,D,D
69462571-7101-476a-a0b9-dd0562fe1aac,2022-12-30,E,M
6a613de7-2a43-4598-84cc-f90693dae528,2022-03-22,E,G
6ad839d2-d2fb-441a-abf5-98e23e63070e,2024-01-29,P,P
6c9df86f-7d8f-4e47-8ae0-d654ee62cd77,2022-01-31,D,M
6e66a847-7ec7-4df6-b7b6-9beb56ea9bd8,2022-12-28,C,C
706a48c4-a494-45d3-b147-f4201ef484b7,2024-05-24,F,M
7144d9c7-931f-4c5b-be2b-a2bc61abea12,2022-11-05,C,M
724b976e-6d7d-46ff-a907-d865b004f7ed,2023-09-29,M,P
770123f4-1423-45de-8e1f-462c1adc0c36,2022-05-21,M,M
775c2b4d-0cd2-4ba6-9048-78bfcb331baa,2023-12-29,E,M
7cd2c31c-f3c9-40d3-9989-bdeb75bbedad,2022-10-09,M,M
8168c7a3-e047-4dc7-a306-000b459722e4,2025-06-07,B,B
841c0f62-38dd-4ffa-ba68-11401d729ddd,2023-12-25,P,P
85d15e74-890c-4fd1-a3de-1fae4e2967aa,2021-12-11,M,M
88be12fb-af9c-48dc-b110-bae310b6f62c,2024-09-06,D,M
8a80c373-3819-4d92-aaef-d1d985cd2404,2023-05-29,C,C
8b8aa0c5-4e5d-4b1d-97ed-1f038636f4b8,2022-06-17,E,M
8f98ef77-4c17-4a38-a4b9-6a1f077d9971,2023-04-14,E,E
8fbd4ee1-0821-42cb-a9c3-f1196571cf06,2021-12-02,A,E
936b41cd-232b-4e5a-afe2-c33b1c82b076,2022-09-15,B,B
94c6d197-35fd-4e6d-a19f-7e6eb155dee1,2020-03-05,G,G
94cc54b2-086e-4a01-887c-04f9c5d1ccee,2024-05-03,P,P
960f1bd1-b0f0-40e4-a108-6136ed566b32,2022-11-07,B,N
966df7f4-12f3-4a79-8ff2-01ebb9237125,2022-12-26,M,M
96738db5-5e7e-4324-9552-0994b9bf7262,2023-02-02,C,O
971aa8aa-d54c-4f10-9b4e-d2b24181648b,2023-08-01,E,O
97efc33c-0647-45f5-b9d9-b8a257a5147c,2023-10-13,M,M
9a79e2dc-9ba6-48ee-b73e-09109e1a5b24,2022-07-01,M,M
9b2386ba-0bcc-4a00-812e-04d7d97dd0a5,2023-10-31,P,P
9b3f7761-f1dd-4a79-b6ca-2e1a10b23060,2022-01-21,E,F
9ba1e91e-289e-4723-b1db-e7cf0b2f5ca9,2023-01-19,M,M
a2709864-1ec8-4fe6-8140-112e6336e0ce,2024-01-05,B,M
a47b185a-9ab7-4abd-9cd9-780628e74c77,2020-08-20,A,A
a4de8bf4-8002-4756-bb92-cb73ed5330bb,2019-07-16,C,F
a5487df9-7a39-49c0-be50-058db43cd22d,2022-05-27,M,O
a66e67bc-512e-4163-aec7-3ba138a36598,2024-03-31,E,E
aa65c965-e63d-4412-b957-d636112115c8,2023-12-14,P,P
ab5df8d2-e945-4cf0-875d-1d8314236803,2022-10-18,G,M
b0982267-7458-4ee7-a13c-b283ad799466,2023-02-02,B,P
b212d272-2f73-43ac-826f-6c5120ccc484,2024-02-04,M,M
b4d9c041-c756-4ab4-8ea7-814bb76530f1,2022-05-20,D,D
b736d34e-c825-44cd-b313-58e9536c1dd6,2022-03-18,G,G
b86637e8-0a03-4d92-bfe3-3101fcd3682d,2024-09-15,G,M
bc6a1330-a5bf-46b2-9b28-5acce191c3c9,2022-12-29,M,M
bf26df54-3ce3-46ee-b7ef-3163a5608b2d,2022-05-13,M,M
c01f2c4c-3f9f-4b9b-9c1c-e51907d871ed,2024-07-17,D,E
c194b0de-29b2-40b8-91fa-7f4d8c77d83b,2022-02-07,E,M
c42db5b1-dcda-4b9b-aaa7-a89a9db8c7d9,2019-07-08,F,F
ca267c91-abfa-4cbc-ac53-9f38f7e6bc9a,2022-03-02,G,M
ca408ad6-3f0f-46f2-bb09-95bb9fac5396,2022-10-07,D,D
d0e3778b-001a-47ad-9730-2a0e39c26907,2023-07-02,M,M
d508e0c3-b44b-46e7-98c8-2b4c0ad37514,2022-02-01,C,M
d6fb1491-dd4d-4ddc-ace5-c87b9f228e4f,2021-12-11,F,F
d8cbb4ac-2a35-4cd1-b521-0c975eb4da04,2024-12-18,M,M
d8eaee01-14ae-4ab0-85a1-843cf0a6f832,2020-02-08,M,M
d969465e-e9ac-49f6-9a8b-168566e8479a,2022-05-22,D,D
dc65b629-c7de-45e6-8d4a-db3e7131dd8e,2023-10-11,M,M
dcfbafd3-4b9b-45c5-8a56-cfe7bec7d38c,2024-06-17,O,O
df6a86ec-b4e3-42d1-aaa8-9cd43e9d9016,2022-06-04,M,M
e04b46e8-8cd0-4e3a-aff9-4f1486761dbe,2019-07-08,M,M
e125aaea-a346-413f-96de-3f48fe317dd0,2022-06-04,M,M
e1721290-b94b-426b-a11f-797bd4e4669f,2024-09-16,O,O
e36f5218-5acd-41b3-9a93-b825774c9e70,2023-04-20,P,P
e4f5193f-2898-4812-bbde-5e59d24ff165,2022-12-10,B,F
e781b500-78ea-4f8a-b65c-7f898f05fd52,2024-06-17,C,M
e9713a29-11db-4ed6-b2c7-c98be067cee2,2024-04-09,D,M
f2ddb294-a7ae-4b31-96f0-812b88958266,2024-05-24,E,E
f2df8d84-5123-4aa3-b54d-36939a9f7291,2023-12-29,A,E
f86a7cec-8db8-49e6-bdfb-94081ea03f07,2021-10-05,B,B
f95dbbd2-644f-4981-832b-ba676163f434,2023-03-30,C,M
fa613928-95a4-406c-8632-23fa71e11846,2022-02-18,B,C
fbb14a64-0c38-4c5a-a578-a165fb42f29a,2023-10-22,A,D
fd3cbd79-98c9-4951-9891-d727977eedf5,2022-11-28,E,M
ffe801f7-2fbe-4acd-8adc-995cf2de87e8,2021-10-05,G,M
1bf821a4-b635-4d8e-8e43-e5388e17f010,2024-05-24,,
ddb40bdc-620e-4af9-a42e-e7f1bc7b7efd,2024-05-24,,
00e4f1d7-13f1-4b72-9d56-15c2a3ceb18a,2021-11-08,M,P
0137c0d6-ba80-44ff-a262-d7ea28edd3c5,2017-08-13,G,G
04bfa354-38c9-4b42-8188-00ba6c5ccdb7,2022-04-13,M,M
06d9c304-365f-44eb-b12d-00498365af18,2025-01-10,E,E
06de14d4-2c50-42d9-a2b6-304c358258e2,2023-04-18,M,M
101a1c03-60be-4b99-99c6-281e265bfd61,2022-04-14,M,M
12aa04ab-0f2f-4400-91ff-e1631625dd4d,2024-02-02,M,M
15237261-6d8b-43ce-91a2-08774c7e2ce6,2019-07-08,C,C
152de2a8-0fbf-4fc4-ae23-4a49601c85bc,2022-02-16,M,M
15f2a97a-87cb-45dc-9884-30a4ef6323c7,2022-12-14,G,G
16dd16e6-6a64-4b65-8f3b-1210c7ff8d3b,2022-05-08,E,E
180b1e31-f0ff-4853-80c4-4fb46cb430cd,2023-01-14,M,M
1b0acfd4-465e-4855-9051-414f06e6c020,2023-12-14,F,M
1dbf7d87-600e-48e1-a6e3-b1642343fd9c,2023-10-10,O,O
1fdece8f-d84a-4500-9ca4-386657d092d9,2023-01-29,B,M
207be6c4-7038-4d29-ac52-2fb04430d5e1,2024-09-30,M,M
2105cdd8-614b-445d-a492-6d126c0bb29f,2024-04-01,F,F
2650dca0-6efd-4396-b5d8-ab7cd7986322,2019-07-08,D,D
26da5719-d8bf-41e4-a51f-665234cf1f7d,2022-04-30,A,A
28f4fc46-9a5f-4dcb-acfd-a34ffd5d40d9,2023-06-26,G,G
2ba2d1db-2d1b-4687-bc05-62e8f72ae59a,2019-07-08,E,G
2cbda4f8-eb34-4c46-ad33-433db07a7bd6,2019-08-12,F,M
2d497d40-4dbc-4653-b7d8-5f2d095210b5,2021-12-11,E,E
30d6b48e-5657-4678-ba26-aeaa3ec46727,2021-11-09,C,P
37b3f886-f2c7-4207-8cf9-c0faa9869f2c,2022-07-22,D,M
3c32d975-2f10-4408-9d72-12a52e4b58d2,2022-11-02,E,E
41863282-b785-474e-923e-1360c4a950bf,2024-06-28,E,M
419887f4-8629-4227-bbee-4f56e4e6c8f8,2022-11-30,M,M
48f1916e-3f75-4c02-87ee-16b712b36c6b,2023-02-23,B,B
4944de95-5fdf-4c40-bb7f-b2c0be8c3105,2022-04-27,M,M
49b3ab8d-5d36-4af3-aa0a-9042774dda6f,2022-07-14,M,M
4abf2081-e522-47d5-aff4-7ec6c8a4599a,2024-10-04,G,G
4db59512-250e-4424-857c-2b929be41927,2021-03-29,F,M
4dc84798-ad18-4a43-a19a-d362db73567f,2022-04-23,C,C
4de35e4e-c500-41d2-b45f-ce30e4b0c9e5,2024-01-30,F,M
4f2ab958-198d-4b67-bd0a-31c032911fcc,2022-02-27,C,M
4f8b5ad1-c590-4d2f-8960-ffe7acaf309c,2023-02-01,C,E
50ef041b-b59a-4d60-84ac-d3ea17ddd7ad,2018-11-26,M,M
529842e1-22f1-4a4c-ae33-18dde1a07304,2022-07-12,C,M
596fa48c-9547-4409-9d0a-8af60679af49,2017-10-26,M,M
5bb1cb85-c93f-4e69-8326-3dd38f30429d,2022-06-04,C,M
5c230b56-09ca-42b7-9f6c-5f1643ab20cf,2022-11-01,M,M
5c566982-166d-49f6-beaf-67acfd143a0d,2021-11-05,M,P
5fd44f41-d6d2-48ae-8063-5583f9b423d2,2024-05-24,D,D
68406140-2a7c-4daf-8df2-69248ab5ab9b,2023-12-31,O,O
68c21cdb-35b8-459b-b516-954a5c154a90,2018-03-28,E,E
6e287695-5f7d-47fc-95ea-b30907a1c34e,2017-05-29,C,F
77daf4b4-36b4-411f-bd0e-4dbcc000d484,2022-06-04,M,M
7959e379-c24d-4663-9e4a-fe1e35d8bc7a,2025-04-24,F,F
7b5e7f10-44db-449c-8e10-7ad1bb2b78a9,2022-09-01,D,D
7bc581e4-9889-464e-a4de-6339aba67617,2023-11-02,M,P
7c1b216d-ad96-40cb-93fb-c01f72b3acf8,2022-09-27,M,M
7e970665-ea43-4f45-b351-af9b35cf67e6,2022-12-28,C,F
8086e018-ecd2-4477-980a-12ea0c5f5090,2025-02-07,D,F
84416204-5a2e-407d-92fe-5f6f963a5172,2022-11-30,E,E
849477a0-d0b7-4c17-ab17-7aa525f02ca3,2023-11-16,F,F
84c0cfcd-a2de-4bbf-aa45-fb9f3d25c11c,2022-03-24,M,M
8a4955d9-c20d-4c9a-b9cf-e4daa0dd28fe,2019-09-17,C,C
8ac0d114-fd90-444c-a403-537fc550a53d,2023-05-29,B,B
8bdfaf5a-7ac4-4264-a5cf-8cd1dd7818cb,2024-05-23,M,M
8d5fe857-86be-48cf-b279-221a576132fa,2022-04-06,E,M
8f898e8a-833f-4efc-8a02-27f0fb2f6afd,2022-12-25,D,M
90736b36-1634-4fc1-9bde-c48ff4c9f501,2024-06-28,M,M
9a7fddc2-6a91-4760-a99e-434977b75cc5,2022-06-01,M,M
9ed7a4b0-c66a-43f0-bbd3-551d2364b4b5,2018-11-26,M,M
9f3747f1-118d-434d-8281-dd6ad94cf2a7,2024-09-27,G,G
a0be823c-af81-49c4-b455-748243238842,2022-01-16,M,M
a1ffd35a-0ea6-4aab-ae63-e4d0bd03e2b4,2021-12-02,E,M
a60cb92e-d72d-45f1-9e11-8947714d64d5,2024-04-01,O,O
a6609a1a-c08f-4f49-b76f-13fe3fce10b1,2019-07-08,F,F
aab26a9f-0313-48a0-977f-4ed93364462c,2022-06-21,E,E
ab358f7f-1fa3-47eb-9b3a-11d518f7948b,2022-06-06,M,M
ae897d36-e12f-4e18-a049-1597090452bc,2022-06-04,F,M
aec06666-0bfa-4e2a-a807-00f9deed9173,2022-02-07,B,B
aef742cc-294c-4c43-a014-d7813329ea97,2022-03-05,D,M
b175819d-ea88-40d0-b508-9e5ba5d57fb3,2022-01-15,M,M
b2306e56-b082-427d-81e8-c3e2fbdc5d02,2024-01-31,M,O
b3e22913-4c8a-45b0-b3bd-fb209ba15c41,2024-09-08,M,M
b4a289da-943d-4bb3-a384-f3684ef2e7d5,2021-12-02,C,G
b4d34edc-f4a4-4d2c-9baa-5ebe825e2746,2020-09-28,E,M
b7fca236-08b8-4cad-81bf-ccb4c6e26ada,2020-01-20,C,C
bbfb9a51-b9a4-4e4d-9d05-d84b10e51672,2023-10-31,C,C
bd66c637-0d18-43d2-9b04-5554a29bcbf4,2022-10-31,D,O
bec6dd44-4f0a-4509-a9f1-44919946a44e,2021-10-05,F,F
bef503d7-942a-4aeb-95aa-5ad0dbdd9d4f,2024-07-31,M,M
bf2c9bc5-2947-4b76-9cde-1743e33c69e9,2021-01-18,F,M
bf83a682-aaf2-402e-a603-68609173a9c0,2024-03-01,B,O
bfa69580-2756-430e-95b7-20d79f435171,2022-02-20,M,M
bfb29dfd-a4a0-4ecb-81b2-55c9841adba9,2024-04-16,E,E
c018fcf8-e7f2-4982-9305-bc59dd346d8e,2024-02-05,P,P
c259810b-e723-4457-b816-e6a1c971b735,2023-09-28,E,E
c5762270-5330-4011-b517-db6eee51c605,2023-10-31,O,O
c5fcb1e0-57f0-4ae4-a0c7-ddbb2e72bbb3,2022-06-13,M,M
caa287f7-3eb1-4bf5-9898-a49eaa145e14,2024-09-01,C,M
cabcf017-6f0e-44df-93e7-6297e007db6e,2022-02-16,M,M
ce7f10b1-57df-40c7-b2b8-0a7c35d0ee8f,2023-10-05,M,M
ce9e2df8-c9fb-4ac6-a2ab-236b38b6fec4,2023-09-28,D,M
d0b61000-4546-455c-bc73-5f07fc2fb005,2024-07-31,E,E
d18f7950-4d40-470a-9c3c-3f7dcfb4dc27,2017-05-24,M,M
d762b873-4b6c-4a0c-a6f4-4904e34c966d,2022-12-13,C,M
d98915d3-e6c1-4fbf-b8b9-2505c0db37f3,2023-02-01,D,D
da684252-8ff3-4d22-8717-9f166e48ad8a,2024-08-27,F,O
dd527ba3-588c-4149-88ad-0c210d00fcab,2021-12-11,C,M
ddcfab2a-99fa-4137-a13e-a2d77844446c,2023-12-29,M,M
dfa1fac9-024b-4959-a9a9-73740b7b236e,2018-01-04,F,F
e0a9c693-a154-461d-b294-21fc1318e0f8,2025-07-19,E,E
e0b21399-239a-4ac4-acc6-37256ae40886,2024-05-24,F,F
e199d0cf-9d89-41ea-bf30-726d57e67e0f,2024-08-11,E,M
e3085e19-ad6b-4efb-8422-7c975f523790,2022-08-31,C,C
e35d9737-34a7-4cd3-b0ba-f0d0dd7016a9,2024-09-21,M,M
e7d18d2a-16ac-439f-9b04-d0755b2ff558,2024-07-17,B,B
e8a04378-8d2e-4268-8f66-b40da068dbf8,2023-10-19,D,D
e97923b4-3dee-46ca-8536-0efd60f07c8b,2022-07-20,B,M
eb8c4e42-3566-416e-8081-2ab6c70496d6,2023-05-29,M,M
ec45d81d-da7c-4f4f-b99f-26d445b1fee4,2021-08-30,G,M
ec5d546d-610d-4eac-8109-bb8bda0cfdf4,2022-07-30,G,P
ec6257a2-c4d6-4c82-8448-2fa010376127,2023-03-08,M,M
ecc4d658-51f4-4f78-9503-bcf6714b1752,2023-02-01,G,M
ed4b6c91-b12c-4c21-aa00-e16bb6ff4fa6,2023-06-14,F,O
ee14e6f6-55ee-4ddc-9fc7-c3ba437d02ff,2024-06-05,E,E
f0d6ab47-9ddf-4313-a902-ec968e85a235,2024-06-28,C,M
f2690f24-22ec-4a30-ad63-85140c17f7ae,2024-08-02,E,E
f2adfb4a-26a9-43af-a4c8-97fd1860f86e,2021-08-06,M,M
f66d49fa-8977-4f21-aa5b-75a45cbf9057,2022-12-29,M,O
f74bef7e-2970-4c1e-8eab-cd04f2b95382,2024-05-06,M,M
f75c4703-1e78-4e93-b0ff-f6ad762df7d5,2022-11-29,C,M
f7d46826-946b-4d82-ad80-be51b2179023,2022-04-11,M,M
f95c6c7d-c429-4bc3-a84c-49e8e21b0823,2023-05-10,O,P
fc005674-5c21-4e7b-aba1-9280bd445649,2021-10-18,F,F
fddfe224-1029-43d2-b041-f9e9cc4fafe6,2023-12-19,B,B
bb6a9e2b-2da7-4803-8417-a382d57faa0c,2024-05-24,,
0019e31a-672b-48ab-8921-e75c937ceb27,2023-08-08,M,M
035cb758-db76-4016-9999-5329f8568c8d,2024-07-31,D,M
0b61180b-4e60-42b4-8ddb-2d156b9f4919,2024-05-23,M,M
0d6c93a2-a9fe-408a-a66a-f309dd9c65da,2022-04-11,M,M
0d959e6c-e25d-468d-a206-85c93a706829,2022-09-27,G,M
0e4db991-8861-424a-ab1a-ede62baf3909,2023-02-08,C,C
0eaa4040-26b0-4e62-b2a2-e3f9bb5c06b5,2021-12-11,G,G
11504334-c584-44d9-ad9d-52e772392ef4,2021-01-02,M,M
14896669-b859-4b2b-b0b7-23e9a6f298d9,2023-10-31,C,M
1cf87429-2014-4157-8dfc-871424e4ac41,2022-06-04,E,E
1e482324-1303-4ee1-8783-1b43f621f0f6,2024-05-24,F,F
1f0991f1-13bb-4c6f-8cde-20781ac9b19f,2022-04-29,F,M
21961343-5761-4bcd-a750-a4ec848cacf0,2023-05-17,M,M
21f282e6-8902-4525-986a-94d62a07b1e6,2021-12-11,E,E
254262f7-dfb3-4881-89e7-1c07f9e29c89,2023-05-19,M,M
26d391ec-da64-47be-b5bb-478c0b574697,2024-09-10,C,M
2931c897-3f9c-4cf3-bf6e-ace20f4e02a1,2022-06-04,G,G
306d4389-fa0a-4143-b141-dc5c3c4ec070,2023-07-11,C,G
36bcbba9-18e9-4332-82d9-ed813d2ebfc5,2022-07-03,M,M
3eb26e0b-58a4-4913-b1b6-fea3465b61a3,2024-09-27,O,O
3eb7e7e2-b833-40a2-b0a8-6012509a0f84,2022-11-24,D,D
3efe21a0-0e4a-45dc-b0a2-bd7b0e8af4db,2019-07-08,A,A
41a9bd9a-fe70-49ee-8afc-61e24a0ec711,2018-06-04,F,F
41fe89ff-48aa-4615-b3af-afe28254c973,2024-06-28,B,B
440d553d-a407-4be6-98fe-70efc9e11218,2020-07-20,A,G
459ef5db-e50c-4a58-8eb3-48aeb358b16b,2025-01-01,D,D
45f84f64-b2d4-4f82-91ec-2cdc656fdb58,2019-08-12,B,B
46b8b240-5cd5-4fbc-94e0-943ee2d67c09,2023-09-28,F,M
483c97be-8bc3-4b64-ae15-4164608fb6a9,2019-09-30,O,O
48fac26e-b8d7-476b-81f1-5897cf10244c,2024-05-24,F,F
4b61e9b9-b37c-4920-bddb-3c79665a0b75,2023-08-09,O,O
4ca288af-9448-451d-b355-2c4888a61b81,2022-12-21,C,C
51fe8b7c-5757-484a-8515-b5f041a44dbd,2018-09-19,F,M
534230ad-dd08-4d5c-be6f-44bc314210ab,2024-09-02,D,P
54f6da7d-06bd-4aec-b7f6-541a3894752d,2024-05-26,E,F
556e8e68-75a6-47d1-a543-e2bd8c0a20a6,2021-12-11,F,M
5613ce2e-8dd2-47e6-946f-e439bfa3ac53,2021-09-06,E,E
5659135d-08eb-4fa8-bd42-2a16ee385928,2022-11-10,C,M
592a0c8d-810d-42ef-8014-da6dcc5a6b70,2024-06-28,C,F
5acb2307-10e5-43c9-bef1-6c37b3a91c0f,2022-09-27,B,G
5c460787-3ebe-4bde-94e5-4991aadb044c,2017-12-29,F,M
5f4f4e34-2067-4200-b25a-4ebe9bc630ef,2021-12-11,C,C
647231a6-7d0f-41cb-accc-989d40cf4862,2021-12-11,M,M
65b70a6d-ab03-46e2-a4b1-2b4f99f3e848,2023-02-01,F,M
67f02999-01fa-4b73-8b0d-d21503997db6,2022-06-04,M,M
68defdee-b7b6-4cf0-9668-daaf61cd9eb3,2022-06-01,M,M
68e09220-f7db-4f0f-a2c6-88db1f7a2ea2,2022-01-10,M,M
694b239b-ac29-4a4e-80ad-188060722c53,2018-02-08,G,G
6984c46c-e21b-4c8d-a4f6-ab750acef9a5,2022-06-04,G,M
69d49a08-2afe-47ff-b110-4daffe8b7b7d,2023-10-31,B,B
6b34205d-9a23-44bd-b9ed-c5c1ccd987fa,2023-02-20,P,P
6f57c29f-c645-4171-acbd-85d16bc6aa84,2022-01-16,E,M
73b59a62-f799-4a90-8831-493f2758ded1,2024-03-25,C,C
74222c04-6ae0-4a19-9a3c-a7c45ca2dafe,2025-05-18,B,B
75a36b77-b96c-46b2-8b4b-c464c17d81d6,2021-06-10,D,D
77250c3c-d938-4640-bcf2-27bc7faa9285,2024-10-11,D,M
78559b37-f0cf-46a3-8d2f-51a9b6f44fed,2023-04-20,C,C
79c7bd25-23a5-4869-9999-741ba9a0e3cc,2023-09-28,M,M
7afd175c-dfde-43ee-99ba-4761f7b2d843,2021-12-11,D,D
7ce1ad39-e744-4838-9af8-aacc9b662be4,2024-02-16,E,E
7e0654f1-9f43-4531-8873-80e2adcc18ca,2023-07-19,F,F
7faef93a-a3e6-4eaa-a6ee-e4f8c63cb894,2018-07-19,F,F
7ff5eb39-5a3e-4f26-bc85-fc98da976103,2024-10-28,D,M
82f5db62-b4a0-43c6-89e3-704d3848f0fc,2022-05-27,G,G
87601357-e139-45bc-bd65-5549346b08c5,2024-07-21,C,M
88e06191-1b98-496b-b366-9900b1deac75,2022-06-10,E,M
8d38d29e-f665-48d5-89e8-911a94477138,2022-03-04,E,M
8dd36af4-8589-422b-b54e-c9ececd7f6e9,2024-05-13,B,C
8e978412-2aa7-447f-8bbf-2dbd7031658d,2023-05-24,P,P
96c3b359-f73d-4cdd-8b20-ad409344aad8,2023-02-26,D,M
97ce05de-358c-4ecd-858b-c1e0126a2ed1,2024-08-26,C,M
9a0d6fbc-4766-4e8f-b1d1-4d6216f49656,2022-04-27,M,M
9a267780-4d3e-40eb-8b4a-8e87d5d05f3e,2022-04-29,M,P
9dbed46b-f0fe-4bd8-92b0-beeba379a483,2024-05-24,G,M
a402af51-5c1d-4fe6-9dcf-ca58637da2c0,2021-12-02,M,O
a6bc1dd3-8474-4654-8797-e4c48e0144a8,2022-12-11,F,M
a8eaf469-3f7c-49a0-aaa9-301001201294,2022-06-13,F,G
aa356cf8-3195-4128-8eee-74fb850dca73,2022-06-04,F,F
ac1b704c-f756-4392-b0fb-9b4bd46bba0b,2023-04-11,B,O
b1909bb8-aca9-4a50-a8f9-bce24c0e4a8b,2023-03-15,G,G
b5353347-a7e6-4163-8420-a9c4b12b09c5,2024-05-23,E,E
b6cad3ee-be50-46ee-bebd-9286ee35c4ba,2023-09-28,M,M
b70a86fe-4723-49eb-8a5d-2ddf3bb18f77,2023-09-28,M,M
ba6517ff-e12d-4c60-a878-ea7cbd0e2a7a,2025-07-24,B,B
bdab5dae-a6ac-4433-a410-3d67b16f3973,2022-08-22,M,M
bf0d07a1-fc71-4bd4-a6c4-e76bb442355a,2022-10-04,F,F
c2e7e3ad-2165-4772-87f8-4de9f55c5620,2022-11-02,B,G
c40c2af9-d464-4789-a270-1852838e2fc0,2024-04-23,G,M
c4cccd83-f4c4-4662-b3ef-31774210ce1b,2024-06-28,E,E
c715224b-9152-433c-bfea-8f028389c1d8,2024-11-13,D,F
c98becdc-ce31-4ddb-a6d2-01d85d92deec,2019-11-11,D,D
cb52aa54-3c8d-4aae-ac78-cd75aaedc1f9,2024-01-15,F,F
cbe8a033-f7c4-447f-83e4-96ac04ff5129,2022-10-15,G,G
cf1b00f5-dfb1-4812-96db-afdec273715b,2023-08-02,G,M
d2a832a4-4555-44f3-b016-04f646c16428,2021-12-11,M,M
d9e86220-ab97-45ee-90f3-fb5704f82495,2024-09-09,G,M
dac3127c-8267-4008-9e63-2f043e14fb8a,2022-06-03,E,E
e0cd5b7a-0d72-41e5-b5a6-9c7361a5d5bd,2023-02-01,M,M
e1355809-7aa0-4359-a23b-c7f66296db0d,2022-07-04,A,A
e68f2199-8d3b-4af0-83fd-871635254d34,2024-02-26,P,P
e8a26398-3888-4ba1-a931-ed991a170d96,2021-01-18,E,E
ec0ead07-6192-44af-bc3f-b4d52d189a30,2022-05-09,C,F
ecfd6701-e4c3-468f-953c-220720bdb872,2024-09-29,B,O
ef2a7928-9c2d-439d-aea7-a5b72108631b,2023-10-19,C,M
ef4324ce-6afa-49ca-b6e5-c1a14f828214,2017-07-21,D,D
f07c27bf-4f28-4274-a749-49c6025e0e96,2022-09-29,G,M
fa31ea19-62d6-424d-a268-32a18ea0a2ae,2024-11-18,B,M
fa59fd32-9428-4637-bbcc-879cb679f9e5,2023-05-03,C,M
fac2eb1f-e835-4c8e-ad51-e766acb5aaa9,2024-05-24,F,F
faecf9f9-b1d6-4b08-a76f-ff083baea1a7,2023-06-14,M,M
fdd3c0cd-0192-42d6-8bda-02324e9867e1,2024-05-16,G,O
ff87efba-3f20-4caa-a3c7-2e8dc1aa4a66,2021-01-18,B,B
01479b67-7343-4f10-a1fc-0b8436a9d859,2022-01-20,M,M
02aab020-7165-46a0-9f40-df0a5975f7a1,2023-01-29,D,M
02cfb448-fd48-4894-881c-6ab12a8e19ee,2022-06-13,M,M
0375bf1d-4c87-4c02-9a3a-4bdee669589e,2022-03-01,M,M
06fc6fb2-57f4-4fe2-a4e7-795b9d24d0bb,2023-02-20,D,P
07350691-f5d9-47b8-a9a2-7a8a5000d418,2023-04-26,B,M
08d59003-3287-4438-aa0b-f6aefb14640b,2022-04-12,P,P
0a8f4d02-826c-4908-9e13-d194dfbda02f,2021-08-14,M,M
0b67e3fd-4a22-4071-97f2-1cc6d0ffe955,2023-04-08,E,E
0dc29843-7179-464e-b77e-6e6d99fb3fb9,2022-11-17,M,M
11459943-6f99-47f5-8f7e-4bb26f36945c,2024-09-02,D,G
183ccd35-6c7f-4d21-8dca-30a36cb12c02,2021-08-30,C,O
19cee540-412b-4af5-b641-87305f840aa8,2023-09-28,F,M
1ab78f1a-f4eb-4a96-b96e-393440bc1039,2024-07-12,B,B
1c5b0b44-6132-4446-97d8-75a9922f2a73,2018-05-05,E,G
1c8647aa-d6a5-4573-b774-2d1d6cb62021,2024-01-31,C,M
1c86a44e-f281-4780-b2af-a6613244d99c,2023-03-26,D,E
21a56d5a-c489-4820-bdd7-7d3375579222,2022-12-03,A,G
2271e746-2acd-4e98-8b27-8afb62f862fa,2024-10-31,A,A
22bb3b96-09b2-4dd2-99d0-9c455eb774e0,2022-12-31,D,M
2419b308-a6eb-4b45-8b61-19a1f994d1db,2022-06-04,D,D
24768052-312d-4c03-83be-1dbdd05d0eb9,2023-10-17,F,M
2476edf5-4801-499e-b5df-0b477404d732,2024-08-26,A,A
27f0fdd6-e72d-4c38-aa60-7cca5e9e17e2,2023-01-23,M,M
288366ca-15f2-4703-90bd-31faaf0ca707,2022-12-28,D,D
2b080f33-07c7-462d-afe2-d2cc703dd96f,2018-01-15,A,B
2b2c29fc-0eaa-4c0f-906e-036fbfb49f6a,2023-10-08,C,M
2c389283-ea9c-45d2-b446-b8a1445489c5,2021-03-06,F,M
2c83f210-f365-4907-b757-56aa447d36da,2022-02-18,M,M
2c919d9b-a248-4491-8d73-040b650355a1,2024-02-16,M,M
2ee5f5b3-cc94-4ad3-a1d7-4b65def619b0,2024-08-01,B,M
304fb1de-eac0-4e23-a729-d927bc1ac220,2024-01-30,E,E
310109c9-0f4a-4e5f-9550-e3ed67889948,2017-06-14,F,F
3259b2aa-6661-4ed3-be5d-312b396d85a2,2022-06-05,M,M
33ca2171-e5b6-45bb-8bf2-9d992b99685e,2024-05-03,M,M
363c73b7-95b0-4abe-9323-efa7a8b66bc7,2024-06-30,E,G
36e0ece7-4838-4ed3-8ae3-3a9b140421c3,2023-02-01,F,F
3824e45b-5316-44e1-8898-9097af873a76,2022-11-28,G,G
389867ab-41ce-4fd2-acb8-2a9c366d1598,2022-03-28,B,B
38f2fbe4-48dc-490f-a098-1ab5747fbf07,2022-09-25,M,M
397fec4c-e965-466c-a90e-c60ad0772589,2023-12-29,M,M
3a6a1b8c-6ce3-42bf-9965-6c64238981dd,2024-03-30,C,C
3b382f5b-7601-491e-bc52-5357c258b92a,2022-10-11,M,M
3d64a3e2-7041-43e1-9f1b-900ab27ebb07,2020-07-27,E,E
3f899188-dba3-4450-bba0-699590d4e4c7,2022-06-28,G,G
42a60b05-8a2c-44a6-bd4b-b172cf39efcd,2022-08-28,M,M
431aa530-98e9-4057-bc17-58a8ff22653a,2024-10-13,M,O
432f46ef-b318-4e85-ad5e-e9dca42bdb17,2022-07-30,M,M
4340d8bd-37c9-4b42-bcbf-f07101bec065,2024-01-30,M,P
4581bb26-d237-4b6a-a871-9b6b8f0f3dc7,2023-01-26,E,E
47e5c4d5-d413-4352-8525-47761a6f2339,2024-09-27,A,A
4953037b-2331-49c1-b6a4-0cd7332c4602,2023-06-11,F,M
4ca2b5ee-f418-4eba-8677-50ead88884fc,2022-08-15,D,M
4dd0902e-dbd0-46d7-81b3-9dacefad0066,2024-08-22,G,M
4f806e7c-0456-49d2-990e-d2e8e09eaecd,2021-11-30,A,A
4f81f545-1d1d-4d4b-b864-d3d8e1fe47fd,2021-12-29,E,E
53cbfe07-19d5-4531-a285-eab2f9f690dd,2023-01-27,O,O
54b6434b-63fc-438a-b57a-0544a83b57c5,2023-01-29,C,M
55788748-ca53-4de0-93a6-6de149c71b5f,2024-09-27,N,N
57ce03bd-b393-46ac-9a32-d0bb1b186e58,2022-11-24,C,M
5801a735-cb89-41de-940b-b87ca895fab0,2022-03-05,D,D
5dd709ba-5fc0-405a-a0eb-713a38fc854d,2023-03-09,M,O
61816a44-fa76-4023-92fb-2477bd68e2f5,2022-08-22,G,G
63ff1895-71f5-4c34-9019-497e61102261,2020-10-16,F,M
65fa4d1a-ea17-4c1f-8625-55ae7a95fe0b,2022-06-26,M,M
674431d0-8a07-4cee-a782-f2047eb3b5fa,2022-03-04,E,M
67ee1508-f87c-48a1-b212-2aaac9a2e788,2024-02-12,M,M
6966d275-ca9d-474a-b1e5-d5c59f5f1c8c,2022-05-28,M,M
69a579f2-6df9-4fc6-8033-7e7ed5611d6d,2023-05-03,E,M
69e62754-f847-4be3-988f-714993fa1864,2024-01-15,M,P
70937441-3ba1-4247-bb74-f89eca26414f,2024-05-22,M,M
71ac3710-1630-412a-ad08-9ef54f0acafa,2024-09-29,M,M
73eef2d0-4af9-45ac-80dc-16bb73d1d310,2018-11-28,M,M
75190682-3b6d-4efd-83d8-d50603af149d,2024-10-05,M,M
7549a352-ba10-4122-8a80-5afa6d42e5d6,2024-03-30,E,E
7d7366de-8783-4a39-bf9b-be36560da3d9,2019-07-08,A,O
7de27514-511d-4484-a148-019a315b3717,2022-06-01,D,M
7eebf677-0ebb-4498-98dc-e4299be33615,2024-05-24,E,E
805aabb0-cbe9-4f44-87e0-1d82c0809b03,2024-01-15,D,M
82d9890a-df7a-48ac-8931-4927bb9c006d,2024-12-06,B,C
82fcf21c-2467-4967-95f6-3d8e32f2330b,2023-04-17,B,M
847120df-4668-4f20-a3c1-0a77c3f1c671,2021-12-02,C,C
877dd35a-0dc1-4b00-b46c-f66c064805c1,2022-09-30,P,P
9206067c-8894-4b45-8852-9b4b86516aa0,2024-10-17,N,N
94253045-f3b4-496c-9955-a4644400c41e,2018-04-09,B,B
973eb07a-1f6e-4f8b-a1e0-ae72e45e9dd6,2025-01-29,B,B
a0c2a207-aa49-4acb-93c1-ebb0d124de9c,2021-12-01,G,M
a1b82442-9521-49b9-884f-d166ea633ec2,2023-02-01,B,B
a36cd84a-c259-4c0d-b5d2-0f52609b4b2f,2024-06-27,B,B
a38072e0-a8d7-4158-a196-b59f06477436,2017-11-12,F,P
a96ccffd-2452-4064-91a0-c21a7803b6cf,2022-09-30,B,B
ad6bdf43-2e63-4c72-8b90-57ac2b31e064,2022-08-27,E,M
b2922254-5919-48d4-bfd1-1b723bf74b74,2021-12-11,M,M
b35ee52f-832c-4f5f-9ece-d5f8af9891e3,2022-04-17,M,M
b8806c0c-f14d-48a2-bd07-2f18f486ef30,2024-05-23,G,P
b96665f9-94d8-4ee1-8e75-8d6c44bfc0e8,2018-04-09,F,F
b9a65fce-7c97-49e6-91d7-fef59eb1df4f,2018-05-17,C,C
bcb224cf-e76d-47ac-8e21-28185d68bd53,2017-06-14,A,A
bd4736fa-2c73-476b-8801-4275194c7622,2022-06-28,M,M
bda35717-3c10-4fdf-ba2a-5df222ac49d0,2023-02-20,C,E
bef8cf2c-f210-4a0f-a907-fd57e6234899,2023-07-20,B,O
c7b9df5c-8076-44ee-98b0-947628d7b898,2021-11-29,G,G
c92889f5-1a23-41be-b9f5-1e68d5eb541e,2022-10-01,M,O
cc1badd1-2671-4000-aa19-ce08293eefc3,2023-01-03,M,M
ce181f09-a002-48cb-a379-141cc21af890,2023-05-29,E,E
d009ada6-c058-4ba2-834d-e07965477fd1,2023-04-03,M,M
d173bb64-c9c3-48bc-9294-157db2546c8d,2023-08-14,D,O
d74c7e09-7244-47f3-afc8-d2434111a619,2023-10-29,A,C
d9c37dbe-2dc8-4911-a07b-2d2e5c8de095,2024-02-12,M,M
da66864d-04be-43c5-b935-bc0748d5ff6a,2019-07-08,P,P
db04631c-ecd2-499c-bc51-1fdabdf92c9e,2022-11-02,M,M
db8b3137-0f93-4bb3-a980-3cb17bcff542,2024-01-15,M,M
de93b8f2-ee69-4c9e-b4df-dd51c2374178,2019-10-14,E,E
df650489-f239-4407-80ea-b52471e95997,2023-03-27,E,E
e033d8d2-c7d0-42a2-ba5e-e860e520578e,2023-11-19,M,M
e1fd73b4-b910-43b3-926b-80e8759f49ba,2023-02-21,G,M
e5c92bec-ad59-4f8c-9e68-44f35b677c8d,2023-05-29,C,M
e7cd4dd0-7bf2-459a-8601-1ad612fe2774,2023-05-01,E,G
ecae5042-3b8e-410c-b591-f830a0535e8b,2022-08-11,E,M
ee5fb11e-9fd2-4fee-8a72-5dd69b65f0ca,2021-03-29,E,E
ef3abf42-9a17-43a2-ab8e-ed09fa06c485,2022-02-24,M,M
f0bd8b70-9780-4a4b-bc4f-cddfe5ba98ce,2023-10-09,M,M
f2b65461-1477-4301-bc5b-8a596c1c2aa0,2022-09-27,E,M
f77db82c-d836-4c63-a73d-656dba1b6b31,2023-09-10,C,M
f8a511f0-6004-4e17-a859-41ba52472b49,2021-08-30,D,F
f962131a-7faa-4b00-aaaa-83d20c35c1c9,2022-05-09,A,D
010bb394-ff36-4a80-aa70-6f4745ae7fbd,2023-06-29,C,C
02305900-ab77-49cb-a791-d8f7e88c887a,2022-12-16,M,P
02a524e0-9e16-4e63-9258-226c293be6bd,2022-06-03,G,G
039ab48f-2a31-4808-ac6d-3d977474ea93,2024-05-23,E,M
046b1ab8-d568-46f4-8907-cc30055fbdbf,2024-05-09,B,C
04d65307-bf74-4e8a-a318-09f3ad28e2d2,2024-05-24,A,A
0575d5a9-090d-45a3-b86d-3597274b38b3,2024-08-20,B,M
066b5f25-7a73-4107-8682-25fab8e33c11,2022-03-31,E,M
084802b4-3f49-44ac-ba5d-ce67b05ad23f,2022-05-13,M,M
0c69e802-4588-4439-93da-0957dca6f3e1,2022-01-17,F,F
1049deb9-ca7b-475a-a6ae-d69ae2a03f3f,2024-03-18,M,M
12233f9a-a95c-4a19-9dd3-099385415c66,2024-05-24,E,E
135367fd-0ade-463d-868a-d0b29508a409,2024-10-19,D,D
137b049b-feb1-44da-a4ff-86c324a62773,2025-03-01,E,E
1526a676-b416-4c39-a9be-b8cf6905ce48,2025-02-13,F,F
17a57872-91f0-42bf-b7a5-d4ea70e90970,2024-05-03,C,C
18f01175-66e8-48ea-8a8f-d24309bd8073,2023-12-11,M,M
1cd0f573-c6a9-402f-8292-b2efac9882b1,2022-02-27,M,M
1cf4f6d4-1b31-47c3-9547-b8f9ac8cbb63,2024-08-12,G,M
1fe0b6b9-9a6a-46bc-9aad-aedb842ef210,2024-05-10,P,P
2153cd04-58a3-412a-805b-a42de9aa3b2c,2024-05-04,M,M
2221ef44-c014-4f17-a263-46d6e2bf8cb0,2023-03-30,A,F
2559e479-1666-4a63-8a81-f3bff5fd388a,2023-03-18,B,B
263aae76-23d5-45a5-96e6-8e5241a93dea,2023-10-31,D,M
292cf77d-7adb-4a67-aaa9-3e9d2a88dbcf,2023-04-06,E,E
2dbea7b6-ae52-466f-a7d2-a0b47d3f5c63,2022-07-28,D,O
2f88cefc-16b8-45b3-b477-940533232b0e,2022-08-23,D,D
2fd6bd70-fc20-4d8b-8749-5588f0176bc6,2022-05-23,M,M
30fe0d6f-b94e-43dc-af83-6e3f64006ee1,2022-03-07,E,P
31f66eae-b8f9-4beb-af40-adaa82390cd0,2022-11-02,G,P
3209c470-868d-46f3-8cfd-6773e9ec28d4,2020-03-24,F,F
32fa3278-e5fd-42e0-bce5-e799f25712b4,2023-02-17,E,P
342f7473-3f23-4326-9e23-f98b9bffe957,2024-05-24,D,D
36bc1447-db00-4269-8bab-0c0b203a0207,2021-03-08,F,F
3a4df047-e1a7-4316-b68e-f413fa451715,2023-01-22,C,M
3b8e139a-17fd-4622-ad78-3a5cd5b99cb8,2024-01-16,P,P
3c77f17a-3b93-4b2a-a448-a1872ed49a75,2024-08-01,E,F
3cb5c905-a03c-4888-9d27-83916d7d6922,2024-01-26,O,O
3df09ecb-3ac8-4b99-8498-3aa7723544e8,2024-07-21,G,M
409de1a5-edf2-47a7-a6d3-9cfc640e515e,2019-07-29,C,C
42c52c48-5168-4e40-a280-4cf6c89e8949,2021-12-11,M,M
49a12c45-6f41-41ed-b02d-9d39df1c3101,2024-08-22,F,F
49eaab74-2d09-443e-bb84-ea4ead56d3a0,2023-08-01,B,D
4a150a0b-0592-4902-9598-90ed58b53eda,2017-10-19,E,E
4d2e5045-5fbd-4253-a6a7-3e1ca20f4554,2022-07-09,D,E
4d6a2984-6438-4c91-abbc-cf8c2a15a8d6,2024-05-11,E,E
4feb39da-4032-441c-a13b-19b6aaae51fe,2022-10-11,C,P
58bbc412-afdc-4412-b68d-84757942b742,2023-02-25,M,M
5b50f8a5-f28b-410c-91f3-24bfb24263ef,2019-07-08,E,M
5bf66204-da27-4033-8222-6ed208d91817,2024-10-14,B,B
5f4e5343-e673-4c3a-bca6-e6f47923400c,2021-08-01,M,M
6348c85a-26d6-49d6-babb-e704b1c389ab,2022-03-17,B,O
63d5456a-db7f-4433-bf8e-8660540e2efe,2019-07-08,A,B
674a9925-8b05-4a2f-bc9d-f0c01c6066e9,2024-02-05,G,M
67e5dad4-23ad-4068-a6d1-37943173a07e,2021-12-11,M,M
68372ba2-e365-4e07-b553-d258bc0bd9ce,2024-06-29,F,F
6fa0738d-8ad6-49ab-9986-4f5c96f77a9b,2022-06-28,M,M
6fe60dc7-1122-40e4-90b7-3f9442fbd51e,2019-01-14,B,F
7292597f-c091-4ebf-8640-931d9cc89c6b,2022-06-21,D,F
74f78cc7-21cd-4e3e-a9ae-af12088a1599,2022-08-17,E,F
79a2da91-66a6-4cad-bfb2-e34020bc8413,2022-09-18,M,M
7b0d2854-db5e-4bfd-928c-041a2c04b463,2023-04-29,D,M
7cc4f30e-10ce-4dc8-8c20-cfcf35a19bfe,2020-10-26,D,M
7d845599-d00a-45fd-bb35-82903aaba925,2022-12-25,E,E
8275af64-abac-419a-b19b-a4bd4af1c6fd,2022-03-05,E,M
85fa56ea-9aff-47aa-ae73-45c410a10908,2021-08-09,D,D
8a090c20-e187-4da5-9cdf-791ddde7a849,2023-05-22,C,M
8ba3d25a-d971-4806-b7c3-a36878a9e615,2024-01-11,D,D
8c3e240b-8c0d-409c-86ba-cde89c2213a9,2024-02-26,C,F
8c54c846-2c4e-4bed-9a79-d1816bfc806c,2024-03-03,F,M
8cf8af5d-f924-479d-be02-9bebff43c47c,2019-07-08,D,D
8de68ad5-0960-46c9-b970-3fa708bf049d,2022-09-19,E,F
8f0527ad-e9c4-433c-b1b3-6160807a2582,2021-08-16,D,D
8fc62550-dfc3-4176-a55c-7dcaa45e6d63,2023-07-17,O,O
92d089a1-437b-438e-889a-6be0cbca4bcf,2024-10-10,P,P
9322a19d-e99a-4642-b814-100e8308732e,2022-03-01,E,E
936cd005-d721-4e10-ae4c-514a3b59c58b,2025-02-26,C,C
9570f29f-20a9-4ca7-a273-f5f98d32613b,2022-07-11,M,M
97543e33-2fe9-4138-91d2-14c75bdee37c,2019-07-17,B,M
987f0823-8ced-476a-b2a7-6ff2ac5f3b3d,2024-02-12,D,M
98be0e01-1f63-441a-90c5-ab7f6d88a9d1,2022-08-01,M,M
a4d129c2-9828-4886-a7d9-ac0b5ae4cf6b,2021-11-29,M,M
a63d59b3-f6bc-44d5-a746-c1c493aeb12e,2019-07-08,C,C
a6443fb3-9470-47f4-87da-db981b773d5c,2025-04-16,M,P
a6647802-8fd2-4176-aac2-6ccf9d53b02e,2024-05-24,G,G
a70ff614-ef8c-4fc9-a945-8c4a253c63b2,2018-01-10,O,O
a8d73aa1-7c3c-4b18-8187-560ab1d28948,2023-02-28,M,M
a8fbb6e1-031b-4e87-b0c8-408c89e668ae,2024-01-20,D,D
a92a90ac-6e8d-4cfe-b389-65ab4b997663,2022-04-22,M,M
a9a5ad66-fbbd-4378-ab06-f829e2217007,2021-12-11,M,M
aac39669-6a87-43e6-ab74-b81b912cd397,2024-07-03,B,B
b098e2b7-6b80-47a2-80e8-378547e48a79,2024-05-24,M,M
b1a1d7a4-8b97-42a4-a495-5c11753c501b,2023-05-29,A,A
b3ff2a64-5cf8-440b-858a-29bb682ac38d,2022-10-06,G,G
b83be6d4-0526-425d-bc62-70e2081e9e0b,2022-03-10,M,M
b91845af-e848-42e5-860a-dc4e07813794,2024-02-21,F,F
ba4f3d7c-b661-4135-8a79-2e90f7e23463,2022-03-05,G,G
bbda1cbe-a64d-4766-b29a-0e5f664a1647,2024-07-31,B,B
c737368e-f331-475b-9e14-77c5e936a658,2024-05-12,M,M
c9a045cf-c2ea-4805-ae20-ea92ccb400df,2023-01-02,M,P
c9ad1cc1-8b92-410f-b641-98159e5647e5,2021-01-29,O,O
ca06c034-b570-4000-a12e-78394913599f,2024-01-01,G,M
cc726b10-2a1a-475c-9840-4c0a450f35f4,2022-03-05,M,M
cdeaf0ea-b24e-4937-9349-d7ca27af21e7,2019-07-08,B,C
d0a4e84c-c2ef-4c63-8c06-e27a9e51d793,2022-03-01,M,M
d3b49c02-c2b7-43ab-a970-cbd5ad52c16b,2023-09-24,M,M
d47d4514-5bae-407b-9115-e63111cd2d17,2023-10-31,M,M
d516b03c-2528-4b1a-9a68-a1c09364ec2a,2024-08-05,D,F
d7f3872a-c11e-47b1-a2fb-a659ae506ab9,2021-12-11,M,M
d95eb675-39cb-4167-b8f2-133f745cf25e,2022-04-14,M,M
db845ea3-a719-4542-86a4-b10ac8136732,2024-06-30,B,P
db926ee5-8332-4d18-ac57-e6b3235c9cac,2023-06-25,M,P
dc6a70f2-937d-462d-83b4-bc8bbd2f2d26,2022-11-02,E,E
dc7b4a69-2b8c-44a3-b237-91d5a028ca42,2024-01-22,D,F
de4f7a6d-5ffe-4c27-897a-723ac479dc67,2023-08-02,M,M
df0cbafd-552f-4cfb-827f-d84c66447bc6,2022-05-28,F,M
e0a4258e-0802-4796-b386-7f64b3bb5ee5,2017-04-05,D,D
e209495f-a119-4ed9-ab40-76b46fa08ed8,2022-07-21,D,M
e356d5f9-0722-438d-9bad-d58fc0866d06,2022-09-27,M,P
e3ea6f47-6550-4a1d-ac58-c4e061cdb947,2017-11-12,E,E
e43034ba-c1b4-40a7-b589-9a52661cb267,2024-07-30,A,A
e46ec03b-ae79-4699-a827-dcc9a98eb190,2022-07-14,E,E
e92237e3-387c-416e-ba24-3376a860876c,2023-09-20,D,M
ed00870d-a781-4c33-ae19-e35596a3da20,2022-04-21,M,M
ed124f19-469b-489d-a0ac-df69e23fe692,2024-03-30,M,M
ede4403f-7a22-4267-8ec8-04fe138d833f,2023-08-30,M,M
eded500d-1072-4faf-a8c5-8073248c126a,2022-02-08,O,O
eebd8f91-4ef1-4e84-8b95-bd162408835d,2021-12-11,M,M
eef6830b-d5d3-4088-9674-9b49e20552f5,2022-06-13,M,M
f3c4df5a-8100-4d32-8877-aebca730e137,2023-02-01,M,M
f7f3178d-82de-4f0b-99d0-e30f6f22219b,2023-10-31,E,M
fab589d3-cac3-4710-b112-58cfc7834720,2019-07-08,F,F
fb77a819-24e5-46a2-b5cf-f40a0024ecf9,2023-12-03,O,O
fe9ceb3d-801a-46af-99ae-525ce4d88f34,2022-12-30,D,D
07a69dee-5d98-41d2-866a-679ac8f2fe5d,2024-05-24,,
011d64d1-53e1-4379-b7fb-74984b6129ab,2022-09-18,E,E
052beef5-5e0e-4dbc-af47-85414ee1f1a1,2022-12-29,C,N
09675797-9d74-43c1-a8a3-aeb21aa97fad,2023-02-07,M,M
09cce58c-ab6d-4e6f-9068-0a898e6d90a9,2022-03-05,C,F
0c8b3d53-773c-4642-8264-dc25804bc048,2021-03-31,M,M
0c944c4e-cfa2-49c1-b966-30e1eae96604,2022-03-30,D,M
0cc7bb77-7cb7-4461-927c-690588a0810d,2024-01-22,F,F
0d600425-af1d-4488-99f9-647ae1e94f7c,2023-02-01,E,F
0ee349fe-6db9-4903-b232-a9df3c8222d0,2022-08-06,D,D
0eee631d-c638-4480-907e-5330bcdb73ab,2024-05-24,D,D
0f6a22db-e0d1-4f5d-a1a8-8eb1d64853b8,2022-01-29,M,M
0ff33fcf-a568-4f64-82ba-097dfa34e630,2016-12-05,F,F
113a1aa8-d90b-4d09-9bfd-6870ae1c486a,2022-09-30,C,M
136c8b3f-cdcb-4b57-a952-26a765de35a1,2023-06-29,O,O
13840e04-cf99-4819-b996-2b95b158180f,2024-05-24,D,D
166cb100-09b1-48a5-a12f-d3407fe4130c,2018-08-22,C,C
1828fb53-1b49-40f3-9316-b123a76ee347,2022-08-23,E,M
183c421f-a75e-4e1c-8560-e79ed8555ce4,2023-01-26,C,C
18b6bee5-1974-4a28-9026-795e8dff1deb,2018-06-18,C,C
1e6771cc-f6b9-45b1-a93d-6c9b420060ec,2017-07-16,D,D
1f35afa8-6d10-4b6d-8ba3-dfd661c2f6a4,2023-05-29,F,F
2237c1a5-7015-46a1-895a-7e33da21a2c1,2021-09-20,E,M
29c81a2e-b5e1-4e5c-95b6-1a87b298dcab,2021-08-15,M,M
2ba12425-2d4b-4714-9264-b2c6d1f0fe8d,2019-07-08,G,G
305df20c-7288-4449-a701-e6528152b57c,2022-04-28,D,M
30bb567a-7879-4925-a724-87ccc7323774,2024-10-07,E,O
314cb2d9-c7fe-4529-b336-cb1dbd6fa871,2024-10-20,M,M
32caf1b0-97bd-482a-be15-e9b376eca283,2024-09-11,M,M
33e8e43f-d8b3-42c0-9002-504ae9b83a99,2024-09-27,C,M
351af44d-5938-4d29-929d-258e5e69dc62,2022-11-15,G,M
35625ecc-48be-472c-a846-50602cd551ca,2023-05-18,F,M
360b8602-dad8-4d9f-9298-a13c2b5944d9,2023-02-01,M,M
3a6c71a4-af5c-4ac7-bc58-7ba6c66cf730,2024-08-09,C,M
3c2d3c09-cf4f-4c72-bf33-666e97bf43e4,2021-07-01,M,M
3c5fc0fc-a794-4e42-ab17-265406bfea56,2022-08-25,D,M
3d8617d1-67c7-4399-b5e2-3c5b511736e0,2017-05-23,M,M
3db4dd5b-fb13-4bf2-80c5-a7a1760ce2e5,2022-01-29,F,F
4000f19d-c846-498f-a318-ac9e2b2ec80e,2024-01-31,M,M
411bb23f-f5f2-4957-9e87-130f51830456,2019-08-26,E,P
45811282-3687-4429-8918-c52b670512a3,2022-10-12,B,C
46746ebd-cd6c-489e-a4ea-d7eac4555ffb,2024-06-03,A,B
46cd9c06-e764-4b69-a981-1239a953dfdf,2024-07-07,G,M
494e6263-b242-4c1e-bdc2-6e154b4e2216,2023-06-14,P,P
4d2bd7bc-2ee3-4e1a-9b93-c60486b85821,2022-04-01,M,P
4e910f5b-1cde-489b-b98a-7c6706a4143e,2024-05-24,D,D
4f244762-8a51-45e4-b4a1-33f12feca099,2022-03-04,G,M
529faf4a-b3e5-4cdd-b309-a14ec4690831,2024-09-08,C,C
56c26c54-292c-4e35-9e88-7774ce5781c1,2023-02-01,C,C
5b26db32-db84-411f-8a56-4995608a2cad,2022-09-05,F,F
5d6d0259-60f9-4174-8acd-c56dbb632ff1,2024-10-14,N,N
5fccc184-b7ae-413f-815b-53b2f136124a,2024-03-30,C,C
6005f3d9-bad4-476f-b4d5-70432a2a5fd2,2025-04-16,E,E
60efbb2e-544b-4536-8895-e2470b15697a,2022-07-21,C,C
613ba420-0f30-463f-8c6a-d5f312d9107f,2023-08-20,M,M
64a4fbd9-9334-4098-bf6d-02eb624b36e6,2024-02-12,F,G
666758c6-b480-4f67-8a7d-69c8ed4dcda7,2022-08-19,M,M
67b5a4b5-ae42-4a4d-b516-27534ff67f4a,2022-02-17,O,O
6ba8eda1-5cf6-42a6-afb0-d15010a4ee7c,2024-08-03,A,M
6cc72532-e320-4158-9c8e-fc56ba9e5edd,2023-07-01,G,G
6f79194a-bce1-45d1-a945-3c35d21655bb,2023-12-29,M,M
73b9e8b0-ccd6-4f64-ade1-12ecaff6d5eb,2025-03-27,D,D
7448dc2f-2a71-40b4-80d0-53ee0fd8ceec,2019-09-16,G,G
777d5731-000e-45e6-b874-fecd094d4552,2022-06-04,F,M
77a715c8-3f84-44f3-924a-639eb86aeb73,2019-07-08,C,G
7a1bcd3e-a115-44e4-94cb-9978563a5bce,2022-05-17,B,G
7a20f5d6-4125-42fc-805d-0301e8ef31be,2024-05-27,E,E
7acdc484-5ff9-4af9-99db-8e9119d287a8,2024-04-01,B,B
7d0ebb7f-067c-483b-bfb0-071219921f01,2025-03-12,M,M
7e1b34c5-f86e-43af-b0c4-968a32e749c1,2019-07-08,E,E
7fdebc59-8cf8-4602-85fc-5f07fe148d2b,2025-03-26,E,E
8044c22a-2220-44ae-ba08-0ccbd5c6b7fe,2023-02-01,D,D
8048a47b-9063-4865-a39e-09601534a4e0,2024-06-06,D,M
819186df-8df0-479c-812f-8c4c605e5720,2020-09-07,C,M
87f7bd18-b238-41d3-b09e-a8e27d5d461f,2022-07-05,C,F
8923076b-4c85-4f10-9e94-3be87b81348e,2022-06-04,C,D
8931be71-eac4-44aa-bea7-58be72cf9d3c,2024-05-14,E,E
89721647-a104-44a1-ac34-5714a009d623,2024-08-28,P,P
8be38926-cc8a-41e8-ad6a-9ce889776b27,2022-01-20,M,M
8c29b69a-7acb-4873-a616-5914b249ac9e,2022-10-26,C,C
8e8c8d96-cffa-4fdf-acbc-1fc64c3a25f4,2024-10-23,F,M
91888f39-37b9-4be3-bb7a-af515b408a1c,2022-02-07,E,E
94450b3c-ecf1-4528-bfad-9418666aa86d,2019-07-08,D,D
95b12c19-bb1d-4542-9448-b15b069d03e8,2023-11-01,C,C
9a5d85d4-56a8-4ae6-9e4f-09fcb4fabba7,2020-07-22,C,C
9a7dc628-ba53-497b-9fde-b8058b2e1961,2024-06-05,D,G
9c88cf2e-fc8f-4e01-b7c8-e3ce08219c73,2020-11-11,M,M
9d1e6dc9-a83b-4a7f-8b36-67929c3e1a0d,2022-11-24,B,D
9daa8b7b-303a-446f-9b96-899b9e31e55c,2022-01-21,M,M
9dec4d73-2538-4fc9-853e-890d2e955ddf,2022-08-01,M,M
9ea2fa35-139f-4df1-b158-faabb8d5f13b,2022-11-02,D,M
9fb7920e-8263-408e-8011-ca041bdea984,2022-03-05,C,F
a047d7b5-13d1-404a-8e0a-f92c3588f70e,2021-12-02,E,M
a52a9910-f16f-4b61-a5d3-0811ea82b079,2022-07-05,C,D
a68088ff-0e8a-49d2-9498-8c3cff99a6cb,2022-02-14,M,M
a6995788-7a9f-4e1b-b80e-f7fd6c28b941,2022-05-15,E,E
a6cdefb0-77fb-4390-9210-9a2574ae1fe4,2022-08-27,D,M
a7451272-9ccd-4333-b1ab-59cb1de5397c,2023-01-31,D,M
a8a85c08-808a-419a-991b-a962c799371e,2024-07-31,C,C
a8eabea4-af70-473b-ba9d-1d12f4a86f06,2023-09-28,G,G
a90c889b-12e1-48fe-a7a5-460e729da126,2020-07-03,C,C
a95d86e5-4dbe-499f-92dc-dacd4bc20459,2022-07-31,M,M
aed0ce60-d479-4499-a9d9-7d0dde0523fd,2024-08-01,A,A
b1dda610-55b6-408a-9215-298316d678d3,2024-12-18,F,P
b25919ec-1da5-4d77-945f-e645d6e5b609,2023-01-16,G,G
c2c8be4d-1243-4985-88fa-ca4309f86cf9,2023-02-02,F,F
c8d84158-a372-4b63-be3b-d561818914c5,2022-06-30,M,P
d2a4bd71-1d31-421d-b3f8-4119b9d6ed56,2022-10-11,C,M
d32b8223-bd36-480c-8c12-1fc7a15a1db4,2023-07-23,M,M
d6995d0b-2ca7-474b-8de6-457c72f80037,2020-08-10,G,G
d7cd62b1-2316-4084-9476-d595bb97a796,2017-11-15,A,A
d876d4a4-f775-4aa5-a378-7ec4499b4923,2019-07-08,M,M
dad1f926-ffa5-4ab3-aa10-503a62f8f882,2024-10-14,C,M
db44cf52-1d3d-4b03-b237-b4ecd200146a,2020-02-08,G,G
ddfd4291-3831-44c8-a0c1-a33885dc0e3e,2019-09-16,M,M
e00105f2-2020-4a1d-b4ba-a32853856be4,2023-04-18,M,M
e104554e-9e77-4394-8684-8d17a6d2eaae,2024-01-31,B,M
e29d29c7-f850-446d-b6de-08c3fb9f58ce,2024-10-14,E,O
e3f1790f-dfda-497b-8ff5-cd6f9c153716,2024-12-11,C,M
e98e26a0-ecfd-4cf2-8d58-a137a8e0997f,2025-01-18,B,B
eb27c499-619b-4674-b3fa-2a58cda10c79,2023-08-02,M,M
ec878daf-b958-4a86-bd58-94b85a5efbe3,2024-03-28,O,O
f60d2dc1-c842-4e77-8b5c-227b2e0672b6,2023-05-17,E,G
f78323aa-9f07-466e-a701-5facb05ec42e,2024-06-11,M,M
ffb15df1-d7d7-43bf-8e72-036c499b5edf,2024-10-14,B,B
17ef442c-907c-4e37-b8de-4a4193ebf856,2024-05-24,,
f955cd06-afa8-4234-8afd-faa96374a5c6,2022-11-02,O,O
fa53a134-ff79-45dc-8af9-a55ec4cc7779,2023-06-15,G,P
fa595c99-d1e8-4196-b961-fc686b679a62,2022-11-28,M,M
fffbdec2-f240-42b7-a014-5106e3fbfa49,2020-12-11,B,B
fa57e6d8-3481-483c-9346-18b443733eb6,2024-01-31,P,P
fc4fd232-46cb-488a-a4a7-149575d5c9c6,2024-07-31,B,B
fce134a9-3d48-4083-85e6-aca5ca0cef9c,2022-05-29,F,M
ffe4506a-3bea-4aef-8779-35beb484742f,2023-08-27,C,C
0e17916a-714a-4b36-9158-d50e5538a624,2024-04-22,,
011b9e21-5d56-4007-a8a1-0225d2f84a52,2024-01-14,P,P
0278ccfd-7cc2-497e-bd39-3d4d4e8ca0c0,2020-08-22,D,M
033841d7-760a-4e89-8c85-978d951b4f38,2022-01-19,C,M
0984c5a8-c134-4500-9ef8-bfaa9137712e,2023-04-06,C,P
0a38f380-7cdf-4749-a1d4-31e03d931afd,2023-05-29,E,E
0be47ff3-6acb-417c-9d7f-6c90d313be4e,2024-01-31,D,D
0cdb24b0-5d72-41c4-a12b-e172a78dda79,2023-10-01,F,G
0ff4d59b-dfcc-4696-9851-815487e0c89b,2022-07-12,M,M
10e69317-5f6f-46ee-913b-ebc16f1bbeec,2024-05-24,F,F
11ef384a-ac56-4b2f-a01d-3e75ba9639e4,2023-01-29,B,B
1cd4dd4d-e4bb-4462-a543-d483d980e290,2022-06-04,G,G
1e51a36f-3080-41a9-9e2f-84feea6b8d1a,2017-08-28,F,F
1ef84c5f-5662-437b-8c43-c6eacfa38614,2022-07-27,M,M
20c9075f-8175-4b10-9bbe-23293d4004db,2022-04-12,D,D
256de25b-3faf-499d-bca8-457e2a224d46,2020-10-19,C,C
27eaa1d8-8d50-4dd1-b11b-3623c2202de0,2024-10-31,D,D
29687b33-3156-4016-a1b5-51e5d8fa90ee,2022-10-08,C,C
29d4b935-ad21-4c33-931f-611dc5cdf6d2,2024-10-12,B,C
2aa188fb-225d-4fc8-b8ed-00eef30f6fbd,2023-05-27,E,M
2c94a053-f1c8-412b-ac94-da7133df8626,2018-11-12,D,D
2c9a07ab-2003-48c3-a4a0-0107301c7ee5,2022-10-28,F,M
2cf9bda5-fd40-4c0c-b811-6c230ba2ed4f,2022-09-14,C,F
2d981cf5-2327-4909-9423-5f3e98781645,2024-04-19,D,O
3657efc9-0da4-4266-9e67-7d7a06235d3a,2022-05-18,B,E
3b325ab2-d4f8-40c5-8f90-721cd74fe55c,2022-02-03,F,G
3e12b7a4-38b0-4133-8aca-720148d37d3d,2022-06-04,M,M
404e6d2f-2c50-4812-9245-79034480b91c,2025-02-04,F,M
4133651c-5e1d-47f8-8073-1e5d9f8bd78a,2023-02-01,C,C
41978098-c638-433c-afa2-23ad8c98c5b0,2023-07-15,E,M
437b839e-81de-44c0-ae6b-a53e5f86b6f6,2024-04-16,C,F
494173ea-a199-47ae-950c-80ac1d558a98,2022-01-29,M,M
4ea27fe5-1b5b-444b-9a39-ff7f7eaff314,2023-01-30,M,M
4eb439ca-5694-48aa-b84b-4595b8273fc6,2024-05-24,M,M
4f1ccb7f-413c-41a4-ace4-3c223bf3be43,2022-11-28,M,M
514f366b-1e6c-404f-9488-db93e69c0301,2024-07-31,B,B
5154aea5-db33-4680-bb62-fc43a722a94d,2025-02-12,E,E
534988ec-5ccb-4c2f-acaf-a876241a9862,2022-12-30,F,F
5909c0bd-30d1-4eb8-bd57-16d6fe14cbdc,2024-05-24,M,P
5962eb8d-102e-4e81-a635-7e414a2e2237,2019-07-08,E,E
60480915-07c4-45be-aa08-74d2b5b1b98c,2018-04-02,D,D
6085909f-c73f-42e4-b5d3-80e38656ae82,2024-06-28,C,D
61baa1f4-d041-47ff-80ce-cf91cfd6b2b5,2018-11-08,C,C
651f698f-95be-41cf-b6f8-70888378e331,2023-12-29,M,M
692fc678-25ba-4567-be0d-4fa7396fc3a6,2019-02-11,F,F
6da959ee-3a84-4cc0-9a9c-08af398162e0,2023-02-21,O,O
6ea7cf70-f34a-49b4-955c-4c7076236e50,2021-10-25,M,P
703db82d-0aa8-457a-a0c8-61e0dcd6fbea,2022-12-28,M,M
7123e68a-dc79-4b32-8305-aa5ce1cb598a,2022-09-30,M,M
7bd0b5f5-0fd0-4bc8-94c5-1552f09a5306,2022-02-13,M,M
7db3abd3-8031-4a2b-84e2-e323eb159a29,2024-11-04,C,M
819c67cc-1123-434d-a0dd-5266ffff6eb5,2023-10-29,C,M
8212a582-7a6d-4ce6-a087-d3096ad5a597,2022-12-28,M,M
83f45bed-c8dd-484b-a96b-bace530d77cd,2022-07-29,M,M
890bd3bf-1d80-4bee-994f-b0b402742720,2020-08-28,C,C
8d4ff889-4521-4692-a343-08c35b5cfd92,2023-12-25,O,O
8dcf855d-d27b-478d-9323-3b516b00aac2,2020-06-12,E,G
92e48911-3725-47f6-b59f-3709af6a7d98,2019-07-17,A,A
93dcac8e-5a3a-43a0-826b-ce947179199b,2022-10-20,E,M
9609dea9-3df4-4d25-9b46-14a43c0cba6e,2022-09-23,G,M
96825ac6-3797-4cfd-be5e-91c853ac8e38,2021-11-16,E,P
9afeeb13-fa72-4a65-9ab4-b73d1365f850,2018-01-23,F,F
9d7a6d0a-4cf6-43d2-b009-510171c75451,2024-07-31,E,G
9fd088ac-cca3-4598-83e9-8e059b3d0d3b,2022-06-28,M,M
a49923d9-6db3-41b0-81e4-b835e53a3314,2018-11-26,M,M
a5f52d25-35ff-4da5-852e-47cd7efdbbca,2022-12-28,C,M
aa78f504-3635-4157-a5e9-83bf5193337b,2023-05-05,C,D
b4304694-3a2c-4d25-b514-55fc388b8764,2024-05-26,D,D
ba9fecbe-b224-4fa8-8b13-17da515119a4,2021-07-10,B,M
bf72a743-60c0-4bc1-82ed-03a2abb80f21,2024-02-16,D,M
c2245f85-4354-47dd-b980-0f55e4abab94,2023-12-15,E,E
c35bccc5-4950-4ea3-b4ea-8bb290a6a230,2024-03-27,M,M
c5b97573-db65-46e0-8323-a7b8cd524d1c,2022-03-22,M,M
c74d52ed-1357-4866-93d4-aae4b13150a1,2019-08-07,C,M
c8891bf5-b256-48bb-ac4c-68d0014e85ea,2024-01-31,G,M
c9ea081b-821d-42cc-84be-c4baf773db8b,2024-03-15,B,B
ca6a3567-1c68-4d81-8288-21598b060bef,2023-02-01,E,F
cc7458d4-172b-4107-b06a-07fa179522c0,2018-05-09,B,B
cc82a8f3-c405-4516-be21-b7880c596b11,2023-09-10,E,F
ce2ac976-d4f7-4657-825c-eb8f24f1c369,2023-02-01,F,F
ce4ff623-a232-4c10-ad06-2e7c2c7d26f5,2022-12-28,A,A
d1aa73e9-4472-4f4a-8bc5-a1a6e57beb65,2024-02-10,C,C
d38f9631-9e6d-492e-9365-ffd6c5244a5e,2022-08-30,G,M
d3b8b3de-adb8-433c-9c85-f7c4025a43b3,2022-03-05,E,M
d464102b-25f6-46fb-bfc4-3f301ec4075e,2024-05-24,G,G
d5b87eda-e5e9-488b-91ef-6a0d23a3f91f,2021-08-03,E,E
d64e6756-4370-4f68-bd62-b12b5e3b0585,2025-04-12,F,F
d661a2cc-80fc-4680-baac-0b0ebf4dc0f7,2018-02-21,E,E
d81c5807-da6d-4504-80be-8c856ca97b89,2022-03-03,C,C
d8f559fe-335e-4fc0-bf22-505e65c6e529,2022-10-22,G,G
dda63974-4c3d-483c-bbf9-71de243ba102,2017-09-01,F,F
e0f6b222-cb1e-459c-aac8-d70af2b89e0e,2019-12-05,B,E
e1efc47d-a772-4212-b65a-fd8f3b845745,2023-12-09,B,M
e4d84acb-4907-4108-baca-a3751b38f8fc,2021-05-02,M,M
eb799942-ddfe-4dce-a62c-56febae5b6bb,2025-04-25,D,D
ee08bf53-8cee-448f-b4aa-67dac5f3ea53,2024-02-24,M,M
ef656b15-1c70-4228-90d1-29c05a642074,2023-10-06,E,E
f19653e9-4bd4-41ab-a797-594697513164,2022-05-28,F,F
f45350c6-6235-4a2e-9f60-00a739ffc1a6,2023-09-28,E,O
fa1d7369-2247-4156-a885-7a021fb4ee75,2021-11-29,M,M
fadb766b-9317-4ad2-ab40-935ea8fb0a89,2019-07-08,D,M
fcc3ef48-e35f-48eb-ae3e-476e49f9e4c0,2024-10-22,M,M
00cf059e-19d3-450a-999c-021aee96b58e,2017-09-04,M,M
0219678f-28ee-48b9-8809-fe20b396a261,2024-02-11,B,B
05d7bf19-d3a6-4f50-a6bf-7a919b87f257,2022-06-08,C,C
0d0ad743-18e1-4d2b-81d1-716be85ddf24,2024-04-18,B,C
0f784bc5-d3b2-4dba-9fc3-e3feeb172696,2022-01-31,C,M
16bc7f45-3e98-4be1-9135-c05a6ae5d4a5,2024-02-18,E,M
16ce8297-22c3-4a6b-81de-9b07068abc28,2023-07-04,A,C
19459311-c8a6-462d-a571-7781ad1e2510,2023-02-01,F,M
196945ef-882d-49c8-9eab-a8a41a47c92e,2021-03-29,G,G
1a3518fc-0816-4eaa-bad8-f2c801efcc16,2024-01-26,M,M
1a677780-1876-4fe4-b4b2-144b5a6c8ed4,2024-08-20,M,M
1b77dfe3-07b0-4fda-ab0a-c2776e262d35,2023-10-12,E,O
1e10c8bc-2b9b-4684-9dd5-86ffb5d0d547,2023-10-08,D,D
20d92893-e213-42be-8dfa-035880291b7e,2022-03-05,G,G
2499f078-c3a1-4043-9c99-acf54a499782,2019-07-17,C,D
24be6313-b859-4e13-856b-b8b1c69c5937,2022-07-28,M,M
25bf57a5-c9d3-472e-9a31-b0de56388117,2024-04-05,O,O
2972c63a-56c6-43ad-99cc-dd642ab6d11f,2022-09-28,D,D
30e3530e-eae8-4fd6-adc0-13463d2f98c6,2024-05-12,D,M
372c44b9-491c-4750-9151-03966a1b9342,2023-11-12,F,G
3b7d136c-7d35-4558-8f0b-e19c1a4ab009,2022-05-17,D,G
3be328b1-f164-4571-a803-e9f096610395,2020-11-23,E,E
3dbd379a-c2e0-4d44-bb26-02d738f603fa,2022-03-05,M,M
44c4e73f-d955-464e-a8f9-72f024341637,2024-11-22,B,M
45dae6d4-3dfa-4f54-a7ee-e098a0f1183b,2021-09-27,M,M
49b04155-dba2-49d2-be09-19068a32555c,2024-04-15,M,O
4c29115d-5c99-4eb0-a040-f603b7abf634,2022-02-14,G,M
4e7d494f-eb9a-4948-b278-58246b91f73a,2022-12-07,M,M
517b2540-15e7-44c9-9e63-c03a6ef3a047,2023-12-29,M,P
54916e94-cf50-4cc8-ae53-e3e6cb20d65f,2023-03-04,M,O
55ed09e8-d6b3-487c-81e6-a3cb0b203b91,2023-06-26,B,F
55f50991-99a8-45a6-bad9-ccda00ae4489,2023-10-20,A,A
57a23800-f55a-4b3b-b7f6-1c98eb333a23,2022-08-24,C,G
5a90dd21-8782-43fb-8b4a-29c216e95ece,2023-09-28,E,O
5f79c9b6-6550-49f8-8b42-f2108bb58089,2022-08-19,B,B
67135d9a-69a1-4f84-8964-0013247c47d2,2023-02-01,E,E
67385f3e-4687-44db-9d1b-03f358646fa1,2024-05-24,M,M
673b2af6-1954-4945-812a-9ec6ea10ca75,2024-01-22,M,M
69cc5f7d-4e44-4a8b-8138-d059f858dd32,2023-02-01,M,M
6bea44b2-c33e-4303-b658-85745cf20af1,2022-10-18,D,M
6d920796-39c5-46c7-8939-0b30175cd1a7,2020-05-03,O,O
6f32838b-fae6-4b18-809b-68c8858f9be6,2024-05-19,G,G
6f62fcd7-d5cd-4fe2-b908-8a2e3c9db5dd,2019-09-09,B,E
72dd9c61-f0ed-4e85-a7ed-45c49f618f5f,2024-05-24,E,E
736ad673-932c-43e8-aa16-5ea3684497e0,2019-07-08,N,N
7879a182-a41e-43d5-9d69-5b6c6a73c0c0,2024-08-06,G,G
7dbc9dd0-c039-46a7-8266-24fcb3fdbe4e,2022-09-27,M,M
7f95f20a-967f-4c3f-9e92-fe3ad0e1d4f1,2018-02-07,E,E
7fb2cf61-6d17-4e73-a06c-25dbf4c5b139,2022-06-01,D,G
801f8974-4e6a-419d-8c2b-4e21ed0de550,2022-10-16,G,M
87e8b6e3-b177-4e45-8173-94ada3c680f6,2022-04-07,M,M
8fa33fae-d633-4588-9ae0-0409cb634c2d,2023-05-06,E,M
90e369d1-04e4-433e-a9d2-af132dbb3fea,2024-04-27,B,B
9373b176-b026-4035-b4ee-470fbd5ee1cf,2024-05-24,G,G
9492ca8b-34cc-43e3-bb9a-03b976f1aaf4,2024-02-02,C,M
95a7b8a0-0b01-4686-9b6f-f205cfbb84d9,2024-05-23,E,E
95beea72-eb30-41b6-815e-e56237578e4a,2022-07-21,M,M
9603d593-28d1-49e8-ad8d-11b16446926e,2016-11-16,F,F
9767af08-e44c-4597-a485-c31f90b4d781,2022-06-15,D,D
9822b6a7-0ea3-424e-87aa-e117973d29b5,2022-06-25,M,M
999153ea-2085-406e-9c30-b292fb6fe025,2024-06-02,C,M
9ecff27d-17a6-462f-a0b8-88a5a2f36b24,2022-01-03,D,D
a0f9f894-bcd6-435d-b4bc-ace1a8cd110e,2018-12-23,M,M
a16c0e9d-1a82-4942-8fe8-4c34855173c1,2023-05-30,E,E
a205f341-baed-43c2-a96b-7d33d7069166,2023-02-04,E,F
a34eb58b-4242-4d79-bb9f-7ff8300d75f7,2022-04-23,M,P
a450bad0-4449-4ad6-95d4-61cc5ee4b275,2024-10-22,F,F
a7760bfe-b92e-4609-8f55-44a568ae7a5a,2024-01-12,O,O
a7b52aa2-e3c7-4188-ab61-5d68b6092ee8,2017-04-19,B,B
ac6957e6-3b36-48a0-96e3-6acf31c6ef1e,2022-05-21,E,O
aed85955-4ccc-45be-8b2e-694ddafb9dc1,2019-11-30,C,C
b137df01-4bf7-4071-b078-9cacbf75644c,2022-01-10,G,G
b894e910-8538-4cf9-9d2e-f20251e2a255,2022-09-27,M,M
ba82cbbc-7da3-4847-b899-ad98f1950ca6,2022-11-19,D,M
c160a4bd-6d57-426d-961f-367109c167df,2022-06-29,M,P
c3de112d-1707-4fcf-899d-b0d1cd428327,2022-08-30,C,O
c4f04513-bcd0-4439-bed1-d15660ace3c0,2018-06-18,F,F
c50a0845-5aac-49e0-9e93-a087bce02f3f,2022-12-28,E,E
c5c6f2b2-e5d8-4ec0-97eb-c53c17152e38,2022-11-17,E,M
c73724a5-d3d0-4526-8e8a-e2abb5754b47,2022-03-05,M,M
c8bd81d1-0608-4fd5-8622-2f63a5c0662a,2023-05-29,C,M
c9bea545-b940-49c6-89ed-a861eed3e652,2022-10-24,D,D
cbba88c8-8de6-46ba-bda3-f7e271efc4d8,2023-11-24,O,O
cc9b4ebd-29af-47b4-bc0f-85cc36d2c0c5,2018-04-16,C,C
cce80872-a5e6-480e-8076-e5cfe4d02789,2018-05-04,A,A
d0281167-7887-45f7-9496-e9e2812ec4df,2022-06-01,C,N
dc292ba6-c8d9-412e-ac13-6afe2cdbfdb8,2019-12-23,E,E
de0c374a-dec8-4c88-93fe-1787f5703bae,2024-07-15,M,M
de287020-1628-464a-adcc-41aac4e95b70,2023-06-17,G,G
df0058d8-7922-44e5-a3fe-4369b41d8a1d,2024-06-09,F,F
dfd06d96-b187-4b52-8889-6b70c421f795,2022-11-22,D,D
e02ba537-5f60-449c-9645-e94a21d134d8,2022-03-24,F,F
e0ba975b-c8eb-4189-9dcc-62017c1b050b,2023-02-01,A,B
e140e535-6abd-4bfd-a9bd-4f0593f8bc03,2023-02-01,E,M
e29a9861-be5c-4936-b66c-fc9cdbb078e4,2022-04-29,C,C
e3ab5fbd-18b0-42eb-8acd-ae363b4a5280,2023-12-29,M,M
e8f2b73a-85d6-4c2e-bd74-1b601de79c03,2023-09-28,E,O
e91ac966-b26c-40e4-8238-16f73ba63e5f,2021-12-02,B,B
eb21ed1e-3caf-401c-8bda-5a5bf87d6281,2023-07-01,G,M
ec6afd5f-8cb6-4915-98bf-51bc80080bc3,2023-11-27,M,M
ee1232f8-e4ba-4e5e-a971-366757ed415d,2022-06-04,E,E
f708c490-17e2-4b94-adeb-2ccd20208404,2022-03-14,C,C
f83c58c3-e995-49ab-b554-9adc65c4c23a,2022-07-03,E,M
fd26023f-dcd9-4cb3-a9a8-9668159c6018,2022-07-20,D,M
ff916f77-9f93-4359-983b-782d95012e4a,2023-02-19,G,G
ffed309c-1333-43f0-9b91-e1ff6709f781,2023-01-04,B,O
004d9b02-8c32-4206-9780-ad62db2ce2cd,2022-12-28,M,M
01139d82-c1eb-4b47-9473-28dab01d2095,2022-10-29,E,G
05fbad07-9627-492b-a990-b7ef53a5822b,2024-10-08,B,B
07324f2f-e633-4c48-baf5-bb9dfdba8553,2022-03-05,E,E
0d8460cd-7389-4ef2-b9e4-5b2bf73f2a75,2022-12-31,D,M
1009d567-1895-4a40-b2f1-ab0600c5b84e,2024-05-23,M,M
10c5e6e2-f674-4009-94d1-f96683ad3825,2022-06-01,B,M
14e6ca38-dfc5-4861-9652-763543048148,2023-10-15,D,M
1a66c3fe-4670-4e9c-8419-dd4a9d6fc088,2023-01-29,M,M
1ab78fd7-82d1-49ce-88e2-422f64660f7e,2024-12-03,C,M
1d19efec-7231-44bc-9080-8025a27d31bc,2024-01-27,C,M
1f817fc7-9dbe-4b1c-8975-f60ae5c930fc,2022-10-13,G,M
20dd27ba-a700-477b-86f3-2d027b3f313c,2022-12-08,A,M
212dbaa2-8de1-4a7a-bcd7-e8312a14f174,2023-03-30,O,O
24c01f2b-64f0-4ee4-8110-c81723bcaf70,2024-01-07,M,M
27bc0fe7-c351-40fe-bc4e-4b235b9c5ae1,2018-01-16,M,M
2907a553-950e-427d-99d0-529f7ce12bd0,2023-04-05,F,M
2b075720-32a7-471a-9d35-470492564792,2023-03-30,M,M
32482b9c-3c4d-4aac-ac5d-9cbee04a6fe3,2022-06-30,M,M
32a4c946-5af9-478f-9e6c-bf53eca81d3e,2019-07-08,E,M
35e9e863-8d8b-4f9e-9411-57ee8087d199,2023-05-29,M,M
3751d819-c980-4b00-9b80-2599f8e33c0a,2021-12-28,A,A
3aa40acd-ab1b-45c1-ba73-9a123b153392,2022-02-27,C,C
3c121e57-a13f-4554-aea2-e0130b648d98,2021-12-02,E,E
43286af8-aaf5-4fab-a66c-13357c425d9b,2022-07-21,B,E
4879e370-5eb4-4b5f-ad37-c0a6205a4dca,2019-07-08,F,F
4cfa76e4-97be-4664-a824-5dbf2439284c,2022-11-07,M,M
4e198e86-54d6-4a18-80ba-0f90b6d8d72c,2022-01-16,D,G
4ed9c56a-756d-45c0-8e8e-f79a89f3c5ab,2023-03-03,O,O
50128dbd-de5f-459e-b1e1-a361a357b632,2025-04-07,B,F
51a9ce83-3c72-42c9-8107-37845cf00694,2022-09-15,G,G
536501d1-3030-42c1-8d59-975bf1c9ad7e,2022-06-04,C,M
5770ead1-64a8-4b10-9ede-d6b460c66f14,2025-03-13,M,M
5a6844c9-9b3f-4dc7-88fa-bcff3cd5852a,2022-05-20,C,C
5b3a5a2f-82c3-4459-9a7e-860186bbfcaf,2023-11-25,E,G
5d140d78-8a29-42ce-a8ec-f0c9d2265dcd,2022-07-11,M,M
5f3c031d-65fe-4641-87ec-a4ce132d6c29,2024-05-23,M,M
633a9644-d605-444e-ab17-965011d1a7e2,2024-04-16,O,O
66a0711d-313d-4cb6-9268-65ebe2ae978f,2023-02-01,C,C
6e5113a7-9958-4326-ae9f-b5991e949e84,2023-02-26,M,M
7193e48e-7ad2-40b1-b9b9-a829a005f353,2022-08-19,B,M
7306fd04-c510-4aec-94f2-91a01a4d9a11,2022-05-15,E,E
7370c88d-f196-48b3-b6c1-c3f4bd194a92,2022-10-15,M,O
75c9c779-a2c2-4a4b-bd29-66c45920aa33,2024-05-03,B,E
77ec3cd6-a88d-431e-8413-63e565c5b44c,2022-11-28,M,M
78825153-8608-4277-9ef5-1d0085485454,2022-06-01,M,M
7c656c27-a27c-45c2-a9a3-cdd7d804ef2e,2018-11-26,M,M
7da9fd25-7250-4977-9b0f-668c00085751,2023-03-05,M,M
7ecf4e4c-3053-4369-8c7c-d2d23d1f6a05,2024-06-17,C,M
821a26bd-29bb-4ceb-adb7-e092ad830b0f,2023-07-06,D,D
827e35e0-7eeb-4c34-8dc0-22324728e4d2,2023-07-22,B,M
82b79aab-7628-446e-afac-1eec0e03aa23,2022-06-01,M,O
836c9db1-b327-4e50-8fcf-d5e811385c13,2023-12-29,B,C
842d9515-58c2-4a8b-96f8-142cd7aad033,2023-10-31,F,M
8579daac-8796-43f8-8ff8-dd7f8daabf83,2023-09-28,D,M
8717a936-1bd2-4a52-a838-0eb03251c2e1,2022-11-02,E,M
89534e19-3f0c-41ca-9141-ffd17e26980a,2022-03-23,M,M
8c1e3c39-c85e-4981-8c96-0fab82a53dac,2023-12-30,M,M
8c893bd6-7fcd-4bdc-8a0f-5fa138bf1acc,2017-09-20,C,C
8c928764-fa31-48ff-9d76-418f57c8a64c,2021-12-02,D,D
8ccb775a-d4de-41db-97e5-6c508db7b04a,2024-05-24,F,F
8d1f4b21-30e5-4d18-b46f-f873455d98a4,2022-07-14,M,M
90df9fc6-504d-4da8-8031-265c1b83d917,2023-12-31,C,P
93babf6c-39c7-4a3d-9986-ea3763c724af,2024-07-24,A,M
963a3a5d-c9d9-491c-82df-f59bf4a508bb,2018-01-22,E,E
9711567e-196f-4dd9-8d05-22736ed5ac38,2024-09-26,M,M
9a68923f-fdd7-4957-9514-af2a2ee0a42d,2020-08-03,C,M
9e1bf794-c828-4f9a-b819-b234a8d2a636,2023-12-04,C,D
9e6c0f92-502a-401d-99c0-233a95a198a6,2023-02-01,G,G
9ecce4bc-c8db-4e6d-b5de-6e988330d2e5,2023-01-16,G,G
9f08ac43-2e24-404f-80bf-2ecfbd4fbdbf,2024-05-27,E,E
a068bd84-7484-4dd3-97af-619e4a9174ed,2023-05-09,D,D
a2940181-d2bb-49bf-baf4-17206cec5879,2021-12-11,M,M
a4c1c8b5-96b8-416f-8059-74eeabfc76c6,2024-10-21,O,O
a5280663-2c5b-4914-8862-fe238338b0d3,2024-05-24,E,E
a7a7096e-2e04-4e11-8f86-e15e97a5d1a3,2024-07-31,O,O
a929a48b-433c-4fea-a4e1-ef2a03ec0624,2019-07-08,G,M
a93c00a3-ff4e-4168-b6db-56516f15456b,2024-08-22,F,F
a9452f9a-6c53-4d15-b1c5-86bdb9231668,2018-02-21,E,E
ac3ee341-d2fe-4943-ba75-f043656e8184,2023-01-22,E,G
acff316b-2bec-4240-80c3-694068ecd02d,2022-06-24,D,M
ae8edb4b-9c5c-4dd6-b50f-7efe0fe0b61d,2023-08-29,C,M
af66d9c8-d11b-4b27-8831-abbdbc7a1d84,2019-10-07,E,M
b16f3d12-fe98-46b6-9537-919c3a29243f,2023-10-31,C,F
b472f09e-bc1f-4744-a8aa-343aceea74ba,2024-01-21,G,G
b582c0ce-a0a2-43fc-af7b-45377553618f,2023-06-08,C,D
b9c53fa4-e8f7-4d64-b009-702f7a1abaa0,2022-06-08,M,M
bf0ce6f4-4f3a-4941-ab9e-67705023025d,2017-11-19,F,F
bfe40e3e-bb0e-47cc-9d4b-90ee20959194,2021-12-11,D,M
c0e6a35b-d1c5-4dd5-baa3-c3f89df961ad,2022-01-25,E,E
c1d83f49-9ee3-4932-8bcc-deebd68d66f3,2021-06-10,D,M
c2e7af96-879f-4fbd-a38f-cb2250aa4a1b,2024-11-04,C,G
c4130287-ee56-4beb-822f-c5da57491c6d,2021-12-02,M,M
c4be47b6-7488-4ac0-8b5f-0af20adfec65,2022-07-30,O,O
c5485975-e28d-421a-b9e6-ca7fc5c71814,2023-08-28,B,C
c6198caf-f817-4d2e-9023-e4fabaace25d,2024-05-03,G,G
c65bc420-c2af-464b-a4a3-02a9c03a6165,2022-08-19,C,C
c66395ef-1b23-4f01-b3f8-dd79bb111a75,2025-01-24,E,E
c704c679-d217-4ae7-a6b9-131c3c865b01,2018-03-26,E,E
c930edca-6200-4003-908f-4bdccde73a36,2023-01-09,F,P
ca184648-208c-4818-93f8-2fd4d6cbb8e5,2024-03-21,B,B
cf209542-d199-4de9-9406-b5146fabb3a0,2023-02-01,E,E
d3609339-67c6-46d2-8e6a-6940fe22d70a,2022-06-04,M,P
d3b33bff-b3d9-4441-9843-a55b764d4e1a,2023-02-02,G,M
d9ef2eeb-317a-4651-aa2a-77a452b21bfb,2021-12-22,M,M
ded23f62-8054-4808-bc8f-2b2c92bc83de,2021-05-31,E,E
df69b297-be47-40db-9594-5f6db3a6e849,2023-06-29,M,M
e231914e-f0a5-433c-85e8-2a013d00c27d,2022-12-28,C,M
e5d0aa51-f0c7-440d-a553-73aaad48d6c1,2022-11-29,G,M
e61174d3-8f2d-4f99-b4f1-dd4e1f8af91a,2019-07-17,D,D
e698e5c7-b945-4e3c-a29c-673049299e78,2022-11-06,M,M
ea1d8d23-75e7-469a-92af-f6604a93b370,2024-09-07,C,D
ea43d8c6-5a14-4df3-a5d8-c620eb335a34,2024-10-31,C,M
eab351a9-f877-4c6b-a31c-cad8db91688f,2022-11-02,B,M
f11d858a-7813-493d-aafa-03c8ef8b08c0,2023-05-14,F,M
f2440771-792b-4c18-884d-289e004e10ab,2022-03-01,D,D
f2c26a82-8147-432a-9c5b-ebe2dbff7924,2024-08-01,B,C
f61e4680-cf8a-42d7-a04d-efa0788b57a2,2022-04-14,M,M
f72c505e-b2f3-49fc-bdf5-73744c09c1ff,2022-06-21,G,M
f8344d23-4d23-4e5d-bc2a-9787b2c0e3e2,2022-07-29,F,F
fccd8729-8c0c-4096-a858-7fe5b0ff7262,2020-01-06,B,G
fd28fb9c-3bbd-40cb-968b-27cd97ba5a44,2023-09-28,F,F
0659d7e3-b83a-4041-bf4e-72b350ae65f8,2021-11-22,M,P
068cd98a-6292-4003-ac94-2ff1e8314ab1,2022-12-28,O,O
0883f3ca-967b-40cc-bdb0-e1b1548d3ea4,2021-11-29,M,M
08cf3cf5-24ed-41c7-9919-f05182e2554e,2023-11-20,D,M
093df533-f547-454c-a62f-172c012a2eab,2019-07-17,M,M
0aed3f04-dd4e-4ce1-ade2-6151dd71bef8,2021-08-22,E,E
0dd50398-f641-4035-81d0-6c1d674c8349,2022-07-09,D,M
0ea41bf9-b02a-49d4-81f9-8f7894c9f110,2024-03-21,M,M
14e7ada1-2d06-48e7-b0c3-b7c2c530fe99,2023-03-12,D,G
1552474f-4700-4394-b802-d99d6995814b,2021-10-01,M,M
1ac5915f-5097-4c71-903c-8dcfd8fd91fc,2022-04-28,M,M
1bcab5e0-3408-41d4-b460-f8d437b808b3,2023-11-18,E,M
1bf84d2f-63d5-47e5-9cb1-64c9584dc2c6,2024-02-09,C,M
2340d717-c5f5-4e01-ac2b-924695789028,2023-05-29,M,M
23be54ab-a7ff-4821-aa61-dff26b2d273f,2020-08-17,F,F
24e1abf4-57ba-4e97-a832-21e72307e608,2024-05-03,D,D
25a71e06-05cc-4799-819e-f48284b59894,2023-09-01,B,C
26f6607b-3cb5-4da8-9ebd-6cf990a389ed,2024-02-10,M,M
29236366-9688-44ad-b471-4eb365640088,2022-08-15,G,M
299f733a-94fd-4c25-bb15-a2a346f7b6cd,2025-07-23,C,C
2ceed708-0f6c-4a36-a623-6ab09a47dedf,2023-02-24,M,M
2d2afd77-f458-480d-8997-58e0d8e5972c,2024-11-18,M,M
2d53a326-8e96-4db5-8bd0-527e6557eea1,2024-10-07,C,M
2fcbff1e-484f-4e4b-aa1b-1f309b9cf9d9,2024-01-15,E,E
3116258e-99b5-4239-98cc-9fa853e76598,2022-06-28,E,P
33d9db83-2713-4534-828c-198eae66d3d1,2024-02-07,O,O
35005f9c-8964-41ae-a02f-fcd657a0d8e3,2023-10-16,M,M
37102d87-7282-4ef1-906f-aa93a928028f,2020-05-03,E,E
38ff5ce9-648b-4e55-8d87-b3fb26dba482,2021-11-29,C,C
3b68cfed-c8c7-46e8-94a2-a6aa765ef0c3,2023-08-16,D,E
3bc77d68-0811-48ff-9a85-efb3ea60760e,2017-07-10,B,C
3ddeaaa8-8104-42de-9927-5f0b1c0daa1d,2023-03-30,C,M
3dfcabf4-5ccb-4003-b515-a8ac47c86e0e,2024-01-31,B,B
40fd87a0-7bfb-424b-b786-b53da6c7454b,2024-01-12,B,E
410d7a2f-63ee-4add-81d5-c9512d68c68f,2024-08-04,A,F
4146de20-ae84-4052-ae49-1644c6f5eeea,2024-06-03,C,G
42dd94f7-2ee9-4140-8893-2351ab53ed4f,2024-09-30,E,O
4a82b1f3-7753-46c7-8374-4f79b650a7c7,2022-04-14,M,M
4d17139c-0b60-478d-9b18-164a9ef2815f,2022-09-27,M,P
50846d16-35ca-4ae9-a26d-3a1909105f9d,2022-05-02,E,G
523a33b6-55e8-40bd-a9e0-575e7a8bde90,2021-06-04,B,B
546fa0c3-9d45-420a-9702-097e86e85f69,2019-11-16,E,E
590194fa-cab6-46a6-b395-043e9b935c58,2024-10-28,O,O
595d4701-80fd-44e9-8858-8bf2a51cffd0,2024-09-27,D,M
59a65c04-1962-4dcc-9523-bf9a86dbedf4,2022-05-04,C,M
5af5ccec-8cbe-47b8-b9d4-2168a5d94ccf,2022-06-27,M,M
5e84a2dd-4528-4d44-b6a2-ae950c43906b,2023-02-01,E,E
61d921c0-d87a-4dbe-bae1-9289f442283d,2022-03-04,M,M
65bafc50-86db-4fc1-9340-930aa403ee62,2022-03-30,M,M
6bb34bd1-a491-4e8b-b924-78e376878dd5,2022-09-27,E,M
6c3ea105-75eb-46ee-a606-cfd5c3520e56,2024-10-14,B,B
6ca21dd3-1dfe-472e-b7d1-93e010a0f2b5,2021-02-06,C,M
6d6d857b-f0af-4953-a8a1-a2e091395935,2021-02-05,D,F
6dd4dcd7-1b75-4e61-a79a-cb985d5ae7da,2020-08-22,F,G
6e13275d-62af-4413-ab07-872dd16442b9,2024-07-31,C,G
704cd9ec-4349-463e-8275-ad329bf484ef,2022-04-07,M,P
74d66835-026b-4306-b3dd-56d8b3f55037,2022-01-20,M,M
7853335a-9a47-4b98-a328-b53cc783ff1b,2023-05-20,G,G
79402098-0bda-47f5-8aaa-20dd31f3b8b5,2023-06-15,C,M
79a6b4a7-6b3a-4d0b-90c6-bc2f14f78c9d,2019-09-16,M,M
7dc9363b-d55c-4f8c-bee1-1e0d3b2e5371,2024-05-20,P,P
7e1ddbc2-b8ec-4f4e-b5e4-00eabdbaee39,2024-09-04,A,D
8193c1f3-8590-41cf-942b-67e6e2234060,2024-02-18,M,M
89385fa5-1f85-4959-90ad-30617a5aef86,2019-07-08,D,M
8d796ac1-12f3-4a4c-b851-0b42a8cabd48,2022-05-04,M,M
8de9e153-8a46-4841-9509-0d76d62f1069,2022-01-30,M,M
8e4a0564-ae06-4e23-9b34-2b977278345e,2016-12-03,F,F
8f10a37c-4255-4f85-b949-5474bafd6a75,2022-06-28,M,M
93dca0af-0252-403a-bec5-77b49ee32f0b,2022-06-04,E,E
94317507-1a68-4756-b552-6eafe496c978,2024-05-31,G,M
95ebf58e-5ad6-4574-9547-15032b68b67e,2022-11-02,F,F
95f027e2-a392-462a-90cc-98177d2eb894,2023-01-29,D,F
96936a18-cd14-4161-a220-b8f41a9030ee,2024-06-28,B,C
970c4e72-8bde-4078-8354-6dc3a69fa504,2023-12-29,F,F
97304fd2-7e57-48fe-9eb2-8a3d5879fea0,2024-04-13,D,M
9d2a40d9-e0b1-417b-af43-76725cf6cab9,2024-09-27,D,F
9d6137f7-a1ac-4c8c-b681-aa7d036198db,2023-06-29,B,B
9d9b92c7-818d-4179-8603-180f48519747,2019-07-08,E,E
a0edc1d5-d131-4adb-8e91-8e95efb0b7d5,2023-02-01,D,D
a26b4c65-d639-487f-96da-081081bcfed3,2023-10-10,B,G
a31c4bb9-f86d-4fb4-aed1-0e41140d6112,2024-01-12,M,P
a56240b1-a3aa-4b4d-842b-3a7352c2b4ed,2025-02-27,B,M
a9670960-adcb-4b36-927f-204231c44a9d,2023-05-03,M,M
ab17b12f-cc90-4a3d-b6d5-4c9bf256f427,2023-03-13,C,M
ada5359b-b5fa-491d-ba0d-cbada34af271,2022-12-28,M,M
b024213f-27b1-4f32-a694-600801be52df,2024-05-03,C,O
b32303e8-3cf5-4c0a-a8ea-0aca30179db3,2023-01-30,D,M
b422c002-b946-435b-a2f4-2defaf147213,2024-05-01,D,M
b4b14e62-a891-44b0-a79f-5e0e6c87c58d,2022-03-04,E,M
b5f301b3-5671-4418-84bf-86cfc6a85db6,2023-04-25,D,D
b6b4c638-8124-4ce1-9768-fcb5a0f8507a,2022-03-05,C,M
b76399dd-18a7-4854-a422-7d5fb2d2ba55,2022-03-05,M,M
b8c8ddf5-c571-406c-a6a4-1ed65f34ad51,2017-10-04,D,D
bb79dc16-e8fc-45fb-8f09-3b434ba6598d,2022-07-27,D,M
c934606c-cfde-4751-a0ad-a92685d7bbb8,2022-10-29,F,M
c97d8b98-3fde-4c53-86e2-60c4c7b7f6f0,2018-11-12,E,G
cf16440e-8eba-4600-bf42-ffec26760342,2017-11-19,B,B
d474f0aa-c8c8-4afc-af99-c742c08c18ac,2022-06-04,M,M
d76bb68b-465f-4987-99db-03a41d0a8dec,2024-06-28,O,O
d8681903-c578-4b47-bcde-5732d0749b11,2023-05-29,B,M
dac2d243-21c7-4ab0-8791-c9ce35ccc9a6,2022-09-30,M,M
dbd88594-485a-4bd3-9dc1-520b513bb07f,2022-03-14,D,G
dd28dd1a-4a85-48ce-903f-b6753be4f61f,2024-03-24,B,D
e00f3100-c202-4a8c-94a6-223899cfccd6,2020-11-16,D,P
e4c57d99-fe7d-440e-b2d5-50184cf75510,2022-05-19,C,O
e5cfe6f5-2874-438f-9cfb-4b11abe8273a,2024-08-26,A,B
e7aaf7ba-58ba-4098-a088-aea9131b3582,2022-06-28,M,M
e90fcde2-f9b6-427c-8b79-234c0d7817b8,2022-09-22,E,E
e94fa183-fa15-43da-ad2a-a4c55d9054b3,2021-01-11,A,A
ee8046c6-cce8-4982-b9aa-d3b51b8e5421,2024-02-12,M,M
efce566b-c934-48c8-bc78-3a6e74b61c1c,2022-05-04,E,E
f02b3693-35b0-4a4d-89fe-c4db935552e9,2024-03-25,O,P
f03725e3-b342-418e-90d6-e0480258cbc6,2018-11-16,E,E
f3f206cc-58eb-41ba-98a0-dd365e2f77e1,2022-10-05,D,D
f58850ed-0822-48a6-820a-cbee85de9344,2023-02-02,M,M
f5e9bf64-7878-4a32-a0d8-aba2af06deec,2022-10-23,G,G
f8bc04ea-a94e-48be-a956-df487366fdd6,2024-08-01,C,D
fbf2fc15-73ae-4d08-b3ac-ea6734552813,2022-06-04,G,G
029af7ff-9aca-48fa-95be-96535f88130a,2018-01-11,M,M
0323f0c6-880e-47fe-bf03-b3a965e71bf4,2022-06-04,G,G
03603010-1b90-4b2c-a827-9b07d792e793,2025-05-29,M,M
0388ab8a-e559-4d46-ac68-288030ff943d,2017-07-21,C,C
08a720a7-34d1-41b9-82d4-8b8f7840c7b3,2022-11-26,M,M
0b6ad9f4-2490-4874-aa6d-2b8f190ca504,2022-06-25,M,M
0c5b9997-4213-41f8-8d93-5da9ccac492f,2022-09-03,M,M
0efbc1e3-0b40-45ba-91da-a47c5606e3d5,2022-08-17,D,M
0f147293-9c2b-4446-8438-b3efe4e6cf69,2021-06-03,G,G
1136a018-3e36-4e19-a4ef-0912f01db784,2023-06-11,B,B
16893f2f-7fbf-4578-b724-d543427bfd01,2021-12-02,D,D
16904d53-9358-4a61-93e8-ae22417fe725,2023-04-21,C,G
16aa50e8-4b7c-4d76-8137-b935a051728b,2022-10-20,M,P
1751e4ed-2577-4f92-aa1d-4873681d5604,2024-09-27,D,D
1f4e125e-8a8b-4abb-85bb-e8cf9da0285d,2022-03-05,M,M
22fe4e65-3bf7-4f93-9a2e-fe7f913b479b,2017-05-08,G,M
24d1eb76-fd89-46cd-9720-6a4de040a253,2024-07-29,O,O
25db619b-8201-4ccc-ad50-ea438e1968f9,2022-05-14,E,M
29e9536d-7e36-4b75-95d6-dacbcd113844,2023-03-01,C,F
2c9cc276-b043-4e69-a9e1-b385c4193274,2022-03-05,D,D
3303f1ef-0cec-41be-bcc1-f13335cca082,2025-07-18,F,F
39a3b7af-2848-4cf2-ab3f-c3acf02d3a7e,2021-11-29,D,F
3a2737cd-0b84-4692-86a1-7a1fea7bc1f8,2024-02-28,F,F
3aaa257b-f811-47a0-98c4-31c116b5d4d2,2022-06-30,C,P
4101424a-01ae-4f2e-be51-c5d81e57978f,2020-09-21,G,G
4137af6b-2ded-4cb3-a5f9-d4ec60e2f67b,2023-03-31,D,D
41cec392-f8aa-493f-8d55-18d65acf858f,2024-12-30,M,M
42620dc2-1596-4d80-8c74-81ccb5a168f2,2021-11-06,G,M
43134506-161f-458c-8c26-f5444791054f,2024-09-29,E,F
447f0c3a-b105-455c-9fc0-e31db166a11d,2022-07-17,B,C
462fe7d3-420c-408b-b826-b26bce09ec63,2023-03-30,G,G
4662ce94-cea2-464f-b69a-ef4da8c73ab4,2024-03-29,M,O
47f4fe28-6f57-4512-90dc-a775accfcd1a,2024-04-01,F,G
49091998-c4c3-49fc-bb67-86c39fd03462,2024-08-02,M,M
493fe8fd-3e43-4fd4-a0bc-c9a8edf2e263,2022-03-05,E,E
4c441d7c-49a9-45bd-8eea-1f7aaa34b1d6,2024-09-21,C,M
4f4eee82-69dd-487c-b0ed-99ebd0bf0e3f,2021-05-26,M,M
52d8e968-f3ae-413a-bab7-60231e87ec5a,2022-03-19,M,M
53450d68-4eff-4267-9701-6944a412b883,2024-05-24,G,G
53b93ef1-aa9d-485d-b242-9e647a7b4bf6,2022-04-07,M,M
53f97ab4-b8cb-4e82-9f66-94759ebd23f8,2019-07-09,F,F
543e8f2b-51ad-473a-8dcb-eb8e8782e3fd,2024-08-08,B,M
5a84e3aa-f309-4b50-8e34-2066e1447bd7,2022-08-19,F,F
5be1351e-3ca2-4a0a-8b8b-20a420bf4c37,2019-07-08,G,G
66514492-de54-46f3-aaef-2fcbf31fc9ca,2022-06-18,G,M
6aa8b884-c5f4-4d13-a3dd-5705aa6706c2,2022-06-01,E,M
6b0c2186-971e-4deb-bd75-a40d757e2e2d,2021-11-30,C,D
6d607a8d-ae19-4adb-9e4e-3387215c229a,2017-10-04,A,A
76d7f1e9-4d8d-4492-bbae-b5de9b877d85,2017-01-26,E,E
7c3d9a49-da77-4bd8-bc4a-670ce4a1f2e5,2020-05-22,E,E
7f8ccff2-ffd7-4b34-ac1a-2f07be9f8107,2022-05-09,M,M
856f10fe-2898-41fb-b8df-8c2e2ea5e9c0,2018-10-22,F,M
860da29c-627e-4b18-85cb-a62ea82eb1e9,2022-03-03,E,M
864c1a70-0039-44e1-960a-9d1b69ab7c75,2018-01-12,M,M
88704337-3925-4944-b03b-c87126d728a2,2023-02-01,C,N
88eb5db9-463b-445b-8f3f-0479684f2089,2019-10-23,D,D
897071a9-76f9-41a0-a7ff-978bf1ef78bd,2024-10-31,E,F
897935b3-d34c-41d7-9542-2cb53c0671f8,2021-12-11,E,F
8b1448a5-94de-49ae-ac96-f93e2c0d5380,2023-06-17,E,F
8c7510b8-14ff-4870-8d05-20a88674ca5a,2021-02-08,D,D
8cafc241-ae70-4a19-ab0a-9cfb4db4020d,2023-12-21,D,P
8ccb816b-7d47-4ef0-8d13-5873ed08c1db,2023-08-07,F,M
8ce008a7-fe74-4bb6-89b5-4715b1cd8aff,2022-12-28,C,C
9496f5aa-e521-4954-83f5-0666a3e25f87,2024-09-27,D,M
97cca35c-5d5b-4f3f-aee8-9a61bf9c7552,2022-03-05,M,M
984eb6e3-37ba-45b4-9259-b6082c86ffc0,2020-12-10,D,D
99819d85-4b14-4fac-93d2-55a7a46c3953,2024-05-03,C,M
9c02f587-9fe9-40ca-aee1-09004c9ba8c2,2022-09-30,C,F
9d285ca1-6aa2-46b9-98bc-ad033b059559,2022-03-21,C,N
9d6f659d-5495-420e-86cc-f3af0e4c34f3,2022-04-29,C,M
9f0a9760-3b9a-43b8-95fb-01e4af1874a7,2024-05-24,D,D
a07af7ba-a7e8-4b36-93f0-f63362f7424f,2024-06-25,M,M
a2bab08a-a575-4431-86c4-dad9af58aba9,2022-06-04,F,F
a6ee2425-4c02-41fe-af11-c58b986f8c45,2023-05-09,M,M
a7cabb03-f562-46b7-8f31-f49e7d4fa19a,2022-01-28,M,M
ad240a7e-9858-4a28-8e4c-74e1d99e2ac9,2022-07-01,O,O
af72c47c-7ef8-43c5-bb2b-69261fb2988b,2022-04-12,M,M
b2a05e3b-7f60-4a99-8fe9-2867f6fb8a21,2025-06-01,E,M
b566b177-dfe2-4670-8281-dcda566b0c31,2024-03-30,E,O
b78fca29-873f-4f5e-9158-f2ed537da35e,2022-11-02,C,F
b7b351b6-ccb7-4f0a-9382-b10b1b1c2b53,2024-01-31,O,O
bb817902-9b16-4dd7-9c9e-58ba69826b79,2023-04-19,G,G
bf1780e3-5149-401f-9a59-fd2218b6dcf0,2020-10-19,E,G
c0ccda86-f71e-4d95-b443-1d6b29b72206,2024-06-26,B,C
c1aec91b-f853-474c-9041-eca52d2d584f,2024-05-24,C,D
c74e7d7d-8d3d-456b-8bed-ddf0d7651b42,2022-06-04,F,G
ca1536fc-4dc0-4801-ae9c-63f8646e161b,2022-06-16,D,M
ca5858a3-657c-40c5-94f9-a0ca80f5dc71,2024-05-24,M,M
d0e5a10f-a89d-434a-81fb-6008b1a711ba,2023-02-01,F,G
d33157da-9967-47c3-bfd5-8376afab8e69,2022-02-17,F,F
d3784425-af9e-4403-b5d6-5ce1db4d7585,2024-04-06,B,G
d673727b-0b90-4d14-9643-b67863ddc70f,2022-09-30,E,M
d74f438d-1907-40ee-a1c0-27dd5fdb3dd3,2024-01-01,E,E
d820b828-bc10-4372-ae12-c53ed7494c37,2024-06-13,B,D
da7c4289-c66a-42a4-bde9-d4a2a3df96ac,2022-01-31,D,D
dafdf312-c06d-4d17-9940-014d8f0cf7a8,2021-08-16,C,M
defb632a-5a09-4150-8422-9609d2ffff2d,2023-01-31,F,N
e01c7834-3454-4cfb-a216-6d4eec61a7d3,2024-09-15,G,G
e3a38f4a-360c-4881-a02a-2d5a9dd59b68,2023-05-29,E,E
e50efbe7-9ca0-4db9-956e-d26845e1b78b,2023-04-20,D,M
e61105fd-e867-4b83-b57b-f9c3e46cca93,2024-01-23,B,P
e91b6c8f-a1be-4c56-8ab2-680bab3c3dff,2018-04-30,B,B
ecb2f2e8-1185-4806-9cbe-feb111ce54d1,2023-03-08,F,F
ed390607-dcd2-4ace-a401-6af38e92ce0e,2022-05-28,M,M
f00a2a01-8d6b-4c32-a2c9-4e617b6b56ed,2022-07-18,D,M
f9afddb7-34e0-41e7-8e28-8157f7b61d3a,2025-06-19,M,M
fd9e34ea-69c9-48d7-be0a-741c655ab625,2024-05-24,E,E
fe802c7c-9271-47a6-a6d8-42d37337731e,2024-03-30,O,O
ef5790ed-2044-4b9d-8281-6ad3f3d33108,2022-09-20,E,E
f2c95308-3e73-446b-9a4f-f984bb41304e,2023-10-11,A,D
f6f8e7fe-8b92-4569-b17b-06cd920dd89c,2024-09-06,O,O
f7446d93-afdf-4c63-ab2a-7e6f62ce355d,2023-09-28,M,M
f7eac8f5-0864-4848-8604-53693fd272b5,2022-04-15,M,M
f9699b94-a311-4a34-af2b-554a409e3383,2024-04-15,N,O
fc31a08b-8c15-4aaa-a469-3d0a1886616b,2023-09-24,F,P
fcaf265f-a153-45f3-802f-3d9df31e7a55,2023-02-01,G,M
fdd4c0f4-53d7-46ac-884a-d849e25f6184,2022-08-23,G,G
fdda5aa0-0513-4382-b535-783243c92d24,2022-12-26,E,M
086c68c0-7f69-478b-8207-4dcd49e7afe9,2024-09-07,C,E
0c627ae4-1e57-4039-b503-7a9d42e37d78,2025-02-17,C,C
109d1386-c389-4e14-bb82-f285134aafaa,2022-01-28,M,M
162d30f5-e80b-4f51-95ed-b9cb59b3fd6b,2023-06-21,C,G
168c7254-0677-4319-8670-bae7799f84ed,2018-11-26,G,G
17a14f06-63f7-48d2-a6d6-c4cdaada1a7d,2024-08-20,D,M
1876be27-77eb-4a03-9aea-b19cfcbeb80c,2024-01-12,E,F
1e737030-5189-4e15-9578-73ab8b85c363,2019-04-04,C,E
1f337a2c-e80b-43c3-8821-306d81a82464,2022-07-30,G,G
1f543716-eda9-47be-aa53-cda926313832,2018-12-08,F,F
210d8ef9-9889-4864-b34d-2b3c15911dbb,2022-10-30,M,M
2186d664-a9d8-4539-8ffd-37936eef4df0,2023-09-29,D,D
26e56771-7cda-4fd0-a3d6-fe040bdf67a6,2024-07-16,M,O
27dd7b17-5eac-4546-a1d6-4a283ee34d31,2022-11-15,E,M
2805c8af-6f03-4d58-b16e-0231c341cedf,2022-12-28,E,E
2d9f2213-0b82-4c40-a84f-08b634be34cf,2023-02-21,N,N
2e824bbf-e91f-4c9c-83e3-e0718944e5ef,2024-05-23,G,G
2ff6680f-1428-4405-9e5e-bbb510ff8ccf,2024-09-02,D,D
330db0d1-0257-4412-b15a-df6691665ee6,2024-06-23,O,O
33312467-27bd-45e2-9f76-2abb24253906,2024-02-12,C,C
38156821-2c2a-4d69-bbbe-7edb873a1e7d,2023-02-01,A,C
3d6975fe-58c5-4b9a-98d4-60fbca32d6f1,2024-06-28,D,M
3e12d408-b872-4286-a94c-bdb790fb7db5,2022-06-01,M,O
3f99fea3-560b-4557-82fe-79ae73736402,2023-11-17,B,M
4189867b-5cbf-412a-988d-909e60f5ffd6,2023-02-22,D,M
41ea1ee3-2f3b-41b4-b911-62cae8e1031a,2019-07-08,D,D
428f9917-9d26-40fc-8ff1-07454b53fc50,2024-05-24,M,M
451925e8-4db2-4140-aa92-2f516cb9727d,2022-11-02,M,M
45278cbe-649d-4f28-97d9-77b145446ad0,2024-06-11,M,M
4550c363-d93e-4c79-b94a-fdef352e8239,2022-12-04,D,D
4b9a4dbe-f4c9-4268-a16b-12cb0e733ad3,2024-07-30,D,F
4bfa81b0-6cb3-4f79-af67-3453a46b0787,2023-11-14,A,A
4d55aba6-bb4f-4e23-954b-143bfc6d29ac,2019-07-08,E,E
4e131ffe-1640-4ef2-afec-45d0baed5087,2022-11-02,M,M
4f37d2a7-e3c6-40be-9341-208b0de5725f,2019-07-08,E,E
4feb3eea-1240-46db-817f-b3d5deab9ebe,2020-06-30,E,E
51a7d435-d6d4-4a90-8211-56aa4d24b0d6,2017-06-14,G,G
5320ab2b-d1d2-4e33-aca3-d0ff05b7635a,2023-04-05,C,P
54999457-9153-46e7-9aa6-1a5e709f9d97,2023-11-19,E,E
58613089-595d-4da0-9d76-d913b9353edd,2023-08-02,D,M
58a8b12d-2894-4238-838c-a35b8c5809ea,2025-02-26,B,B
5d76b129-e2f0-4948-a216-74607b34f482,2022-10-16,M,M
5dc42328-46f1-4b82-b8e6-b7ee4ffc70e1,2019-09-15,F,F
6198687e-95c7-431a-a105-b5709fd33003,2016-11-30,F,F
68ddd2f1-e4a6-4c03-8ac6-10728cc00cf1,2024-01-10,M,M
69acee3b-89c7-4236-a3e2-731c862f888f,2023-03-17,G,M
6d6e4c68-f467-495d-ba9b-3eb4f85b3780,2024-10-11,G,G
6da4d064-ce7b-4f55-8339-a18cf94db58b,2021-09-20,F,M
6f20ed13-e6dd-43be-9aba-160dadca9a07,2024-05-18,N,N
6fb9ae1d-295d-4bd3-9dff-771a14ab8f1b,2022-05-19,D,M
704f5595-6b2f-4d60-b456-6cde8f0bc0df,2023-06-29,E,E
72a9d1a6-d81a-4033-8e72-f50ac0c970a1,2023-03-04,F,F
7350b0ec-1f83-4fd1-8e7e-09fdac063c4d,2021-03-04,F,M
75cbddcb-ae53-478a-b77c-ee705b374e85,2022-12-31,D,M
76eef91f-d6d3-4c43-a6c9-3aa96a0399ad,2024-09-25,A,D
7768ba0f-07ed-476e-ae3e-e29caee6bc80,2024-06-10,C,G
785a39d9-6490-4cac-991a-bbfa11f3d2e6,2025-04-25,C,C
78933a7d-7b5d-42c0-8e4f-03cc4a00c4fa,2022-02-27,C,C
81c9f419-648f-4fd4-b814-66829d09a698,2022-02-13,M,M
86409e22-13fa-44bd-8333-7c5e519a9368,2023-02-01,E,G
865740de-0987-4956-a4ea-db7681b8c0da,2023-01-29,A,A
8a0ad68f-04ff-4808-9192-dd49145c72d2,2024-06-28,M,M
8a5a6e11-55e5-4571-ac6a-f98ad8987d56,2017-11-19,B,B
8b7b2f31-f81a-4b69-84a1-4e6dd2226684,2023-03-05,M,M
8d2b471c-2b26-42f5-af6a-e03234124883,2024-10-28,O,O
8d97a568-e6b0-45d6-9fa0-89ec6b8d7a0d,2023-09-28,C,E
94c8c2c7-38c3-4c8f-9a0c-8677a1c35b31,2024-07-29,G,M
954af36d-db46-49c2-a955-230be1309694,2024-03-13,P,P
9759cf57-2add-4bab-90f3-92a3ee486fb3,2025-04-02,A,A
97807480-13e7-4fd9-93a8-a74a66db0f93,2022-06-04,C,C
9bad49c1-4afe-44cb-9f2f-05fabd17d385,2018-05-14,F,F
9bcce610-82e4-478d-bf42-237b6629b6ed,2022-07-30,M,M
9e1ce2b5-65fd-42b1-869b-8d828ac6dc1a,2022-05-26,M,M
a05f29fd-cd0a-487e-bae7-ce398aacb5d7,2022-02-12,E,M
a193a926-00f3-44c7-bdc8-15d7e08f83db,2025-01-19,G,G
a3711cb1-1855-48da-8deb-c3ca7e1c8e31,2023-02-22,M,M
a61f1e8a-263f-4f50-b80b-eb24822185b9,2022-07-06,M,M
a66a3552-5276-4f61-aa9c-e4ec544af818,2022-06-20,M,M
a94aa911-63dc-466f-acb1-3dc5fc3fdd38,2023-05-06,M,M
a9a334fe-d097-4bac-84da-ddff5bf2f542,2023-10-31,C,C
af971163-3da6-469e-a95b-ac0b972dc55b,2022-12-29,E,M
b294cf2b-0bfe-4c96-b585-20f76c7fe7c7,2023-02-08,C,M
b320b1cd-9df1-4985-833e-e16fca6342f6,2022-08-12,E,M
b4e4089b-84ea-4334-b134-dbbf0b9d7e13,2019-01-16,B,B
b5cfc410-1efe-4e99-acd2-44c39297c00b,2022-11-02,M,M
b6c3ef6e-80ec-4225-b252-47d6bc217ee8,2023-12-26,D,M
b7e17c8c-5de2-4915-9e23-d48ef42f3739,2023-03-13,M,M
ba5485a4-9d09-486e-9608-b3c3571c34d6,2022-10-26,M,M
bc4ce0c9-e90c-45b9-9562-795a7c6cea68,2022-06-12,E,E
bcf41d09-7b2f-4786-9265-2b056caf72fe,2023-09-13,A,B
bdd3a566-4b0b-4e7a-aa32-7b4081da6aa3,2022-03-09,M,M
bf005a06-7934-4184-a782-0e6b2f8ba4f9,2024-01-27,G,G
bf29b562-0172-4ff2-9495-f0167f6983ae,2024-03-18,F,O
c1d2e6ae-a3e3-47f9-855a-ffee573b3f8a,2022-01-29,E,G
c2f093ed-b6d2-46e5-a2f0-d0cb247368da,2022-08-19,D,M
c4562dde-ea68-4db8-8b38-b59227babbf7,2018-12-05,D,D
c471b980-a9a2-40b3-8d7d-f5f57dd4cc53,2022-09-19,M,M
c58e72d7-94ee-48ff-a7a0-ae761eb2de32,2021-12-02,D,M
c8232039-c5ed-4fe6-9f76-2241728ced4e,2021-01-04,E,E
c8db01a4-1d73-4fbe-9608-5512b950901d,2024-05-21,O,O
cdcc1c87-fbc0-4b33-b233-482a69ae7145,2021-03-31,F,F
cf58c131-7ad9-4302-b839-57cd1c6c3a04,2024-05-24,E,M
d2536e00-8f4f-4876-bc67-0d1caf8328e6,2019-07-08,C,C
d5f5659a-39b1-4575-a148-b8abfcfeae6f,2022-06-01,D,D
d7013a87-80cf-4ea8-987f-418618178aac,2021-10-03,M,M
d99785e6-a92e-43f3-baa6-3f6a3edb1611,2022-06-30,M,M
d99f0a28-af09-44b2-b02a-b7bc037b8e2d,2023-12-29,C,M
da7549ef-31f8-492c-95c3-4f6f0ff0e601,2023-04-03,C,E
dee4e94f-28b5-493e-aa66-45727dd1325e,2022-06-04,G,G
defa985f-7485-4926-acd5-bf31513c1bb7,2024-03-18,F,M
df1bc638-f053-4d0f-b5ba-6cba5281a2c7,2022-07-12,G,M
e3192dd1-9304-4978-987c-a7d172cea9d1,2024-02-16,M,P
e669cb5c-aba8-4fe7-ad2e-2075a56682b5,2023-02-28,B,B
e733d506-ab76-422d-b11d-fa0e6edc7a99,2025-01-23,F,F
ed1bb1dd-7ed8-44c7-9c17-2148b5756e43,2024-10-28,B,G
ee99f9a0-9778-4c6a-b837-84aee881b945,2022-09-27,M,M
f02eb362-2490-47ce-bda2-3fa87095bc83,2023-06-10,E,M
f389eaca-ed72-4195-ae4f-0e760fc2cb97,2022-09-02,F,F
f40b5377-09d4-496c-b9d9-c336945d3010,2022-01-25,G,G
f935f5b4-789e-45d0-8aa7-66503192a523,2025-04-10,M,M
fed963bd-996d-464e-9ff6-1d7eb072c2a0,2024-05-03,O,O
ff02f019-997c-4dbe-910c-6589f1b8cb2c,2022-01-20,D,D
002a02cc-640c-4181-a0d0-bd30117405e3,2023-10-29,M,M
01853eb4-2ba5-40bd-b10a-2e4d01ab48c5,2023-03-29,M,M
0255a504-2228-4662-a2ed-8059b38e52fb,2024-05-24,M,M
030baf4e-beeb-4fca-b4e2-8ff78729ad8a,2023-03-17,D,D
0507ba17-b358-414e-8440-c4e0ab3b554d,2024-06-30,F,F
0761f256-2b10-4ca3-9883-a57d16f3363e,2024-03-01,E,F
07e2c9f5-e6bf-40d5-be75-5d9aea73dd13,2020-02-13,D,E
0868e6a7-57d4-42ee-8624-01837f6a23d0,2025-01-15,E,M
0cb528c4-5ae8-401e-91fe-eea44eae033f,2023-02-01,C,E
0d44447b-c237-4f42-865e-5adf451d1d93,2022-08-19,E,G
0d6489c5-cab1-4a3f-8c3b-bb2822018a5d,2023-10-31,B,B
10158f1d-3797-4f7b-8345-7df684475889,2021-05-28,M,M
10fb606f-6ee9-4bf2-b29c-3cda32661e4f,2019-11-30,D,F
147cb85d-a25d-4166-900a-173b8c23feb7,2022-10-04,C,M
16927d9f-c98d-4e3e-8ab9-2c87858d968d,2023-02-01,M,M
175a03d7-107f-472a-a8fc-3caf1b0cb081,2024-09-27,N,N
1761f1ab-238a-429c-ba05-8e0c69bf59d5,2022-06-23,M,M
1930dd4c-a402-4097-aa39-24afc3beab85,2023-03-08,M,M
1952b3a7-706a-4078-853d-a2847c5efce1,2020-12-11,C,C
1ad68838-5c20-4b0e-9995-6071206d72d5,2023-11-14,B,O
1e306273-c124-4e7e-bed5-949938637dc7,2024-02-17,E,E
1f35b3e0-c1b6-46fe-a85b-dcf37b0044b4,2023-02-26,A,A
217ec6d4-d00f-49e4-b540-98ed1e1cd55a,2022-08-09,C,C
238befbb-ca4b-4659-9a48-736db6400f29,2022-12-03,M,M
23abc737-66cb-49ed-bc3f-7cdff2558cec,2022-07-06,M,M
251fd198-2802-4e8d-9d9a-3aebf185a195,2016-12-05,C,C
27e3f138-64db-4255-b7da-5cf764f7f5b2,2024-06-01,D,M
2b720c01-6d27-431e-872f-131eb15b835c,2019-01-24,B,B
2dd9b66e-f699-4e59-aeac-262647c1a8ad,2022-11-02,B,P
2f2265a2-9f63-47e0-a3ee-dbe139111574,2024-01-22,C,M
2fd3bc96-4546-4e5f-a888-55dfe70066d9,2022-09-23,G,M
31876ef2-5c6a-45f0-ba32-39ed572eb113,2018-02-21,E,E
31c1a4c7-87f2-4f3c-98bc-05fd78d5b563,2023-12-29,G,M
31fb7a66-cb06-4411-b58d-42016b74f6f9,2024-05-24,D,D
32c4eceb-b3bd-4403-b9ef-be77752f8b4c,2024-09-25,G,G
340a07f1-582e-4c03-aded-ab283724a4ac,2023-07-08,F,F
3420bb50-35f3-435d-bccc-c97b0e2b22f2,2023-04-18,M,M
3bf0a4ec-e41b-4c7b-baab-85d33a4c237e,2023-06-18,E,F
3d5f4acf-9dcb-43a2-9c26-9e41dafd43af,2022-06-30,E,E
3d8eac57-f458-4a7a-9336-ddeaa99e9f38,2021-10-01,M,M
3daf15e9-400e-4509-943b-4581a711fdc2,2023-12-14,C,M
3de580f2-a03e-405e-8fb3-0b28ecad183c,2024-10-28,C,M
446fb4c3-1477-470c-9aa1-f0beceb54d3d,2023-11-18,M,M
44752c83-f239-4052-bf77-fff19bea33f9,2021-08-04,M,N
4845ee32-9771-4bfa-8e44-e253aae80178,2022-03-06,M,M
496879f9-3bfc-4cdd-b91d-5ca999615166,2024-05-24,E,E
4c55fab0-4053-42a6-8b53-3da4ceb79551,2024-01-15,C,G
4df8331d-6d44-4327-9350-bdd892319407,2023-05-18,E,F
4f3d061e-65ca-4702-9245-6f6cd5f52664,2025-08-06,F,F
51fd7f9e-7158-412e-8a4b-722272cce8d2,2024-07-19,D,E
522b7495-afbb-4b9f-a8b6-b0d6d1232134,2022-02-14,F,O
53da4505-587b-4dc9-9e89-3955a402ae61,2024-06-18,D,M
54e5dde7-a0d8-4533-b5ff-e98d7faeba20,2024-05-04,G,G
555d3a93-0c5e-421c-9df8-7193fffcd8e2,2022-12-25,B,B
56d8a7bd-9eec-4b40-abad-8fa76a5a8e47,2023-07-04,M,M
57a06a0d-2c0c-4002-821b-e2083c1266bc,2024-03-18,O,O
5c036ebf-d989-4056-b8ed-25ea5a695f7c,2024-07-31,M,M
5c0a2c3a-ca2a-4e97-8451-a9eda2fba0c8,2024-05-24,M,M
5d39b497-522f-4b36-b678-0c6212207acc,2020-11-09,M,M
5d594cf2-dc5e-4716-813c-d00e8d7b6c45,2024-02-22,G,P
5df95918-366f-42fc-ab74-518bc44d06ef,2023-02-01,M,O
5e193120-90a1-41c0-95fb-75d36fc9ad56,2022-05-15,M,M
5e1c3168-e44f-49a7-8921-10e1feadf27a,2023-02-02,E,E
639ee620-246a-4955-82f8-1b9b26b8a43f,2022-06-28,M,M
66a32dc3-7415-4f60-aadd-e8f4b8971e49,2024-05-24,D,D
66bb8794-8a78-41d9-8623-267045e8dfbb,2023-02-01,M,M
684aebbb-b91c-496c-845e-0b7ab83c2316,2023-02-01,E,E
684b4129-d947-4cef-b691-68ee0336985c,2024-05-24,F,F
6dfd634f-342e-4d4b-bc6b-d505c21ceccb,2023-11-16,B,M
701c25bc-7f4c-47aa-a7d1-5984a0cf7d15,2022-01-16,D,M
71e45ae6-b099-431f-85b9-481a961993ab,2023-02-01,M,M
71f843c8-fc98-413c-9b71-2dcaab22ff1f,2023-10-08,M,M
73a62895-56a2-40b9-b8a5-0448f4e60b61,2024-01-30,E,E
76159e05-8bec-44b1-82f8-292dac2915c5,2023-12-06,A,A
76cdc2c0-68fd-479f-9715-fb5757397214,2024-07-26,C,C
78d0168c-2594-4bc7-8be1-4785c58e67e7,2023-06-09,M,M
795d19cd-282a-4c4b-b321-d9c1da049ab9,2024-02-20,A,B
8126dfdf-4f52-4ff0-a3a0-8bbf71f19597,2023-01-04,G,M
81dc862b-9e74-4627-90ba-25f6b5db20da,2021-08-29,M,O
8429a882-f6e7-4202-bb6e-52b3d585882b,2023-01-29,M,M
84566b7d-3a91-492f-a9ab-b85d92b8de20,2023-06-30,D,M
879cedbc-9b2c-4925-b531-78ec97c17fac,2023-06-28,C,M
8aa86aef-6aa1-476f-98a3-b3e0ceee48cc,2019-07-08,C,C
8b8753eb-6cb3-48e4-bf12-914fabcc9ca1,2024-05-23,B,B
8be533dd-a18b-46d2-95c9-9bc7525c25ef,2018-11-11,F,O
8d47abd6-ea35-46cf-b824-171d76287554,2022-03-05,F,O
8dac3d10-bb3e-4ed9-8b6a-88b9d7ef728c,2021-10-25,B,B
8f518732-effb-4766-962b-dcf7f59f2aa3,2019-07-08,E,E
91fc910c-9443-4f82-8756-04597b392fcd,2023-01-29,D,F
922e6e0b-39f8-4a01-93f5-edfc9df4b958,2022-06-13,C,D
93441135-8fee-4219-ac6a-88bb47b3c634,2024-07-17,C,P
95f14b11-3788-4e86-808f-a1e37ba2f9dd,2024-05-27,E,E
96649e4a-d53f-414b-ab16-0149c68ec192,2025-02-25,G,M
96854ef5-b6a5-4683-9a8d-bf6437114965,2021-11-14,C,C
9c8769ac-df40-4c8e-9f0a-4f6bf3008f71,2022-10-28,C,C
a2088954-d1fc-4f02-9d09-c818794316c9,2022-02-27,M,M
a6a642db-648d-4f45-b550-98a11beb596b,2022-02-28,D,M
a702607f-a87f-4ed8-a4f2-32f94a9b5ac8,2022-03-29,A,B
a724d837-e813-4412-ab2c-f5f41870765a,2022-06-02,M,M
a7959c20-1c86-4a96-9969-a60dbbef56d9,2022-05-25,M,M
ab237d4f-d9ab-45e5-b3fb-aae5623542c3,2023-06-29,B,G
ad42f019-803d-4bf5-88cb-7b0ec28ec457,2023-09-28,C,M
b171fb36-600a-4b43-b6a2-187ddf1dfb1a,2022-12-12,M,O
b54ef10a-711f-40b5-9f8d-daba64af87d1,2022-08-12,M,M
b5a04626-4ed4-4dea-a0a2-750712d23aec,2021-11-12,F,F
b69d6328-7ecc-4d99-81e4-59d84f895070,2019-08-19,E,E
b8ca9069-22c8-4307-a312-d363c9875635,2023-05-29,M,M
b9ef746e-3ccd-4c79-9e66-14ce5cf3cf52,2023-01-05,M,M
c0c36287-5165-4b7c-a76a-1c1442007dce,2023-03-22,F,M
c32a3b89-85eb-4b4e-9210-9443b33e3b2f,2024-05-24,M,M
c591f492-ec2c-4f7d-8b07-72126783e8ec,2022-04-14,C,G
cbcad86d-b3df-48ed-be1f-b2fef9270ea0,2022-07-07,C,E
cdb3598e-bc7c-4bfd-bd8a-35a92cf2bf5d,2024-09-16,C,M
ce533870-a753-4b8f-a0a9-4e1ee52fbb7a,2022-06-27,D,M
d1e51b10-ae53-4bea-aafa-c892dab721f9,2020-01-05,C,C
d3ac996d-82c0-4ce6-b62f-b69bc5a45dc7,2018-04-10,E,E
d6687105-87d2-4578-86ae-296ef7b0aed9,2020-07-13,C,G
d98688fb-7673-4053-87fd-8699b46e0230,2022-03-27,D,P
de03301f-6be0-4bc7-bf4f-4239d059d27b,2022-11-02,E,M
de0d973b-83b3-4536-b131-13c7fe17cd96,2023-08-30,M,M
de3e5fb8-7467-479f-ac09-fdc9494863ce,2020-09-05,E,E
de99a60b-e941-467a-8c05-322d0a6a1a7e,2017-10-22,E,G
df26c8ea-f7d0-4df3-9075-04ad448ea409,2022-06-08,D,M
02daaaa8-f4ee-4854-b0b4-86a8f36cd9a3,2021-12-11,M,M
0385b1a0-a763-4eab-ad5e-d959ff71e94b,2020-08-06,M,M
07b3281a-c730-4f38-aeed-862bb6d9646c,2024-07-21,C,M
08aabac1-0a9b-4c37-ac22-45aea11353f2,2019-07-08,O,O
092b9971-ce36-4366-8165-283fecd519a8,2023-07-19,B,P
0a2795bc-5dd4-4aa3-b45c-0a6b05fd5b69,2022-03-05,F,F
0c684e1b-068f-49a2-917d-178340f9d651,2023-03-30,E,G
0ed636d8-313c-4171-8191-7eca62b415e9,2021-03-31,M,M
0fe5d5ce-04bd-4d16-8a0e-a60514b2c6a5,2024-08-01,B,G
1015867b-2e60-47aa-8db2-3859a62d7140,2023-10-15,M,M
1337715a-e995-4a38-8c2c-80328219b5a8,2021-11-29,M,M
17323fd1-6d39-425a-972b-f16ecc0b70d0,2023-03-22,E,G
1f233f2e-23a0-4b5b-93cc-9554fc5c4467,2018-04-16,D,D
200bb4dd-4a2d-46a0-8ed2-013d4e6ba256,2022-05-29,C,C
22ee269d-3b5f-4ccf-83f0-056859ed2be2,2022-06-18,M,M
29920e0d-aec2-4fe8-920a-95431fb41adf,2022-03-26,C,C
2993d84a-63ff-40a5-a451-887b5537d8ce,2024-05-24,F,F
2c2eb8b2-30c3-4b67-96cd-0ea8102f8116,2024-12-08,C,C
3034bdfd-2152-4236-ad09-cc1111b3e3db,2022-04-29,M,M
305194dd-5a81-4ab0-a985-9280449e3107,2024-02-22,P,P
320d72c8-83f8-4e96-8363-4882c486da78,2022-11-17,D,M
3380b643-e87e-45a3-be65-c56091bb4daf,2023-10-11,M,M
343aa883-cc80-4a0e-9ccf-e6b8489164c9,2022-05-14,G,M
35953022-dc5a-48fb-acb3-119161c0d25d,2025-05-14,C,O
39ad3dc8-aa69-4512-8ba6-02d3c52d7dbe,2022-04-17,E,E
39cd36b7-39a5-4f08-9a4b-d822a56cc743,2023-03-30,B,P
3d670edf-5fe2-4940-8f29-984ced40b6a1,2023-03-13,G,M
3eb4a1cb-0f6c-40a3-a105-bac17a1900fa,2024-02-16,D,M
400a1923-2198-43da-a1a1-9d5e2c753444,2022-07-30,D,D
41df7299-55a1-4867-9124-f76fe0e5db13,2024-07-04,A,P
44962aad-1a0f-4346-9591-6e019770a95f,2023-10-31,C,C
4b2a38cb-f919-41fc-80b3-3bcc81de5ede,2023-02-12,M,M
4cc93bbf-fe4d-4568-a10c-b55a8d4fe50f,2021-07-26,D,F
4ce6164f-fadd-45a4-95b9-a5f516dc1d6b,2025-01-20,M,M
504a225e-8e65-45b0-9b0a-c30f8e88cb3c,2017-03-29,G,G
5657143a-1cd8-4e26-ae31-3ae4f484797a,2022-04-08,D,D
567657cc-cef4-46fe-82f8-740340a4db93,2023-12-25,D,P
59785115-5902-4808-9381-62bd98873320,2023-06-16,G,M
5b642a47-ad63-402a-aad2-b795d467cb70,2022-01-06,B,B
5fa137bd-63ac-41d1-b441-3310e0407240,2024-07-29,D,D
61b08261-edbb-4bac-8937-9ff179951451,2022-02-17,E,E
64f3dcfa-1b15-41aa-a9c3-d15b463d11ca,2020-01-25,B,M
692f9737-63a6-4275-825e-b6519e93b0ff,2023-08-29,D,D
70624ced-3454-49d2-85dc-e9754c552d7a,2023-02-01,C,C
7084af60-235f-47a6-a51b-5a622f4cea1f,2024-01-18,E,M
70ecd316-cda5-47b3-aad8-679444cde971,2023-05-29,F,P
71c6f29b-1272-43da-967f-5da0c42576a6,2024-08-15,F,M
7238b8f8-4efd-47e9-8c71-4c5498b14cc1,2023-11-21,F,M
73f0cb8b-6cf7-47f8-9cc8-65d310ef17e5,2022-06-04,B,D
7445b3a1-b4ac-46a8-adce-d4d978d4f611,2022-06-28,M,M
754123f2-f224-4b21-9f03-ac29f2b2c070,2022-09-10,M,M
769b17f8-080d-45c1-a9d3-8e4e2cfe57db,2024-08-14,C,E
7d86dd92-6bd2-4845-8d30-af388288e7a1,2024-06-27,E,E
7f6eb6a3-1761-4eaa-a654-5146c8d17075,2024-07-31,E,F
8045c5f7-6eb5-46e7-aff3-33055e2f259a,2019-07-08,G,P
80b9c382-d775-44ab-aefb-2ad363a70598,2019-09-09,E,F
8303bc49-6df4-44cf-b383-fa4042c0673d,2023-12-18,E,M
84e3e716-fa52-42bb-ac80-60cdbff1aebf,2024-02-01,E,M
854e7a8e-a520-4742-9994-11d5e850571d,2020-12-11,E,E
858dcdd0-d8bd-4bee-ab49-9aae06d4ec88,2022-12-28,F,F
865bdd60-f891-4a4f-b2a3-da3362a58c60,2023-02-01,M,M
8ad472a0-bf09-47f8-9dbf-9a95ccdf6e38,2022-02-13,M,O
8c97f40d-2cac-4909-ae4f-65d8a4d2cb41,2023-10-30,A,P
8cc90594-6347-41ce-9ea4-c9b91e992b66,2023-02-01,M,M
8d33aee2-8a6f-4c62-a39c-f9c06874ff0b,2023-07-11,M,M
8d913389-6ef5-46c9-af3a-f05b4581454f,2023-02-01,D,D
9027796b-8ecf-4f47-b665-87763711ca50,2020-12-07,C,C
90498ff6-0ef0-4d61-85ad-41c05dba86eb,2023-02-01,D,D
908ec626-db93-45b3-95af-cea7bb6500b6,2018-07-03,D,D
9290e290-ca1d-4332-8f40-ba549f46ba0a,2022-01-29,C,D
96a6b4ac-771b-4244-9b57-fe468ca2df47,2024-08-12,M,M
982999bb-ffff-494d-aefe-b5d9f532e92d,2022-01-18,G,G
990384db-bb13-4526-86ad-da5ff16ba064,2022-10-05,C,M
99ce191d-0833-4815-a2cd-a1dfd84ac5cc,2024-03-04,O,O
9b2a75a9-62f4-406f-bbe6-74b3beeea301,2025-01-10,A,B
9d9bf91f-40a8-4371-a2cf-fe4d96c10d63,2024-08-09,C,M
9fbd2db1-0d81-4446-8473-70adea68c963,2022-09-25,M,M
a36305ad-4bd4-487f-8812-d6053a86b35b,2022-12-28,F,M
a3bcafce-9319-4c15-993d-0e07a2b645d5,2023-03-30,B,M
a4b773cc-c4eb-4d89-aa40-71fa4f95ad95,2024-09-27,O,O
a5560573-fc4a-4cd7-bbde-95f7c79e3bbb,2024-01-19,G,P
a618515a-8589-4b2d-bd62-97b654384b44,2021-12-11,B,B
a8e9112e-1506-4e9b-b764-3c3143d3464f,2019-07-08,O,P
b103a065-5ab2-4516-9475-6ece61bfdcac,2024-05-24,M,P
b10d687d-b8b9-42b1-9669-9e3056485263,2022-05-31,E,M
b27d1510-22f2-4dd7-9eed-93a4c6fa46db,2021-03-08,D,D
b4cde642-f585-448d-b56b-370cb40fd38e,2023-01-29,G,G
b8b06437-a4b8-4781-acb7-c088dcd40f4c,2022-01-19,C,O
b98965d2-a889-4c32-bd45-b9680c107ac4,2024-05-03,B,F
b9d91f4d-d8bd-4805-bbff-94fafb8bb44b,2022-04-12,M,M
ba982e17-0d7b-4f84-91d2-eedc120342ef,2021-11-02,M,M
be5b293d-1d17-473a-9725-cd8ab2592ee4,2023-02-01,E,E
c0646c6d-64d7-4cb4-9ee7-e8f0ca8e352c,2024-05-24,F,F
c4391974-6f50-489f-8b16-0207fa28516d,2022-12-03,O,O
c6675fe0-d890-4b83-af98-0d6ea5761568,2022-06-09,M,M
c9cb66c5-8864-4954-a830-1582813ff208,2022-07-31,C,E
cea88def-8ffb-496a-bbc4-67074eedb27a,2022-06-01,G,G
d3f29887-bbf9-47b7-8b3f-17cb8d492b4d,2023-02-01,G,G
d409665c-c917-4e53-a325-fa4772a9335c,2023-02-01,D,D
d44b5f53-3363-48be-85d5-57c21b2bef25,2023-06-18,E,M
d4faddc4-7a29-440b-b861-fffae039be1e,2020-12-28,D,O
d8aa09ae-f8c1-4d20-9d5e-cdc814907204,2023-12-29,C,M
db93c20f-8423-43ec-895d-1d0dde10dbf7,2024-02-08,B,O
ddc97068-8da6-49ed-925e-4a526363c96e,2023-07-11,B,B
deb1a643-7caa-4034-abef-28490a566793,2018-01-16,M,M
e08704b9-ce4e-46eb-a58d-da05c53338cc,2016-12-16,F,F
e0a3892b-8d6a-48d9-9cdb-1adbc056fd5a,2024-07-21,E,M
e4e104b4-9936-4f0d-912e-d577cc87cae7,2022-04-19,D,O
e55cc40f-5f43-4216-892e-a65b17df0578,2025-02-26,D,D
f2c426a6-6de8-41bb-a7e2-417c8aa68e1e,2022-09-27,M,M
f358d8bf-abc1-4533-8cae-d20b0ba5ad00,2023-06-27,D,M
f3cf553d-375f-4e20-bfc5-09024b3b5e36,2024-07-31,E,E
f5b10e2e-1286-4e01-8a26-a910ec51aea9,2022-08-10,D,M
f78b2a6e-83a1-4936-a9fd-048ed198d7e8,2024-05-04,G,M
f8221c0c-9248-4c79-b2ea-557e4c564a9a,2023-12-21,G,M
f87710e1-1d6c-44ac-acba-e89bc3ac6184,2017-03-08,D,D
f93bb904-cc92-4327-9891-a3deca2225db,2022-07-25,C,M
faba437d-9635-4882-bf6b-0f945c7fa78f,2025-02-25,G,G
fc6baf37-3c1d-4033-9220-8cd20a51bfc9,2022-02-04,E,M
fcfbd7e6-de73-4c23-af39-943424ba5d5e,2023-01-30,F,M
f291c734-6da3-414d-a30a-6676196a60b1,2019-07-08,E,M
f43838b7-9a4f-467b-ab48-e0ba16eeda7e,2022-09-26,F,F
f515211a-9869-45c7-8b77-c07e18b3cc51,2022-06-04,E,E
f8f3b9d7-986f-4d59-891f-a9baccede108,2022-02-04,M,M
fb2bb49e-e47a-40be-a71f-daea48b9151a,2024-08-11,P,P
fd77e8d8-0b39-46b5-88de-727e7d1f934a,2022-04-08,M,M
fdde17dd-7990-4819-808b-a661c0530d7a,2022-05-20,F,F
fe6f080a-ee2c-4e11-ac78-34fe71bc8165,2022-08-23,M,M
a2a5cc08-e8df-4f93-8e2a-7ab1ac4210f8,2024-05-24,,
feb029de-be2d-4eb1-8e84-7f5f03820958,2024-10-18,,
001412de-d22d-4ecc-835e-2196acef1fde,2023-09-29,E,E
03386ca0-63fc-4a06-b973-88c34d611237,2023-03-30,F,F
14f1afc2-97b3-4fa4-beb8-c391c6f94f5f,2024-05-24,E,E
17457992-882e-479e-bb62-9dca7dba7fdc,2022-03-05,C,C
1772fcf5-dcf9-4099-b815-b10b24f6cc02,2023-12-29,C,C
1a29dcd9-475b-4b84-b94f-05b5e5fabd3e,2023-06-29,C,M
1a5423f4-766c-4cd9-91f1-0fe68ddc2b38,2022-05-11,M,P
1e73d5d8-7299-4455-985e-863be057f9b2,2024-05-24,F,M
204b336b-0567-46f1-8cea-edbd93c3ba7b,2023-06-03,F,F
20817ddf-b705-4a41-b979-c3ff26a1b3fa,2023-02-14,M,M
23ad07ca-9d7d-41ef-8f4f-0b1a70fa95b8,2023-02-02,M,M
23d4eb7f-ef80-4c04-9aa4-443de7aa80e9,2024-01-29,M,M
24cd4e49-75bb-4623-ae6e-3c73caa923ef,2023-11-15,N,N
259ece39-9763-4f6a-a7a6-5ff4e253571c,2024-05-24,C,E
2622672f-e66c-4eee-910e-5501c6138823,2024-08-28,C,C
264ea9b6-d32a-4352-b4ac-3e3fed71cf54,2023-02-03,F,M
2705efef-3e24-4bf0-98f7-77db00d5d81b,2025-05-25,D,M
2759b7f8-9369-477b-abf3-59e7adeb85da,2022-12-28,E,E
279ef8b4-1cb4-4b88-bfb4-9e31a37667a3,2019-07-08,D,D
2b1bcd63-f1c8-4cf3-9cf3-ecfea852c2ec,2019-07-17,C,C
2e30d639-f230-4530-9989-d600120a1566,2023-06-08,B,E
2ec4414c-e4cf-4237-b8cb-1c23f1390cab,2023-04-20,D,D
311f8ed6-81ca-4d06-a22a-0c5dfe1219de,2020-09-19,M,M
346b17a4-a75f-44b0-8633-bb67adce6381,2021-07-10,G,G
34fac00d-a7bc-40da-b8c8-5e8b6755c35a,2019-07-08,E,E
39c85e4b-856a-4a89-9871-bb0874540551,2023-02-01,F,F
3bbaaf0b-2ef2-451b-a036-d41ba63c929b,2023-04-22,C,E
3d4ba625-9861-490f-95ef-57d1c46be055,2022-03-05,G,M
3fd5bb9b-0e25-4c69-87d1-a904d24f4dcc,2024-05-24,M,M
40b1777d-02d1-4573-bbfa-b236cfc14e1c,2024-03-30,M,M
40ce05dc-135b-403e-a8c3-f40ce7ec685f,2021-12-02,B,M
42f2f3c0-517c-4b5d-8609-b01339e7d946,2022-12-18,B,M
45e808d5-7b35-4b8b-98c6-d62052671ef1,2024-01-30,M,M
469fe1b8-037c-445a-b860-175166526db1,2022-06-27,D,D
46b7f69b-1ff3-4405-869a-ba87243c8d66,2022-06-30,M,M
472d1356-fbb3-4403-9dd0-6b1449051e8f,2024-05-23,F,F
474404c9-5cbc-44c0-b092-deb9038286f3,2023-03-30,G,M
479ec9dd-8e28-4da8-b30d-0d3bc723a640,2022-04-25,M,M
4a452240-ee04-40c4-8909-cbf036d66cd1,2024-05-23,F,F
4abd939c-6d97-4b17-af96-2868536ca50d,2021-08-18,D,D
4c06e1c4-f9fd-4dba-b21c-574014953054,2022-10-26,M,M
4d80987f-5599-48b1-8f52-0e95d08eb4a8,2024-08-05,M,P
50765353-81a2-491d-9aba-cb1d1fcd47a1,2022-05-18,M,P
50eced15-750c-41a6-904e-5501fc99e3b8,2022-10-26,G,G
51aba351-5c18-4578-98f3-59c4e212ba29,2022-09-27,M,M
527d8b70-e61b-4bd7-9cc7-7f08bc3f75c6,2022-06-03,M,M
565f7367-4fe5-493c-8055-8cebb158fffc,2021-10-20,M,M
5e475fb2-6f58-480e-8de0-fb8132ab7e46,2022-05-03,M,M
5e7a27c0-9f95-4adf-a9e9-8d99d45c76e0,2024-04-30,P,P
60c60840-ea68-4835-bfe9-838773917856,2023-06-13,E,E
650b0052-eb1e-4435-aecc-74e150550318,2022-10-23,B,B
695533c2-8e7c-4b22-99aa-eaaa88a1a0d2,2022-06-26,M,M
6a5a67e2-c9f8-4765-a3d9-97d856a9ad84,2023-09-28,C,M
6d080eaa-659e-4ef4-b526-056cdc557efa,2024-07-15,B,N
6d47e4de-3b14-40d9-8520-4b99adc6689d,2022-05-19,G,G
7439d789-bf2c-48ff-abf2-d836d8a6f158,2019-09-23,F,F
767d7427-37b0-4e44-a765-4536472fa683,2022-12-23,M,M
76d3dcf9-7598-4d76-bece-9d1b25d473ad,2024-07-17,B,B
783adf4f-f550-4b29-812c-55fb6254bba5,2018-01-15,M,M
794c58a4-4878-4d7d-ad39-4eaa1d9b9766,2023-04-15,O,P
7a8fbd43-378e-430d-8ac1-d694c5d607e0,2022-07-30,E,M
7b968686-9f51-4962-8002-1b57b29c4d81,2022-01-02,E,E
7da17455-1e6c-40c7-8a46-bc0acdb94989,2024-12-31,M,M
82d74cb6-dd6c-4125-8b7e-154eea8eb3db,2023-11-12,O,P
8426204d-8c0f-4dd5-a34c-5a8f25c4f7a2,2021-09-16,M,M
861def33-a5d8-49dd-a418-9e44af4f37e1,2024-04-03,E,M
8643a167-1b95-4b2e-9f3d-bbaa471a24cc,2019-07-08,E,F
89b210b0-f3b0-47cc-a014-62d129eda330,2022-04-16,M,M
89d8507b-523b-4055-90ec-742dedf6b7f4,2025-03-06,F,F
8b179f16-93b8-46f2-bc9d-5309007ab1a0,2024-06-12,E,E
8c841ea7-526f-4fca-aea7-e25a0a2b5119,2022-10-30,M,M
92f770d6-2f8a-422f-9624-637fe66c469b,2022-05-30,C,G
9699381a-9c02-4cb1-9dcc-516c11fa57d1,2022-03-05,M,M
9a7fe758-5226-42bf-8793-405ed4af698f,2019-01-14,E,E
9ff22c99-05c2-4d57-aba6-1f2ad3395d53,2024-08-01,F,F
a0f4afed-4867-4c5e-8233-07948631293d,2024-07-15,C,M
a151b68c-cbf0-4737-9811-49dba1e61449,2022-06-27,E,F
a19e2ffe-909f-4938-9fe0-921ee2cf2a32,2022-12-29,M,M
a810ca2e-f4e9-451b-960b-8aa4123c603c,2021-09-19,M,O
a88a158d-88dc-4c60-9885-6ede0689cb46,2023-01-08,M,M
aab70b0d-be39-42d5-969a-b4cf807bfa5a,2021-05-30,A,B
aac87a68-c8be-4486-a234-a9bf2ea183b5,2022-07-24,F,F
ab670696-06d9-41fa-8859-d905312a7795,2024-06-04,D,D
ac050734-ca2d-4203-b7d4-67c509c01052,2022-02-13,G,M
aca6efc5-b0b6-43fc-aa64-c817a026a07b,2022-12-02,E,M
aca89bc2-101e-43f5-96a4-206339f35df9,2023-01-10,M,O
ad8b902b-26ac-445d-ac6c-bcc6006b09e8,2023-02-22,E,E
adeac2c6-e13f-4994-b853-07839aed61a8,2019-07-08,M,M
af61a79a-d108-4d6b-bc32-9e5598960ac8,2024-10-07,B,B
b1362a03-7b56-4e8e-b8b0-6b02719fdb17,2019-10-27,D,D
b29a20c7-cebc-4536-a43c-d2558bcee9e7,2023-02-28,M,M
b69b28d9-c2c7-49bc-85ed-25f6f98b023d,2023-03-19,M,M
b8ec6d0a-19e2-42c0-95de-d96a7ae8f338,2022-05-11,G,G
bc363436-9a72-4ae6-916d-b61aaae90b77,2024-05-24,M,M
c3f6faf0-389b-4933-a29a-a44124a66f84,2023-07-13,G,G
c4146c42-b8b8-4e5a-9b63-13879b7b1079,2022-06-28,M,P
c5541359-a3d8-496f-b71b-e862b36e8653,2022-10-22,B,M
c7d67436-d22e-4725-82bf-6d0aed0f7d66,2024-10-11,C,C
ccf2d3e9-6514-446c-a28d-e30e2c9b7fd4,2024-05-21,F,M
ce8b488e-b864-46e8-afe5-ac095790614e,2024-09-02,M,M
cfa3f2fe-14b4-4938-9331-421f1447914a,2022-11-11,F,M
d234531c-33a8-4106-9efb-9b0d5b4ba3b5,2019-07-17,E,E
d243bc2d-23f8-4f30-a2df-38ef9c1a13fd,2023-01-29,F,G
db4cd0a0-a475-4fa9-ac54-c69ffbf99483,2021-02-06,C,M
dea0ac4f-e835-489b-86f4-a0e72ec3fb88,2022-07-20,M,M
dfa7b914-99f3-465d-984b-8beb8bb2cf1f,2022-06-04,B,O
e2805848-9cf0-4afb-a38d-511e1760e79b,2022-11-09,F,M
e2b6256b-6a1d-425d-b7a3-df785f523d2e,2022-04-29,E,M
e59f8bc8-10f5-4987-8461-b82b59939f5a,2022-07-11,M,M
e5a9cef9-9036-41e3-b910-be2975f16519,2023-03-05,E,M
e61ef69b-2ac6-4793-8bea-e3a0ecdef02d,2020-12-02,M,M
e649a983-4a84-44db-9d3b-f8f6e55d17e2,2025-02-27,C,C
edfc6967-68da-4907-b125-6f9899ba54cc,2022-06-04,C,M
efb04836-4a4b-46d0-952d-8dc6bcb1ff8c,2023-03-30,C,C
f210c36a-7a66-45ca-8866-c05ec2ee763b,2024-07-23,B,C
f33d7a54-36cb-4e1a-a225-66d2b8712a77,2024-01-29,B,O
f4709d59-4e59-41a9-b3ff-908e0586d5b3,2022-08-23,G,G
f481e39a-6d4a-4b55-93f4-445cbf820e09,2024-06-11,O,O
f5a88e89-f3d6-4376-bafc-9089ce78f83e,2024-09-27,E,E
f7db88a2-551e-4601-baa1-8bf5ce77cc11,2021-03-15,F,F
f8d74ae7-fb0a-4f9c-a5b1-93a2fbdb55ad,2020-01-23,E,M
fb23122d-3f22-4663-9946-a98d2c1e1eb2,2023-02-09,M,M
fbd59eed-46e3-4d7d-97a1-a69247036100,2022-05-09,M,M
002db6ae-b411-4527-8d46-4966c3e5a7ab,2022-03-25,M,M
04519c1a-2a22-4842-a7e3-8e33272ef224,2022-07-07,M,M
083eb1f0-9ab8-47ce-b392-7682ef490e34,2023-06-30,M,M
0864e3f1-1c60-4306-894b-7c917f8f5bc2,2023-12-29,P,P
0938650a-557d-430a-b39c-fe07b2a9814b,2022-12-28,C,M
09499374-9d89-49b1-814f-60aca594ac23,2024-06-29,A,M
0b5fbb77-74ea-4487-96b4-332c46fda97a,2022-09-27,F,F
0c3627c7-3ba4-4911-9b17-39e10892591e,2023-03-26,M,P
0fa4b695-8b6a-49f9-bacf-31f722c80c46,2019-07-08,G,G
14994dfa-4ef0-49c2-be88-e78304f03f76,2022-05-13,B,E
1527e305-e4c9-4af5-a1b7-c9b69a2ab419,2023-03-15,G,G
15a4ffcf-5298-4439-891d-d91a3377b1d1,2023-07-13,C,E
1878b435-e822-467d-b4ef-d33c05003336,2020-07-07,A,A
189cd752-8612-4522-bb0c-77a3c392b044,2024-05-29,M,M
1e49595f-6eb4-499b-82ca-1180c8a10941,2022-02-28,D,D
1e78426e-f798-4085-947d-52b46e779a63,2022-05-24,M,M
200e1640-978f-4cb8-8487-51a4ce138238,2022-01-29,M,M
21e89978-faf6-493a-a081-316f71d8c975,2023-08-01,P,P
223f1017-9eba-4998-a866-4dabf847f045,2023-12-17,E,M
23add8fa-4f58-4ff3-bf05-7227aa6c112f,2025-04-10,F,F
24ada7fe-5c29-4398-a5a1-b188e917cb40,2023-08-07,D,M
284e4964-4a18-4614-98a3-5291822402a9,2022-05-31,M,M
29b77dcf-cc57-4b47-b5c5-8eca8cf8c3a5,2022-03-09,F,F
2a91eb03-b19d-48fc-b262-eae06bd75334,2023-07-06,G,G
2e12b4e9-07e4-451b-9047-042cc223abb8,2024-05-16,G,M
30c55d0a-653c-4273-adc4-9d535de8efa0,2022-10-10,M,M
32385042-9c34-4f0d-80b3-f0b290b7516b,2023-08-10,E,M
3242f537-a609-4605-9420-56292a04944a,2021-11-29,M,M
3437a072-0565-465a-8a2d-f857f037478b,2022-11-02,C,C
3567e552-3c6e-41f2-a780-015c45035b6a,2024-02-03,O,O
35880a8e-5efb-450d-9568-ddc97bf6709c,2023-02-01,A,A
35a46873-c29a-4f58-ad0e-b21f942a95d9,2022-12-28,E,M
3806c12d-0d0f-4b47-b51d-f2b7c7be4873,2024-08-20,M,M
38c11399-85ff-4b07-bacf-244796716191,2024-07-31,E,M
3a1c0958-34ab-4fc6-bd0f-7c8a4a6fa6df,2022-08-23,E,E
3ad95f1b-bc39-4f16-9c74-6a779a2dbe6a,2023-03-20,D,M
3b143d7c-6d50-441f-895d-347ee1b11d2c,2021-07-31,E,E
3d2313a4-cf0c-48eb-bd11-917cb1f979a6,2022-11-04,A,B
3eb9a227-ea8f-4c42-8af2-cf4d1b97426e,2024-11-26,M,M
423b0c2c-eb7d-4583-a4a7-581d5a367798,2022-03-04,D,M
46faefc8-75f5-4b31-b1e5-6ebf45631405,2018-02-06,B,B
4a2b008e-7070-4aea-b5f2-71f3ae13ca23,2023-05-27,O,O
4aa2212e-eea9-46b8-ab69-a9067838cbe9,2023-03-30,E,E
4b3af446-c038-4e35-b4f6-b077c79307db,2020-11-07,C,F
4b5c7893-fe45-46cf-ac19-ddc5e1cb60a6,2022-01-28,M,M
4ee75fcb-7c23-42e1-8223-8c29bbfa99fe,2024-05-23,M,M
52a8549d-0bf1-4f7e-a67c-3f197e6b4ab9,2019-03-04,A,A
52ab3151-dc8f-4c49-ad02-0c6e3f6c42f2,2023-04-04,F,M
5489490a-af2b-48a2-9e82-2e0b046dd230,2022-06-04,M,M
565d7f4b-e16b-4ca2-ab45-5356af8b635d,2024-05-02,G,M
56800ce3-e276-4a88-a078-afd3b5e55f36,2018-04-26,D,F
5a55a0b7-befe-49eb-add6-2d9eb92047e8,2023-03-30,D,D
5c1acff4-6331-429d-8234-cf132c8c0514,2018-11-16,C,C
60f2f968-5b04-4ef9-8961-a5283c6dadc9,2024-08-21,E,M
6198be81-cf0f-4a2f-8435-64d8bef717ca,2023-06-05,D,M
663b25cd-c727-44bd-a04e-5bc5b407d94f,2023-04-03,F,F
6864444d-f6c5-4308-b212-0490b905c293,2024-01-30,F,F
697c7e1b-3e9e-4bb3-a3bb-d675ab8c79a1,2023-08-07,C,C
69abf15d-d3b7-4385-a04a-1ffc6735d511,2022-01-31,D,M
6b60ea71-e9d7-4e00-a918-d52b1f6406ce,2021-12-01,B,B
71717a1f-d7c7-439c-ab11-482b2f186202,2021-04-06,M,P
732fcf79-6667-408c-a19e-37aff126ab28,2023-01-03,B,E
73675803-a8be-4776-9521-06c4221cb7a1,2017-06-24,B,B
73d92c25-3879-43f1-8fd3-fb27f381af99,2021-12-02,M,M
74d30a8b-1dd7-4bb1-bf29-e266c5eaf98e,2024-10-28,E,E
77a70786-86bd-4a51-9441-2f7e766664c8,2023-06-29,C,G
77c691fb-161d-4351-84c7-45e79674af21,2019-07-08,M,M
78a372ee-8c1c-4fe5-b9f2-e7acdf1490ee,2022-06-28,M,M
7d4c0a9b-654e-4106-b3db-a3da3a87e2ee,2024-06-28,E,M
7e6ebfab-4825-4a7e-89f0-6d661f57fe3a,2023-05-29,C,N
81fbc6d6-5b5e-4004-90e9-24fdd3045d1f,2022-04-29,E,O
82cb8711-58d1-427c-bd3f-471320494c97,2024-03-20,E,O
846133ab-2753-40f0-9df6-2475d04e4208,2023-09-01,B,E
86c3ecdc-fbbb-4e95-9f5a-8db8a3c1ea3a,2023-04-16,N,N
89080fb7-cf17-456e-a32e-5a4b17f1b8a5,2023-10-09,A,C
8919ac5c-ae3a-4fc4-9cf4-9762b2465015,2024-11-22,E,M
9142b01a-4877-4427-9716-07bd20d83168,2022-08-21,M,M
929ee205-93db-4be3-a1ee-befe046f79ef,2021-12-02,M,M
9301ae42-0e3c-448d-8913-0b04f9fa93af,2023-05-04,D,E
94b2b3db-5921-4270-9cc3-45151453151b,2023-12-29,M,M
9c07156e-c3c3-49c5-bc43-c75782fe7d39,2023-05-29,M,M
9c40f7f9-5a91-456b-a482-10b2d663b736,2025-03-28,M,P
9cfbc28e-2b22-4279-a1a0-d78b4c74efe3,2022-05-19,M,M
9eb9b6c1-ad1a-4cf4-907b-eb0a1ebd3641,2024-09-02,P,P
9f55e224-0117-4ee1-b583-10f37715f6d3,2023-09-21,G,G
a06d66b4-ce3a-486a-9b99-f7c850a0e225,2022-08-27,D,M
a144f733-0e63-4149-9247-f24e2641f4d6,2021-12-11,M,P
a2d4f859-1cc9-4077-b0c9-5e0687720c51,2023-01-22,C,M
a2fb9197-6d58-4c00-907a-e53ea487bb6c,2022-06-04,B,E
a368ce74-3989-4abd-9cbf-cc461f39a26f,2022-09-23,G,M
a81c8ed1-2194-4153-abfa-c5f2eeec6eeb,2020-11-07,E,M
a92d7e5d-114e-4ca6-99e2-f3f3d52f7894,2022-08-19,B,D
acc299b0-d5b0-4dae-b90b-1802de254db5,2023-03-14,A,P
b1ccefc2-b9ec-4958-8ea3-c01b4ec48792,2024-10-28,G,G
b1f540a4-73a4-42e8-ac03-669b09996905,2023-02-01,F,F
b42a4a5f-9164-4fe2-b561-8fb3d06ae6f4,2022-03-05,F,F
b47ff6fe-21e0-42fc-a4ef-4f9ee4268e15,2024-05-09,D,E
b67224ba-8eb4-4481-b00b-8d91c678b347,2024-10-03,M,M
b7dbf140-3f13-4491-ae1d-758f0c891afb,2022-01-01,M,M
c029831c-4972-49e2-993b-259d3f34757c,2025-02-27,B,B
c0c76337-049e-4c03-ba8a-a130242ba0e7,2022-10-21,C,M
c33c2b80-cf08-4e3d-8b4d-f15cc0e6d556,2022-11-30,M,M
c7080890-6c86-4286-90b4-040b4b3a46d6,2019-12-19,B,B
ca3339ce-61b8-43be-a148-4c393cc97cef,2024-05-06,O,O
cd1e62ae-f804-41e4-be22-8c1c2e2f4fdb,2022-11-02,D,E
cd322018-1869-428b-a106-aed786bbc945,2023-10-17,C,C
d215b405-1081-4665-8944-551f21216744,2023-11-08,E,G
d2b5d8f0-4010-43eb-b8f3-433f9ddeff6a,2024-03-30,C,M
e3f88150-6dc1-42dc-a4bc-2ade405ab33c,2017-03-06,C,C
e69392c2-f66a-41bc-bffa-07df682c844e,2024-04-18,E,M
f0b414e8-a0a2-4070-9a9a-a992050e9a1e,2021-11-29,M,M
f34fa34d-7f25-4299-b095-433f3bd8719d,2023-02-01,C,E
f464f9a0-79f0-49a6-9fe6-d3e48279dc9d,2022-06-28,C,C
f67e2e6a-8af3-42ec-9895-7966649fb336,2023-09-01,D,D
f6b54111-fc13-4095-8bdf-aba7b6e4346a,2020-03-06,E,E
f6d831aa-4a40-4b28-ba02-9af030791833,2023-04-12,E,E
fca5f214-1126-4131-bc63-2395814e4666,2021-12-23,M,M
fd3817ab-3991-42f8-82e1-e03a8a0c4bf1,2024-09-27,B,G
fd625731-4b31-473c-bc89-9c0d399f9a67,2024-03-05,C,M
fff4ea67-3aea-499b-a40d-bea7599c69e4,2022-11-02,B,B
08e0ad48-76b8-47c3-a702-5426b9857f1a,2019-11-20,E,E
11f0f62c-912e-4ddf-bc63-7002cef7d9a2,2022-05-09,M,M
124f1e2f-f6cf-473b-bb9e-78372e3cd26f,2024-07-15,C,M
12b3d67a-eed8-460c-8033-a04aeb656165,2023-06-29,E,M
14459865-3133-4e80-bf1c-def98127721c,2022-12-23,B,F
144961e7-6a6e-4a50-ae4a-8335f50969ce,2020-10-12,C,C
14a08479-cecd-40f5-ab3c-0b05895bcfd1,2021-11-29,F,F
157695b6-5d11-4176-bfb2-b952aedd62fc,2022-04-14,M,M
15f754e8-6c3b-4b76-851b-aa0628da3e50,2024-08-01,G,M
166b5cf5-d4c9-4b8c-ac18-2b1e48ccb68b,2023-03-30,A,O
1b8d35b2-2756-4977-8bb2-5537d5a3a954,2022-06-01,M,M
2124c910-fcdb-45f3-8f60-2b38124c2411,2022-08-18,B,M
234ff17b-2eee-4af1-854b-7f3de12c2070,2018-12-12,F,F
2417d249-4a03-4593-9291-92b52cd3d980,2022-12-28,C,E
242ac91c-7d71-4074-bddf-dff73b387680,2023-09-25,B,M
248a4380-e621-45fa-be2b-753077ae41da,2022-03-04,C,M
25451171-0609-4846-b182-c2cc907ee4f4,2023-06-29,M,M
259e153d-b43f-48d4-bf64-1bdb50bff894,2024-06-28,B,B
26de6fca-789f-449d-bdf3-4ac73f124942,2022-09-28,D,M
29a71577-5b5d-4b48-aa86-9fac166fd2d0,2022-04-16,M,M
2d42b112-0d0f-4ef4-a8ac-464898b4334d,2023-08-01,B,M
2fe433ba-26e7-4fe2-beec-fff1f0318f7a,2019-07-15,E,E
304ca1fb-66c3-4b12-bc85-197e9a7f40f9,2022-10-29,F,G
30a7c14c-27be-4605-9c96-a8cbfbe894d9,2023-02-11,C,C
3725a1b9-3b1b-47ef-8537-0987a37e8379,2021-12-11,C,M
3726ecae-e6a8-4e2d-99bb-4a3ace24fe75,2022-09-27,M,M
3792107f-b1b4-46b2-96ec-3cf9fb593a2e,2022-03-03,M,M
3b556068-0f96-4f20-af15-05bcba9fcf0f,2019-12-02,C,C
3dbab364-33df-43b5-91b9-ca032d29ebb6,2018-04-16,F,F
3e25dfe1-1a5b-4f67-a614-845558d9a8b9,2023-04-30,C,G
405d1d48-1b26-4bb7-a96c-39a299b397dd,2021-06-11,M,M
415fff93-310d-44d1-a027-77c3e13bc1d4,2024-09-27,D,M
43cce3cf-c697-4946-b478-19b837146aac,2022-11-02,F,M
4576a493-7405-4508-bf38-af1a6b014d32,2022-03-05,F,F
45a87ad5-3069-44bb-83c3-01f65edfa873,2024-07-10,A,A
46b7237d-6dd8-4738-81f5-26f369ee4848,2024-05-06,B,B
47776a34-839d-49f8-a886-9d8d3aad2916,2021-10-30,G,G
4e2727b6-c60d-422e-992b-2652dd38cba5,2022-06-04,M,M
52fd631f-3943-4080-89b5-3e2b48060e00,2022-03-28,A,B
548bc981-56e8-4703-86fe-5b0ce6fe9936,2023-08-29,P,P
57f76dda-90da-45cd-a4e9-362663cf6b14,2022-01-12,C,M
5a4c2946-f0af-4135-a3ac-8ebb68e689f1,2018-05-14,M,M
5a892d33-5d8a-40af-a5e7-869505f01b2e,2023-10-04,G,G
5ad36546-03af-4589-9713-9a0f72ff6f7f,2022-08-11,C,F
5ae53257-d643-40d6-8ead-40b07fc7e9a2,2022-06-04,M,M
5b4e8f93-01d1-4933-a865-c62442662d54,2025-03-09,M,M
5b94d80f-9674-4f2c-a30b-8e3b156bb58b,2023-11-17,M,M
5c7a1c18-c6b6-4516-9aa5-b83343ed3b81,2024-06-11,B,B
5d872b57-1423-4f08-b519-c79c7be16360,2020-09-30,B,B
5e702bf3-5439-4975-b89e-47eefafcf8c6,2022-12-05,F,G
6000313d-0e1a-404e-b698-4349e70ed402,2022-06-04,G,M
62c8e21e-e726-4b99-a1ce-f6e078a71906,2019-07-08,F,F
686510e2-6776-4d9b-bc57-aa1fab4f8e4e,2023-08-01,A,A
6ad77c93-1cb5-48d9-8766-58c710b33b8e,2023-04-26,E,G
6db27675-659d-46e5-bc29-7be409070715,2022-11-02,M,M
71d94163-5981-4c1b-9212-0e33477ff6f8,2021-12-11,C,C
7445293b-65c0-4d03-9f30-8ec730b12fae,2024-05-03,E,M
7481d2d9-0335-4a0b-9528-ee78b87793b8,2024-03-30,M,M
752e2794-f639-4ee2-9687-d7efb00b8c86,2022-05-15,M,M
757053fe-cfe1-4e45-9aca-c2830ab5ad8f,2017-07-28,D,D
77da2f04-7a7b-4926-bc5f-a862d4217476,2025-03-24,M,P
78cd0952-e203-43d1-a1f8-04264359eb8e,2022-06-14,E,M
7b30811f-4fac-47ed-926c-2e9c96bd60a1,2024-09-27,B,B
7bf34390-8635-44c5-a7b9-ab32be41f3e8,2023-04-26,D,D
7f366665-1c70-4d17-a505-d475dd361f36,2023-02-01,E,E
80a1d387-5297-4d17-b971-39165110fd03,2022-12-28,E,M
82901d2f-5902-42f4-9ea1-a3b7ef49cc5a,2020-05-01,D,D
831b347c-03c7-4e3d-b455-013e9a618a9b,2024-04-20,O,O
86c16a79-ee1a-459f-9d57-3de9394e1221,2021-08-29,M,M
89cc6cb4-5fb0-43c2-ac77-ee756adc67cf,2023-04-26,B,P
8a160beb-0313-4390-8619-cc55be6f4250,2023-02-01,G,G
8d1926ad-74ae-485b-af0d-c4a79db25a65,2023-01-08,M,M
90aebff3-4daf-40db-837c-4b34c549b9dd,2016-12-15,B,B
91f9d036-4490-4285-a7c8-c142f6ce83ad,2024-01-11,E,M
91f9fb4a-fc02-4351-a3f2-29e32a0de4b9,2024-10-03,G,M
9319963e-ad2d-4f49-a067-ab45433457f2,2024-09-06,F,M
95b25703-6b38-4b61-a372-0bea75ca7dcb,2022-11-02,M,M
966e70d5-a53c-45cd-acaa-de8af41011dc,2025-05-19,A,P
97b531d0-d1be-4389-a627-92d88109dad9,2023-03-10,B,M
984f571a-71de-4e55-8ea6-c8e3b8f5cca7,2022-11-02,O,O
98eec8a0-d7a5-43c0-9806-9d6ca0ffe5f5,2023-06-29,G,M
99da18cb-88ff-404d-9457-acd0a7d2e088,2024-05-03,E,E
9a7a3233-1848-4019-8a5d-bc2ac759d397,2017-09-06,E,G
9d12c0df-a5fd-4ab7-9d8c-c8d7162e9ea0,2022-06-04,B,B
9eb62476-c80b-4be8-a5bc-3dd16ccb8ae3,2022-01-29,C,M
9eca0213-9b93-48c8-9e25-7f334886fe3e,2024-04-29,E,O
a03403cd-f69f-496f-8a4e-fdba32f2e6ca,2024-08-11,C,M
a4a6aff4-b7db-4077-b615-1c284946c8a2,2022-05-26,M,M
aa3e6283-89c4-4869-aba2-385061ecf8cc,2022-09-12,B,G
ab50b7ad-829e-4707-8be7-e29ae3862845,2017-12-18,E,E
ae293fbe-a84a-42f3-9307-f52fabe1b712,2022-10-02,E,E
ae4d0828-33f7-4016-9c75-5c3b33a9e217,2024-06-03,C,M
aee69bfa-3cc2-4b5e-8600-b4631e8dbfd3,2022-04-17,M,M
afafd776-34bc-4ac0-8b07-a47d094aa241,2023-07-16,M,M
b198ef58-6b60-4e17-b2f8-ac1bc81ac4e6,2023-09-19,G,G
b4e92d5a-1674-40d3-9834-dd977bb05510,2023-11-28,F,F
b583821d-6679-48d1-99f0-fc320db59b83,2025-02-18,G,G
b6d7311b-2928-428e-8d8b-a0b51ef31e9a,2022-12-02,E,E
bc8d6792-9c13-4143-82fb-160922501fca,2018-02-05,F,F
bd3d70f8-fc00-4bb1-9e7b-d629046c509c,2024-08-11,O,O
bdbad648-a6bc-4889-9cc2-e86ee6ac4a6a,2023-10-11,B,E
bf022acd-26fd-4e3a-8afb-598fce407266,2018-08-07,C,M
bf04d2ad-4029-4530-8a5f-dc8731aa89e7,2019-07-08,F,M
bf323d75-7764-4227-997c-12ceb7509721,2022-08-26,G,G
c2fa36d4-7423-41e5-9696-a1396525bfdd,2019-07-08,M,M
c358c0eb-d805-4113-847c-bc615f7e903a,2019-07-08,E,G
c3fd1c71-eb27-45fd-9b28-7eaed9ffc8a5,2025-05-02,F,F
c4b009c7-36a8-4035-9d53-cc4089946eff,2023-03-30,D,D
c57027b8-b0c6-4bd0-ae1d-ce7dd6386d76,2022-06-09,M,M
c6e51ed3-d6ae-4e8e-92c6-a0f5ad4e1177,2019-08-19,F,F
c7d4a65c-1cb9-4f5f-a2fb-5a8ce1e06bba,2022-06-04,C,M
cc354905-09b8-4c22-8425-38ef33da4530,2023-05-14,D,M
d36c2101-0ef9-49c4-81b7-6c4fcb1b27b6,2024-09-27,M,P
d485f9f0-ce4b-4cc5-9fe2-668806aa5e98,2023-11-30,M,M
d57a227d-7bf5-4d27-9389-0db663f87f20,2022-01-02,M,P
d5927bdd-e396-4277-95a2-46dd00ee57f9,2023-01-29,F,M
d80fe717-739f-4c6d-9f0a-0f209e3b1b28,2019-09-16,G,M
d873a10f-d5db-47eb-89f5-5274d2f2714d,2022-08-08,B,N
de1ded83-24d9-4048-b455-5d66c3087013,2022-12-14,D,M
ded9c19e-6fb1-46eb-9cfe-e2a8808d95e9,2024-02-09,M,M
e107a0d6-8f47-4e0c-8ce7-2263a80b67da,2022-09-18,M,M
e3bc1cb1-f7ca-413c-9d1a-3c5d497e28e9,2022-11-15,D,D
e544df21-3c6f-4c4f-97d4-fcd9e7780368,2024-06-01,F,O
00dd89df-2f6d-4f2d-bb3c-4b30b4f393e2,2023-10-17,F,F
04c30d47-2ffb-47ef-98f4-5ed66e21481b,2021-12-02,C,M
05e9b7ea-c779-4d6f-89a0-167a17ba4744,2021-12-13,M,M
0792ad65-cb56-4e16-8fd8-491a5b6f0956,2024-07-22,A,P
07a4a769-daf6-4f3b-a1ef-6fa6f2f6b21e,2024-09-27,D,D
0c28cf8a-b416-4ea7-b014-0fc2d91037d2,2020-09-21,O,O
0ed5873a-24c9-4d9d-b7f0-b6b0e4fa90a1,2023-03-13,G,G
134f001c-6597-42a1-b987-b425880d6a5a,2021-12-06,B,P
14ea85ef-6135-4dc8-9b7e-ac156bc74283,2018-07-03,E,E
15e9eadf-0203-4cd5-aa5a-6a62b7d78a4c,2022-09-24,F,M
1a03d99e-b923-4690-983a-7d6dbac11465,2018-09-14,E,E
1d48216a-6da8-4002-bc6d-9db8179f3d04,2022-12-28,E,E
1dc7f6d6-a6cd-4565-81e2-8254d3d3abeb,2021-04-10,M,M
1f3bf0e5-3700-4a6b-8bc2-f2f912d5ab63,2023-06-29,D,E
1f6a6ce5-80db-48b9-84ac-121b78ea65b7,2021-10-15,M,M
2373c92e-d378-4da4-87c6-3b5b098ab411,2023-09-28,B,P
24ea7e2b-7ee8-4e45-b631-d584b4c59994,2023-12-14,O,O
2514f8a7-df95-473d-9b4d-401b7b0367b6,2023-06-30,D,F
2658521f-7577-4f76-81a5-7890702fb05e,2024-09-27,E,E
267adf22-10cf-4b8d-a4f6-dc306bc67e2d,2022-02-15,C,M
27ad4fdf-c63e-4ff8-9826-97067371e4ef,2023-10-16,F,F
2a79a247-03ec-4ff7-848f-14ba114eddec,2023-11-13,B,B
2b89fbf9-0265-4a46-bbae-f54427f08400,2023-12-31,M,M
2bc107d0-f859-47d8-b7e6-6630482c0760,2022-01-26,M,P
2ebea1a4-dede-4282-976c-66b6b0719662,2022-02-04,C,C
2f6923c7-6ca1-44ce-8bdd-445474666435,2022-05-24,F,F
32be7083-889f-42d3-ab68-c75d53e69083,2022-06-28,M,M
332e39bd-407e-48a0-bedb-d590a15e6e9f,2022-04-18,G,M
34040d0c-5a21-441c-8b55-83b79ba48bef,2023-06-08,D,D
35481f1d-f592-408d-bf4b-e48eaf32a592,2024-05-23,B,B
3628e35d-701d-4ad7-b259-f062e240e703,2022-02-08,M,O
3705375d-b0cf-4081-a9a5-07b5f89fdb9b,2024-09-30,M,M
373ed94c-df04-4c5a-a10e-563f10ea3f37,2022-04-19,C,M
37d68098-0ca7-4946-afcc-8638b4d863b7,2023-04-26,B,D
38573dae-d098-4d44-9163-3b93e471d461,2023-05-29,M,M
3bc373aa-a22d-403b-ad52-b43e4b91fd24,2018-08-27,F,F
3c06903f-a450-4147-a9a9-bc6c73a5971a,2024-05-24,M,M
3c912d81-cd9d-4752-ac8e-2bf28b1ef620,2019-07-19,C,C
3d54c5d4-f298-4bf3-bbf0-b8b08e42d34a,2024-08-26,E,M
3e5364a1-4cf2-4977-9f9c-7b5fb81a1036,2024-01-07,F,P
4120a1b8-a229-4010-830d-d7a500188c0a,2023-10-31,A,B
4519af7d-81fa-432d-bd34-c73edf502a00,2018-11-26,M,M
461be72a-0720-4280-b60d-4516230ca3d8,2024-11-14,A,A
463a8021-82aa-4fcd-afc3-663720ea1fe2,2021-12-02,G,M
466d7527-5b27-48e7-bc2c-e4391b7730d4,2024-12-27,N,N
486b1d20-48aa-4fc2-bfaf-5fab8760cfe8,2024-05-03,A,B
48f9ed10-02be-4640-a08a-6acf75c88f26,2022-01-13,E,E
497563c5-2c70-4ed9-8b62-d6ca88e24624,2022-11-02,D,M
4aec3775-8890-4009-aab1-68f00f25e292,2022-11-01,F,M
57981071-381b-43d4-a411-f1194908b318,2022-07-29,F,F
58350997-b445-499d-9e48-bda1eedcc1ea,2024-09-29,G,G
5893f8be-b455-48b2-b7e2-f46ab35e20ce,2022-05-23,G,M
59f4b141-baf0-4647-99b4-f83a7714bb9b,2022-06-28,M,M
5c8db0bb-49e0-491e-9438-ca428f5aea8f,2016-12-11,E,E
5e81d717-2ad3-4842-ab8f-d4d9823e80d6,2023-10-26,F,F
5ed379a5-b462-4e9a-b6cb-8fcf51ff7f3a,2023-02-21,D,M
61dde47c-0201-4c73-a220-487bca3b3dd7,2023-10-31,M,M
658ed351-0ae9-404c-af0e-b110aeaf0d77,2025-01-12,B,B
68cae4c4-38bf-458b-9f3d-71d6dbf38ae2,2024-09-20,M,M
6b0f27e9-bffc-48cb-ac58-988f20f6a72f,2022-12-28,M,M
7301ce98-01f6-4dbe-a41b-3e5ebcc8f7e5,2022-03-05,M,M
7429313e-1068-46cc-b733-7a14caa94f2e,2024-08-20,D,M
74b4b6c0-ee27-43e3-948b-3243aee04a0c,2023-03-14,M,M
75e281df-9780-4637-a4e5-923b9eddb463,2022-09-14,F,M
76508426-0757-46f5-9297-16d41a759781,2023-08-02,G,M
7a53b447-4e9e-4c5f-ac61-0de66e74bd61,2022-04-16,B,D
7ce441bb-54cb-4e52-9e93-b41b7dcb9dae,2023-01-21,D,E
7cf1faf5-9b3c-47dc-92d9-6660b1822fad,2021-05-29,B,M
82d4c8b5-a50f-4f33-b77e-7f07bb1cac97,2023-07-22,P,P
8333956b-2ac4-4e74-b622-e24880555818,2023-12-29,E,M
8343bb05-f02b-448e-b8fe-8ac9b0f85f05,2022-06-01,M,M
85e798c0-13b2-4b28-bc13-d6f822186f68,2020-01-20,E,E
89efc262-3179-472b-ad0e-a378733aa9a5,2023-06-29,B,B
8e94ad8c-714e-4eab-9d8f-7a1c3ddca46f,2023-02-18,C,M
9131a1c5-abb4-428e-8e89-b8e9eec32ea4,2024-01-19,O,O
9169ab9a-1a99-4818-b9bd-137758bfe09d,2021-02-17,E,O
93473c9c-5c68-4ac6-aff1-755873469a44,2019-11-27,C,C
94677455-cb1b-4641-8a6f-d1d6c3d4f542,2022-02-16,F,G
9525ef26-6037-48d3-8a87-e9d3b53c8fad,2022-06-12,B,B
991c619b-d150-466d-9f97-67eeb9659823,2022-09-27,E,F
9a93ac40-8801-45e2-b7e0-e1955fab78ae,2017-05-31,M,M
9afbd7bb-c200-4d46-a0c8-9531cbd4ea98,2024-09-29,C,N
9c6d7055-ab58-44e5-96e5-016edcde9717,2022-09-29,C,P
9d2c0a11-96f2-4e98-bf14-d60b10481c15,2023-05-14,B,D
9e9be360-f783-4fb9-b6a5-10a487e7329c,2024-06-02,D,D
9f778c9e-e78d-44d9-a233-9dc83cb3f7cf,2023-09-21,E,M
a1d41d52-ab87-476d-b401-a211d08eda16,2023-02-01,E,M
a245fdbf-7716-4914-a083-8e7031a8c504,2023-05-27,G,M
a28aef02-6aaf-48e3-82e8-3353c1d94257,2023-07-04,C,E
a69df3d5-5212-46a1-ba3a-61288c0bc852,2022-06-28,F,M
a8dc9843-8c88-419b-8227-d2f23eca9e3e,2024-03-02,B,M
a9de3d65-9765-43fd-a683-b157bb9e2be5,2023-03-08,M,M
af4a511f-0117-464e-9d64-59ee7e94fe64,2023-08-01,E,F
b1c73e38-936f-46af-a912-323114e7aac2,2019-07-08,F,F
b5be2294-7840-4016-9691-c06170dd1387,2023-10-18,C,D
b873beb5-e094-408b-ab55-f59544bba1fb,2024-04-23,P,P
ba34c03b-c788-4783-a8c2-a8dea5db9013,2024-05-23,M,M
bb342c83-28d6-4bf0-bdc4-5204ba4c3bf3,2022-07-15,C,M
bceafd61-9d97-48af-b5a3-2a0d53e649e9,2024-07-30,B,B
be01adb8-7b08-4801-b377-d18ad3fc76c1,2024-06-11,E,M
bf88f873-8da4-499e-aa48-1a02d161783a,2024-02-12,E,G
c175c8e1-0b91-4396-ba0f-140931a9b681,2022-04-27,A,E
cc830e4d-b8d2-40dc-93d2-a8811805ff8a,2022-06-04,A,C
ccc80d6f-a14e-4f0d-8b00-32a95ecf4c61,2023-01-29,E,M
ccff2de8-68e1-4a0f-ba16-4b1924eb8b10,2021-03-29,C,M
ce753a01-49ef-44a1-8d3f-ca27e04cfb6b,2024-09-27,D,M
ceb2dd10-fb30-4c97-ac6c-0489d4efa8ec,2022-12-18,E,M
d325a3a1-ee42-4372-8414-9a78e712bd76,2022-06-04,D,D
d81e0931-30aa-424e-a337-d55966e3e573,2022-05-13,F,M
dc81dca7-fabd-4dca-9b9c-2db2f3575680,2017-12-14,F,F
df45d2e3-2aed-4f9b-a3a2-2dec7b09d649,2019-07-08,F,F
e2b8d69d-bcf7-4846-8c66-d23d484e4cff,2020-08-06,C,C
e35d34d3-fe6e-4b56-8944-16decfee2eda,2024-01-28,E,E
e5ae0d0b-b4ec-412d-a065-3d04b8920aee,2024-05-26,C,E
e5e3740d-a248-416a-8769-4280f21d256a,2021-12-11,M,M
e68174ee-237b-4c68-9ab9-70cce11ccccf,2017-11-15,F,F
e889da78-d502-40cb-9bcc-3f6ec183d52e,2023-12-04,M,M
ea4f5268-4da1-42f0-8aae-9fc245caeb07,2022-08-15,E,E
ed8d86f4-5024-4960-adf5-8b7d1b7a99a5,2023-02-02,E,E
ef5b9bd0-a5a1-466e-ae19-1abfd8f83134,2022-04-29,M,M
f2590213-fee9-4670-b965-6e3ffc1da403,2019-07-08,D,M
f63c833b-8051-4547-b488-618e22804154,2023-09-28,M,M
f8578747-c135-42d6-81a8-9a3408563ad8,2022-03-05,E,M
02844cef-5415-4375-ac8f-f303ee684033,2021-12-02,D,F
04627b66-2776-424c-a9b4-1f98988c918c,2023-05-29,E,M
05514723-d6d5-43cc-8c51-02e98ead57d9,2019-07-08,B,N
0b7ea833-c1c9-407b-94e8-f209e9ea0ee8,2023-02-01,D,D
0d2a4c98-f2fe-49b4-b439-d64d6db02b1f,2021-11-15,D,M
0e1407e8-72cf-4cda-9d84-f41dab323707,2024-01-15,E,E
0f6abac3-55a9-48ae-8870-4a68b5b74497,2022-12-22,E,M
14ea4365-5baa-4d8d-b1b8-795143b965d7,2024-06-11,B,E
14fa8b98-378b-414c-bafb-ccd8c8d4d525,2021-07-17,B,M
165c8c4c-59c2-4bff-9e02-d4411f2b36c3,2023-05-14,F,M
1749e1c6-29e3-4760-8704-fa1cc7d53263,2022-02-14,N,O
184dda28-e8f3-426e-a5d5-9adbf9435142,2019-07-08,B,B
190de973-d603-4bfe-b7b1-7ec8167dbc14,2023-06-29,B,B
1af29658-8622-4b75-8adb-d940d65ea4a1,2022-09-27,E,O
1c8461fc-5e54-4b0a-86e7-016c5c32f97a,2022-06-28,M,M
1cebce06-c48e-4bab-bcf0-939e4c0ac550,2024-11-08,M,M
227e160d-ffdf-409d-877c-d27ebfda8bac,2017-10-23,E,E
243c106d-925a-41bd-8eef-d976be5cb6dc,2020-03-04,B,F
249b6a41-462d-48a1-aef7-3854adedbc29,2022-05-20,F,F
2af131b3-68e9-4598-8048-ae8fe77031ed,2020-07-26,E,E
2d69d1ec-a598-47a7-bab4-4841cf5dd3f0,2023-04-16,B,B
32ba4333-5d93-4642-8316-d16db2784688,2024-07-29,O,O
33b4caeb-fdfd-4d27-bec4-5c17ac55df58,2021-12-11,C,G
3444198c-208c-4631-90e8-8a0bbe904d6a,2024-08-31,M,M
381a11f9-995b-49ad-8845-46df3ebd8888,2024-07-19,M,M
39f0b540-0348-49bf-864a-02df5004345c,2021-12-02,F,F
3b10476c-e649-44e9-8edf-60badc7af945,2024-05-24,G,G
3e45eeb3-26ed-4385-8a94-4affa96527be,2023-04-04,F,G
44f2c9b1-a02d-4f45-b4a9-657c78ce373f,2022-08-28,D,D
4524f2a4-03c1-446b-8d3d-a6e19cd418ac,2023-11-21,D,G
46a4db33-3806-4ad7-b53d-72ff7a6ab2aa,2022-12-20,F,F
471ceb5d-307a-457c-bced-019472e21fe5,2023-12-02,C,M
4c4f4cf1-a21f-4e0f-85b4-c4ac757fb2a6,2021-07-07,F,F
516adae3-9024-4a93-be38-886cf0a040ff,2020-08-28,D,D
5d69d176-2167-4235-9408-cca39954fe9b,2021-02-05,B,E
5d95c1e7-c1c1-4ad8-acc5-eb140bdd8d7d,2023-07-27,F,M
6198be80-abeb-4ef7-9fd7-0f514755a0bf,2023-09-03,M,M
65ab4666-ae40-4499-a9ad-ea16872b437f,2023-08-24,G,G
670906ba-9a60-4048-9eba-066a0bd24f1e,2022-08-27,M,M
6802ef3a-89c3-4c5b-9e62-00af40524e33,2025-03-25,B,F
6c60993e-fb6b-42bc-8cdc-91795139b575,2022-09-27,E,M
6c81ba19-b09e-4654-9dcb-5a1c175619c2,2022-12-30,C,E
6ce3b26b-fad9-4512-9c02-a5bd3fa2f75c,2024-09-27,M,M
6f020135-57ec-4f09-9b92-f0b3d9e9fd6b,2023-12-11,D,M
6f87e3f7-91a8-4cfb-b56a-0ad1f9beb5f7,2023-10-26,M,M
70eefeb5-79dc-4c73-99cc-2936faeac453,2024-05-25,C,M
70fea474-a9ee-4957-a06c-5a1794485133,2023-09-02,C,M
71342a08-d765-47b9-877a-886cdf7fd38e,2023-06-05,B,P
724c5157-7c47-4913-a996-698d9cea7793,2023-05-29,A,A
729acdf6-5eb0-4167-9a10-f506d6aa5599,2021-11-09,M,M
73ba28ae-bbdf-43c0-99eb-f507e81c4f9a,2022-11-13,E,M
746dae4b-6d4b-457f-bf8a-21b74b36486f,2023-11-16,B,E
7507609b-e64b-4c25-8a2b-c1dc69b69025,2021-05-26,G,M
75ab0d54-70d0-40e5-a2fc-41032b454fd0,2022-11-28,M,M
764a9acf-203e-49bc-8519-b09684812417,2024-01-31,M,M
76dc4465-e756-46ce-bfa1-74052ebf1f0e,2024-10-07,A,E
76e790e0-84e1-46eb-ac35-8ad0653f0a3b,2022-06-01,B,D
7ad26b2a-d6e2-45c3-913c-bd11de29bec9,2019-07-08,E,E
7b4d87e4-54fd-4afb-a6c5-c738d9b7c8ae,2023-03-05,F,M
802565fb-75b2-49df-8fcb-c00cb15a8e7f,2022-09-27,D,P
80fca72e-d74b-4260-80fb-24fde8c34466,2022-11-17,F,F
820ff334-7233-47a6-b923-1b908b877abb,2024-01-07,E,F
821443b3-7e87-4b29-99ac-ff4606d2879d,2020-11-05,M,M
887a7dd3-58f7-4418-9e13-6f9e59133cba,2022-12-29,C,M
898c6488-f190-401e-9605-f073f961a8f1,2024-01-09,C,E
8a9983da-ad6d-45aa-a4a3-7d5169566d3d,2020-06-12,F,F
8e13a882-c484-4716-a2b5-11d5b259f609,2024-06-15,C,M
8e5c037a-a966-488d-826a-cc29666ec392,2023-08-28,F,F
904a2830-b75d-4ac1-9610-a4b676ad962e,2023-03-01,F,F
90f3244f-2d17-4dc3-a2ea-759987a2b9de,2023-02-28,M,M
92d5ef0b-feda-4d6c-9816-a9249bf6b517,2022-06-04,E,E
937eb091-ca5f-444b-8bd9-4793637f4755,2023-06-29,G,M
94f16ce1-9528-4643-b88d-2285626fd617,2022-07-02,G,G
9afccf4b-7a96-4771-b2ab-a1db88f6293e,2017-06-14,E,E
a1056bf1-a71a-4d43-ac24-314d447721c4,2022-03-05,B,M
a1552ad6-628c-4442-921d-8b23e276fd5a,2023-12-29,M,M
a1598f38-c4fa-4aea-871e-fdeb623e887d,2022-12-21,F,M
a41e6254-2268-4ebf-a1d7-ee0150f36ce5,2022-07-03,D,O
a5e5d2ed-4d03-46ab-85a2-d48c9821646c,2019-07-08,A,D
a68d7b6c-d2e9-4df4-99c1-1892b2e24dd9,2023-09-14,E,M
abe5abc4-1bc7-4af6-863f-d5277a7b7d65,2021-05-11,M,O
ac1ab241-b321-487c-9abd-5a07d6cd710c,2023-07-31,D,M
ac2a6b30-dab2-4770-a339-08929bcdfc75,2022-11-06,C,M
b27ddcaa-55be-4e83-9457-623c520fc557,2024-01-25,O,O
b95292ae-2719-4148-82a1-58b9c1d0b2d2,2021-11-16,D,M
b9f10259-d5ed-4cd8-9f2a-bcff5769ce9d,2022-04-14,E,G
bcfc8fb2-838e-45e5-a675-a02a1f3da5cd,2021-12-02,B,B
c0cbfbef-6830-462e-aa58-e5cd6e03b687,2021-12-02,D,M
c221efa9-0ae0-4262-bfe1-cece3c19e045,2023-12-29,M,M
c3b4b61d-1168-429f-9db9-3bced195a4ff,2023-07-10,E,E
c477ba9c-767f-480c-9af2-d3715d4f5972,2023-08-01,B,G
cca8b5c6-a69c-419e-8ff9-242341d7b179,2018-06-25,F,F
cdf0f3d9-245d-479c-9154-1a2b09dcfa73,2022-05-24,C,C
ce60529e-fd0d-450f-84d8-18f187a856f1,2022-10-29,C,M
cf71c26c-55ac-4f0b-b76e-60a06caa1069,2019-07-08,D,D
d1c57f9d-e7d0-413d-bcf4-a88c0675b124,2023-12-13,M,M
d22e427e-2745-4eab-ac7a-e8d39de67dfd,2021-11-29,C,G
d6484d29-7b0a-4a7b-8468-83f74b1bb4cf,2023-02-01,D,M
de429afa-664e-480e-aeba-3caf3b3e256d,2021-10-08,M,M
dfa68c4f-f41f-49ab-a531-63af14d8eb59,2022-10-28,D,D
e09bdb49-fa7e-4d8b-818b-6c66d4d1705b,2020-11-16,E,P
e12411df-c6fa-44cd-8c87-05d347f2c7d5,2022-06-27,M,O
e645a8fd-fb41-438c-b0f1-15a1875e0ddf,2023-04-23,M,P
ebc21247-011e-4a33-adcd-b23b623bad78,2025-02-25,D,P
f0895e50-4d41-420e-904d-cdafccfda352,2022-06-28,M,M
f2e9424f-100f-4e69-b7e3-750845e30f3c,2023-07-20,M,M
f340e308-a9db-46c2-a420-480298ac90c7,2023-04-02,C,M
fa1804c9-d17e-4c8a-802b-37e07353bab3,2024-01-15,C,M
fda86146-3626-4503-8535-d8b82b8cd6c4,2018-03-20,D,D
fe32b882-8b65-44be-a8bc-995ddc676212,2018-01-22,M,P
ff5ec066-dc40-4a59-8e34-8505f618e460,2023-10-31,M,M
ffc62610-c66a-452a-9e0e-01b3f1296ec9,2022-10-19,M,P
da40a215-4aa7-4869-8347-25fe4df598ce,2024-05-24,,
e92a6bb3-6dc9-4795-b183-828d331c8a6e,2024-04-14,M,P
efeed0d3-5f26-44ea-a4ea-9b23e8fa0d0c,2023-12-29,B,B
f0ddbc3e-1bcf-4d15-8847-c5275652e2ad,2024-08-15,A,A
f1c3da62-d9a1-438d-9acb-4e5f5a33a049,2022-07-09,F,M
f67dc47e-4227-43a6-be62-e7a7d6d97f17,2023-03-13,B,D
f9cdfde5-77e0-4113-853f-e95798a29914,2023-07-14,G,G
043b1b5b-23ca-43f8-ac79-d4246f729b16,2022-06-04,E,M
062fc1b2-5c36-4007-9761-32220ba4b105,2018-05-05,E,F
085f27aa-5d6b-4c7d-a172-4ba64f7961f5,2023-11-13,C,P
0df922c4-9fa2-4d4f-a601-46f9a740967e,2022-04-07,M,P
0e953053-b246-4329-9143-faf9e4b8ceb6,2019-06-24,C,G
10de74cc-7757-4147-a783-5fb0770d4460,2022-05-13,C,M
12535c3b-bb52-4458-bdbf-29b30a38c158,2023-03-30,M,M
12922e95-0e91-4987-8d3c-eba628354b4b,2022-08-20,M,M
12af2a59-5ae1-4ce9-af82-72c2c783fd21,2021-06-10,E,E
13c87e03-0d5b-41fa-b2be-8c5d912325f3,2022-05-29,M,M
1544d28a-a2fa-45c6-bde1-635e53246c15,2022-08-27,D,D
194f8a1f-72ff-432f-92c6-fddbc20cad7c,2019-07-08,M,M
1b69f0a5-2540-4cb6-8963-b6b2ffffe328,2023-08-02,G,G
1b8ba9bd-2632-4bdd-806e-3373b45e0a4d,2023-03-24,D,D
1ebc0abb-25fe-4d52-8096-8f9c2a079462,2024-02-23,O,O
1eec47a0-484f-42a1-8cee-75458f605e93,2023-05-04,D,D
21080056-e3c5-41a5-b870-b0ce812dc265,2024-05-30,D,E
266808d8-4f51-4939-9cec-4e0cea034328,2022-11-28,D,M
2afdd85b-205d-4fe8-9f5d-bccc3a687ef6,2023-03-27,B,M
2c88a943-d111-4034-8aa2-7048777b46b6,2023-03-30,A,F
2db7c959-7fc8-4ae7-afc7-37595554b63c,2023-12-16,G,O
2f33b8e1-e2cf-4442-8fe2-37b87474df72,2021-12-30,F,M
2f692cda-6dc6-4317-a243-819327c2e8d9,2022-04-12,G,M
30048ae3-84d8-4a9e-8ba2-c0b07febb6a3,2022-08-19,D,D
3014a4eb-700b-4e66-8ac0-40c5d394d1b8,2024-03-25,B,B
317b6331-d200-4be5-9c15-22ca35f46a1b,2019-07-17,E,E
32579b9d-fda7-457a-a51c-14672cc54ecf,2024-04-23,E,M
32b0cb0a-5de7-427e-a803-c3a32134aa70,2022-06-22,M,M
33d8ac42-b310-43d6-8a4b-f0982bbc26a7,2024-04-08,O,P
368db943-4bc2-482d-aeb0-ed996275e7e2,2020-12-11,B,D
3a534ec1-2747-4546-92b7-c2ee15172f91,2021-12-11,M,M
3aa33425-433d-4f09-93b3-7938ae7b5bc7,2024-11-22,G,G
47965625-42d3-4bda-871a-463357059f9c,2022-06-01,M,M
48e5a10e-22f7-4b62-8b1e-5b46b72eeebd,2022-07-15,M,M
4af33262-58ce-41f7-b36c-5de9dc082d8b,2024-07-31,M,M
4c2781bb-d2d7-49e3-8bdd-da59ba2c2b5e,2023-06-18,M,M
4d09ed9b-6e0b-45f7-98e8-2f2959128439,2022-06-04,C,M
50a91bca-df93-47f0-804a-056759f61c25,2023-12-26,G,O
5328118b-c962-4bcd-b0f1-f6a0790859de,2024-04-24,M,M
5432fdf2-c818-463b-ae31-ec5c55194306,2023-05-01,M,M
5485a912-6a40-49c2-b733-e746fcb07460,2017-11-20,D,E
5783d4d5-004c-4f47-95cd-07a8d046922d,2018-12-08,G,G
5940af0a-f43e-41b3-b960-da61c4e13a0b,2024-05-23,F,M
596671f7-8184-4ed0-b6b3-9f0aabae39d6,2023-11-26,M,M
5b7ba1db-1d8d-4796-a148-43b9d1297b78,2023-02-01,M,M
605c6146-5a2b-4077-82c1-6060f365ce87,2023-12-29,G,G
63c0c4e4-fb36-43c9-8e67-5a59b760c570,2021-11-30,M,M
644eb975-ad83-4b7e-b39d-d3c25ee35c1a,2019-07-08,D,M
69dc4de2-1a93-42b0-882c-5cab3ed9e944,2022-06-20,B,B
6c50a62d-b223-4240-8888-5f1850e43fd8,2022-06-01,M,P
729ec55e-16d7-42d6-ac79-e15f31583f02,2022-06-04,B,B
73732a0f-2f20-42a3-a189-8be263e1d99c,2024-07-31,M,M
77e658f9-e0da-406a-a5c0-b6c933ebd3ad,2022-04-05,F,M
78b405f4-5642-431a-a5e8-6e6b054aff20,2021-08-02,B,B
7a61078c-426c-4067-874e-25cc556823db,2024-08-01,M,M
7c823467-fcdd-422e-8ca6-c1f865d75941,2021-12-11,B,G
7d0ac4ed-a866-40ef-a886-5be41874e29b,2021-06-10,A,B
7e61a8ee-2f6d-4150-aee6-ead7a9469a5a,2022-08-22,M,M
82b51911-d07b-439c-9ad0-4bef20698259,2024-07-15,C,C
86c1744e-9773-403d-8e43-7f08d6e8d8df,2021-12-31,M,M
8a0cf647-b573-488d-a577-335dede540f7,2023-04-23,P,P
8c58f593-ffc6-4049-8b24-88c0c47f8194,2025-01-21,M,M
8fd43133-e4a8-4600-87f7-925c725889c3,2021-05-05,M,P
914f2ece-b3ed-428f-b84b-c8f391e1ff02,2023-08-02,G,M
936c8078-5376-46f4-a5f9-7607a2d928c2,2019-07-08,D,D
9440ba19-9129-4ad1-a9b5-640265f761b7,2017-07-03,F,F
960b481c-421e-42b4-9532-31551507be0e,2020-12-10,B,O
9782993f-e342-47ed-bbcf-b914c8befd9f,2022-10-17,E,M
97da9412-f58b-4512-b4dc-cd975a7264cd,2023-03-03,M,M
9c813f0b-e9ed-473b-951d-08c40492a935,2019-07-08,O,O
9d7551bc-3621-41bf-b3aa-ceaa7ff70c9d,2024-05-24,F,F
9f8f63c1-78c2-4353-9624-f7260a2033a7,2018-08-24,C,C
9fe4bbca-0e30-4d68-b5e3-7685d20e9e29,2022-10-10,B,M
aae8779d-036c-45e3-a138-a828c6beb877,2023-06-29,A,E
abc5d90b-6de6-480d-88bc-4134f781bc80,2022-03-17,M,M
b1200fb9-ca3b-44e0-a9c7-f6134be4eb86,2025-03-22,D,D
b699ee47-d359-44dc-891d-8456c9057bc5,2023-10-26,O,O
b759c3a0-b6dc-4d5f-b7ef-b6ba3582b287,2022-04-16,M,M
be3d9f51-0420-4b48-b0a6-728c6afab6aa,2022-10-17,G,G
c1a403a2-7cbe-4799-bf82-d0a7b7f9485e,2018-10-21,D,D
c3878926-c966-41da-b6aa-c8abda120965,2023-03-09,D,E
c5a32447-02b2-4bc3-8d4f-81c4e0a33c14,2024-09-23,M,O
c5d4ec7d-3931-4bc4-bd81-dc6315a68ce0,2024-08-01,P,P
c8359c6d-e541-482c-96fd-98ef583a5d51,2022-05-11,A,A
c8adaf0d-5461-46c7-8c42-2719812906ef,2022-03-05,M,M
c97c7c62-987f-4bed-ac86-1f19d964e04d,2017-11-19,M,M
cab9e003-67fa-4028-8e33-30837a57b2f1,2022-03-07,M,M
ccf33b40-5148-48fc-9639-60a17b51b5c0,2024-07-26,A,A
cf78a32a-23f6-49b3-a5db-483d23987618,2022-03-10,M,M
cfba8097-c6fc-4f2d-9c38-c2f129f6969a,2024-07-02,M,P
d45776a7-378b-4eab-baae-c57fc11a908b,2024-05-24,D,D
d62ddc4f-4ae0-46a2-8ba1-d927fa2172d3,2022-06-04,G,G
d6965a65-5a7c-448d-abab-41669a197075,2022-02-27,C,C
d7f6855b-5c7f-455e-937c-541f4d018a76,2022-07-27,M,M
d822598c-cc5d-442e-afa1-b1e1236de53e,2021-12-03,E,E
dc4c2b0f-71bd-4736-b769-ae0613103ae3,2019-10-04,E,E
de8df323-1d93-4eea-9938-17087a9dbf9f,2023-06-29,E,G
e0026127-8c51-49e8-abc7-2ea441d2090b,2023-02-01,D,D
e0a8199f-b6d4-4935-ac5b-dc24f7c82fd1,2023-06-26,N,N
e29a3bca-67c9-4091-a6a4-6153f51748e0,2024-07-31,M,M
e535d0bc-147d-429d-bbae-49b541970035,2017-06-21,E,E
e55af333-0990-4cb5-9838-7be443ac8d8b,2024-04-16,C,M
e7ec226e-0d4f-4c39-9f5b-f8f253f2dda6,2022-12-31,G,G
ec2cdb84-39b1-4e8f-b35f-38d7e10be004,2022-05-01,F,F
ecef1373-d6bf-4b6a-81e1-c2960ff12672,2023-04-30,M,M
eee614d7-30cb-4122-a56b-d2a9ee45a640,2024-02-25,E,E
efa292a5-ad7f-4520-b9e6-e9e6f284a9ed,2020-02-18,F,F
f0e73d1e-09b8-43f3-80db-4325f0d5cf35,2022-11-07,C,E
f2987a24-e75c-4d42-a5f8-bba37a3c5193,2022-08-23,D,D
f93550de-0147-4fdb-82aa-d52779e8e22f,2020-09-21,B,B
f9429c1a-94a5-4433-aa0f-55d161b4d9f0,2021-12-11,E,E
f97049a9-a7a7-41e1-8208-bed1c73491e3,2019-07-08,F,M
fd0e0381-ab59-4d96-a6e0-3224897d6b55,2024-03-07,N,N
fd2e109e-2885-45bd-ab9b-ccb23ef8cbe2,2022-01-09,M,M
fdadf4eb-d9d1-4f5b-8f13-c89b8201f5f0,2023-02-01,F,M
fe997e22-e452-4561-b1f8-30bbdc2fa067,2023-07-29,E,E
004c7fa4-8d39-4a3c-8c04-772d23747f5c,2022-06-04,C,M
02fa3cf7-a6c4-4c2a-8fc7-5575e2f65a6f,2022-06-28,M,M
0505fc1a-d7c9-4cb2-a698-09e6b5feaa5f,2017-11-16,D,D
0537f3d3-1b4b-4aa8-8ccf-7119c228f718,2022-06-03,M,M
0ab989a0-ea33-412b-940e-34cf2d851176,2022-05-02,M,M
0d9ab1b9-c7a3-47c0-8be3-868cde48221e,2024-05-23,E,E
16401d0a-d70f-49b2-8f8a-617e75afd68e,2022-02-25,G,M
164167e4-21c6-4954-8664-80c0dbb8eb7d,2025-05-13,E,E
17fd0743-479c-4964-bf7b-5a23b98ae1a2,2023-05-24,C,M
184d873c-3c43-44d9-a2a0-8055b6ee6332,2022-07-20,C,E
1c149097-2852-4f7f-b8d1-04a474f5e0ed,2022-03-05,D,D
1f380731-2bcd-4fd1-b93b-d08eea71d7c5,2017-05-01,M,M
200ab101-f518-4455-81d1-da3a5363eaec,2024-09-30,G,G
20305c54-b4ad-422c-95ed-7425266ef52a,2025-01-19,C,C
2082e014-f8b1-4ce9-be2d-9659d7037109,2021-04-04,M,M
210e2a19-c827-498a-a5d5-052b7d173e84,2024-04-01,M,M
242239c0-7786-4448-914a-474ceac6afb5,2023-02-28,F,F
26df877c-92c5-4936-8354-ee687858f680,2024-02-26,O,O
2e1d91a8-61c4-4368-8caf-7bd6418bdc7e,2024-10-28,C,M
2ff87d9c-4974-45a2-95cc-88e94142a8f4,2023-12-29,F,F
3009dc7c-5c16-41f0-aefa-d155801490f9,2020-10-31,D,D
318555c4-1ed0-4575-92f5-659f37232459,2022-02-17,A,A
31eeda40-2c37-428f-b02c-24c79b5be9fb,2018-03-07,B,B
3636b035-1454-46dd-8331-99cad0bde021,2022-04-12,M,M
3960ef95-6fd0-458a-ae82-78b543c365e2,2023-09-22,E,O
3a727c51-b4c7-4fe9-ab61-ca30ad2661d6,2024-07-05,D,D
3d9ee6bf-8d27-4636-8a08-9bf5950b18ee,2023-09-28,G,M
40deb84e-d951-4e47-b690-cf37ac79fc43,2023-02-14,F,F
42040385-41d7-4595-ade6-974f6229f449,2024-11-26,M,P
4364bdb2-1b8f-4564-9a53-f03d0315af41,2025-02-03,B,M
481f13d1-14c7-4933-a849-14167efca839,2021-11-15,D,D
4b06ce57-de3e-4817-9121-6194c74b27e9,2023-11-15,C,M
4b73972c-bdc7-4162-b65e-9ad437679953,2023-06-11,D,D
4f1a0606-5557-46bb-ad0a-29c564ce52d3,2024-04-15,M,M
4fb01312-4823-425c-a9f7-7ed5da764bdf,2021-12-11,D,D
527c8108-8fcf-4527-936c-52303b93d8dd,2017-05-07,E,E
59e69af4-0041-4e22-9ed5-fad1a547febe,2023-06-29,M,M
5b668c24-caaf-4404-8a84-e292002618be,2021-11-06,E,E
62492f49-cc12-49de-9bfd-9a7d4eb4a206,2022-10-13,M,M
6366b54c-12b8-41d8-a373-ca24f46cf073,2023-10-23,F,F
6406aee4-7262-4725-93ab-1197b77e2511,2022-04-19,M,M
65821fc5-e243-4ded-a22c-bfb28ea63efc,2023-09-27,M,O
6610d247-50f8-41a2-b3eb-b4d6eb36833a,2024-01-28,M,M
6940ffb8-800d-43ca-a72e-988d23acd54e,2024-11-26,E,F
6e710b3a-0148-4e3f-bca4-3a128f859716,2019-09-30,F,F
73cf3cd4-d6f8-4776-85cb-55a6f87d39d3,2022-10-03,F,M
74b2be60-93bc-40d5-99b6-bbbbdf128227,2021-07-09,M,M
7982e669-e6fb-405b-bcd1-5c6c3a0ce0fc,2024-09-29,M,O
79f335bf-922f-4de6-9c2f-6f934ed2e790,2022-06-17,M,M
7a0945d3-84d3-4b86-a90d-760a1dbb831f,2023-08-31,E,M
831b76de-0a71-412b-9b62-f81503d34098,2023-04-01,M,M
869f0ad7-846f-4b48-8d2d-74c69ce36022,2024-05-23,M,M
8723a2e0-da29-40a7-9f87-23fb00b633a8,2022-04-01,M,P
8dbfb901-9602-4a26-ae33-32c641fc601a,2023-08-02,C,C
93f20573-4d04-4feb-9ed5-2264b0782319,2024-01-03,M,M
974468ab-5110-4d68-a2ed-a6d488720339,2021-12-02,M,M
9a73cde0-46a7-489d-8414-ca05b1c08030,2022-06-16,E,M
9b481766-4ed2-4ce5-9928-82c9eb7a27aa,2023-06-29,F,G
9de812f6-76f2-4717-94f3-19f273065387,2021-12-11,B,B
a13ec0d2-ebb5-4993-aeae-f9eb0f686163,2024-04-16,P,P
a367c2bb-4f6c-4d96-b1c2-04b37a86958d,2019-07-08,E,E
a3d41814-d8d1-4276-9755-fc5eb411e758,2023-07-22,G,M
a5a09348-ab96-491a-bd62-bed9a846b69b,2022-05-05,M,O
a781f537-33b1-4bd3-9322-057ee5dcbe00,2021-12-14,A,G
a9c953dc-3aa1-4dec-87c4-a97e7e786c44,2021-12-21,M,M
ab728005-4abf-46b9-b4d1-2f5307e77dcf,2022-07-22,M,P
ad97c167-a9db-4ce3-9068-ab96c7372b95,2024-08-03,F,F
b07648da-2904-42e1-a6a5-acdfc9b0e261,2025-05-26,M,O
b32194aa-a073-405c-8066-6086ebf91811,2021-06-28,E,E
b60ab19d-d7f9-4f9d-80fd-e45513646806,2024-11-26,M,M
b6556e51-08cb-4713-89b0-ac6638fdce41,2019-07-08,E,E
b8408540-475f-4542-a4a7-6750bbd1cf7c,2024-08-28,C,C
b8a24f6a-8fd6-4de6-b716-d9f1ee887f08,2023-07-04,B,F
b92afb76-9ae6-40d0-9271-c2cd8c74f88f,2022-09-14,M,M
ba76d1d6-5042-4db1-bb46-6c6745f41294,2023-03-30,M,M
bbc9e524-9724-4dcf-b052-3f2e68966da8,2021-12-23,B,B
bc1a4277-8c56-4d21-9b14-4bf08915edb9,2022-02-02,E,M
bd86fc66-57a2-4850-b775-35cdfe28d1a3,2021-12-11,F,M
c40d7983-b0ee-4c6c-9936-4a4497d4e1a4,2022-09-21,F,F
c52c3472-465b-4463-a24e-331bff3f24d2,2023-04-30,C,C
c6c01779-4348-4002-b099-509626482fec,2022-04-24,G,G
c80b5185-80ff-4985-a78a-dc1cd9d27979,2023-01-26,F,O
c9f11e1b-f0b8-4bb4-bd9f-086136d1dfc8,2021-12-02,D,M
ca69e7c5-53e8-4fed-92f5-d16704521498,2024-04-15,B,M
cb184b85-ddb5-4d9c-a8c3-98f0bc7ad0b8,2022-09-27,E,M
cfa3bbfc-259b-4320-8939-5b7797e58990,2024-07-25,M,M
d182e215-36b7-4f38-845c-c703c36f6480,2021-12-11,E,G
d203d46b-8606-4dfb-b483-4aeb3142abe7,2020-08-10,D,E
d50ea4cf-7c63-46b6-982e-4bc4db478b93,2022-12-28,F,F
d56c7dd6-a81e-4cda-b161-5eeff40db50f,2024-07-15,E,M
d664b326-2ae1-4fca-9338-1ef301e4ae47,2023-09-28,C,M
d6a7e890-ec55-4c5c-a893-d5e3f82bcdad,2022-06-04,M,M
d719275a-cce2-4c73-b050-1d16164b4f5f,2022-06-04,F,F
db4393c4-6b06-44bc-a440-38936a9064db,2022-01-20,M,P
e1c192ca-e010-4bd2-9056-c38e1b5a95f2,2020-05-24,E,E
e3e6bc87-ea21-4d3c-81c9-bf768293b663,2024-06-11,M,M
e42978d4-5605-4d4c-b006-eb0814ab230d,2024-07-16,B,B
e4d6431e-e3fe-4db2-98d7-c44312858954,2023-04-05,E,P
e4deda6b-7293-4bcc-a1ed-26e3cef3ecdd,2022-10-13,M,M
e5600f79-9a04-4e97-ad22-3ca7ca61cecc,2024-09-25,O,O
e6a29bca-ab4a-4d74-bdd3-3b902a1f6080,2022-12-28,G,M
e7a6346b-4d83-4591-8c85-0062e253ec51,2022-11-02,G,M
e9741703-2e02-4652-b3e0-e58f898687a9,2020-10-30,D,M
ec31ed6e-b652-485d-b44c-d3189f73752d,2025-09-23,M,P
ed00c010-7e56-41da-95f0-6a0bad297dee,2022-05-02,M,M
eef3b522-dc64-492f-aaa7-6f73923989b8,2023-12-29,N,N
f08aac0a-d3cd-46f9-a890-f8cb791e2e12,2024-03-30,O,O
f0d5adbd-41b3-490c-82c2-cccec3f58928,2022-03-05,M,O
f2d9ba30-6eb8-484c-b61e-b6070cc39eb0,2023-09-22,O,O
f2da2f1a-eadf-4b4f-ab77-8612528f0334,2021-12-11,M,M
f5a8cfee-a98c-427b-95a5-3996182de6dd,2022-11-02,G,G
f6e8a340-4b62-4032-ab0a-227a6e638e51,2022-09-22,B,F
fb9db35a-dd8f-4c45-97e0-a374d52e3e83,2022-04-18,B,B
fd2a4c2f-7421-4926-9b73-2e0093fa284a,2022-09-01,M,M
03a39805-82e1-4233-a606-5e3ce1485e62,2022-07-04,C,M
098c34e8-4b2a-4da0-baa0-3ed1c3c82d19,2022-07-04,M,M
0de255dc-0402-4003-bce6-4a5364a5c9c8,2022-04-04,M,M
0ef1b437-f4aa-4104-b5cf-94080ad8dc5b,2019-07-08,O,O
0fce5795-b7fb-4c92-b9bf-a98f051f5d57,2022-06-28,B,O
0fd39cd1-e4d8-4b16-83d9-92f3bcc3fb7e,2020-06-19,D,M
105fe769-dd90-4c43-a33b-f815017ee01b,2019-07-08,E,E
11cdf47d-0c4a-43c9-bda7-0c998b83cee4,2023-02-01,F,F
139bb270-c257-4033-8b01-494264f9f88d,2023-12-10,D,E
14e3f91f-c68b-4619-bdf9-4f527b7900be,2023-03-01,E,E
162a9a9f-d104-4704-825d-d820767ff926,2022-07-19,G,M
16b059f1-916e-4fa5-b171-c8f56bed2cab,2024-08-11,O,O
173bc43e-7d5f-45ca-9cf6-aa8fb3898c42,2022-06-26,M,M
17b8153a-bef5-46b6-bc65-24a2f5c9e6fc,2024-06-03,G,M
1830dd6b-a89c-4951-86c1-90564c71fec0,2022-04-29,C,C
18e3c7b2-9b75-4cc2-9add-45e27b5de830,2022-11-02,D,M
22051001-4c45-49b2-8ff0-ffbe6e00e16f,2022-10-17,D,D
22547607-3ac2-41cf-bfb3-79c05f9525a3,2021-11-29,E,F
23038e8e-92d9-48b9-8d0e-e02b2d99e501,2022-02-25,B,E
25eedf72-d62b-45c0-af68-8ef995dd1c07,2024-05-24,D,D
2a41b207-a7ae-4cae-bbb3-0b5fd30afd9d,2022-12-13,C,C
2b66444f-1b17-46c7-8ba6-f51f75479131,2019-07-08,E,E
2d836ed0-f2ac-4e51-bd2c-129621c1a564,2023-10-31,A,A
2e58284c-930d-4620-ad24-5a9416125254,2022-06-28,M,M
2e8355ae-41fa-47cd-b470-0941872372c0,2019-08-17,B,B
36454fe1-83fe-4875-a7ea-4cbfcf7c0038,2021-12-11,M,M
3e16d9c0-c0e3-47c3-9a99-7c351f484774,2019-07-08,O,O
3e76fd59-d6de-4987-85ff-704d7658f9e9,2017-12-18,C,C
411031e9-67d1-4822-8ae8-62c71b609a37,2023-04-01,G,G
448b4d27-4cae-4c4c-916d-fe112da6498f,2021-12-02,D,D
4ab4ceaa-c0a7-4f43-984c-5dd1ea38c3e2,2022-01-16,C,G
4bd5fe6d-ed7c-4714-a5b7-d520df65293f,2024-05-24,C,C
4dfcdf7e-1e0f-4f72-a483-94909218574c,2018-11-17,D,M
4e248024-3116-4090-8cb2-0d68a1113a1b,2020-07-17,C,D
50e08aaf-1ee5-4cac-967c-85579732f2cc,2021-11-28,G,M
55b1b4f6-b32c-4c97-a392-32351b3873d9,2023-11-15,C,C
587cba4d-8132-49c0-84ca-21e18cb46b5a,2022-07-03,E,M
5cfd70d9-d7ad-438d-8f45-0be3aae83c37,2022-12-29,D,D
620cb6b3-3b26-4e56-8d9d-494eedea723a,2020-08-17,M,M
62ffebdf-f474-4bde-868b-f7a2eeb7c6ca,2022-06-04,C,M
6443ab2f-33b0-445a-9736-ad9ee80575aa,2019-07-08,C,C
655f1fba-1944-4227-8667-c312b7fcb4a1,2022-07-21,D,M
66a3a9e0-3f77-4a78-8e00-925fcb335a49,2023-01-30,M,P
6704c699-cf94-451e-800d-f86553ccbca0,2021-11-29,E,F
68e1a794-0b8f-4cba-8e2f-53cf3e2bc565,2019-07-08,A,A
6a4003e3-ac7b-4cb3-a37f-b897da2df2cb,2023-10-18,C,M
6a631d40-6dc4-4584-b54c-57b2a800e376,2025-06-09,M,M
6ae62a28-048f-4836-9135-e5f9d49d8f3f,2024-12-23,A,D
6b643e45-e8d0-473c-9e68-a6a97da468f9,2018-03-30,E,E
6c60279d-ac6c-412b-b734-4f3667e1e933,2022-03-03,E,F
6f498c0c-96a7-4cd2-b49b-bce9a8c8f42e,2023-02-01,B,B
6f4d14e6-e8a0-40a6-b106-3b5acbef0bc3,2021-10-19,E,E
706d789a-8747-441b-9a2f-9c76fda78172,2022-12-13,D,E
73aadb8c-c659-4e4e-b9f9-526eeaced270,2022-07-14,M,M
74a0667c-3f9b-4464-8ffe-2f9775999b2f,2024-04-29,O,P
77a7a47d-2fa8-46c5-ab02-e9f4bb422cdf,2019-08-17,E,E
7875af57-5829-450b-980e-b3b9ac9766fe,2023-12-29,A,M
7a6c4761-3bfb-4134-bf4c-0f2b4963bc3d,2021-09-27,M,M
7ce0ebe6-c841-41ba-8f35-26e395cf8c68,2025-04-03,E,E
7edded92-4464-459c-a29e-6c3aff28ff47,2024-04-02,M,M
8132b766-8d6d-4177-9dbf-b0085e703ee6,2022-06-04,M,M
8309a6e4-a1dd-4ae3-8337-db12a6e83074,2022-03-04,M,M
86d374fc-bf5a-4921-8224-e11caddb58fa,2022-05-09,E,E
8814f315-b5d4-4441-bfa4-810eefc429a5,2022-03-01,F,M
88e4ca93-7d4d-4ae8-969b-5082055b1556,2024-09-02,B,D
8b0d5fbd-bc41-4775-8212-2112c62590c6,2023-07-20,B,B
8ea6f708-b9d3-45ea-a287-ac92a01f1c42,2022-08-01,D,D
9005aaef-cea6-48e9-9b07-7fdb0c5be444,2024-05-24,F,F
942033af-161d-46d3-aef8-96642146cc31,2022-07-14,M,M
948c91e6-9583-4ab4-bbef-6d227710cea3,2021-11-29,M,M
9ab9d83f-6a39-40b0-a613-3187cd1bdce4,2022-04-08,M,M
9b24527c-a017-4958-9d11-e2c5c9db521f,2021-12-02,E,O
9dc00187-4ead-4fd8-b8d9-44a92c3aaab7,2025-01-06,D,D
9f86e3ee-1a57-4ec3-9f61-893bbd17f90b,2021-11-29,M,M
a00c04cc-abf7-46b7-a7db-3a5757d52d49,2022-08-28,F,F
a9d4232c-6abf-4270-832c-6847a6d0d977,2022-10-14,C,C
b02516c6-0282-49a1-99fe-8d6d11f6f943,2024-06-30,F,F
b1cf4be8-fee1-4594-9723-dc90710cfbab,2023-01-24,G,M
b35409e5-d30c-4972-af1c-fd50e97148eb,2023-10-09,D,M
b5e112cb-0464-498b-afe0-3d59197654fe,2023-07-17,M,M
b7d50bdb-51a5-4df9-af8c-d3eb276d6651,2025-02-26,M,M
bb0f401a-01c8-4318-a1ad-97f14ab4bd31,2023-03-27,G,G
bda6a7a7-a552-4385-91f8-3fb965a507fb,2022-08-08,G,M
c28d5502-0937-46e5-ac63-4434188c9f3e,2019-07-08,F,F
c361a3b8-c834-4e25-a5a0-bb4acbcf9a37,2019-05-16,P,P
c5b24851-93cc-40bf-bc25-c6f437a7db78,2022-06-01,M,M
c968cbd1-0863-434a-aff2-ebf66b3d445e,2024-07-31,A,A
cd392962-aab4-4769-af98-3f447b6e8daf,2021-12-11,M,O
d05b2189-2123-47ee-87d0-a5c18aed5ccb,2023-08-01,E,M
db81f801-143e-4d79-b184-b82ca4034bdb,2022-06-20,F,M
e07a3a99-465f-4144-8cbd-c4cf4684eed3,2023-03-30,G,G
e153c003-4ee8-48b1-962a-98ecda6d65bc,2023-02-08,B,B
e5617e96-228f-44ee-b7ca-e76a428be19d,2022-11-25,B,E
e88c5325-3997-4ce2-8743-33930461c1a8,2024-05-03,D,D
ecf0a4b0-c0ce-4915-baab-4e586c88194a,2019-07-08,F,F
ef4cf1f2-e68c-4596-b79f-89781946c0ff,2024-10-05,F,P
f10d8590-6760-43b0-b553-7fead0b57c6c,2025-01-20,M,M
f182b0db-6aae-4120-9c7b-30b51144e472,2021-12-11,M,M
f45eb3eb-e3ce-40e7-8334-b2cc3db6d7de,2023-06-30,O,O
f461dc57-98a3-4119-9510-30c80c4819ca,2019-07-08,P,P
f53a036e-1bf6-4437-b793-5a45e804a18e,2019-08-26,D,M
fd06a2d1-1577-45a0-b809-f8a1356f6f1f,2023-03-05,C,D
c2cae66b-05e5-4715-be05-be7e168a483f,2024-05-23,,
01213c0c-fd20-4d88-9e80-b0af000f5f19,2020-01-23,D,D
09ed9b98-17fb-4900-b935-eb5a0798f31d,2023-02-01,G,M
0ca7b7c7-f0d2-42c5-aff9-15f8115abd1d,2021-12-02,B,M
10a4b4fd-160a-4bd0-8244-58e2e5c7570c,2019-07-19,D,D
130f636f-7529-4c3e-ae6b-dc1c748d7a5c,2022-09-09,F,F
13e7d174-ecfb-4849-aad7-4362cf81f8b9,2023-10-01,G,G
16a88269-356b-4b90-b2b1-99173aecd7b3,2024-04-28,D,M
172e8b0e-5e56-4ad0-ba2a-82c1e65467b3,2023-02-01,E,E
17c216cd-0420-403d-8cea-8742bb654250,2019-12-14,B,M
17cdf4a6-3a71-4af3-bed9-40f6ad8d69e3,2018-08-03,D,D
17ec1869-596f-4a6c-8423-97cc70f620c3,2023-06-01,M,M
1a69c207-7a84-4812-ac38-0b851412c2df,2024-04-07,C,M
1dc906b9-d5eb-4c54-8b4e-1567086f6a32,2022-04-01,M,M
206cdc06-5c70-41cc-8c9f-f16003dd710e,2024-05-03,P,P
23323d8a-b138-459b-81a3-f043e3e647e2,2023-11-23,G,P
253db7bf-f13c-4991-aef6-6e752586449f,2022-03-04,D,M
2cf040b2-5194-43e1-a2e6-15f052720c8e,2019-08-14,F,F
2f1c0b90-170f-40a8-b2d9-bf2fa70d646c,2022-06-04,M,M
35800f81-5426-4b2b-986e-3a73fdbba135,2022-08-19,D,F
35d33a08-2796-4dff-b292-54451f96fcad,2021-12-11,E,E
3e8dc616-1cc6-4569-8b17-84517edb9b2b,2019-07-08,M,M
3f70f5f6-1bd6-45cd-baa5-78ea6c968694,2023-02-01,M,M
42d2b389-62bd-453d-afad-d22fca42d3ae,2023-02-01,G,G
462eee84-4abe-4b9a-bfd2-c9e10a1ad963,2022-12-28,M,M
4a528744-f1cd-419e-8d7a-592fb0fd54e1,2018-07-03,M,M
4b6f069c-bbd8-46a4-b738-a61dd37d281f,2024-01-09,M,M
4d044827-e2bd-476c-92b0-0a2b63698bdb,2023-10-03,P,P
4e66e465-4dd6-4d03-8965-3a84a45d8790,2023-03-18,G,G
541369a4-c1a9-40e3-ac42-d939e3122d0a,2023-06-29,D,D
5791b7b3-cf65-4003-b4d9-d9f9245658b6,2024-05-24,M,M
58299942-95b4-4377-ab5d-5b151a459ae0,2022-12-28,C,M
59cec729-ffa5-4d95-9a81-3d18481ad0a5,2023-09-02,M,M
5dab3359-582d-4a91-a3cd-7e622665556b,2020-08-20,B,O
5fdc39c1-54a9-4a26-8265-b01a5a73f1ea,2023-03-03,C,M
627f165d-5187-4797-b7ee-b2de51205471,2022-12-28,C,M
6288114a-036c-4f25-93b1-ed703271f0f6,2024-05-24,M,M
6ceb34df-7d7b-41f4-a731-4e3825a66181,2024-01-09,O,O
70ac0581-c14e-4b39-86a9-399707defc33,2019-10-14,C,C
73306add-9a10-4a7f-932c-e740f2704763,2021-12-11,F,F
7492943c-7800-41ee-b5c2-1a25e83173f7,2025-02-05,B,M
750e0e3b-aa0a-407e-9fdd-4e0217f01261,2022-07-18,M,M
7568a825-61be-4b6f-8984-9b88b54b248e,2025-02-26,C,C
75a8a9cf-61ee-4deb-bb44-97c0fe3cb3d0,2023-12-22,P,P
77b5fd80-526a-4a34-8742-d4013a14beb9,2021-02-02,D,O
7a9b3382-53ec-49b5-9bbb-547580b8919d,2024-06-28,B,E
7baebfb5-bad9-4939-a99f-573186a4a1ee,2022-04-04,D,M
7baec7b1-be09-45dd-bf8d-73f62acd2a65,2024-01-31,F,M
7cf59ae4-874f-4f84-be2a-433fe2698a31,2025-04-27,D,D
8019a608-97c1-46f3-b251-26845164234f,2023-12-29,M,M
81b1aea1-f8b8-49f0-8481-625fa912c19c,2022-03-07,M,M
87ab5898-5e11-4d9b-9ab2-18e6d399c234,2023-07-28,G,M
87adce0a-e37d-47ac-8ed4-ed27ba85581c,2022-11-28,M,M
894988aa-8936-45bc-8c8d-7de5abc31c6a,2023-12-20,C,M
8a360b01-fcd7-4e2e-a5cc-3fd8cc150b03,2022-12-24,M,M
8c376f5b-e444-40c8-a744-568628034109,2024-10-31,E,E
8c94bc57-8db8-419b-a1fc-0b22e3ec7ab9,2019-04-22,A,C
90f4ee6a-b7f6-4602-a41e-afda35a13be6,2022-03-05,G,G
975e91a8-b431-411e-9dbf-575e8b6a73cd,2022-12-28,M,M
9775bb23-dd59-4b51-beb6-e276b8e5d0b7,2024-06-18,M,M
9b18c532-b62d-407f-a884-ba4951095e67,2019-07-08,B,B
9bc88ca1-a66f-4581-bd23-5ebb3ecf6d04,2024-09-30,G,M
9c723078-f3d3-40de-b807-c493177fe511,2024-07-22,B,P
9d70058e-73e3-4988-9982-4d85fc33e9c7,2022-01-18,E,E
a6605584-e13b-41b6-9bdd-5b24603f53f4,2022-11-01,D,D
a8cee784-7111-4d43-ae5b-e05b8bb85598,2023-05-02,C,M
ae886899-e535-4acc-9be3-a368245ba3b0,2024-02-01,C,G
af065dab-1197-49f5-b764-d2ab493e86ec,2022-03-22,A,A
b158e8f6-104b-4ce3-adfe-0edd16a3f445,2022-07-09,G,G
b39959d7-f60e-4220-881d-7f368f61d9a6,2024-05-24,B,B
b49e1b50-646c-4ccd-af69-b467a0449657,2024-01-21,E,E
b6375643-f331-4765-aa8b-71488458981a,2023-12-30,M,M
b7327bad-0cdf-48a1-9f77-9e356dabd8e5,2019-03-10,F,M
b963768b-cb96-420f-b002-c299de0cf71e,2023-05-24,D,P
bfddd67e-4b04-49a9-9e73-f502aea928c4,2024-05-04,F,F
c808a9ad-ffce-41a4-b915-32037cf0dbef,2022-04-07,M,P
c9f80c06-a84f-4b04-a832-d11a143a36f0,2022-09-29,M,M
cc3dacd3-0c8c-4a7d-a58e-f32d241f2b6e,2024-03-03,M,M
cd0a3ba9-f88d-49b4-9d32-8454249b2cab,2018-07-27,D,D
cdc825b6-22aa-492d-9abf-34ff6d9d2c54,2023-02-01,E,E
cfb95f2d-ee18-4e44-83e4-b20d83fd8b4f,2022-10-19,F,M
d03d8294-0629-4651-b1b2-0649a4c22652,2024-09-21,P,P
d6404f71-a284-4aa6-bf39-c9055fd89ee5,2024-05-24,D,M
d8a96d11-7e67-4a42-8b2a-be0ec9196528,2024-01-15,F,G
d9507159-cdac-4bec-ab4b-3f7f6e618053,2022-01-05,M,M
db5e4807-8293-4279-90aa-a60450abc36a,2023-07-16,B,M
dbc811ec-375b-4acc-9cd3-f24a1e0404f0,2023-12-29,F,F
dc882bf5-6e81-448c-854a-bb8b586fc7ab,2023-12-20,F,F
df03910b-9380-41de-a5db-e20a2182ccfc,2023-09-11,B,F
e24a52a8-a11b-410d-b49c-028f67b2d336,2024-07-31,C,C
e6f0948c-77ad-47d2-b0a7-af6bc571ddcf,2023-12-24,M,M
ea6fdc05-a19f-4005-9aca-e705af11d30e,2023-05-29,C,M
eb3ca60d-83bb-4dcc-aa63-c45f81313d1c,2023-12-29,C,D
eba0e632-e797-43aa-b46a-c42d2902b715,2022-12-15,M,M
ebd27f40-522e-4612-8e17-aeac8c05f6f8,2024-02-29,M,M
ec8519f9-c280-4fc1-9487-bdf9bbfa3c27,2024-06-01,M,M
ecab5ab6-55aa-413d-80d1-5a94e1fe6535,2020-08-24,F,M
ee3bf7e6-68db-4b97-9db0-a1170510289a,2023-05-12,C,F
f7dd7f94-a66a-4fd4-a65d-0e717176af62,2022-07-09,C,M
f918863e-8855-40bf-b280-2873e87629a9,2025-06-22,M,M
fc7ffb31-bd07-4e42-afc3-448e23bb8646,2024-01-09,M,M
fcd44a6f-686c-49ad-bd1d-fc8c6dd9c228,2022-09-15,M,M
fdd4f6f9-8598-456f-9a17-52411c674d69,2023-05-29,C,O
ff9f02f8-bbad-44ed-b076-aa4a36923224,2018-01-03,C,C
ffafb993-d091-48de-8a01-ae6dd92a35dd,2023-08-03,F,M
006b7460-2511-4a13-8dbb-a80a7508b40f,2020-10-03,C,F
107439ec-c3bc-445e-8fad-4aac0504a306,2023-04-26,D,M
117401fd-43eb-4986-bc66-0c29cae30795,2019-07-08,E,E
13b22817-edaa-4dc6-b551-e2169282f344,2024-08-15,C,P
15004b58-ccc4-4634-a2f3-aca430848256,2022-11-06,B,E
16dab45a-6bef-467a-beea-e256f6ec503b,2022-06-13,B,O
1bcb0081-d383-458f-a9c1-d691852db838,2024-08-06,P,P
1d65e6d0-f05a-440c-bbec-2fd206954786,2022-03-04,B,B
1f4746be-6c56-45f2-9f67-6aaa933f0f5c,2016-12-30,G,G
1febdede-7860-4d15-b44b-6920703af231,2021-11-05,M,P
2032793a-a627-4c1b-b099-2807326fcd97,2024-05-23,M,P
219c5e9c-d515-40e1-9e6c-5bcacddf6d91,2022-12-28,M,M
21cd2615-2ab7-4081-8c7e-92d26eed820c,2023-02-28,F,F
24a3a039-c696-45ef-bb79-0cd39e2d9bc7,2025-05-29,G,G
25e2d31f-59d5-48e5-930d-68cea224f556,2021-12-11,M,M
269d5918-0fb2-4fcc-b48b-9ee89faa2bd6,2022-06-04,E,E
26b11fd8-b708-4fd1-9c6a-7798e36e42f2,2019-07-08,F,F
276133f1-9df4-477c-afad-b2ffe0564776,2024-11-09,G,P
281ca716-f276-4ac1-87ac-ce4d2b0b9e7b,2022-09-24,F,F
2e4c38e9-eff4-4095-9952-a826001a0250,2022-09-04,M,M
32ea0eec-5696-442b-bdd0-4457aaaecc95,2022-12-08,G,M
336a736d-8fb6-45bd-ae39-111ea3b589f9,2022-05-29,M,M
33e3d0c8-c0eb-403c-8944-c01e260cc921,2023-01-15,M,M
34cca5b6-4247-4c9f-8edf-b4db8fb65cb4,2024-05-23,G,G
37e4026a-88dc-4069-9d5f-cbdd60424225,2021-06-15,M,M
3ae7e572-0ac0-458f-a623-7ebf59af80b3,2022-03-05,F,G
3ba1315f-7609-4903-a17b-ec582eb38ce1,2021-12-11,B,M
3d63545f-809a-4046-a5fc-75c91ece4345,2022-03-05,M,M
3e06d995-a9ce-4ea3-81e9-b7fe905abeac,2022-02-17,M,M
3e3e0674-a229-4144-bb4e-a21bc1d782fb,2023-09-11,E,P
413434aa-b152-475d-83ea-a7288517a43d,2022-01-30,E,M
44fc39ec-ec9a-447f-b4b6-d7e8b582b231,2023-10-31,F,F
4525295c-ea2e-48bf-90a5-85ffcdd9201b,2021-10-27,M,M
455017f0-e5f8-4f6c-9504-fe3b71ded0fc,2023-11-29,M,M
46e8b558-13da-412d-ae93-2fb00b7661df,2024-03-10,E,E
47e1b6eb-f7e3-43c6-b1a2-d52e94185d2d,2019-07-08,E,E
4a039601-65b0-4948-86d8-f9fa9c3c4419,2022-06-11,M,M
4ae6ffdd-ea20-4d0a-933e-5eaf47b626ab,2023-08-29,G,G
4aecb3f3-5b3c-4279-96f7-26f97104cabf,2024-03-11,D,P
4b5ee7d3-4062-46e3-952c-bca8f5dd4682,2022-12-14,M,M
4dc88943-28e4-4ca5-9f18-fecf61008753,2022-03-03,C,C
4e0d9c68-533c-400c-9bc1-d641a109453a,2024-05-03,C,C
4e7e58e2-9d00-426d-9638-0effa98a27e2,2024-04-18,M,P
4f13e07a-82a2-4f68-9d16-55a4d149065d,2019-07-08,F,F
4f700603-e3a8-40fd-ad6e-d32d5908652c,2022-06-14,G,O
4f77145b-8074-40f9-91b7-f353999fd054,2024-07-31,C,D
5238ca6c-5b93-4358-b8ef-8cf4d299c736,2024-07-16,C,F
53e91d0a-e3ef-481b-aafd-b8e76ea95e46,2022-06-04,D,D
55fe7d29-d607-41b9-8687-a586719b5291,2024-03-30,G,M
560b34af-79fc-414e-bcf3-4a346b5ff7f4,2022-11-28,F,G
5909cfc2-0155-4d34-95be-3fcb0a886eaf,2023-04-25,D,P
59d57107-2709-43ef-a771-9cae4c6fd779,2022-07-06,M,M
59e2dd44-7fc5-4a2e-8c0d-51b9dea09a32,2022-10-09,C,O
5a06ef36-b7e4-4202-b38f-c92a7aa5c815,2023-02-01,D,D
5ce08bdf-5e6e-45f0-a914-44ee28bb8bec,2024-10-07,B,D
5e6ead9f-1878-48c3-b40e-6aa41af5a389,2020-12-14,C,C
605cad55-7892-40e8-b57d-80b7f3df81ae,2022-06-04,E,E
6250167a-0c93-433d-87a2-6ae9ae984d7d,2019-09-23,B,F
6a10575b-e5e2-41c1-9f06-dc4772cc84ca,2021-12-08,M,M
6c7054c8-92ce-42be-ab30-5516fff1a75c,2022-12-01,M,M
70e72573-18fc-4d3a-85e1-9eca523596bc,2022-02-11,M,M
77368c4c-13a5-46ee-b80b-3fd4315620fa,2022-12-02,C,F
785376e6-725d-458d-ae55-5ede8f9257a0,2023-10-13,C,C
7aea8bea-d14e-4729-8463-09bb1cfeaf22,2022-04-01,E,E
7cc2a538-b031-44bc-9701-ba243467fe3e,2022-06-04,E,E
869764e9-5ad3-4684-bd07-e6c28836a896,2023-09-28,B,M
880537b5-d75b-440b-9677-c22d6653879d,2023-02-26,D,D
885d5ba9-ca35-44dd-a9f5-02a02005beb9,2022-08-05,E,E
8860b976-deb3-4979-927f-932fca987db3,2022-02-27,D,D
8fbc9f91-84bb-4ee9-a44b-ee74efcb5711,2023-01-23,F,F
8fc9b0b1-aa3a-415f-b3f4-416f5b7f35b0,2022-06-30,M,M
8fd37668-b973-442b-93e4-422e52ba7510,2024-03-11,B,C
927490c2-98b9-43bf-8fb7-47c9bf45cfed,2022-05-01,G,G
98dca465-7289-4387-a8a2-504837f10475,2022-08-19,D,D
9ca67837-25ad-45d9-b319-ae418a432c9f,2023-10-17,F,F
9cab0ef9-68a0-4cb7-b782-d62536760e1d,2023-10-07,O,O
a2912dec-52b6-4ae3-8d6a-6004f2226747,2019-07-08,C,G
a3fbaae4-202f-48cf-b8ab-7fac2fd29521,2021-12-11,M,M
a6548ecd-ed70-431c-aadd-8b71101e0aea,2024-03-17,G,M
a82bb26f-b792-4de4-acad-0446a5befede,2022-05-22,G,M
a95b6fe2-4a86-49ba-99a7-7ae4b420c73e,2022-04-04,D,D
ab03edac-5964-4876-83cf-250a889d1eee,2023-05-29,D,M
abd4c007-ae43-48d1-94e8-278ded731d76,2023-11-25,D,M
afaf416f-b093-4ac8-9762-c045e786f1a7,2024-09-30,E,E
b3cd7098-f91d-45bf-8329-5e7aec0a3043,2025-03-11,E,E
b4080529-f169-4f5c-ae1c-e05cfa4c50ff,2023-12-22,C,D
b68749ab-7111-459c-bd1a-81f1c621bd5b,2024-06-30,M,O
bb04ee97-f591-4eed-bf39-28c93edda777,2023-04-09,B,M
bc312f92-b070-42e3-8b8c-9c13f40117f1,2021-02-26,E,E
bda08959-e21d-49fd-8e49-f304c078578b,2021-11-30,M,M
c1ef15ee-7897-4694-a128-75ba8ff5dce9,2023-08-13,M,M
c304ef91-6b68-447c-b110-374a31e228ce,2022-04-01,F,M
c5699e94-76fb-4a52-a220-ee5a2f3f661d,2022-05-25,F,F
c5d25420-1a58-468f-bfde-75c40c2d9d10,2023-09-17,G,M
c71ce672-e4c0-413c-93e9-3bfcb5b08512,2022-03-09,C,D
c943eaf4-335e-4351-adab-ed44adf35162,2024-04-14,B,M
cdc614b4-cd65-456c-8af4-a270d3b1bab7,2022-12-28,M,M
cfba06eb-cd4a-453e-95ce-037b1adaae87,2023-02-01,E,E
cfe42bb5-6b8c-4548-85c0-397768b8cffe,2024-03-07,O,O
d03d0dee-788f-4ee1-9952-93458c5c45e2,2020-09-03,C,O
d52e3801-af62-4fe6-8c18-c0fdc0cbb21c,2024-05-24,E,E
da0752bc-eba7-4b66-ae55-7b8650af4e3e,2022-12-31,G,M
dd4c23a0-1df7-4f12-9822-46acb4e1a392,2022-12-22,M,M
de0efb63-dceb-40bc-903a-40496efff35a,2024-09-23,C,C
e11210e4-d2d1-4aaf-9b90-beb51a06e6b2,2023-09-11,C,C
e24f5cba-5dbc-477e-926b-007b7e7b3bb3,2024-02-20,O,O
e3605f96-5283-4137-a955-0089af15c309,2021-11-09,C,C
e5d35ca8-19ef-4a24-9e98-b72daf906cb6,2022-09-25,M,M
e6312bca-5c51-4673-ae2e-ec4f5bb634db,2022-11-20,G,M
e68d3a92-120e-435f-8be3-0cd5bc200fd3,2022-04-22,G,G
e7a15a2a-7966-4ed6-ad4f-21bcb5cef8fe,2021-12-02,M,M
e933fd40-cdb7-4d12-85e9-50db2031c3f2,2018-01-01,E,E
ebf96cbf-7986-4817-aa14-e478b107b093,2023-02-01,M,M
ed334511-f1bd-4b35-8e71-9238074ffac8,2024-02-21,E,M
edc6e123-d573-4e9b-9f66-08736ce21a98,2022-08-28,M,M
f14a948a-045b-4ca9-987c-743d9fdfafcd,2022-06-04,F,M
f1a3c955-02ad-4722-99d7-dc7ffd9af7b1,2021-02-24,M,M
f2023642-2e74-4d87-b6ef-90476d8b1f6e,2021-12-12,G,G
f211de33-e1b2-4363-9ec6-c78a6df22d38,2022-10-28,E,M
fba2f8c1-2d1e-4492-bdf5-44f79a6449ad,2024-05-24,F,F
fe07e8a5-50fd-4f7a-b2b3-03b01362387c,2023-05-15,D,M
01b502d4-6eac-4b54-8132-9b47d703c66c,2022-04-24,F,M
02d282c3-3d1c-4341-b220-d88f458c1987,2021-12-02,F,M
06763ff6-26fb-4335-b6e9-c221625f84b9,2024-07-31,D,M
096e27b5-8ece-4f01-8f10-f0c84c9c44db,2022-07-18,C,M
0da071b5-c9a6-4103-addc-1e8d6ad2f236,2018-09-10,C,C
0dff90e2-b379-4ada-b860-c08c7e5b3cec,2025-06-26,C,C
0e191238-f544-4409-ac82-1959da34d7ef,2023-05-29,D,D
0f116de0-fd69-43dd-96ae-2b7fb62296b9,2022-06-01,G,G
17d7a844-fa51-4911-b038-91dc10096992,2021-12-13,F,F
18039e2c-f329-41f7-bdaa-effac0014abf,2022-06-12,M,M
1d680dec-fe46-486a-a9c5-c5a9a2874625,2021-03-31,M,M
1e851b8d-0d0f-4ff7-b9c3-41f99e78ce2f,2022-08-31,G,G
21373119-1331-46e2-a799-dd5ae6f67d8e,2025-04-30,E,E
239027ac-b8a8-47a3-a8f3-5eab364cfb5d,2021-09-20,E,E
2731af7e-e646-4c17-94b0-55b0f855eafd,2024-05-24,M,M
288e3ab2-febe-42a7-a5d8-a1b433ed7d53,2024-10-28,F,G
2ea94c1a-39bc-4dac-9257-a0d140d2a5a8,2021-01-29,C,M
2ec6544e-9c4a-494d-866c-89bb959f114e,2023-08-15,B,P
30fd2aa5-c200-4e53-af75-283d3a56c588,2024-03-26,M,M
321f417c-f330-4df3-9988-91fc83866590,2022-09-27,D,F
33a6aac8-d084-4f3b-8fb5-a47d43c250eb,2020-03-11,E,E
34be0772-1478-447e-ba38-4c3db89dfc97,2025-03-25,M,M
34eb7367-a447-4d43-be29-45cc091c79bf,2023-03-01,D,F
3bfe8972-84bb-4dc9-afb7-e04ac0d88bab,2023-03-20,E,E
412d1011-6b11-48fa-abd4-5025ed4da28a,2024-06-28,G,G
468e9764-1301-4025-8641-e9b515327e15,2017-12-25,C,C
47d6b5d1-b00c-4ba3-8f02-6d562c3a7ed0,2023-01-01,C,C
49f015b5-eaed-4743-8497-0446bcf5f10d,2023-11-20,D,M
4ac7f582-9a08-4def-bae9-202a144048fc,2022-06-01,M,M
4d366cf5-1bd6-4a22-bda9-2755a0e0ba4e,2022-08-12,E,E
4dbc8dc4-c929-4958-9797-387570cd60a2,2018-07-19,F,F
502e553f-3b87-46cc-8b8b-cbcd62afaad5,2022-01-14,E,E
504025c6-4347-4bb4-bc11-3a1193527d0b,2024-03-30,E,G
51e6d616-0e25-4166-b576-7a4e9412c790,2022-11-22,E,E
5a1d21a3-2e11-49a4-9669-06480d87c91d,2024-05-03,M,M
5f98a25e-9c74-4d81-bc82-ebe246c0f299,2023-04-13,F,F
62d2cb24-1541-4c19-9442-88f40747b070,2023-10-21,C,C
63284a3b-f603-4a73-823e-dfc6c13e38d9,2022-03-03,M,M
6d2dd241-016d-4bc2-ba3c-7c972b46c91e,2021-04-02,E,E
6fbf6f13-411f-48ba-9680-541955eca446,2019-10-14,M,M
70da962e-0c6f-48d8-b692-e8938f618fe0,2022-04-12,B,B
7267adcc-bd96-4ba3-9bd7-9d7d5ba4a698,2024-07-17,E,M
76795b91-5e77-406d-8442-4a60fdfbd291,2024-07-31,P,P
77d651f4-1142-4d5a-afb7-f32dbab99e72,2020-05-11,B,C
781c0fc4-468e-4d00-9298-9d59c2f3fd37,2024-09-16,E,E
794d4058-2fd5-4817-b146-f89ff1c7878c,2019-09-14,A,A
7a6d2d5c-abd8-48f3-9e05-600d2d60c2e6,2023-05-29,E,E
7cc74f9f-db04-4558-8cbd-b89a67408b51,2022-08-01,C,C
7f051014-8d67-4754-8c9b-b469b6ad7aee,2021-12-02,C,E
8715a550-9f2b-48ff-84b1-b7327efae9ec,2019-07-22,D,D
877ea4e3-c793-460a-abf3-c6c4f09b11cb,2022-11-02,D,F
88309c31-36b5-4195-b4cf-be5d0ccc7604,2024-10-25,D,P
8990492c-89a9-4127-b397-29e8d476e123,2022-09-27,F,M
89b3fec2-3e50-4c06-b6eb-84a7f1daf851,2024-05-17,M,M
8a422750-5b1e-4260-97df-e4ce1339a702,2022-09-27,O,O
8b79cb3c-5ebb-4a98-a42b-5fbf665c6400,2023-12-18,G,M
8e4cbfbe-e8e2-4612-9e8f-2bd4a0b018a0,2025-02-21,E,M
9091e3f0-14d9-45ad-b8c4-938610506a9d,2024-06-10,M,P
921a7983-39bc-49b2-ad9a-76a49ecd672e,2018-09-24,D,M
92ba7898-2051-441a-8855-9a15dad6128f,2024-05-24,M,M
95edd019-9186-4aa8-a1b1-9b3e5d142c93,2023-06-07,C,M
96a75294-9a91-4630-bcbc-6fae4dbb7298,2022-05-22,M,M
96c34fcb-b9b8-4380-b3ae-0818e3260a5c,2022-03-03,D,M
9c88f33f-7ada-4ce3-b01a-cde28eb5050b,2021-11-29,C,M
9e9603ab-872c-4938-a363-f24ac4788edb,2022-12-28,C,C
a1b5482b-883f-4a8b-845c-2fdd986e7ea6,2019-08-05,C,C
a2d07a98-9b94-4d19-bb29-88def1e9c7f0,2024-08-24,O,O
aa89b22a-0bc8-4a4a-be31-a64280d647a3,2023-07-27,C,C
adc844d3-6fab-4421-9478-341994f8688e,2020-11-16,F,M
b92b021e-b1aa-4961-aa7e-ee861a2404f2,2022-12-28,E,F
bfcbf174-b1a2-4e16-9270-8721016e7053,2024-03-27,E,F
c1351bb1-e222-4f28-847f-bac4fbeaef23,2024-05-24,M,M
c45afa16-1fba-4793-b8fb-7f84a8714081,2023-03-30,O,O
c501ab68-cd4f-4475-b720-f083974e0326,2024-08-06,C,M
c834aa91-fd38-4692-93e6-c655279d2843,2023-08-31,M,M
c9222527-d49d-4938-bb81-d3a0c7fb7200,2023-02-01,F,F
c954b58b-69e9-4143-97d0-e0ea9b2a44c9,2022-05-15,C,C
cc5d3476-4dec-4f34-a5c2-98ab772b0562,2022-09-20,E,M
ccb73b39-44e0-4739-b6ba-0e875ef6f2c3,2022-05-17,M,M
cdbdc068-320b-470f-a2f4-bc048ff9d8a2,2022-01-17,C,C
cfca5467-87d1-4d86-8292-da1e50e8b857,2022-06-27,B,B
d1ffeb5b-a9f3-411a-ab10-3a8226388b2f,2023-04-06,M,M
d235904c-4878-43d5-9daa-4995c4543f5b,2024-02-26,O,P
d2530478-8285-4943-b8a0-a0ab7588dc37,2021-12-02,C,C
d30622ef-60a1-4780-90dd-747045b137b6,2023-10-31,A,B
d94bdee6-722d-442a-92da-044239069006,2023-06-28,C,C
dd5dc533-6713-43af-955e-2d4bac4a98fa,2022-12-29,M,M
dd9ff3bf-d840-43d0-a281-d062a69b9d43,2017-09-06,F,F
de3dea30-ab8e-4179-9498-d1509150fd60,2024-02-09,F,M
defa75fe-1b52-4205-9bc7-a6c0519c4033,2021-12-24,B,O
e38cb574-cae6-4c4e-9246-89980a8063a3,2022-07-06,M,M
e6b0f32a-3ac9-4e8c-89d3-594be3bed1c5,2022-02-10,M,M
e6f11b43-f6e7-4d44-aade-95f99dabcca4,2023-01-23,C,G
ea1a93d5-5007-45f4-bb2b-c1279e8149cf,2022-12-03,F,M
ed6a8918-41b2-46a8-8d8c-5934fccda477,2024-04-08,F,N
eea73879-d067-44ee-9473-98392003ae64,2021-07-12,E,M
ef68bc3a-3788-4403-a19e-782abe16dda8,2018-02-14,F,F
f41c2bd1-b5b4-48bc-980b-6ef403d45397,2022-03-01,G,M
f745a4b7-8079-4d69-b684-66eaf092a66c,2024-01-02,C,C
f9cb5e46-1713-4f2b-a833-c19e940280d8,2025-02-13,M,P
fe7d0faf-abfd-4406-bce3-fdcd0d188dcc,2023-05-08,D,D
21ca9696-ad1e-422b-9417-0e305c56fcaa,2024-05-24,,
00b6f79c-ba2f-4413-ac3d-89b23672e745,2022-03-16,C,C
02c3b03d-531c-44e0-9384-01eb7352969d,2023-03-30,F,O
036103f2-6e55-4e47-8918-46d43c0fd6fd,2023-05-29,E,E
040c8abd-e1dd-459b-9a29-435e456e166d,2022-11-16,M,M
04417bdc-a568-4d7c-ac4c-e724ac126a69,2024-01-15,G,G
045fae35-32ee-4f5c-97df-ef0b7cbb7be4,2021-03-31,C,M
0623a4c5-5c9b-49f4-b910-218f62ebf619,2023-08-16,F,F
06539129-ad3e-4e8f-8d48-23f1ed4e5eae,2023-06-13,F,M
10b089fe-9f49-478e-b07a-259bf7c67a7e,2022-12-28,E,M
118a02a8-34fa-4a9e-93cb-15213cffc406,2020-08-30,F,M
1563e280-85c8-4c9d-b2cf-5d4b6139d914,2021-11-24,M,M
1664fe64-4579-4ee5-95ac-72746162f46d,2023-02-28,C,M
1d57581b-9d9e-411a-b9d4-cf6f127ba8b2,2021-05-21,M,O
1d856a61-4739-4742-9128-4355934a94e0,2022-08-09,E,E
1db4326d-0ec5-42d3-8a92-033aa41ae2ea,2018-08-15,D,D
1e415dc5-874b-4ec8-b877-3d704add11af,2022-09-27,P,P
1ffc57f8-89d6-4101-acbf-fd3a4eddb886,2025-01-26,G,P
244cff36-6091-4cfc-b07f-f6518a66b848,2024-02-02,F,F
24ebe826-516d-4988-8a80-f2d706aafadb,2022-02-17,B,B
298b2d24-1bb4-44c2-a916-41d7ab3b857b,2017-10-18,G,G
2d002187-5601-4320-af5c-c91f5625a9b8,2024-10-14,C,M
2e06996f-4861-4cd1-9200-128b240e6228,2024-01-31,M,M
2f380255-e229-4a09-925c-190c8305ab6b,2022-07-22,M,M
30282232-3ec6-43ea-a5b4-f50d632245c9,2022-10-30,M,M
30c35861-1924-4e22-8a89-420d2d510248,2022-11-13,G,G
33d44b4a-86c2-47ca-bbf5-2c9558e3f6be,2024-05-03,B,E
3518346d-fd0f-4130-8b54-045ba3a9152f,2023-09-19,P,P
35707e14-7263-4d0d-a42d-e3b7aa9268f5,2022-09-27,C,D
36173031-7dc5-44fe-875e-618369bffdba,2022-06-04,C,M
39ce619e-7824-47ba-beed-77743c091d1e,2024-03-30,C,M
3ad794f4-dbcb-43de-8961-59183108e27d,2023-08-23,M,M
3b9411de-68f5-4ff1-868e-f9f669c1ea42,2021-12-02,D,O
3ba172fe-09be-4c88-8dd3-3682a5c2bb42,2024-07-29,B,D
3e74d2da-d814-4e4c-8e86-5a600ceff419,2022-06-04,E,M
416ea92d-c1e0-471e-95fa-3711b6a1dd76,2022-07-15,G,M
41e90211-8bfb-4af4-8c67-7866f58dabe7,2023-08-02,B,O
4bafc982-bc77-4a7e-b161-0502bf27bba8,2021-09-13,E,E
4c2db53c-fa0e-4c63-a6a0-925cc457199a,2020-11-23,D,F
4db3e662-f528-4058-ace0-a4b2b9535cfa,2023-05-29,E,E
509a3d2f-d7ed-4ef3-b762-2ed94407244c,2019-07-08,M,M
515a3963-9a0b-450f-9ca0-739665230103,2024-02-05,E,E
51cf87dc-c1bd-4d21-ad2e-d1cdd077a3e1,2024-10-02,M,M
5289f618-9d33-491b-bdad-6e3013480f54,2021-12-02,E,M
53a0f892-9322-418c-951c-d31f1e1e0e21,2023-04-17,A,P
5d922e45-85d9-40bb-806c-9afe016e8859,2021-12-02,M,M
5f90d91a-80e3-4414-bb68-c8fd8fe563ca,2023-05-13,M,M
600e3756-ffaf-42a7-8c31-fb5749586e08,2023-06-29,G,M
61138a1e-9b6f-463b-aa49-57e894b6b267,2022-06-19,M,M
627c53cf-f2a5-4dc1-bceb-3f5a214db0ba,2023-02-20,D,M
6601d878-b9b8-4efd-9142-a2a9bfd0b941,2019-07-17,G,G
6794cfc9-7feb-4749-bbe1-44e9959b3ac9,2022-08-06,D,M
6a9480c6-89e7-467a-adcc-bb728cfb5020,2024-06-28,M,P
6c66c335-53c9-4c88-8f8a-7bc5742b9a89,2022-09-27,M,M
6deb658e-2827-4ae8-a449-eebf3f4d2466,2024-06-28,P,P
6e520dba-575c-4fa6-bae7-07992021a604,2022-03-16,M,M
6eaafbf5-5529-4b06-931c-c7b50e2f47fe,2020-05-23,D,M
733be185-b033-4a27-9f68-6179af66e4d5,2024-04-10,G,M
76bd3962-3322-4caf-9de3-8cd91811df9c,2021-12-02,E,M
7c7011ba-ea93-4f56-aff8-c525578f62ff,2022-12-26,D,M
7ce920c5-ef32-4bc2-a804-8630457a2619,2022-07-03,M,M
84057722-44c9-46e9-802f-0768ddbb26a7,2024-07-31,A,G
848e0645-8e5b-4dd2-9d23-fd1a99062fc7,2021-12-11,B,F
8a5f4497-fed6-4990-8bcc-709503444f5a,2021-05-30,D,D
8bf847c0-de5f-4e40-9e53-fb2ff25a26f8,2022-11-04,G,M
93b1e803-4392-4c5c-8875-7711e749e52c,2024-05-03,M,M
9599c944-5dd9-41db-9583-58898d551ea7,2022-03-18,F,M
95b2c826-74f1-4d69-b258-b47caa5e0c9d,2022-10-08,E,E
971bf957-c888-454a-bfc5-282a8e8d0c04,2023-05-25,E,M
98446244-ef7f-4f79-8e89-e738689a9e6f,2022-08-24,F,F
9a761eed-e267-43d8-93ee-4be72b576b13,2023-06-16,M,M
9d7e2fa3-69cd-4079-b392-fe7f40a046f9,2023-08-01,B,B
a217190f-ac56-4905-96d8-cf028b8f5b9a,2022-03-05,D,M
a3224814-0aca-4016-a7dc-6cd3e3e50b77,2022-01-20,M,M
a4bc1992-3a08-4897-8322-b71e62154459,2023-08-01,C,C
a698bccf-083c-4aa6-aec3-649d576d491a,2022-04-30,E,M
a87df893-0128-4681-973a-84dcd2b3b20e,2021-09-04,M,M
a8881355-65aa-48d1-b801-5bc8a719fe89,2023-01-20,G,O
aa0e534f-a1d0-4f85-bb07-3adf13347cd4,2022-05-08,G,M
ac61e895-c564-432b-a337-315f265d5c02,2022-09-30,M,P
ac8694c8-1059-49f1-9edb-53e5dc8233f7,2022-07-20,B,B
ad0568da-d826-4d15-882d-dfaf3de42cc9,2024-01-09,C,C
ad174d42-eadb-4f8d-bb70-92aa4e73f013,2022-08-01,M,O
ad279199-bac7-45bb-a662-e291e4093e3e,2022-06-12,M,M
adc6060d-8517-4a2c-9766-873517b514a2,2024-07-31,B,E
ae275b47-b5b3-4629-b1ef-f0f14ab1396b,2023-12-09,M,M
af754807-3c62-4ce7-9d0b-2aa51fc165fc,2024-06-13,M,M
b37d266f-887b-4682-b003-e9b8a2268d6d,2022-07-12,F,F
b394c2b5-1b44-4916-9023-78a7e1ec4c28,2024-06-17,B,B
b89ac125-cff1-4651-af0e-5c2f7b6e91f8,2023-09-28,C,D
ba299d83-9a4d-4e9f-bec8-9f0595f27a3e,2016-12-05,D,D
bb125573-801b-421c-a783-c3f43ffc6225,2019-07-08,M,M
bd24569a-4639-4e08-a316-ad44935490e2,2023-12-17,B,M
be5af0b0-7e73-4c54-9b29-f68340c222bb,2023-03-30,O,O
bedd2782-4762-41c5-85aa-7c4dff54cec6,2024-01-08,M,M
bf3e9a87-9393-498f-81a4-f6a72bf2f2de,2021-11-01,M,P
c22c4ddb-7f43-4cd8-8e36-e84684613be3,2024-07-09,B,M
c28707a6-93a1-48c3-9ff0-34fbb765ef90,2024-10-31,G,G
c83909e5-6e54-4133-a95f-cb29d15e2520,2021-11-22,G,G
cb84bb07-46c9-4820-acc3-90640d5733bd,2023-12-13,D,M
cc2982dc-20aa-4c1d-b26f-87d82aa68e53,2024-10-31,M,M
cd5e07a7-52b3-4367-bdc8-740da3a3d911,2022-05-30,G,G
d3ca1b63-1058-4586-8de3-ae64700f5c0b,2024-01-07,A,D
d942aaa1-0055-4b0e-8e5e-c8699207b99a,2022-04-13,M,M
da1ecf72-40d7-48ef-b9d3-036146a69cd7,2022-04-03,M,P
da833aac-dc02-4a02-9319-b5852535a2a0,2022-01-16,D,D
dfaac5dd-6bca-4f20-9518-9827149f13de,2022-05-26,M,M
e2bcfaff-4328-4a45-bffd-c91e792497fa,2022-06-06,D,M
e6483b1b-e65c-4f4d-8174-6b21b12c5e8b,2019-07-08,O,O
e64e90b4-c7b5-44f6-ba35-58d956e1f8dd,2022-02-27,M,M
e7cfc013-14b5-4919-8daf-20512baf6e25,2023-03-20,B,M
e8b59eae-83ff-4911-a110-6ed6838988ea,2022-03-21,D,M
e8b77a8a-c023-4ccc-9ea9-ce07e339f07e,2023-09-28,M,O
ea5f0d41-2116-4d94-b912-12b37c631ca4,2023-05-29,M,M
ef24a4ef-7613-481f-a9ea-6491078f13fd,2024-08-22,O,O
f138d156-3ffc-452b-80e9-b4d1723d28ef,2021-02-01,F,F
f14de9b6-1bae-4ab7-9f96-cdd18338a03c,2023-06-05,F,M
f1c29bda-37ce-4561-af24-54bd3b7adb2d,2022-10-12,E,G
fea2551a-6342-43f2-8c5d-a07597b9141d,2021-08-05,M,M
73d31a80-bef1-4545-94ad-2462810962a3,2024-01-15,,
02eb818a-0106-4cd6-a712-f8e7074c0791,2018-08-16,F,F
06354e33-ec7a-44f1-90a1-96a39837d97d,2024-09-27,M,P
0d89c146-e585-4171-a9f2-6bb9a4c855f2,2022-06-30,M,M
0f255c4c-e3cf-46fd-8d3d-8aa7fad90429,2022-10-14,M,M
13dcfddf-dd4b-4795-a2b6-d8b8edbee828,2022-06-04,D,G
15d1e217-d7ec-469b-abfa-7e45b36f1557,2022-09-17,M,M
1da42b08-9142-402d-ba61-f732313bcb2c,2022-08-18,B,B
1ed5c8fa-c427-435a-afea-fbfc29882a31,2022-03-03,B,B
1f7bb874-eb92-4ede-bcc4-679bfc3b6086,2022-06-28,E,M
20856db0-405a-4f93-86a5-d71e2a82a10a,2023-05-30,O,O
23f69b41-c885-4aed-9c2e-947d62bb57b5,2023-11-29,M,O
2811a1da-3e85-4fc1-90df-5b6d469549c7,2023-02-28,M,M
2c25f6b9-594b-42a7-aa44-385cb7f0db93,2022-03-01,M,M
2d87eb15-8c7b-4b32-ae61-7888247f6cda,2022-11-12,M,M
2e74ff85-b6f2-48a9-b41b-06ac982f3fbb,2017-06-13,F,M
2ea0ab06-8823-4a78-b6e9-4f13b3965f10,2019-08-01,D,M
2ff1cacf-36f9-4180-9717-7768c5fe9730,2022-06-04,M,M
3005ce82-5d5f-45e1-9fde-408adbc64008,2016-11-21,D,D
30790281-5c21-4941-98be-da39768eccde,2018-11-26,G,G
32448859-0130-4e1f-b7d5-b59e6b6ec812,2017-10-01,D,D
332f8455-7e2e-4621-a8b4-5839104c4192,2022-12-28,M,M
3a90e388-cc49-470d-95b4-f7e268ec4b90,2024-05-24,M,M
3b97b302-72ce-4df7-8ca9-81a2eaffe407,2022-08-11,F,F
3bd9018b-f62f-434f-b61d-e9dd3e549400,2024-06-28,C,C
3bf3e932-30df-430b-8347-8038d19bbf9f,2017-09-06,O,O
3e49ed30-bf36-46ec-96b7-8630cf36903f,2022-12-11,G,P
3e8b7341-87a1-4ebe-97f9-a9ed7b6000fa,2024-01-15,C,M
400fb143-631c-480e-adf1-4d6562d03a2b,2023-11-28,M,M
43d62d52-e7af-4a9f-bedf-7928d947cba1,2024-08-01,M,M
483f5501-dbb4-4343-ac82-efe4c6ab0c74,2022-04-13,M,M
486cedc9-093b-4b2c-883b-f52fba85d591,2024-09-11,D,M
48c61439-70b3-4dd0-b5f8-c663fa6d24e1,2023-04-27,M,M
48da6d4f-977f-464b-aa98-8aeaa3b0a041,2019-07-08,D,M
499f0314-5f7e-4645-a776-6ad162c2972b,2023-04-12,E,E
4c55f189-5471-46e1-9876-b40fffa3fa3b,2023-02-01,C,F
4d139a25-adb5-4380-9c31-89788582d112,2021-12-11,E,M
4d6ebe7e-5d58-45ec-9b48-5a05746d47c9,2021-09-04,C,C
4f633d62-20df-4094-acbd-44b48390af04,2022-06-04,E,E
52634ad9-7658-4e79-b296-8ce6a9867ac5,2023-09-21,B,G
561522be-ebcf-4449-80d7-67bade38d8d2,2023-02-01,F,F
5648a53c-f639-4601-a0ea-84b5a8f111a3,2022-05-27,M,M
5b458126-fb50-41b1-a05a-bbdb18058682,2022-02-21,M,M
5ce5ef55-f0cf-4961-813b-a7c1ad8d596e,2023-01-22,C,C
5edd5144-590c-4cca-88df-b7cce15d7e4c,2023-02-01,M,M
657ea426-15c5-4bb9-9750-eff9f04b275d,2022-04-14,M,M
6708cc9d-78bf-4e82-a730-9cc532569d80,2024-12-01,D,D
6ad9b24e-7044-4d90-921c-6138071c5182,2022-08-24,F,G
6fb280f2-d8a1-4dc8-aa93-968e98161a57,2023-02-02,D,D
700303cd-2c46-422c-a7c8-7e0fa1219f18,2022-05-09,B,M
711f9ff9-a4db-4fe3-9549-06540f45d270,2023-09-28,D,D
74122cb7-2f79-4610-b24e-f76b29b7a29c,2022-12-03,M,P
752c87f8-4b1c-4cf0-9f5b-57ea6dadcf84,2022-02-07,F,F
75f3f88d-f6ec-4048-ae6a-1326d07a372c,2024-06-23,O,O
7629f19a-142f-42eb-a243-0e611333e74a,2023-05-10,E,M
78029ddf-c22d-47c4-93ce-e577d952b55a,2020-06-11,D,D
78b88bd3-bca4-4503-b1ec-522f7d105b6a,2024-04-25,G,M
7a03f110-20c1-4519-9c52-68b4d2d3d59e,2022-03-05,F,F
7a3591b4-257b-433e-a177-3de1c21d836e,2022-03-05,M,M
7b84f107-93ec-436f-9516-975b6a457181,2022-04-06,M,M
7e766c7f-aa4d-4ff8-81cf-38442a77c10e,2024-05-24,E,E
815d06b0-29c6-4cae-8eb6-229becdf7243,2024-04-23,O,P
8844db96-3dcf-414f-b838-5e57731e66c0,2024-05-24,M,M
88eca20d-c804-4004-879f-aa37865ff3e6,2023-03-01,F,O
8d3f8b1b-8cc6-4ae8-a544-768d6025c15e,2024-01-03,M,M
8ef828f3-3a01-4b8d-ab04-fcbef6746699,2024-12-01,M,O
9186fb87-6ce2-4669-97aa-cfce99060dae,2021-11-15,E,M
9865b2b8-1652-4e17-813d-c4cd42453a98,2023-10-12,F,M
9a309e8b-5e66-43aa-87d3-775e742101cb,2021-10-31,M,P
9c4130b1-b86c-4f38-84d1-d17059cc44c9,2023-10-31,G,P
9f0c5fb3-362c-42ef-9b1f-2eec64939d93,2023-11-16,D,D
a098fd3f-9222-4bae-bb1a-6e6b827cb382,2020-09-04,A,M
a318cc96-4030-4914-a527-6d04f3422274,2024-03-20,B,M
a92016a2-d653-48d1-accc-883164629a45,2024-07-30,F,M
ad564e20-5c8d-4663-9a84-f59ea92997a4,2019-07-08,E,E
ad74d7f6-c2fa-4c8c-bcda-a51ccf0737c4,2019-07-17,O,O
b2d0f588-dc53-4873-8ddc-648fa32b155d,2024-10-26,M,M
b9b025d3-1dd4-42d4-8222-39c34bea6f58,2022-12-18,E,E
bb6bca8c-2966-462a-b69c-ff101ffed2ac,2022-03-05,E,F
bdd4d0ce-8831-46c8-9065-9cded7cd584b,2022-04-12,M,M
be64edb0-c1d3-4b74-930b-89475bb45c41,2022-11-28,C,M
bfd5362e-fe87-427d-aae9-2034df683b68,2022-06-04,C,M
c1533387-5150-4775-b65e-691817d0bf9d,2022-11-02,B,E
c2553581-fbaf-4970-823c-0d110bf17dc8,2023-10-11,M,M
c40885d5-50b5-4e6e-89a2-b9faef888446,2021-12-23,C,C
c74cab99-b692-45e5-b67e-88c126e69c05,2024-07-29,G,M
c9b98c7a-72a4-4710-97e5-95e292851eb1,2021-08-02,M,M
cbf7bea5-a56c-4915-aa94-0f7a94fb4491,2024-04-18,E,M
cfc3f2ad-a6fa-4c4e-a397-31f40e5e88de,2024-04-18,C,M
d302d835-4cb5-4907-9e4a-9c6de9d55797,2022-06-04,E,E
d4e249c1-ce0e-44b9-a003-b10b1bf8d35d,2022-05-23,F,M
d5c1feab-a65f-4b28-b96c-c89d0e08695c,2023-07-15,C,C
da4b3e4b-efe2-4906-879e-919d006c819b,2022-07-30,M,M
da58c967-2b2f-42d7-826b-a40a33457731,2022-06-30,M,M
da90014c-ab4f-495a-8fcd-436552aba8ed,2019-02-02,M,M
daa4c9e3-2855-4f1b-97d8-93730798f354,2022-09-27,M,M
dbbaf7f9-8687-4e80-b42a-6b7e6c3c5f47,2021-11-29,C,C
e0432937-8d9c-4e47-a6ea-8a17ce4689f1,2024-01-06,P,P
e7092125-d0db-4f6f-ba21-41dc66f50ce6,2022-06-28,M,M
e90d861b-8b1c-42b9-a262-aa6e8a9676a0,2024-03-30,E,E
e9129d01-e44e-4e7a-9748-59af8891ca03,2023-08-15,P,P
e988f8c5-4d04-4fc2-b421-cdfae3b2e5a9,2024-08-05,A,B
e9a5b5ed-555f-4843-93ac-47075642ce80,2024-01-28,D,M
eaabe26f-d587-4024-9a42-4005b152eacc,2024-03-29,D,D
eb80b2b6-909d-4c76-b1e8-1b9a88ba9ef5,2018-03-29,D,D
eb9582de-4896-49b8-86e1-292a6b9e4b24,2016-12-02,G,G
eba1b79f-1117-41cc-b052-900171d4ce66,2023-01-29,M,M
efb03ad2-9401-4a78-86d1-5caf180ba781,2022-10-10,C,C
f2f92019-33a1-442e-b0e6-8dd4de8be1b7,2023-06-25,F,F
f48f337e-ece6-457a-b75d-0472d6bca4e1,2022-07-03,C,E
f6511139-d5f6-4921-92d3-10153dd94d69,2017-07-19,B,B
f7b0528a-5dd8-4b65-862c-71f3c1b45ec7,2020-01-18,E,M
f7d86477-7519-42c9-a9c4-b1f35d1a8605,2021-12-11,D,M
f904a5d4-47b6-4c6a-b552-d245b97008e5,2019-07-08,F,F
fcfaeb5a-a900-4910-a312-c7e1fa302b6b,2017-08-29,E,E
fd4900db-1672-4ce5-a763-0b9de3338f8a,2021-12-02,M,M
ffc4f3cf-cc63-4c7f-b63b-39027d126717,2023-07-03,B,G
00ab8632-6c5e-4cd3-ac58-55abfa30b7db,2024-01-26,O,O
04fc1f2f-d352-4c23-8cb2-ead157ab1de7,2020-06-04,C,D
054988b3-ef07-446e-8017-45a157ea3886,2022-12-17,D,M
070d8e7f-8969-433b-a86f-53d941000274,2024-05-23,C,C
082bf113-5ce3-4d66-86e7-2609caa59f49,2022-01-01,G,G
084c9992-dd30-4761-a93b-7c159191dcf1,2022-05-29,B,B
17328fa4-3cc4-45d8-8928-b57fc0da8162,2024-03-05,M,P
17ef62cb-0003-4f9a-bec2-d24a4ae7a3f4,2022-06-03,F,F
1bf3020b-fe07-429c-9fe8-70913e13d9f0,2022-09-15,D,M
1e341aa1-f345-470f-9728-fce833970ccc,2024-01-29,M,M
1f624120-9038-427f-9ba7-3c77b5ecd83d,2022-09-16,M,M
219663bf-37cb-4cef-8798-14f7e38fdf3b,2023-06-05,M,M
226a258e-1d4c-42db-a1a1-b268b854e5e2,2023-12-29,C,M
23b84ab6-fc1d-4acc-aac3-f856cc7a325e,2024-09-09,D,D
25c05441-2948-4f3a-b85a-51d4fbd2f875,2022-04-14,E,E
26cf34a4-935e-405a-892c-6cf1262c47f9,2022-05-14,E,E
2723805a-d12f-4b5b-ade7-51cd95ebe153,2022-04-01,C,C
2847fb6b-9830-4dc8-826e-92162931c70c,2019-07-08,C,C
29b1e8ec-ad18-4ff6-86c5-08285f9bc853,2022-06-04,D,D
2bf4056d-a68f-40c9-8df3-d4453cbaef5e,2024-10-11,B,C
2ec130fe-4bdb-4b01-a626-f180d2b23443,2023-06-28,F,M
32231e3c-ce99-4dc9-92cf-4f1fd5d24a04,2022-06-04,E,E
3493f19b-bd3c-4667-9e2d-1dc512b0a1a6,2024-10-14,M,M
3620bd25-0073-4e16-9e84-a8aa182fd0c9,2024-04-22,N,N
36f67dd4-cea0-4710-b320-5ae548f67c93,2016-12-16,B,B
38adf4d1-6cf5-46e6-84f0-4b6ead3479bf,2019-07-08,D,M
39376aff-bfa1-4565-8265-9ad06697791c,2024-09-09,E,G
3985a37d-ba98-4da8-82fb-4e4c84cea2e2,2022-11-03,O,O
3c848205-4dc6-443f-9c27-c931ae26b700,2024-04-16,D,D
4688100a-fdd6-47f1-bf5c-c72028a26bda,2024-02-12,E,N
4720bfae-3a19-49fd-9423-767c61010ab5,2024-02-18,E,M
47371f83-39d7-45bc-8be2-d4ba2ae2cd6e,2024-11-09,B,B
491161e5-46ad-4367-b48c-5947f1aa0d9f,2023-12-29,M,M
4c8536cd-f92c-4b76-82da-4928de06b41b,2024-05-24,E,E
5009250e-1835-49ae-a00d-6d70bf6f9e6d,2022-12-29,M,M
514113bb-6c3a-4844-84fa-98c4d2e57467,2023-09-09,M,M
51d2a7eb-d1e1-4367-9f3e-e5acc7dd3e91,2024-07-31,G,G
54665197-c99b-4291-8082-80f4946be4b2,2024-07-31,F,M
55ac393a-13c1-46dd-aee1-a13f05a791c6,2022-11-28,D,M
573a9208-8bd0-4e98-9712-a2cac1f25635,2022-07-24,D,M
58617044-c668-4c16-a71c-e7a2eadc5a31,2019-07-08,M,M
592f6ce9-0143-494d-8a80-9dda30140815,2024-03-20,G,M
5c9a3ee2-bdf7-490e-b33d-73b6434aeb79,2024-10-08,F,F
63c62bcf-e84c-4908-b3ff-577df719dd37,2024-05-04,D,D
6430683c-3547-4d81-97fb-f18f3f460bcb,2019-09-08,E,E
68bdb24f-d389-4f27-a209-9d1077bd9199,2023-01-12,D,M
69680e0a-b975-495b-94b6-7e821d8aba1b,2019-08-19,D,D
6a9591e5-0795-4071-89ad-29f8f0e45d02,2022-03-03,G,M
6cbdb123-7210-4fac-9f4a-1cacbe84d5d4,2024-08-14,B,M
6e6584db-8216-43e1-a318-5b104fc6f33d,2025-03-23,M,M
70bccc49-c1af-4596-96ff-9bd72ed42440,2024-05-24,M,M
744bbd24-15b7-4626-b54b-1b5ff4adf249,2023-03-30,M,M
7466741b-b0e7-4dda-812f-0385c597f887,2023-04-07,D,D
75a5d69d-e1c3-4da4-9598-8a825931b5f3,2021-11-08,E,E
76b98ed8-8dc7-4765-b362-45ffbf3bfd7b,2023-03-23,A,F
779b7065-c487-440d-bed5-c476b2c01e7d,2022-02-27,E,E
7b0c66e4-cdf7-44d9-8e20-c7f1d473ff38,2024-02-19,O,O
86740d3a-9403-4ae6-a194-64781caea886,2023-11-07,G,G
86a2284f-b6fe-4f5f-b901-fb024e6af546,2024-09-27,C,M
88708ce4-9669-4e6d-8660-1c62764c60a5,2023-04-16,G,P
88d006ba-24f0-4c6a-bbd6-270b54bf35f8,2021-12-13,G,M
8b1f94ce-d884-4f16-a585-14d8f115470e,2022-06-28,M,M
8cdef329-73f4-46a7-ac04-b0061e241e30,2022-11-02,M,M
8dbb944f-aa65-4af7-ba9f-d3e167ebd34e,2024-03-17,O,O
8f16a131-9b5f-48f1-84ff-d5e63fd6648a,2024-11-26,C,G
9096c60f-3001-46cb-8e97-9783e644c37a,2021-12-20,C,M
915f1b41-4d0a-48c8-836e-3de96030891f,2022-10-21,O,O
968c1202-0bbb-45ab-9408-7e61150c5ba0,2023-02-01,B,M
973d289e-085e-4437-b438-6fa0d485ec8a,2018-01-02,F,F
98725730-2702-4aac-ac65-84f88cbebba8,2022-10-30,M,M
9bfc33df-39fa-4410-951e-8ffc259caab9,2024-07-31,D,M
a00d35c1-bd59-4b67-881c-c302e5bc7936,2022-06-29,M,M
a1fab634-5db9-48c4-b313-1be8094656a6,2023-02-27,G,G
a44adc82-41ec-4784-877f-795dabcf9601,2022-04-06,M,M
a7f2a822-619b-4e43-847d-96c40605c938,2022-04-29,F,F
ad205b5f-fd3a-4cd3-b4f5-a0b83edbc571,2022-08-22,F,F
b075bc9f-1bab-4e88-b4d7-616005f8e49d,2022-02-10,E,E
b1bed4fc-6425-4ce1-9e24-fd4865455438,2023-06-27,B,E
b2a5731c-e2df-4984-995b-891d11774234,2025-01-16,G,P
b677d054-b360-4040-be53-39eceb11d6d5,2022-03-05,M,M
bb29c097-bfdc-4d9f-999c-2a4effd8d0da,2021-10-18,M,M
bb4be539-f09b-4af7-8c9c-c041dde244f6,2021-12-11,M,M
bbba7f80-da5e-4e66-b3b3-f5568bf78ad5,2023-02-20,B,B
be5391a2-db59-49e8-afe4-b77f6491e487,2017-05-18,E,E
c26112da-304a-4f33-bb54-f80d59f96164,2025-05-10,B,O
c4ce0883-03d1-41e7-a061-089de26a8a6e,2023-11-11,D,E
c54cf6ac-63fe-4412-88a2-0b6380ca00c4,2022-09-30,M,M
c6fcaaf0-ed8c-4217-b414-dfc50c783e00,2022-11-10,B,F
c6fdb093-6539-4b2d-b77e-5014a9cac151,2021-05-25,M,P
c8877baa-76af-4220-be6f-2f110275505f,2024-09-16,M,M
c9c3c4fc-c836-4cfd-a9d3-c9e07e2cab3e,2022-08-05,D,M
cf83f3c2-ffc4-447a-a1fa-6f28fdc1f0d6,2023-07-20,C,M
d101b4c5-4f56-4e03-8233-1a0cd1a2a430,2018-08-02,E,E
d28104dd-4f09-4d90-a40e-2ffbaf8efbaa,2024-02-09,C,M
d4748e8a-64b8-411d-b007-8a85ed0ac66e,2024-09-24,B,B
d4fd666f-89fc-4e9a-87aa-2b013dbadf72,2019-01-18,F,F
d610a35b-0d47-483e-914c-c69653edbfe8,2023-10-31,C,M
d66042ec-7442-4ee8-ab64-c4fd8c71d703,2023-01-31,M,M
d8ead701-1e28-4258-8ca1-290327f526e7,2020-07-27,E,M
d94432c1-c866-4c9d-a082-7a3f90fbfb23,2023-03-30,M,M
d9a3fa6f-a79e-408d-bbb5-10d29804501e,2022-06-17,D,M
de21452b-f0ab-43ad-a1d8-0ac2858f1b80,2025-03-27,F,F
e1f05a70-c6bc-4987-b99b-5db8ea3bd0ab,2022-07-08,D,M
e25bfe34-834c-462b-a9ec-396a20fd0deb,2024-05-23,F,F
e3220295-c93b-4acb-b675-a3738a2d20d0,2022-12-17,C,C
e38054ed-8772-4f2d-ab83-9e4ff96b6976,2025-01-19,M,M
e419b45e-4e63-4375-8fe1-67a4fb52a6a5,2021-08-04,F,F
e43628e0-eda8-4b29-99b8-5d3921ad66f2,2022-08-19,F,F
e462021c-6c88-427a-bcc1-82384e337af7,2024-03-29,F,F
e8915c8a-1834-4c29-83c6-7d7f34bb25c3,2022-07-13,F,F
e9d76879-da52-4c77-ad46-35f081ba08ce,2021-12-14,C,M
ec53f006-4cde-4b22-bdf9-c8ad40756e6b,2022-02-26,M,M
ec935679-a9c1-49b5-8303-18686dc97988,2024-04-14,P,P
eca9c42b-afe6-4fee-b496-2a961c440614,2024-05-24,D,D
ed9786da-3417-4e5a-b92c-2af7462e52f1,2025-01-04,C,M
f14c8095-b289-4b9b-8699-597ef4a65206,2024-10-04,M,M
f2fdf37c-17aa-4606-9cb1-541b4c76e6f3,2022-04-09,M,M
f33844da-19a0-48c8-8bb9-4e3ce34dbecb,2023-03-03,M,M
f45e25cb-e4b1-4c8f-9423-10528a18e598,2022-10-29,D,M
f468488e-3e27-4b32-8eb5-5ec7da1173c3,2022-11-16,C,C
f5f9077b-2214-4e16-950f-39f230db7b94,2024-01-21,F,F
f7ee4d0a-f094-4d06-b7cd-c95331e8dc4c,2022-11-08,M,M
f95e6b1b-3b38-40f0-bdb0-b36a8ddea596,2023-08-02,M,M
00756cc7-c4eb-4a56-9eb6-807157efa5cc,2023-11-26,F,P
0381e807-0846-449e-aeec-3909639e9267,2023-01-30,C,O
042535a2-8d4c-42f8-9b70-501df6fa17ae,2024-07-29,E,E
09ab9ea1-2096-4e8b-a249-9b5eaeed7099,2019-07-08,D,E
0a2798ef-a94b-4dc8-addb-638008a31989,2022-05-20,F,F
0bf54430-03bf-428f-b712-bf1c3d561db4,2022-09-01,C,E
0d251f60-390c-45df-b856-cf5115ea3df2,2022-02-25,E,M
0e111dd7-7a6a-4294-be47-701a10d9a740,2023-02-21,M,M
121ed4da-3b6a-4e6c-9e8f-c152936a70d9,2022-06-02,F,F
13224137-74c3-4120-a9c5-eaa9f6bff18f,2023-08-13,D,D
1ba9fa16-e025-435e-b4f3-00aefb88dc15,2025-05-09,M,M
1cce416d-f736-43a1-9d0f-ee82c50f9435,2019-07-08,E,O
211f8cb3-1993-43d0-8b5e-cfeffe002883,2022-10-30,C,M
217ff38a-023c-423b-9f54-30c6edd86aaa,2022-12-28,C,E
218f5c9f-6e48-4086-8b3e-4c7e2ec6747a,2022-03-05,E,E
21ac30bf-479b-43c7-93b8-6ea3e417f5b4,2023-12-28,M,M
230fdfc2-9737-449a-b78d-55e989eda815,2023-02-15,E,M
2448bdd8-beb4-472b-a8ad-bbc1d119db22,2022-12-28,M,M
26144fcb-7b81-4731-a9bb-34829d6518de,2023-10-31,D,M
26c5b3dc-e99e-457f-82ab-3cbe73fd40a0,2022-06-05,M,P
2c8ff310-9811-4cda-b596-d0413d2e04ef,2019-07-08,E,E
329a46bb-751e-46d2-943a-3aed5e68581d,2022-02-27,B,M
38c5804d-209f-460c-9bb7-abb982d1e3b1,2024-08-17,E,M
38dbdd4f-ecfc-473b-adb1-04e713176375,2023-06-20,M,M
3c246f80-6deb-4e7c-8226-431c1ef78f32,2022-10-26,M,M
3d6e97f1-bf44-4812-a717-94208ff708bd,2022-10-13,G,O
3f6c2740-e6ca-4411-8476-b03e2224d1d6,2023-10-18,G,G
4341b79e-91a3-48b8-836d-3fb0ad83ae46,2023-02-21,B,B
4484356c-ca7b-4073-9af2-c44c6df699d3,2023-02-12,M,M
448458fa-6ba1-4cd8-bf51-ff52335c8393,2022-03-05,F,F
45e0f0e2-1894-4909-a122-accf37d0246a,2024-01-08,C,D
46ad2fe2-c572-437e-b396-eccd5a8f3a4b,2022-06-04,D,E
46e49430-3f35-42a9-880a-ccc017895212,2022-05-01,E,P
4c9bcace-3c6b-4589-b115-5079b1bd6233,2022-12-23,E,G
4d6a1341-d4d7-4244-a460-b0665933c743,2022-12-08,A,A
4e6c3867-c1fb-4f80-bd45-976b2894a181,2023-02-26,D,M
4e80187c-3877-4b64-b95f-1bbcb430def8,2024-10-26,D,M
4fb6e1d3-ae80-45a2-b1d7-da4edad28ae1,2023-12-29,C,C
50a5e293-8d58-4a27-91dc-cc0074933b66,2021-12-11,C,E
51e2cf55-5fde-48af-bca2-d273015c2ea1,2024-02-29,G,G
541f8608-9c22-4a5e-9dc5-27eee8d16bc0,2024-05-24,F,M
56fac747-dc2e-42c5-8647-f387fe6c838c,2022-11-18,G,G
5791cb36-8e01-4c3a-bad9-cbe9a3d7fbc1,2024-06-17,O,O
5a092ba3-47cf-4299-ad33-f35b269f9eb0,2022-07-28,M,M
5b4f8192-9f11-48e2-ab3d-849191c2a8eb,2022-08-04,C,O
5b7a0b44-c86c-4f01-9f81-1b1e310d1448,2024-02-03,D,M
5c133a20-8117-48e2-8237-d799929c7aa0,2020-07-27,E,E
5d56fe80-c8fa-44e1-b3b7-1fd7e08aace4,2025-02-12,M,M
5d7c59f5-cc44-41a3-8bb3-680e6056e63b,2023-07-07,E,M
5ecc88c0-79ea-49a3-b684-973b65e5d7ea,2024-04-01,M,M
61b86352-c4e7-4797-b566-9c8bb77d38ba,2025-06-25,G,G
649028ee-a629-45ca-837f-f41d1bd6bf37,2024-08-20,M,M
66d05a3b-7fae-452f-82c0-e6d7e380ca4b,2024-09-20,M,M
684c8c29-2131-4a5c-b7bb-72cf0872f0cd,2022-03-05,E,E
69a8ea1b-18e8-4b83-8b3c-29166da53d37,2022-06-17,E,E
6aef4fbd-16a6-4118-81d8-468180797133,2022-03-08,F,M
702b5f2d-6343-44b8-8179-b6cae2ecfea4,2017-04-19,G,G
74c140c3-5271-44f4-850f-ccc9c9207fe8,2022-06-01,M,M
74e4d485-16a0-4dcd-a154-8ffa095b3f15,2021-03-31,M,M
76392a7f-6c3f-4e3d-9cfe-f9969958db52,2023-08-21,A,C
77f10fe7-4e4b-4d51-8e37-1e8f1c0d9f67,2024-01-22,A,P
7937d44e-ddc0-4c27-85ae-e412f18aca61,2022-12-13,C,M
7c2dad6c-cff1-4822-a317-12d9aaf2d982,2022-08-02,B,B
7c49fd00-416c-42e6-94f3-1e80b32448db,2022-06-04,E,F
7db298ba-c097-4835-9132-2e10521bdf8d,2023-01-26,D,E
821b00f5-a82d-470d-be85-ba31432efc50,2023-02-01,M,M
825d9b8f-ded3-498b-ac74-5376020b1dd0,2023-12-13,D,M
83da43d8-473b-43a6-a6f0-c810dadfb24b,2023-05-16,M,M
889207d0-49ea-4470-95da-533d43608234,2021-05-03,E,E
8eb0d355-36fb-43af-b57a-dc22fca97ee7,2024-07-22,D,P
8f533e3f-b45f-414b-9182-45b472376530,2022-06-07,M,M
8fb898ef-42d8-4ad7-84b8-4c482896916d,2022-11-02,E,E
9171eedd-cfac-492f-839d-95e52c774fae,2019-07-08,C,C
9b545c36-bf7d-462d-8920-c9e1f87d280a,2024-02-12,M,O
9b7bc616-5d3c-4182-9b49-5a153f70c4a1,2022-03-04,A,A
9e82d440-0936-4231-9b86-651d86973193,2024-04-29,A,A
9e9f5872-b0da-4496-af5a-fc0888886068,2023-05-21,M,M
9f84abb3-8bb9-4136-b233-71a688a9ac44,2022-08-15,G,G
9f87ca23-e82e-4f5b-af60-0cd3ab1654d2,2019-11-02,E,G
a25334dc-f3a3-41e1-9332-4f3d9f8209b9,2024-05-31,O,O
a2f0c795-0628-438e-a3a1-7fd3f4ee33aa,2024-05-03,M,M
a3148b75-6ddc-4288-b9da-263826071b14,2022-02-27,D,D
a44f441f-2d83-4684-bd49-dc6dd8cdae86,2021-06-11,E,M
a4afb06a-bb22-4904-85ac-17aa6dfe723e,2023-05-28,P,P
a6226894-c268-4cb3-ac0f-efc867d5f0ad,2022-08-28,C,E
a62cb216-f92a-4c53-8f86-29db26183849,2023-07-27,B,B
a7ef9452-8ffe-40ef-80de-eda64f1288a5,2023-03-26,D,O
acb99456-44c7-450c-b972-2a3896917f28,2023-02-28,M,M
b1d28bda-e8bf-4f84-a459-c2b797a67d79,2017-12-08,D,D
b30d4d3e-0471-4323-a7f1-a4ec1795a495,2024-06-17,M,M
b334c514-0eb0-4947-87a5-5fded89e70f9,2024-06-02,M,M
b5ff48dc-4fcc-4e8a-95cd-aee49ae2055c,2020-12-11,E,E
b61f126a-397a-4faf-a349-55c12b427b9f,2024-08-12,M,M
b637e761-7dc1-4e49-8333-c032dea235a0,2024-02-28,D,M
b65f45ca-48c4-4ee3-b330-4167fdd7b946,2022-02-28,E,M
b845125f-c22f-4a13-a9aa-dbec47d7b159,2022-01-03,E,E
b980abe2-9a3c-474c-8147-0f5bceab37fb,2023-03-30,E,E
ba8a71f1-d974-4d25-b808-bb63550a9649,2024-08-11,F,M
bdb48e83-e5da-43db-a49a-6423df693c75,2024-02-08,F,F
c2803d76-1b4c-49e3-8eeb-1dd86f2a865c,2021-03-31,F,F
c6ee86e1-fe2a-4687-b17c-b4dae93466a9,2024-04-14,O,O
c940ade6-1a89-490c-9946-a92c8c13e239,2024-05-24,M,M
c9e846f5-5f5e-4079-b99d-20022479f972,2018-05-28,B,B
ca57e2a6-650f-4969-9976-12cd94f95bfa,2024-06-28,A,B
cb10f693-d885-474b-aa32-a13e9f0c3b68,2021-02-04,E,E
cbb61dc9-7713-48b6-b389-876c1c0c797e,2022-11-02,M,M
cbe30179-8fe0-4322-96b3-ee7136605422,2022-06-04,B,B
cf4a5276-4987-4b89-b59f-27cd9f387547,2024-05-31,E,G
d0771510-814d-45bd-94f9-520bd581b90c,2024-07-31,B,C
d1310d6e-a109-4312-87a3-819ef4aa92bd,2022-05-20,D,D
d2da136c-72bd-49d5-a587-fa684bb0fa61,2022-06-28,M,M
d321d364-999d-45e2-954d-35e88151448d,2023-09-28,C,M
d3e0fcb3-e143-46dc-95a7-fa618819fb67,2023-04-03,D,P
d3fd2cc9-d551-4132-bf7b-0e33cacf2165,2023-03-08,M,M
d84735f5-f415-4e1c-bc25-b0a2de0aedfe,2023-04-30,C,M
d8794543-e802-4379-8ac0-d997eaa6647c,2025-03-02,E,M
dbb58891-0d1d-4e2c-bd34-45eea727ce44,2019-12-26,F,F
de47f157-41ed-46fb-acae-8b8d1d17a0e1,2022-03-05,E,E
e1d03b4c-11ba-44d4-9c12-e14196359074,2022-06-04,M,M
e6e88a81-b4d9-4b4c-a40e-9ba22cb27b7e,2025-01-21,C,M
e97f9c9b-aa85-4076-8fe6-f79529fddad3,2022-07-20,G,M
e9d95f0f-d955-49f4-a41f-e76923fefc98,2025-01-08,M,P
ef04f09d-b783-4223-9db4-bee106215c56,2022-09-01,E,M
00b6673b-5320-461c-a63f-70b1d33dda8b,2022-12-25,D,G
04fa640b-606f-427e-b088-420fb33c6df7,2022-05-04,F,F
06c3eace-6fb7-440a-aed5-dedeffee3daf,2023-03-30,E,O
0d208a03-5bf3-4dd3-9193-2def822316c9,2019-07-29,G,G
0d90eac1-abff-4048-b81d-36d6fee9b4dc,2022-05-03,E,E
1019c497-a45e-4224-85eb-4006d94bc786,2021-12-11,E,E
102ff285-b2c6-4f08-8ded-ef9ee1244b81,2017-09-11,F,F
11338ee2-e058-42cc-94dc-5d1662e809a0,2023-10-31,D,D
1483c863-00ab-4e2a-be79-44bda0d38eb8,2024-07-31,C,C
16c680dd-2ff2-4ce8-bd13-dfee863afd3d,2024-05-03,O,O
19d9bd2d-4114-4515-ab88-2ba12a39af79,2023-02-02,F,F
1bd04cb4-b459-4ce2-a979-7a8b166c08eb,2021-12-13,D,D
1d4bbc0d-e9d1-4505-8a61-167f217a110f,2022-09-06,F,M
1e0cf37a-f311-4e08-be89-f95526bfa7ae,2023-05-29,G,G
235b73fd-28c0-426c-afa2-7ab7ac34b175,2022-04-18,M,P
23fe8971-d0af-4cde-bab1-9ceb2ad76145,2022-07-30,G,M
2502eb5a-6d28-485e-879a-1c0d548fa36b,2022-04-29,F,F
29f634eb-6eb0-423f-becc-fdec43f3e691,2021-10-16,C,M
2a606475-851d-4300-8387-678f51235350,2022-07-10,C,F
2b39693f-b16c-4e9b-bd12-a944e50260fc,2022-08-20,O,O
2e2fb773-c9ed-4663-9acf-910f86acd0af,2018-02-10,C,C
331c03eb-f2d6-4d2d-aa3b-fa356f0d3384,2016-12-04,D,D
34ee3cad-4446-477c-89a1-2528f8031241,2024-01-22,M,M
35225ae7-e4f4-4a94-8c0a-b0b634593cd8,2022-06-04,B,M
37e8b2ca-dc28-4356-bdd9-bf2ae8e1d8f0,2022-06-30,G,G
39cd0acc-11b4-4a5d-9cb9-3fbe81b8e5c2,2021-10-18,C,D
3d0456f2-510d-41ed-b462-e482fdf3a0a8,2022-10-30,F,F
41b47a03-fe0b-46ea-a4a9-82ced1ea6c77,2021-04-26,G,G
4393e725-2f80-405d-b8ec-ad9ef509e3ff,2019-07-08,E,M
45ea46c1-f183-465d-b248-ae83e965093f,2024-01-31,M,M
46d666f1-5466-4f44-a574-11b66edbe5f9,2022-02-24,F,F
498de1f1-68b3-45ec-b579-164385ac122e,2022-10-05,M,O
4b0d44f1-3671-4bd2-8f5f-2eb105f42216,2021-05-06,M,M
4b7fe384-2129-4a13-8301-03f6735a6c2e,2016-12-02,D,D
4c4f814c-c8ab-4f70-88ef-a26508a595e6,2022-06-04,M,M
4e6492a3-f71b-428d-82cd-16fad5334c0e,2020-12-21,C,E
4ee9a097-fa9e-4083-a257-f5fa3a118378,2018-09-05,D,D
527b9f0c-c2cc-473d-97b7-032d077a4811,2020-11-08,F,F
55420092-3a41-4cf2-b1d8-e8a7f3856694,2022-06-01,F,M
5792a92a-1160-4345-a42d-d84842447c09,2021-12-02,E,M
5a8b7078-6ab2-4891-9d1a-e2057b6834e7,2024-11-30,G,M
5b3046df-4ada-420c-8282-abfb47bc0be6,2020-11-16,B,C
5fc561b1-b852-4187-a60b-51b9caea512b,2023-04-28,E,E
63df4c26-fe46-4e17-a81f-01828867e9eb,2024-05-24,C,C
65cfc752-05ec-4608-ab92-292f7765a268,2023-03-22,M,M
65e25b17-1277-4a16-98e1-bd1f55556d64,2022-01-19,G,M
6651b042-27aa-44c1-a79d-b0889d795603,2024-07-19,M,M
68be7878-777d-4fbc-b40a-2c7d7453d9a7,2019-07-15,E,E
69d2a38f-31a2-41db-bfaa-cfc0b3e9ae6d,2022-06-28,C,M
6ad27529-7b2e-4849-ac10-6b28b2c56cc6,2022-01-17,F,M
6c036ce1-d36f-41f6-a5ce-96b240029be9,2023-05-29,E,M
6e719cd1-7a84-430a-9a2d-22905e3324f2,2021-12-11,M,M
6f754f65-f1cb-4e69-9ba9-f511c5417a51,2025-03-18,E,E
71a78004-c3f7-49c4-8395-bcc1dc628d76,2022-11-30,B,C
75b27d52-b9ce-4458-9689-7a058e2b6762,2024-09-27,G,G
79c30386-4e02-42bf-af36-5faa6f08bf55,2022-06-19,M,P
7f684bae-8f36-4f83-82d8-46c96190f016,2022-08-19,M,M
7fda39f8-b17d-46a8-a2db-67fe60522fef,2022-02-25,M,M
81525740-566c-4a36-8760-86920650fa24,2022-01-10,A,B
8296c2ed-7cc6-49ff-98e2-655f1acadc0f,2022-01-17,M,M
8311e027-c9ad-4bc1-b7bb-10075120b472,2022-04-29,G,G
860facac-0514-4c53-b6cc-6e354110b312,2022-09-30,G,G
87600a8d-53ff-4cf9-be24-17f57679cd41,2021-01-29,A,A
87b0ebe9-03a8-4aaf-88ea-330b5bce48dc,2019-07-08,C,C
89a2891b-2f06-487e-88c6-8b0e0f46ba7d,2023-10-01,B,M
89cb8632-7988-419c-a301-324937fd6906,2023-12-29,O,O
8b16f370-5a4f-47be-8d1a-112df58bec20,2023-07-21,F,G
8d701dcd-11fa-4d80-af8c-6d2a2e74eba8,2024-01-13,F,F
8deb88cf-26c0-49c2-9b94-b7f67b6e4cdf,2022-05-09,A,A
903aa2c8-99ef-4d2d-8b46-52322cc4722d,2024-07-16,M,M
90f4d36d-a464-4ab0-b8a6-8a8082aa08f6,2024-02-09,D,D
9818d474-dcc3-4ae1-80e0-ae5fbfbd02e8,2022-04-11,A,A
9894d5f1-4941-4456-95be-83a8cc4a0174,2023-08-02,A,A
9a5af10e-0a47-467e-a638-809e2b5ce3c6,2024-07-29,F,F
9b0a1ab3-51f1-41b6-9dd7-7283e82dd1fd,2023-02-01,M,M
a222791c-2c29-4e32-89d6-39bee581d3c4,2024-01-15,D,P
a6b5658e-48a7-4183-adbb-6a05412a4992,2023-05-29,O,O
a6c087c8-e54a-49ae-a2b6-427ba0fa8dcf,2023-12-11,P,P
a70dd679-354f-472a-9b95-4791ad9609b9,2022-06-04,M,M
aa01c740-b7ac-4a59-86f6-6500f834420e,2021-05-06,D,M
aaa9f13c-46f4-4566-8484-3576868b9255,2017-06-16,E,E
ab1c9cb8-eaa4-4c30-a800-b48fa5ed1c28,2024-06-28,M,M
acd789a8-b9e8-4981-ac6a-741c3d6762c3,2021-12-11,F,F
ae9c7e3b-5979-4604-96f9-4ed6306217c5,2022-10-13,G,M
af6eb970-f12c-4962-af50-4eb7d3e39f5e,2023-02-01,F,F
af727039-a5d3-4723-a26f-81c3af35f102,2024-05-03,E,E
b20ff242-bce1-4e3c-8f2f-5e47d9644506,2019-07-29,B,E
b6b31736-83c9-47fe-a601-320f64249cc7,2024-05-24,M,M
b9169d1f-63bf-4cfc-833d-615b8398b671,2024-09-27,M,M
b9232fbe-6a05-4f2a-95fc-f1182d1f9133,2023-09-28,B,E
ba1b2247-0e32-4187-bb84-9b02968cb00c,2023-11-30,C,M
baf309ce-1df2-47c9-83aa-8a332c756ce4,2021-12-28,E,E
bbbe7144-5b68-4aed-a1cc-3c40434d3774,2023-11-12,D,M
bebf1800-9d41-4a48-91ff-9fd28a083793,2023-06-29,C,M
bec7c856-ea2a-40c5-a9e6-738ff110b63e,2024-05-07,C,M
bf01d4ea-3287-4d44-85a4-bccbcdd01ebd,2023-05-29,D,M
c0cdb16c-023d-449b-8509-ffb0b62a6e71,2022-09-27,F,P
c46191a5-1740-4f59-9b86-71a2895e58fd,2021-05-31,B,B
c669d35a-aef2-43f0-9335-86a3bf8c8bb4,2022-10-10,E,E
ca79ff3b-af52-4616-abac-3eadfe5fca62,2022-10-15,D,M
cd53aaf8-86f6-4741-9df5-59f056b073b0,2024-08-28,C,P
ce5f023d-f9d4-4655-917f-79a70950300d,2023-06-28,D,D
d645dc3f-1a95-4c8e-9c36-edb50eff9153,2022-06-04,E,F
d83d97c5-d4b5-4e18-84ba-c2e502d13d79,2018-01-08,M,M
daa08cbf-989e-4c72-84f2-34bdf063d67d,2025-02-03,M,M
db5bcc11-82bb-449e-896c-357403b294b2,2022-07-03,M,M
dbf61421-d153-430f-88d1-b06db950ac48,2023-10-18,D,M
dbf7ebab-da98-4413-ab9a-4576c85e5fc5,2023-06-29,D,D
de158af4-4b3c-4b1a-9b0d-810b09ee6787,2022-01-31,E,M
e2735aac-3cc1-49b5-9845-f77f504ef766,2023-10-12,M,M
e2b9190f-4757-4fa0-91ad-097d0ed171f5,2022-07-24,M,P
e31a77fa-a118-403e-a8c0-7a07b647ec22,2024-09-27,B,D
e667f5f1-7579-4d20-b10d-f2c051c31504,2018-08-24,C,C
e690dd97-f274-463d-9bfa-b18a57687914,2020-11-07,D,M
e95fbec6-9c7e-4e64-92d9-2638e869ad52,2025-07-16,D,M
f100acb2-c5fe-4baa-9d64-bb609c5b428e,2023-10-31,B,D
f1a764f2-abcb-4f6a-a54f-e5205041b8ce,2019-07-08,M,M
f2027270-d87e-48b0-89de-ce7397633392,2023-10-16,M,O
f2e21a90-ce75-4a94-b5d8-350365c09f34,2022-05-20,D,D
f36ce0a4-2c4a-4d5f-ae8c-f61bf297e8f4,2023-02-01,C,M
fbbaca00-57f3-4376-b1ef-7866738ac641,2018-06-06,E,E
fe4b7fbe-c897-4722-91e7-fea341f512d3,2022-11-18,G,G
ff1b1d4a-064c-4f72-98da-fe2ed40d5b6e,2024-01-31,B,C
ed226f03-4868-48a8-ba29-4e25c0819432,2024-01-10,M,M
ee2f55b0-50de-4aba-ac96-fe9d1de55971,2022-01-12,C,C
f1e80596-83cb-4ae3-8af3-347ba8399da3,2022-06-03,M,P
f3c91ab4-6ed4-4440-b28b-30542cede0d5,2022-06-28,G,O
f3d7fb03-7063-4d64-86ca-c42fd7d0c5c7,2022-04-29,F,F
f4665e10-c10d-40db-9375-007793f280f0,2022-07-04,B,B
f4b16834-62dc-4cb4-8eb8-2f47793400b6,2023-12-31,F,M
f85cf5ea-a658-4bb1-9fae-9f7ac0173c41,2022-06-03,C,M
f8a6181f-1d36-4b34-bdb0-9c36d9330d02,2024-05-03,F,M
f8da8e10-22a9-4a7c-83dd-d2fcecd49684,2023-09-29,E,M
fbcddc8f-023d-47d9-8f53-7d85a5584e97,2018-11-27,G,G
fcba715d-af3b-4de1-bb93-fd514c0f0b7c,2022-09-20,B,B
09836237-de77-4b2e-94ad-13813717b5e7,2024-01-21,C,C
0aa53a48-dab5-4ae4-86b7-54d51f989ed4,2022-11-28,M,M
0b023eb1-44cd-4f71-aa6a-2cffa83f0a3b,2022-03-28,A,A
0bb89a95-3702-47d3-9405-53b430e369e1,2024-10-11,G,G
107c3f96-9e5f-49e5-8994-04da6eb3dc41,2022-06-08,G,G
11dc3a3d-78be-48fe-93db-c030032c9ecc,2023-04-24,F,F
130eb8e3-c4eb-4dd3-8c8b-0b1710f094d6,2023-09-28,B,G
13eb5e04-d3ab-4f49-80f7-065c09dd7087,2023-12-31,F,M
150abe40-2b8f-4fa9-9679-cd65f805d375,2024-05-03,D,D
1564a8cd-46cc-4f53-bff3-105f023f0a6c,2023-06-29,D,D
1b1a9f07-066a-4174-82f3-5825e511c558,2021-09-25,B,B
1b7ceed0-b705-4197-8771-24bcb7196bef,2023-09-28,C,O
1c928b15-2b63-42d2-9ce3-7ba4a93d50c7,2021-12-04,B,B
1e42f3a0-60f4-4592-b893-d26c4dfb61cd,2022-08-18,G,M
1e807bc9-b0f4-408a-89fb-027a34e00ea1,2024-10-31,B,M
20eb2ccc-6476-42a1-85e9-89ed9a3e43a8,2022-09-21,D,G
2313c140-95a5-4863-8828-01e5ddca1f69,2022-07-28,M,M
24ce4952-4d46-4149-8af6-7a3b029a9ee8,2024-12-10,M,M
2667bba5-0ff5-4adf-86dd-1e2c45d78aae,2022-09-02,C,M
290c7e55-37b0-415d-adab-8d97ef0d2dcf,2020-06-15,B,B
2930a1ef-09b7-4ad9-9b1b-38244a467b7a,2024-12-12,C,O
29e15988-0ab5-4889-97ed-9eb9a4f975dd,2022-05-20,M,M
2cbba19c-d681-4b21-9f5a-17aee4119e57,2022-10-12,B,O
30d7b75d-2657-4e05-abfa-9a712093aa02,2024-09-18,C,D
33f351f1-3320-4fd0-8ac7-72a170830016,2025-03-02,M,M
340415b6-9bcd-4b7e-969f-8bfc6356a05d,2023-12-29,E,E
344117a2-3772-4742-864e-64de273dc756,2021-12-11,G,M
372ff683-7325-452a-84ec-769f727de4f3,2022-07-07,M,M
3878d1b8-7ab1-4a86-89ea-fd73707a35d9,2023-03-26,C,C
38ba0c5a-ca2c-40ff-bc2f-d6d1ebe0ac2a,2024-05-24,E,E
38c94d3b-c2b4-4862-a225-ff9be8314205,2023-03-31,M,M
3acab4e7-fdf4-40fb-b997-793a0a8bc1cd,2024-01-22,A,C
435e81f7-bd50-4415-ab3d-0a61201cb73a,2022-10-31,E,E
48713fbd-ff00-44b6-ae2c-32eb8df4b221,2022-05-11,M,M
4a070ce7-6207-42db-94c2-4f713898bede,2023-03-20,B,D
4c45c319-6bcf-4199-b1ac-9d2403a3409a,2022-06-01,M,M
4c85191b-74bb-46b0-afdc-402903638ac6,2022-03-07,M,M
4ef032a8-6f0a-4e3c-ac4b-c49d88688f85,2023-02-01,F,M
5213224b-8a11-488f-a00b-0854fb6ecdc7,2022-11-14,C,M
55736989-4e26-4c31-805c-abb04db8bc62,2024-02-28,M,M
5685181f-e773-4edd-826c-b94d71f94dcb,2023-05-18,D,M
5b52edb3-5120-4ceb-9cb4-0ccf7db4aef4,2021-06-11,G,G
628a23c8-ca44-404e-8d61-4d6441f2a080,2024-07-31,D,M
6326e346-ae85-46ef-b5ee-5fda82a5f41a,2023-05-26,M,M
66461d35-a13d-4dd6-96b1-7a1af627c39f,2023-05-15,M,M
6855f2e7-d461-4b96-8669-5b338d897856,2024-02-18,F,G
6b0b687e-5c63-40fa-a847-543db6b8645b,2024-08-24,C,E
6d2a4d72-29d8-46ff-b315-83ed1e5b447b,2024-10-28,N,N
6ec30293-7c89-46ed-9a20-d61a48bb1fe9,2023-11-21,D,D
72abb85f-0cce-4c60-a5ed-630068b3f240,2022-06-04,E,M
7ab7782a-cccf-4450-bcb3-c0a8257a1b91,2016-12-10,G,G
7bd2b347-6a41-47ae-ada0-1194e390fdfb,2019-01-22,D,D
7ee363b9-b35b-4f57-88e0-af02ba2a0b0f,2023-06-29,D,F
8055130a-eb94-40a3-b2f6-bf291e30c4c7,2021-09-02,D,O
8152ec78-81db-4820-9e98-6e5044eef2a4,2024-04-08,B,B
853c2a0a-762e-4e4b-844b-fa6ffe7362c8,2024-05-24,D,D
8abb62bb-5be0-4523-b113-16ee6448abe0,2017-07-17,F,F
8b4c09c6-fb14-4938-8701-45080aabadef,2024-10-07,O,O
8c629d83-d2b3-49fb-b16c-94d642a43584,2017-09-25,E,E
8f11bf19-6ebc-4f41-8d32-9730c1f6be84,2022-04-23,M,M
91e158dc-0519-493a-87e7-de00eeb850d7,2022-11-20,B,M
93c2ff2d-abde-4ce0-acd4-aadb49757616,2024-01-15,F,G
9630e4de-c749-4b27-9e42-0818f9fe368a,2022-05-20,E,E
96bd0844-71f6-4d57-a53d-e271a0562f6a,2022-05-05,D,M
97628bdc-bfea-4f51-9207-e0c995d76935,2017-12-22,B,B
9a8c5a86-1d91-4145-a1ff-f03b4c7a7832,2023-01-06,F,M
9ae0949d-7dd8-477a-ac29-81dac138b8b6,2022-09-24,F,F
9f34d102-450d-47dc-ba61-bcb8caa714f3,2023-09-21,D,D
a01d8d02-13e8-4668-8c09-09354b21b4d1,2022-08-23,M,M
a1bbe267-81d5-49e3-95f9-f6f5138ee87a,2024-04-03,B,O
a57255ea-6fc3-4d7d-a23c-2005b3e9fa06,2024-08-01,O,P
a6bc0942-f886-4971-8f45-51fab8ed1ae8,2024-05-23,F,F
a8379404-4ab4-4607-968b-5f418e092f5d,2023-06-11,M,M
a9c0ede6-fd75-44db-ad63-3231199a417a,2024-05-24,E,E
af679e67-4016-4377-9c48-1df376b3c57f,2024-06-01,A,B
afe4d77e-9405-46b3-942a-ddd1a24d0f92,2023-10-15,M,P
b1882e72-576a-4f25-8d07-044b76cf1f87,2021-07-01,M,M
b2898fb0-0756-4bb1-99a5-5258cf6c860e,2022-11-03,F,M
b52cf672-97c3-4272-82a9-99b0061c14a9,2021-11-29,M,M
b540101f-1bcc-4002-a3ed-803f345ad483,2024-01-17,B,C
b61b3ea8-6039-4c9f-90fb-804e4b67d9b0,2022-04-13,M,M
bd4434da-13a8-4363-9959-d585949c99bd,2023-03-30,M,M
c505ab56-a796-4c16-9925-ea10ccd460cb,2019-09-04,E,M
c653ae1a-eeac-4a84-91c7-5b143139fddc,2023-01-29,M,M
c8cce0ec-5dbb-496c-bf7a-a60745e056b5,2024-06-07,A,M
c9c05d7b-6d98-458d-8daf-62e6c4e980ad,2021-12-29,M,M
ca0ded07-f496-4f8e-9857-8f13c743a674,2018-05-08,B,B
cd4e831c-af8b-4aea-b719-4c188683ea30,2024-07-31,C,M
ceda00f8-5a3c-4732-b1d8-f28ecdfcd8c2,2025-07-16,B,O
cf1b146c-5209-4eab-9445-5bf514c776fc,2022-02-16,C,C
cfc0ad09-c5a5-4503-9422-981f0af955dd,2022-11-24,C,M
d0ae4cdf-cf29-4f22-a946-c76539b02c3d,2023-12-25,F,M
d10a8408-d0ad-47cd-89e8-358a981a0d86,2019-07-08,B,B
d273557f-869d-4c8f-b6af-7c5da1c871e9,2022-06-04,C,M
d5f1630a-d8db-44cc-9619-6f3974daa12f,2018-09-06,B,B
d694deda-37da-4665-9ab3-387a6c62eacd,2019-07-18,D,F
da3522a7-f57f-41f2-a037-d922b85d3fc2,2023-01-17,D,M
da69159e-4c1e-4a4b-8efd-2c32f4c4b954,2024-02-05,A,A
e01393c0-339e-4a62-9ee3-c955aaa5e3af,2023-05-29,C,D
e27beef4-43c9-4e38-9dff-373a6065156c,2021-08-16,G,M
e3481845-2b50-4df8-8c62-b65519845499,2024-03-13,G,G
e427a194-75ad-439a-b47b-048f8d6c4ad5,2022-12-01,M,O
e4c10755-4b65-48bc-89c9-206c0b82640f,2021-12-11,F,F
e73e07e7-9681-4cab-bb48-598a65f138e8,2024-05-24,D,D
ea5cbbef-b50e-430d-870c-438a0da94032,2023-02-02,F,F
ea885648-daf3-4101-8f9e-ea8248e0eaf4,2023-03-17,M,P
eb768b51-8e78-4558-8748-6babc43b58bc,2024-08-01,M,M
ec975881-c38a-4449-a86d-167a711664ce,2019-07-08,F,M
ed890d2a-cc87-4532-b529-9ee7d0c5ecd0,2024-10-28,B,M
edcd6be3-a54a-4929-8b79-7b26e0ff3eb1,2022-06-24,G,G
ee73ac84-9dd2-4e17-a940-a111f236a8b1,2025-01-30,B,P
f3ac1abf-4c9c-446c-9a95-1c61b34d8618,2022-06-17,C,O
f7eb07be-670d-468a-9ec0-7874971a5c1d,2023-09-23,E,G
f978df51-2a2e-48d3-a4c9-0a0356a77f50,2024-10-14,F,M
fb8d8647-b401-4dcf-8fa7-71c47a6dac93,2022-04-01,M,M
fbef7c93-3ed8-4038-8986-786ad5a6cd48,2022-06-04,F,F
024afe97-adc0-4e8b-aa47-c99359533e6c,2022-05-05,D,D
0250ac65-b56d-4124-8e41-33f4a360049c,2023-07-20,C,M
027a7db7-aebb-4e48-b243-2fbde0904470,2022-02-27,C,C
0368c1a5-0cc9-4c68-9c0c-086eb04a75d3,2022-01-31,B,C
04aab2ff-4bbb-412d-8105-5eb1266e4e7d,2020-02-25,C,C
059c5d18-757d-4e10-9805-c2a5cfa4818e,2024-01-20,D,M
05b93c3a-0248-4590-8b07-351fa3cc8eed,2024-05-23,E,E
077fa30a-b46b-49b8-94b7-1848668348b6,2023-03-03,P,P
07f3da9f-dec6-49cd-9d77-6c3a792125f5,2023-12-22,O,O
086cf1b2-d856-46d5-991e-f22d61bff6d8,2018-01-10,D,E
088753ff-82e8-412e-a04c-77ecb9938eab,2022-02-16,F,F
08a8606a-3608-47a8-8524-4caac2dcea99,2024-04-16,M,M
097a2bd4-2452-49dd-bfc0-2fb483dd492a,2023-07-01,E,G
09def376-c3f6-4e59-8eee-6b7def203926,2021-12-11,M,M
0c019047-f8a6-48e5-920b-3eac86a0ac55,2023-03-02,E,M
0f2595fb-e455-4f10-96dc-3bb2151b9136,2023-03-06,M,M
16ddd6ff-a105-44ed-aa4c-013bcff88ffa,2022-06-04,C,M
1999860a-e41d-4dd0-8cb0-8cdc854a98da,2022-06-16,F,F
1b18a2f7-9614-438c-9eee-aa3ac4fbd12f,2022-11-02,M,M
1c0c7527-6d70-4ba7-993b-47d4683ab4c6,2021-12-02,M,M
1d3b9523-49e8-496d-b89a-52bce2dc7588,2024-07-03,E,E
1d5c76b8-cc81-4108-aa9a-bbf12098ec11,2023-02-08,D,D
1e66d0a7-223a-45df-a64d-3b4735c4623e,2018-11-23,E,E
1f8f5a3f-a4cd-4820-8578-0c3e223a7a2b,2023-06-30,C,M
20d5c250-031e-4d5e-bfd9-f30ecaf6bb60,2023-03-27,C,C
22df7da8-c914-436b-877c-d4dbb2311d6b,2023-12-29,C,M
24a6864d-64db-4290-8b6c-e2c1677c4211,2022-06-30,D,D
2699bd7a-8729-4cc0-b86c-53a0d354ea20,2021-12-02,F,M
277cad96-c676-4c6c-8985-558df26ea373,2019-07-22,B,B
2891b801-c418-426e-8e20-8a4e5551aade,2020-10-24,E,M
2b86b6ee-3344-4519-91d3-e0e99b1127d8,2024-03-25,F,M
2cc0bd10-c5ef-4028-90bb-5e91959e85c9,2023-06-24,A,A
2d5c4179-3c6d-403f-baab-94430b9d346b,2022-08-01,M,M
2ead1a39-e092-4abb-9bfd-eb79a28a5651,2024-06-02,E,E
32eded52-9018-4fe1-8dd8-b5d874317acd,2020-11-25,D,D
353eaf74-fc68-4b3e-8eab-293e08f6fe0f,2019-08-19,B,B
375905cd-1cfd-4004-a75a-9eb60127f631,2023-12-11,E,E
3764a77f-73fc-479f-aea1-681e956f15d4,2022-11-01,D,D
3770bd85-b873-438a-8ec2-4f8560b92483,2025-01-02,M,M
38e52a23-8b41-4346-9592-56b589e07fc6,2023-01-30,O,O
39fcf414-766a-4632-9247-32705a0d65c2,2022-11-11,C,C
3b0593d5-765c-4df8-8203-650974f627ac,2022-04-05,M,M
3da8feda-7410-4c7b-84a1-b98fd2855868,2024-09-27,M,M
3dd885da-de4f-4f2c-b916-1a2373fd0ea2,2025-03-17,E,M
3f5ff2fb-792c-4689-b55e-0da25d305842,2023-09-28,B,B
4174c743-1372-473f-a848-7d7bbacc5370,2022-06-05,F,F
49019561-2d6e-4b53-9b06-6a3da8df3ecc,2022-05-05,M,M
4ccc4017-b7e4-4530-9fb7-e81bb4d07b9e,2023-06-14,C,C
4f546776-4e97-4147-9cdd-f2cd2f3885a1,2024-03-04,D,D
4f5b7bf8-fd4d-44cf-b275-7eea8b1b3693,2022-06-04,F,G
4fff8b63-23d7-4339-b4c7-6288659ffabd,2022-11-19,O,O
514388c4-e6d2-49cb-8965-1ec3ca57e3a7,2024-05-14,C,M
5336e9cd-764e-42ef-afff-6e7c850648a2,2023-12-30,F,P
54105447-d8fa-41e1-913d-07b978d8e359,2024-06-02,B,M
56219c4a-49f0-44e0-b2d5-7abb77ee4e69,2021-06-07,M,M
5961f4e1-9f7c-4088-afb2-001e4ab073ef,2025-03-03,P,P
59a2d937-2bff-4692-99d8-b1695d062130,2020-08-29,E,E
5a474f3e-62ec-4fca-9f0c-5619689375f5,2024-08-20,M,M
5fe52c4e-6d47-4103-bff9-160a4150195d,2020-08-07,F,F
648241be-00cd-4509-bf3f-b8004fc8d935,2023-02-02,D,M
65e20385-0afd-4a73-a237-cdb178fa92ab,2024-05-18,D,D
671c7fe8-ec3b-43f7-8398-c339d6076bf6,2025-01-08,M,M
682fe680-a4f1-45c4-b60d-c9b8cc10f51c,2022-08-19,B,B
693f503a-f203-414a-9738-8e930d777613,2022-05-20,F,F
69a991e4-9304-4334-ab7c-92bb93d566eb,2023-03-20,M,M
6ca9dcdc-d6cf-4778-880b-0505c117d85e,2023-10-31,C,F
6e53ce56-afb0-4187-906d-e9d215920ab8,2021-11-04,A,A
710c34f8-9311-4688-ab0b-a724d5b56e01,2021-12-02,M,M
7257739f-1409-4c67-a5cd-408c8594c4ee,2022-04-11,M,M
7598027f-b13b-4b31-93ad-942d29ed9ab1,2022-04-08,G,M
780aac9e-ca9f-4b54-9d6a-370ec6a84a23,2023-01-29,G,M
7811afd2-ff64-402a-b311-caf32626870e,2023-12-29,M,M
7cfde104-8150-497d-b11f-24c09836e5ba,2024-05-24,D,D
7dfa0bd9-3527-4c61-8967-3abc2104e278,2024-03-06,D,D
8162734f-0447-400c-a134-b412c39f3b87,2018-01-10,F,F
84e34892-0b40-489f-934f-4b08ccbbf6f7,2022-11-20,M,M
85530e72-9031-4d69-a20e-468ec8276699,2021-12-02,M,M
882d3e5e-3b6b-41a4-a4e5-4c0b0569c799,2022-05-22,A,M
8968e7dd-d64c-4709-9ef9-8f161bd13395,2025-03-24,F,M
8a76f495-06aa-4f17-b7d6-2231046020e3,2021-12-11,E,E
8c369cf4-a73e-446e-bf16-d24a2cb37918,2022-08-21,G,G
8e9d95b9-28fd-441f-a65d-2a4f2a4e98d8,2022-02-16,E,E
8f92eadb-9c4b-4824-a439-62f878b3502b,2019-10-03,D,N
91eede2a-e943-442d-96f4-fa8c817699dd,2022-03-21,E,E
944b5f44-d091-4149-a59e-7c3ee19578c0,2024-10-19,M,M
94a76995-9852-4d25-9766-121e35515852,2024-05-03,C,E
9646705a-5087-4a44-a5d9-3b1d31da4d97,2021-12-02,G,G
9708f176-43e7-4b27-9c13-54d077a3ef80,2025-08-10,E,E
98025175-0399-4228-ad93-74d304d3674d,2025-03-09,E,F
99cbf23f-fd13-43dc-9f75-c81d6e7abdbc,2021-11-09,M,M
a11c36e2-ab8e-4aec-8dc0-c87657be9ab5,2022-07-06,C,C
a8239459-0d14-46e4-9137-1347b3cfb520,2021-12-02,M,P
a83e32fa-8649-4e8b-9d8e-89641218be7e,2022-09-17,D,M
b1bee744-2110-4539-8573-000e564ba079,2022-03-30,G,G
b263db94-d15a-4799-9c89-9ac2cce7bfe9,2017-07-12,C,C
b45296a3-d873-48b0-bd03-25845ceaa7f9,2024-01-20,P,P
b4dc60ea-3d06-4dee-954b-3e99af38dac0,2022-02-27,E,O
b51dfe1b-b1f7-4bec-a0ca-5487dbfbdc75,2021-08-02,N,N
b5399a08-efba-4fae-8965-c10d0587545e,2022-04-11,F,M
b6f92044-ba0d-4b57-9479-8119e5a3f945,2022-09-28,E,M
b7b58535-fc25-44ff-9055-687185c76bf5,2022-10-30,M,M
bd91ea82-6228-4e15-91cb-d66dd5a5fd27,2022-06-30,D,M
bfd08660-9a06-4db6-a302-6c7ffc1ee41f,2021-02-10,M,M
bfe22d1c-8a98-41eb-824d-2e8947240238,2023-04-23,G,G
c331c655-4a0b-4668-a9ce-905c029d2bf6,2022-01-29,M,P
c6046407-9e0d-4d3d-a534-9efc8399bba7,2023-02-26,F,G
c843ea6a-63af-4933-96ba-55148fb25a84,2022-06-30,G,G
c9a0c3d7-481f-4771-a0a3-c6a6af23aaeb,2022-06-28,E,M
cc7425c0-8e15-493a-a601-2353a972ee71,2024-05-12,F,M
cd2f0927-76f8-421b-96bb-af9a1c17f491,2019-07-08,B,P
ce1dfc72-0b06-4ef7-b6f3-dc3a843e38d2,2022-04-19,M,M
d047cac0-0a93-4f26-babe-abc651402ac2,2024-07-31,O,O
d861d037-d039-463c-b39d-14fcc6830598,2022-05-14,D,D
dcb8603f-13a1-4dc7-ad83-429a6a136982,2023-02-17,O,O
df1356a6-0207-41c2-be22-cbc9eab43535,2022-12-11,M,M
e025952d-b72e-4ecc-bd9c-221828a079ee,2025-02-27,P,P
e37bd8e4-21b0-4cce-bea4-54288d51dfab,2022-10-06,M,P
e4defa02-0f35-4be8-930e-e757bdd11f8f,2021-12-02,G,G
e5cfd19c-f77d-4a97-b7a3-39c980c3b5c1,2023-09-28,P,P
e5fe3842-f9fc-48ce-b709-28b8a64898a7,2024-04-01,M,M
e773207c-6592-4ea0-942f-f8cd536f2ac4,2024-07-08,M,M
eaf84d95-3a3d-425c-93ce-1a0b9967d723,2024-06-28,D,M
ec470e0e-600e-4672-b018-3b6aea95119c,2023-04-03,M,M
0aa0a127-3bea-4d17-88cd-a390ae178269,2022-07-07,M,M
0c0aae35-20df-49bf-b1d9-85ee320a0519,2022-03-05,E,M
0c8448bf-ca21-48ea-9ce0-e01a2ef7e346,2024-06-13,G,M
0e374111-b911-41d7-b91a-3146c00fd62e,2023-12-17,C,M
0e8ac149-aa98-46af-a305-a1aef583326f,2017-12-06,E,E
0e9a6b28-62a5-42c6-8edb-dc3350a3a645,2024-08-01,M,M
12010fd2-7157-4ec3-8206-e6469fe24a59,2022-06-04,G,M
120bad37-9364-4ebd-9bec-97b0fbaf3ad6,2025-05-04,F,F
13977f7d-6283-42eb-83df-12bd9c89ad29,2024-10-09,E,M
150c1821-458d-4889-a4a3-edf4b4809e20,2022-05-20,B,D
194e0b32-608f-4b0d-85f3-386d69589f01,2022-11-01,N,O
1aea8e01-e7fc-4a4a-ae18-37a2fc564383,2024-01-28,E,M
1dd44e9c-24cd-48a4-9a7c-fc4bd78ccc29,2022-01-06,C,C
1ee1f4a9-163f-4582-9f0d-9a62c7c7fad5,2022-02-21,C,F
2074ddd3-154f-42b1-ab26-44d26060542b,2023-07-20,E,M
2272a527-8098-430f-868c-18e071e5e836,2024-06-27,F,P
2484f00e-384c-49c7-b1ff-3e6cac04775c,2022-01-17,A,M
24f36a57-1980-4d96-90c6-dc32ea013433,2021-03-19,E,M
2a04b720-1be3-4dea-9b71-dbc78bbfd273,2023-09-28,E,M
2aeaf034-2f7c-4c06-a224-edd9acc73323,2020-10-05,C,C
2d1c22fc-7a6c-4219-87cd-7019744215ab,2024-06-28,M,M
2d8c0349-b906-4d28-bc2d-d52938bd25b7,2019-07-08,B,B
2ecac3bb-0e18-4225-b431-83f2886348e9,2020-11-16,B,B
2eee9885-71f6-4225-9c0a-07070e7044bf,2023-04-17,M,M
327135c2-b60c-4410-869d-811f9387cbb0,2022-07-04,C,C
343eaa14-4f07-4b91-9f29-1cca43a2f5fe,2023-11-12,O,O
3475e7ff-8aad-479a-bf5c-7325ae8c3c57,2022-01-09,G,G
36965d72-2c65-4632-bb40-28227d5f0ba7,2022-04-06,G,M
36ef22c3-03b2-4cd1-b424-42bf085c6459,2023-07-05,A,C
3712cebd-2110-4e69-b290-cf495e4d578e,2024-07-30,B,B
39058c73-b15e-42e9-9c05-cdfcc705760d,2022-10-30,E,E
39bd334a-80c2-44b1-a306-7f2deed5f4f4,2024-04-14,P,P
3a6c3d6e-eb4d-4ff6-b55a-a8a59af02ec2,2023-05-29,M,M
3aa77ace-bcca-4136-8cc2-9c88d752a28a,2022-04-17,D,D
3b06ebcb-04d3-41c0-86e7-a89bc62b12a8,2019-07-08,F,F
3e204bb1-abd2-4c76-b014-8ec19f0b4a5c,2022-04-25,M,M
3e6f3a3e-4d4a-437c-8950-ffa06ed91d16,2021-07-19,M,M
41a722f2-7a64-4fc7-afe7-7eafd32e3cc2,2022-05-22,D,D
4207881c-acd7-4915-bb18-75c53893548d,2023-07-25,M,M
445dd613-f9d0-42a2-ae0a-a5c659bf0ec2,2018-11-26,M,M
49fd2628-aefe-4667-a5b2-82ec93bc2b79,2022-04-26,M,P
50c60bb3-916c-489b-bddd-4bb1abfd4abd,2024-07-01,P,P
50fa8e40-5da0-426e-a4cc-96517863bbd7,2019-08-08,C,C
532af87c-62d1-479c-8966-17e5164d6f73,2023-02-07,C,D
55b6bd67-6f2d-45f4-83b1-106f2e267970,2022-03-03,F,M
59e4ef5e-bdbb-4a58-9358-07741a6833d0,2024-01-26,E,E
5b7c9562-ca18-42a1-ac68-290fbac55d6f,2024-09-09,M,M
5c82c4f4-6cd6-454f-986a-2f8fcf998b0d,2022-03-05,M,M
5ca72e3d-4e17-468f-be74-333af51e3586,2024-01-01,D,M
5de328ea-4dd7-41ed-8a73-5028ee572870,2024-10-21,E,P
5e153e1d-ba1d-4a21-b7e9-f41371b2b502,2024-05-02,C,M
6132afd3-705e-4558-944c-7c9b3cecce9e,2024-02-11,E,M
6be8ed53-990f-4fc0-a32b-d62b02845272,2024-06-23,F,F
6c62e10f-35b9-4add-bf5c-c3256a2b4e72,2022-06-04,M,M
6f5fedba-465c-4742-90d8-5d183aae62d6,2022-09-21,P,P
707ad065-78f7-4aff-bf02-578d9abe371f,2024-09-27,M,O
73b4b7df-de8a-4467-a0a7-9115931fb695,2018-01-22,E,E
74431fb7-25e6-401c-93d7-0a81bbe4f297,2023-01-05,E,G
7b989c69-ff87-4bf6-b313-dfdb32839b01,2023-08-25,D,D
7e25834d-16bb-4ab1-a195-bf077ba0aeb4,2023-02-01,D,D
7e7b519f-de64-4046-981e-5675bce670b8,2024-09-29,M,M
7f9212af-97ca-41a4-b2e1-0dd411e43c9c,2018-06-04,E,G
81cec9a2-dbea-44ea-b514-e79272c02983,2024-01-15,M,M
8400e500-b2b6-45c1-b76a-7d3df5bcac90,2024-09-03,B,C
84071e88-18b7-48ef-bd63-da0c7e18059f,2024-03-23,D,M
84dd00a1-5aec-4aff-b6b6-ad4516db9014,2022-05-13,E,O
84fb2020-d5d9-4e21-9535-79badab947c4,2021-02-16,B,E
8989e543-cb94-4d40-9949-f9c9459169ca,2024-07-16,E,M
8c167695-1935-432a-a639-34dc23d71345,2022-06-15,M,M
8c4460e0-2907-4c2c-afb9-7de1595c54cf,2022-06-04,D,E
904279d6-5fdd-4680-9c78-8e3b7cb48f3b,2017-07-24,E,M
90ca2b46-788f-47c8-b30c-5d69c2c7d0dd,2024-07-28,B,M
9194bdc9-d6a1-4ced-b9bb-888feeed1fd8,2020-07-18,G,G
926f3051-3d17-4d7b-92c6-6b7d4781225a,2024-09-29,M,M
9a47c44f-3f83-45f5-ae3e-b230fa5815ca,2024-12-09,F,F
9d082e9a-f1e6-4941-a03b-cd2805810523,2021-12-22,M,P
a0cf87f1-cb44-4813-a185-923e0e15fc53,2021-05-09,C,C
a6ba9e67-a945-4714-bd70-20844652b5ce,2022-10-27,G,G
a7941c8f-3e5a-4f17-845d-78f072b82984,2023-02-08,C,C
a7d32fae-3af4-48d2-b3b7-fc3996c58adb,2022-02-27,E,F
a85832a2-8a07-4c67-989a-e8c7969ef5e2,2024-07-05,M,M
a8a963a2-6bdb-4fe7-a5f3-145c8ac623aa,2024-10-02,G,M
ab8673ac-f9d2-4b3c-8ee1-7d6685dccbd4,2024-09-17,G,G
ac8ee196-d92a-4d5e-a6bc-a185273e59f3,2024-08-01,B,B
add1d273-c01e-4424-ab6c-9ebc84b55dcf,2024-05-27,D,M
ae182ef6-f330-46bd-9b7f-4ee0f7005947,2019-08-11,E,O
ae65bbb1-5f98-4d6c-9054-c23f4d2bcefa,2022-04-18,C,M
ae8f2fe9-6b93-4db0-8d8d-830939b32048,2023-05-29,E,E
b36fd179-ebf5-43cd-88dd-96b7258581c2,2023-03-30,C,M
b3c4c38d-78f6-4543-810b-a4506374afa5,2024-06-28,E,M
b4d79ad1-74a2-4431-8966-662a5fb4c1e5,2023-07-22,D,M
b65ba6d1-1685-4259-a15c-f4c637fe1dfd,2021-12-02,E,E
b7b79d82-05a0-4614-850c-ad4529c62caf,2022-05-11,B,E
ba3771ff-f52c-40e2-9af5-2010ae3eb42e,2023-01-06,B,B
c2954b07-cf7d-4d6a-827e-01488b5ed640,2022-05-16,F,F
c4a93ded-b612-4895-acff-19b9ddd63dd2,2018-02-21,D,D
c67cc2f9-8349-47c4-86ae-4907a8eb8cee,2019-03-02,C,C
c6d2c820-1180-42fc-a565-02fa0edb1243,2021-12-11,C,C
c7c181fe-21a6-4b19-9468-c97ea875d3c4,2024-04-13,M,M
c8f9eeaf-dde8-4ba5-8b35-70931c9e16fb,2022-02-08,D,M
c9ab21e2-d069-4a5c-872b-db79a49421f1,2022-03-05,M,M
caf5db05-1599-4515-9f50-40232cc79d51,2022-11-17,B,M
cde962d7-3a1b-46fa-889b-7cfff6b77310,2022-06-06,G,M
ceb150a6-6c0e-4fe9-a2e9-0f93732bb98b,2023-12-02,M,M
cf11c3e6-28cc-4fc5-869c-078d417d9d6d,2022-05-15,M,M
cf3dece2-8bc8-46a3-9ffc-830f7c8fe8c4,2022-03-24,M,M
d20cc9d8-310e-4bb8-991b-d43654e50244,2023-11-23,A,B
d6a7538f-cd6c-43e9-85bf-ac2e7de09037,2022-10-09,G,M
de51b068-6813-4061-84f5-fd1d382f73ce,2022-06-04,D,M
e0128282-8849-4ed7-8942-a9e474dfc970,2024-10-22,E,M
e3c0744f-74bf-4d4b-bd2f-9a5edb500b2a,2023-05-16,F,M
e78fe01d-1dd0-48df-84d3-85233e8c1a0b,2023-03-30,M,M
e83ade39-cbd1-42c7-9399-08a009f943ba,2024-05-24,D,D
e95456d3-1b9c-43d0-9d49-3382af2fce4a,2022-06-09,E,M
ebd1fa72-149f-42b3-94e7-8ca523adf8d7,2021-08-28,M,M
f1b53390-6fb5-498c-b2de-da7fb2434631,2022-03-27,D,F
f35602ed-b797-427c-8e9e-7a5b54bf133e,2023-11-08,C,M
f5d1c0ec-510f-493a-9ba1-33e53752f7ce,2022-07-20,C,C
f84b8d2d-d7c6-4637-910c-e8c041479fd8,2024-01-18,O,O
01ca3fbd-c267-4f95-8756-270e51c51acf,2024-10-03,D,D
02167493-4f65-4bab-8961-0c0228156b03,2021-11-07,M,M
09a4bd5e-0cd4-4735-bfe0-34366a6786ff,2022-11-05,F,M
0b2e7dc2-09d7-4978-8a1a-a56263f3518e,2023-07-30,C,M
0d3fa7f8-640a-4551-8d82-23ee3ecc0b29,2022-06-28,M,M
11ffcdc5-1838-4851-8b8b-fa57e8f30b03,2017-01-31,B,B
12a1e0f8-7581-4efd-b4d5-972f9a00c89b,2022-06-04,C,F
17adc0fe-d4a5-4076-a691-6c5dcb041fd1,2022-07-23,M,M
1a163eee-9b0c-4f40-8714-83e38430cc62,2024-05-24,M,M
1ea3b069-6f02-4aad-a0a5-82e5ba2b30fc,2023-02-01,A,M
1ef1e928-01f7-4587-b147-c07aa03a931f,2022-07-02,D,M
1ef214d2-cecb-4339-8d52-82bb8456582c,2023-02-27,C,C
226157d7-5b28-4246-bf52-12d6ac053499,2023-05-06,F,M
25991bd2-d4fb-494c-8710-95a1ea0b160c,2024-08-28,F,F
26513f35-3ee7-4d91-807c-c2ba6882a0cf,2022-06-26,M,M
27a72270-0d73-49e1-9bd4-bc1e12a3723a,2021-12-02,D,D
288aee02-fd13-40f0-ad1f-a20a9d08db9c,2024-09-24,D,O
2b2515b0-7f51-45b2-9765-32b0be12c05e,2023-03-30,O,O
2f39b315-8c11-485d-a76a-069f6da1bf12,2022-12-20,E,E
2f68887e-12c2-4997-8552-f7e342a53290,2022-05-08,D,M
318693f0-13ba-4ef6-b232-9fd11d4a2f7b,2022-01-05,F,F
339927c6-1859-4482-9aa6-bdd40bcb8539,2022-09-14,B,B
3741b027-dd7f-448f-b131-fb310f395a36,2022-07-21,E,M
3755725a-fb3a-4715-ba1d-bbcef1ba54f0,2023-05-25,P,P
3be2762a-c65f-4d6a-8c43-005ddafd8917,2023-06-21,B,B
3c079231-82ed-4f30-adae-f189f4b430ee,2016-11-17,B,B
410bee9c-bbf7-42f7-8f17-e7804f02cb76,2022-03-05,D,M
488deaed-67ac-4317-9f6d-ea4923b81055,2022-01-24,B,E
4bfe7ffc-cf52-4c19-bb94-d9cc785c1ad3,2023-11-30,F,F
51a3f545-c864-44c0-bea3-fc0e0f4f87e6,2020-09-02,E,E
58930a4a-1348-4214-820e-8eed31c09eeb,2021-11-06,F,M
5e2154fc-c835-49af-912d-b12930e3516e,2024-10-07,M,M
6022d4f8-d376-4a8b-9267-cd1cb599a1ac,2024-05-03,F,M
6110967b-77d1-486e-a4b9-79fdbd478b9d,2024-02-04,N,P
6199a291-192a-43df-b69e-b1563d6f271a,2023-08-29,B,G
61f49e5e-89ec-4735-9282-a7bb814b3755,2024-05-13,O,O
628e96fe-0afe-4292-a0e2-821f24ce9a30,2024-06-28,F,M
635372d8-81b5-4d7e-b1dd-e2b502efa06e,2023-02-02,E,E
647fa14f-1ab7-4a1b-8d4e-65dc3976c93e,2022-06-01,D,M
674b22c2-320d-44cb-8251-a64428f70468,2023-10-15,M,M
688aab98-9f7b-43d8-8694-95414d63c03f,2024-02-06,B,B
69b14bae-c8e3-407e-9d24-40aa67a0e980,2024-05-23,G,G
6b8fe24e-7917-4de9-b8c0-c7fc32a46f3c,2024-04-07,D,M
6ecd9da3-2297-4195-9431-031f52cb979c,2023-12-29,C,M
7111e81e-54a0-4988-9edb-a11f170e8fc1,2024-05-14,F,M
7300d946-58d2-4e71-9fd4-7c09a252c340,2021-12-02,G,G
74561cc8-56d4-4e41-91f9-fbf1bbea7116,2023-03-30,M,M
74cfa58c-314b-4aa7-b4a4-4f3f0b394faf,2022-04-16,M,M
7fdbf4f9-a1b1-4417-bf1c-344e85b44e7d,2022-08-13,F,F
7feb478a-9284-4cc1-a09a-aa61c7d3c54b,2022-03-04,D,G
82c17094-f42b-4841-b70a-218a8dbc507e,2021-11-29,M,M
83d67f0e-30bf-49c0-aebd-2f9d20ee747b,2019-07-08,E,E
8491af02-a765-4534-b65e-641cb2d60426,2022-07-07,M,M
85f63adc-aea5-4d90-8a70-d59c202e28af,2024-10-05,A,E
86157f56-a1d4-4772-a5b6-2d7808d5cb78,2022-06-01,D,D
861d379a-f09c-4a87-95bc-2558b5145c1a,2023-03-15,C,M
8822a914-0c60-412d-8ea1-2f67bd6fcbd1,2024-07-31,C,C
8822f508-f36b-48e2-9fe9-29b1218ce1a9,2023-08-31,O,O
898e80de-a7d4-4f21-bbf6-abc6fbf0550e,2023-11-12,C,M
8d01911a-dbdc-4c34-84dd-6f270ff34229,2023-03-30,D,G
8e9a80a4-1f5e-4aac-906d-6a301432508f,2021-11-27,M,M
8f0fda2d-2067-4e31-ba5e-93d2badf3d6d,2022-09-27,C,M
8ff7bb4b-e82b-4f4e-8adc-01462489264e,2024-07-31,O,O
90eb31d5-a81d-4b1a-ac96-92608f90d4ad,2019-07-17,N,N
92360fdd-b8ee-48de-8566-6da61c61f7dc,2024-06-04,B,F
936dcbc3-cdbc-4e1c-8283-d4aafb544ac9,2022-06-04,M,M
94768626-8356-4c97-8322-e672b8b41d60,2023-02-10,F,F
99032e2d-1a68-4da7-9c99-6126c75c2805,2017-11-13,D,D
9b0d572c-a456-4444-a64f-7d92a4f9ca4b,2024-01-11,C,M
a1f5591a-c6a7-4898-b7d0-3ebe4fa86bd0,2023-02-01,F,F
a2673a1a-759b-4b2f-98d4-d7a3be54ca91,2019-07-08,E,E
a347a622-5a40-451f-a9c3-8ec934663b2f,2022-06-04,M,M
a4bf69c0-f97a-421d-9741-e8212fa5d28a,2024-05-24,G,G
a859df6e-ef48-45cf-a038-ecf46a4b001c,2023-01-29,M,M
ab9d22e6-f4e4-4210-b6bd-8814df28ee20,2021-12-11,D,G
af915264-3334-4adb-849c-1145abf953d1,2023-05-29,P,P
b6e017af-92a5-48ef-a5c6-f9ee82558fa5,2018-04-16,F,F
b9d95f9c-6861-497f-9b37-af8e90354b3d,2022-07-17,M,M
bad61cf9-f851-4e6f-965d-7f42efe6d135,2024-02-15,M,M
bf02e7d6-f972-4416-81a0-acfdbb494f26,2021-12-11,C,G
bf12fd47-f255-48b0-aad5-1dcaccab888d,2023-02-01,E,E
c33d7822-5777-4a1b-929f-9e259f691ebd,2022-12-29,G,M
c4af5e95-b205-4475-9934-4ba2fa67e61e,2022-05-11,E,E
c4f5c1eb-da17-4c38-88eb-06f187411e67,2023-05-01,F,F
c54c7a5b-07da-493a-8976-7ff9fdf8e028,2024-10-09,C,C
c64feab8-c705-40a0-a1b9-96e6c49d82d6,2023-01-03,M,M
c69dfb67-dad1-4381-b2af-1c7c8da644ec,2023-03-30,E,F
c6e1de7f-36f7-48c8-b12e-3f6ebf35815b,2024-05-24,B,B
ca23d657-d1c3-4670-b259-7ec2b5fd7d50,2025-03-23,M,M
ce10b0df-8887-46f7-bdfb-c4ec05361484,2023-12-18,E,M
d0d0c3c1-d1f8-4fc1-bcb3-4e8d11261d34,2019-09-09,E,E
d109c11d-c07c-4223-9939-3ac9b25f399d,2022-04-04,M,M
d16974c2-86cc-4fe3-9e0f-276167f0f1e7,2023-05-29,E,M
d41b9c96-260e-4ff3-9b48-33463fa01b69,2024-01-29,M,M
d9c2d16a-9033-4b9b-ae16-f584b9bd982d,2023-04-18,O,O
daed826e-36da-4cd7-bfcb-73f67a96921e,2022-10-07,G,G
dcfa43f7-df09-4f9d-878d-13f9383f0e08,2024-01-30,B,B
dea0a871-02c3-4e55-9dc8-154e3f184203,2023-12-10,A,B
dea25b99-8f1c-4857-b0ed-0cf2aa10ff12,2025-05-14,D,D
df913354-98dc-420a-b072-e3be7fea0e60,2022-11-12,F,F
e02334a8-8470-4ee0-a327-d214c2aa0889,2025-07-03,D,D
e35b146a-3a73-4098-9eed-524d1739b220,2024-05-24,B,B
e6703270-5c67-40d7-bac1-69957fd8a4a9,2018-12-03,G,M
e73cbdb3-e71b-4e40-8faa-efa135354a87,2022-08-23,M,M
ea9034b1-13dc-4a6e-b462-79e9c93e4c24,2024-07-15,E,M
eaf461a8-0b0c-4989-ba74-22eb953f83ca,2023-01-06,M,M
ee0f51e1-6335-4e84-ab67-fb8eba12a6e5,2022-06-04,D,M
f05d391a-8f3f-48aa-b265-0f86aab09b51,2022-12-28,G,M
f15aa135-b644-441c-8315-2b4e69bf2a4c,2022-06-04,B,B
f2c613bb-0b2e-4999-b3f9-f322f0dd3086,2024-04-04,C,C
f2eb7006-859a-406d-95f1-b1697e5ccd57,2022-11-12,M,M
f4a18cb3-9422-45c1-b410-a86bed0efdcd,2022-03-05,D,M
f4d231f1-32e4-4712-8180-5fc80fff3311,2024-07-22,M,O
f4e4429b-8925-4a1d-ba56-2aba6b1f7884,2022-11-02,M,M
fa9f1c89-fdae-47e5-b9d3-70e1e05ef841,2022-09-04,C,M
faf207de-3aa8-446c-bbf5-74385af7d7e3,2023-03-21,C,D
fc8c9a95-7875-4105-ac60-79afd94e1086,2024-02-05,M,M
fe2101eb-960f-4505-84c2-553907ba08c6,2022-10-13,B,M
01a58b07-8362-4416-9f38-0b0488633919,2024-09-30,M,M
0250d349-5c7f-44a3-8603-3746f3cc641b,2022-10-16,G,G
0296a89f-6e4d-44a1-a4af-2939f0471807,2023-01-03,G,M
04dcf1e5-f8ed-437b-a408-4261c23e2ac2,2018-06-12,M,O
09ca3f1f-f706-49d5-8b2a-004f36399026,2017-10-15,C,C
0b1a32d1-635b-4e3c-b408-5d8ca539a5fa,2023-03-15,B,E
1180fc6e-01e7-435f-a1c8-80c1e715683f,2022-01-17,G,G
134ef80c-fa91-47c6-b1ca-c258bdffb1a5,2022-05-23,G,G
141b8490-93ae-4342-b9db-40a0df356b06,2022-07-25,M,M
14dac4f3-0584-4806-bc47-4ad75ff5ccc7,2024-02-08,O,O
1505bc75-a860-4f28-a553-7199654e25e9,2022-11-02,M,M
1534ca39-b557-442b-98dd-6a3aaec21421,2021-09-10,F,M
1657f2a3-6c33-42fa-9026-b67428b53fb0,2022-03-25,D,M
1776a3af-4dcf-47ef-9b77-8aef1df55b7a,2024-07-31,E,M
1c4a5f33-ddc2-4b6b-8f25-6ac6db1cb634,2018-04-17,E,E
250d7cf0-b50a-48df-bdd9-c19f806682b6,2024-03-30,O,P
26475718-bf89-4efe-91d8-33574d843e1a,2023-12-09,F,F
26f53700-8520-4aab-ab7e-436dd1abd5dc,2023-10-31,B,P
26fdea73-bc65-4bfb-8495-cd695ad93173,2024-01-31,F,G
2cda3019-2a62-4b7d-bf52-b0bfa2d5f631,2024-05-04,G,M
2d52a73b-d41d-4045-a776-120ecab0b165,2023-12-09,E,F
2f741708-1536-459f-9459-c8e08a0295a0,2024-09-27,G,G
30c92b34-548c-43c2-87de-ac59987d996e,2025-02-27,A,A
3266ce6e-e1ac-4e1a-86aa-546bb3f174b5,2022-11-02,F,F
33387103-2a1b-4175-a13b-0ff9fe0683dd,2023-01-29,F,M
35bd9599-e190-446f-a698-0369820be105,2022-01-31,D,D
3949123b-1c6a-47bf-93d5-0b1de5b755e5,2023-10-16,F,F
39c4fd26-2525-433d-9fbc-a46493c12221,2022-10-09,G,G
3b4efe71-f494-40db-928a-e5c5fde0fdc1,2021-04-26,D,D
409b2147-3536-4917-9267-e2fc9a39a6e2,2024-01-16,F,M
40da723e-993a-474b-bb6b-4797503c5557,2024-05-03,O,O
4370c553-15fb-4b28-911e-0e7ffa297fe2,2024-04-08,B,E
469f15e5-e48f-4165-9404-5051a7223eaa,2022-05-16,M,M
47cd0c50-b3a9-474e-adad-65ae0e6e7596,2022-09-02,D,M
4dbb4cf1-6f37-4e30-bad9-a9d3d3719358,2022-02-20,E,E
4fb8e0a0-cd33-482a-a104-f104d6eedba5,2023-04-12,G,G
507a0596-f2af-45d1-800e-d85493cd2136,2023-02-03,F,M
50fc2762-54d5-44d9-ab50-1e6e133cb2ce,2017-12-11,G,M
555b6543-e4b3-4b28-b2eb-28be24c11923,2022-04-05,M,M
57cdc111-bda4-4253-b30b-bef7380b4735,2024-12-23,M,M
57db106b-a66b-449f-ab9b-3959e36ad05c,2024-01-11,M,M
58614317-5098-4bc4-bf4a-854661c98c79,2017-10-31,F,F
5ba1f72a-ac5b-4e43-b900-0ea08aea9718,2024-05-29,O,O
5d9caac9-bc8d-4fbb-bf46-447690f232ed,2023-01-31,G,G
5f202e61-4bab-4cd2-8a34-68feab4dede4,2024-08-01,O,O
63be2e0d-5b5e-44d6-ab4e-e66d7c3fa406,2022-12-28,M,M
64009667-0899-4932-ba18-42ecf6c157df,2023-03-26,D,P
65147918-6fe5-495b-ba13-ac5c8830f29e,2021-03-06,D,D
65cba6e5-2d6c-4b88-9aeb-d2cd68e09397,2022-11-02,F,G
67f0a606-7b5a-400c-b13a-2e52416dc7b7,2021-11-22,C,E
6df8c4cc-4a22-4985-973d-dc3c8d3a7c85,2024-07-29,M,M
701621d0-ef12-453c-96d3-fb291ae1e3c5,2022-06-18,M,M
70e827f5-ecd6-40f9-badd-f414a197f1c8,2023-07-05,E,M
711e548c-1bc1-4218-90c7-a891878f4e6e,2023-10-16,D,D
71b54da8-1e76-4b8c-93ad-9a168dcd2add,2023-09-11,G,M
72e9b299-4a57-482c-9fea-2d2b5e535e85,2022-08-14,E,M
74143dac-803e-4482-a071-4dc2a77283f8,2019-07-08,F,F
74906383-829e-4dc6-81a3-6b3a66d56c3a,2025-01-24,B,B
76d657ac-c1a3-4e5e-8491-6506782c8e63,2022-12-14,E,F
778381bb-9acc-4faa-a182-4c2842b7c395,2022-12-18,C,F
7e8bb797-cf72-4a88-9666-48ec8728f693,2024-01-30,O,O
7f6f2a46-730e-473f-8475-80d98f1e243a,2016-12-27,G,G
802855db-3f2a-43db-8ed7-e1c03f838863,2022-10-03,B,O
816d4ad0-e155-40a2-ac44-f9f5150ba38b,2022-12-25,E,E
81b8edf5-2ae8-4144-8883-fc615df53147,2017-03-06,E,E
82dee9c0-8434-4308-8d0c-40eaf69a9319,2025-04-25,E,M
863c3688-ae42-44ed-b6f5-75916363da03,2023-08-01,C,O
86f6830f-8a49-42bb-ab59-a6b1e78b894c,2024-05-29,M,M
8a914ab3-95a6-4577-94d1-31fd3ee239e6,2022-02-27,G,M
8c10d68f-61fd-48c8-8daf-1693be0c4896,2023-02-01,E,E
8f0e06f3-7cd5-41cf-85a5-b85eef99b133,2020-08-17,C,C
91c99aa3-2795-4122-8a98-2b6d96cfcf69,2024-05-24,M,M
9360e588-6942-4f83-a755-76a669d7d933,2021-07-02,M,M
9366f1d5-4208-4389-a90a-ad6fdf832279,2024-01-16,F,F
961bb9aa-a700-4bbf-b5d6-a992a8e70ade,2023-06-29,M,M
97b0b55c-cfec-4b5f-affe-ce6b0fbddc4c,2024-07-10,C,M
98f76a3d-9ca4-44f9-919d-f44d2beb339c,2022-03-05,B,O
9942e634-4354-4be9-9acd-6535d764d909,2024-05-23,E,E
9a71931b-564d-4cdc-9bcd-d10396df69a5,2022-01-16,C,M
9b9bb291-5659-42bd-a4a9-51d33fc5d79d,2023-05-29,F,F
a081c381-7705-4fae-b239-eab9a4a3a7ae,2024-05-24,M,M
a0d02732-509d-4ea5-9fbd-242b6e8e2deb,2018-07-22,D,D
a2584dec-f158-45a3-a1d1-2b7d4b32d208,2024-07-29,F,F
a269078e-18fb-43b4-8ce1-ca4516910cb3,2023-06-16,E,P
a2d33cdd-e7bf-4285-a7e3-f23b3c8ff44e,2022-09-27,M,M
a37958bf-ecef-4d99-8030-e1604579e6cb,2024-07-31,D,M
a4943fb8-fe39-4a47-9c01-f5edaed73bb0,2024-05-21,G,G
a5aa66e5-8bc6-4259-bd64-da509b9957e4,2023-06-17,C,M
a8e3b965-e45f-4c66-87b1-d0b65b0341c4,2024-05-23,M,M
af5cdd77-8625-4f02-8ca0-3a2a8c205011,2022-02-20,M,P
b3250c5b-a253-4663-a32e-f59b4dc4006a,2023-12-29,M,M
b4122d08-f127-4081-b3d8-99f9488e5940,2022-02-14,E,E
b4efecc9-87c9-4789-a55d-bdfe57ee5557,2024-03-05,P,P
b5f18d8a-e335-48c9-bcb7-64e9051af66a,2019-06-04,C,C
bb3408a2-90c6-4d4c-8980-21f372212ac5,2019-08-26,M,O
bb9f8f41-3109-4367-b3de-d9ad9af0e4ac,2022-08-20,C,D
c02061e8-498b-4b8a-8b9f-76e2eb352dae,2022-04-12,M,M
c0912d6b-9b36-48ef-bd32-1f2e7b8c26ab,2023-12-29,M,M
cc8a3b8a-2b6c-49ef-ae26-3f64ffff5380,2022-12-28,D,O
d3bf6700-d1c7-44c0-8a04-6b2548ee974b,2024-01-23,B,P
d5455bc1-a12e-4a65-b795-0003320a220d,2017-08-22,C,C
d563780b-c104-4e2a-a4f0-722ff8c9b3a6,2024-08-28,G,P
d56955a6-2fb1-47a0-9ec2-b4f1ea6081e8,2024-04-01,C,P
da0cbf09-f7a3-404f-a1cf-f91fda5c35a9,2022-05-27,M,M
df30e43d-503d-4944-8c29-8e088f0bf672,2022-10-10,G,M
e8b99306-a2e5-4fa0-947a-8edfff0b8d7e,2019-07-08,O,O
e8d33f16-e10d-4161-b68f-af1e85ef34fa,2022-08-14,G,M
e9001463-e91f-4591-b9f9-4587631c3c56,2022-07-30,M,M
e9cbd393-a37f-41db-a241-12ec8c8fbf24,2022-11-02,C,C
ee206a29-cbd9-4935-ad5a-fb0f0655e926,2023-02-01,C,C
eee5a798-d29e-4032-80c9-e463fc5bbb30,2023-10-30,D,D
efb86b9b-1f8d-4aa4-9ce4-f108fb496a40,2023-03-04,B,B
f3eda07a-9e3d-41bf-a97d-a6db55b74318,2023-08-05,M,P
f53c4461-8fb0-4e71-a2b8-c51eafcd3a47,2023-01-29,F,M
f726cefa-8992-4081-877c-dc0946594e23,2022-04-13,F,M
f934ab27-6131-4406-a457-79dfc957bf8d,2024-06-29,G,M
fb0bcdb2-2807-4c0a-b1bf-96cd54fd6cd6,2022-01-10,B,C
ff30116a-e4ad-4ca1-a206-1a845ec90f0c,2023-09-17,D,D
01966aab-9105-4a93-bd1d-aabbb714016b,2022-12-03,E,M
039dcdca-6d82-48e7-b88d-c5653d98bc5a,2023-10-17,M,M
0553a2d6-9e02-4e25-85ab-218df02b69fb,2023-12-19,B,B
076945ec-4554-416d-8eaa-852c66e8eb1c,2022-12-22,M,M
0950e6bc-9036-48d8-a8fd-dd43350900dd,2023-02-01,F,F
0ce1169a-3bb7-4d7a-a871-57201115def9,2022-09-28,G,M
1eb141dc-534f-48b0-a6d9-ba79f3201b28,2022-10-11,G,M
2441f55f-6fc4-404d-ad0c-92ff7c044bb9,2024-09-15,G,G
271cfa90-6f7a-4452-b641-0b631f50b3b7,2022-11-28,F,F
2bb9f043-1685-4a6e-a569-70014ef052c4,2024-01-22,P,P
2db4f240-fc5c-4bc7-94b7-aac62b1514d2,2025-02-06,A,A
2ddd1ae6-88ed-4909-b3cf-af089274e22e,2019-05-07,D,D
2e080289-3e55-4c8e-a496-02c7e303d98f,2023-07-12,C,C
2e0a470c-f79c-48da-8592-da80702dc930,2024-07-31,M,M
2ee88203-b39b-4230-88f8-44b549740844,2023-09-27,M,M
30cf9501-935e-43dc-a05e-fe0af7990aa1,2022-03-22,M,P
3400b68c-c21c-4063-b4ee-81b2ba605d3e,2022-02-28,G,G
362baab1-61c3-4936-9270-2c434dea3a34,2023-12-28,M,M
37244d23-4183-4c72-86be-83c8492bb4ea,2021-09-06,G,M
379697dd-e8c4-4a25-8a24-7c17874423ee,2024-08-26,D,O
40aeba8b-801a-48ce-81e2-9a36ac8a169b,2023-06-29,M,M
40fa1a32-d069-48ac-bef7-25ccb6c56f55,2024-01-19,G,M
439a008c-860c-476c-b4a2-7a506e20abea,2024-01-12,O,O
466b6776-0fc5-4a1c-b05e-dc275cb4eb30,2022-04-25,M,M
56ebfa63-9fd6-4b52-add5-8d784989ec95,2022-03-27,C,O
58c886a1-0997-4ae9-9d24-f6f61d4db33d,2023-08-31,G,M
5939941c-b49f-4546-bff0-fef7a9ee2eb9,2022-11-26,M,M
594924bc-cebb-4af8-b67f-5120b280fd42,2023-03-08,F,M
5a2bac2b-ec49-4820-8904-076c4380b4e5,2021-11-22,B,B
5a9a619f-8a82-4721-b3b7-2fb52fc7bfd2,2023-03-22,G,M
5ad7e737-5d5f-4295-a5c4-a8ae85fb9c56,2023-03-28,M,M
5bcc8358-0cec-4b1f-9719-fd168f2d4ae4,2022-07-25,M,M
5ceb1514-d9f9-43d2-9cc9-322ff7bf490d,2020-10-24,D,D
5ec856de-81c5-4d93-888e-3ba81e65cd58,2022-02-10,G,P
6045b626-b1a5-4e39-9670-76de803e5faf,2023-04-17,C,M
60f46bd0-c491-4084-9a36-a3d53e9ce952,2020-11-29,M,M
628992e3-f9a8-42ff-8e87-90c02348ae7e,2017-01-18,B,B
68ee33bc-36ed-4db1-a15a-f6b05882b436,2024-06-28,F,F
6b234659-33dc-4c0e-852d-7f70537018b0,2024-01-31,E,M
6e9991be-18ba-4de8-ac7a-a0b595ebc5b7,2022-09-16,D,D
6f3da9ad-4291-4f6c-9750-05c565faa254,2021-12-02,M,M
70923306-1779-475a-8809-30869b4d1eb8,2023-09-16,C,M
73169cdb-ebf2-492f-b947-5193b45fdf07,2022-12-22,C,M
758811b2-1e2e-4a81-ab1b-dd65ea606c8f,2024-09-27,N,N
75c461d8-75f6-4580-a3ae-cae169d888c6,2024-05-24,M,M
7694b370-5da3-40c2-aaca-b032048c5ca0,2019-10-11,E,E
779ac0de-8b52-4a76-b1ba-a05f756ad0d2,2021-10-05,B,F
7c8b4f6b-f44d-4a54-8ce6-bad28776a37b,2022-08-19,C,C
7ce9abb9-a0f0-4836-b3b9-3a42a88e5183,2022-07-11,F,F
7f02b340-5a75-4e5e-9ccf-6c769fd724c5,2024-01-31,D,M
7fce47d2-82d7-4beb-9329-5801c7d4e815,2024-05-24,M,M
80a39e71-6291-4c0a-80ad-6b54181173b2,2022-06-04,C,C
8627c1b5-e181-4907-aec5-70659f75314b,2019-07-08,B,B
89354954-06ef-4fbf-b401-0e1b500d6a6b,2019-07-08,D,D
8a3f595d-dd31-4fe5-a0fb-1a117c005eca,2023-02-01,C,C
92a2bcc2-4383-490a-93e9-18d1cee01611,2023-01-12,E,E
93c497eb-1702-4727-91c0-e0d87614cb62,2023-04-26,D,D
9f42dccd-5ae6-4834-9f22-7d3f2df117f2,2024-09-27,E,M
a1664593-b29e-42d6-ba6f-e210f7d1dd79,2024-06-28,F,M
a5437f27-6689-4cd5-bf8d-59706c7100e5,2022-04-29,F,F
a7115ed3-ae18-4995-89ad-9a88b7f5238e,2023-09-14,F,M
a84f31df-53d4-4d4a-8817-39ab1773e6b4,2023-06-29,M,M
a9bd4eed-e53f-45b6-8ea2-3dc7375ab933,2022-01-31,E,E
abb3d1d5-467f-4da9-9eeb-a21c7624c7fd,2023-04-26,M,M
abf6a3e3-c412-4411-a275-61405ef966db,2022-08-23,G,G
ae306fc3-1c2e-4429-a331-486266fcfbee,2024-11-06,F,F
ae872b49-fb89-4ddd-bc01-e4b7c63b4a90,2022-02-22,N,N
aff49b9e-e4a1-4cb2-a9a6-a2a36a7b2a0f,2024-07-01,E,E
b3ec878c-25d4-4d1b-b7bf-ad3e918ef515,2022-08-19,F,F
b6b4a265-bd34-4f62-ae7d-e19b9ef0e3ab,2023-04-30,O,O
b7510d3d-73c7-4b17-a008-9a6fcded52b9,2024-09-27,P,P
b8cba438-9c72-4872-b250-53ca9be60635,2023-10-23,C,E
b8cc3cc9-fc6a-4b9e-9df3-e54cb565e654,2024-01-19,M,M
ba9e6e78-4023-4078-a934-7bf548d83844,2021-11-29,M,M
baf6dd4f-f1f2-4d92-8cb8-9d8aabeadb55,2022-11-06,G,G
bcf65b51-e553-4142-8283-ec73fd508425,2022-06-28,M,M
bfcc752e-0086-463f-97f3-bf7d91e99bc5,2022-07-16,M,M
c1b88d70-4825-488e-9df4-40952cf230c9,2024-06-30,F,M
c5ed00eb-c4f3-4399-ba90-7375409e0232,2023-06-15,M,N
c6d03f91-c57b-485f-b59e-a6fc4405e3e8,2022-10-11,P,P
c9ba1e85-ab17-4322-8cf3-fe734e3b9b13,2021-12-11,M,M
cd995d9a-8eb8-4bdc-b5c0-ce6d3ad05755,2024-04-04,B,P
ce2a7035-1947-4046-b6a6-3cbb8cbec257,2024-03-13,F,F
d4dc5f0d-dc63-48df-aeb0-a52ecfcd3045,2022-10-27,C,G
d82ab600-c215-44af-84c9-fa632b800f3c,2022-05-01,M,M
d83475f6-ef9b-42a6-ac17-7f23012b192e,2023-08-26,E,F
dce290ec-ee20-4cb2-95ff-5e957432ad39,2023-07-17,B,D
dea18a29-5d24-4f97-9896-6e4d483a2f5e,2023-02-27,O,O
dfbf1383-5073-46de-954d-8ce6d0f5bbd6,2023-09-28,F,F
e2d6ae01-0858-4f4a-bdbc-81ad6a35fbe8,2024-07-29,D,D
ebd4f204-1e0d-479f-8a4b-4f82322089f2,2022-06-04,M,M
ed0aa74e-ae3d-466e-9210-082c3a926ac0,2022-04-29,C,C
ef2623bd-30f4-4408-adce-392d0ef326fa,2022-08-25,D,D
f3f984cd-6fbc-4865-ba0e-422167f79730,2019-07-08,B,B
f688b87f-cc3a-4878-8c8a-5fa8ea6a1740,2023-10-31,N,N
f7439538-0716-4b6d-9610-3beb147bbac8,2022-05-26,M,M
f9369baa-4bb6-4e32-acc3-85858aca75da,2020-11-26,F,F
fad8d804-3605-4175-9755-3faa6c0a7fbd,2024-04-29,B,B
fc273508-188f-4e68-a600-1c03a6a17b28,2016-12-01,F,F
fd1eeed4-2146-43e4-8e2d-89e5d13baf7d,2024-05-14,E,M
ff58549f-c894-45a6-9ab4-4eaa4e5c95bc,2024-12-23,G,G
96d2f938-3aa3-47c3-aff7-90e0aaf16939,2024-01-22,,
f4b28a04-74fa-4aac-8df0-d09e5b05e976,2022-07-12,M,M
f9ada6a8-7e4b-4781-a454-254d3f877c84,2022-06-03,M,M
00c29e3b-c161-43f3-8adf-e17dc1611910,2025-03-20,M,O
02228187-68b9-45e0-86ef-6553cc033ed9,2022-08-13,M,M
0244855b-230d-44e5-9075-fd124f2ae893,2025-04-12,M,P
030a765b-38bc-4eea-91b4-138c1b979188,2022-11-02,F,F
03a6bdd1-2ddb-4559-ab43-e620e8d89fa4,2024-02-07,D,M
0477a56b-d307-4e87-9cb9-99a7c9d32f29,2024-11-15,B,B
0482284f-3e7e-4ad1-a686-f69f3e636254,2021-08-09,C,C
06af0284-4b16-41d4-848e-c6ad29eefbe8,2019-07-17,P,P
07c76cee-8b30-4a8a-8b0d-3615aed63884,2023-04-09,D,F
07ffa2c4-1b34-44b0-b6b9-905739d4dab3,2023-06-17,C,C
08f04947-8cd6-47e1-8f58-eac3eb2ecca9,2021-11-30,F,M
0bb1bf02-dc11-45bd-9dc4-da7579747648,2022-09-05,M,N
0d0c2fb0-0a5d-460d-aa51-85d230183920,2024-05-24,D,D
111cf726-5206-434e-841e-b52d42803468,2024-03-04,N,N
122e80e5-6cac-4cdb-b648-5aab0badebfa,2022-08-23,E,E
14dc2400-d9f6-444e-926d-0972f9c34c7c,2023-09-28,E,E
15204b05-7dc1-40ec-8d1f-7e49e54aa434,2022-06-29,M,M
19a4c999-6192-440d-aefd-4cabdd009889,2023-10-21,D,G
1b64edc0-9397-46b7-a275-7cbf9a2b8b08,2022-12-29,M,M
1be03db9-dff0-458c-ba93-ac26340ad787,2023-06-14,M,M
1c0fdd47-82eb-46d8-b367-561f374d1a36,2020-12-27,D,D
1ef088bf-7a3e-49c9-bbf2-696ae8e24550,2022-08-09,C,M
2157b6e2-2681-45a2-a7e2-de2075481429,2024-08-11,E,M
23ca41bc-8e30-4da5-913b-ea7e1444dd1f,2019-08-19,C,M
249fe706-1101-4d65-999e-e9f01dd1b200,2024-01-31,D,P
24ddb151-b168-45c7-adf3-0d416669bf05,2023-03-09,A,A
2b01f20b-40df-40eb-a83e-6abe4943cc47,2022-11-27,M,M
2b6a4f31-7a3c-4666-b0ad-ed4ffcd59e96,2024-05-16,M,M
2d4f84c4-ea35-4446-a092-f57d1fe72ab8,2021-06-28,G,G
30808ade-c368-4896-aedb-8a87bbfb2900,2022-03-22,D,M
30f743a0-ea89-4cc2-95ea-0b9c3b085259,2024-05-24,G,G
31818136-82d6-4214-a074-ab4e38a00456,2017-06-13,E,G
36bcf0f4-2fb3-4190-ab44-ebedbec33408,2022-08-24,M,M
3ae570fd-eb6c-417c-b0d8-cd4f337a05dd,2022-02-02,M,M
3be08b3a-d0d2-4bc9-bd60-cf99b6c43fa2,2022-08-25,D,D
3d3696f9-c75f-4861-b757-4bc9499f1c1b,2022-07-05,C,D
3ddf35a6-46f0-4632-947c-54b70486e65b,2023-02-01,D,M
3de9023e-f0e6-438e-8f18-16843e390df4,2024-06-14,E,E
3e382170-1549-4c72-947d-0fe8215024f5,2022-04-06,M,M
3eb8d0af-6825-49f4-99b4-82bfc4b4a352,2022-12-06,D,M
3f64e7f9-e325-4c5f-a446-d551e90a1b3d,2023-04-19,B,F
3f84d9ce-cfd2-4477-91a6-aeeb9cfd777b,2022-10-19,E,E
413d7325-544a-4598-ad27-dc864825eb8b,2024-05-24,D,P
420bc0d6-44ab-400c-91bf-55c64d595ce7,2024-01-28,N,N
42965952-6095-4cdb-a38d-1e690e7c6493,2024-04-16,B,D
45692419-be3a-4dda-bd91-31b8da9be29d,2023-04-09,M,P
468e5561-a050-4ef2-94bc-0f30d052052a,2022-09-07,D,M
46f68cfc-ab09-485b-a4e8-2252d96bcd74,2023-12-07,M,M
4768ff4c-f44b-43ca-bbd2-99a88f23601b,2022-11-04,B,B
4af113e2-6fcc-4b6e-92a5-884990632ce2,2021-11-23,D,M
54ed0fd7-3ee6-420b-89c6-5a6a46711ba9,2023-06-29,B,B
578d8cdc-58c2-4b12-8031-0341af579d9d,2024-04-16,C,G
58bf15e2-ee6a-4ef4-b5b1-098ae81562e0,2023-04-24,F,F
59ca6027-d28c-47d5-9b8b-23243b8654cc,2024-06-08,E,F
5bc7191c-0369-4c7d-a86b-5f3346873f5f,2019-10-06,E,E
5bd3e561-b21d-4caa-99c0-b467a9d37184,2022-02-09,M,M
5f93a1ea-824f-4490-9cba-e3f1c8842060,2023-01-15,E,M
609c0667-b252-47d3-b631-10470a56627e,2023-12-03,C,F
61072985-583e-4c05-b539-d62111b0d170,2022-11-28,M,M
62fafb3c-1156-46bd-8839-097dac3dc67a,2022-07-26,C,G
6915df07-4377-46b2-a502-b0f871b3ee89,2022-04-11,M,M
6a4ecd5f-3060-4d9f-8d53-4f7635b871d8,2020-05-26,F,F
6bf2f695-c209-49b1-8e3a-9776773b39aa,2023-10-24,M,M
703df361-7b64-4d08-8b60-04fe0ac4ce8a,2022-12-17,B,P
711b7b07-2bce-4a02-bf51-b34446628484,2025-01-16,M,M
74d3c273-5a78-4115-a1b9-b4898112f70f,2022-10-30,G,G
75e1d198-7e92-4e9a-ba72-0406adadac21,2022-10-10,M,M
795992eb-297e-4a6f-b1f6-d58e946cb82a,2022-03-25,M,M
7abb6519-6d8f-45e6-bd46-530ee7cbc357,2022-06-04,A,A
7c05b2ae-2d19-4c0f-8c5b-31428e4e5d94,2024-09-29,G,G
7ccb02ec-e2d8-4826-a321-4d8be7d81918,2024-10-31,C,M
7f6ae1d5-5fd0-45df-9d23-e500e822c4f4,2023-05-12,F,M
8195e883-9b84-404b-a758-2550ddeb29ae,2018-01-10,F,F
85c07463-04ca-40d2-8a6b-e9f16c25c217,2022-02-14,B,E
88da31ce-1e00-4448-b645-6668cc92fe02,2024-04-30,G,M
89fbdff4-d627-4739-8a21-8f12e392b9e6,2024-04-15,G,G
8a2fe098-78b8-448d-9f5b-bfde7c767f7b,2025-06-27,E,M
8bca61f9-e74c-4638-9f14-1517585e5a4d,2024-10-29,D,D
8c8fda55-04f9-4a97-b7b3-110a7df2610e,2024-06-06,N,N
8dabae7c-fe0a-4dcf-9a40-4c21b28313e9,2017-09-24,A,A
8ff8c16b-e9bd-45c8-843a-233cd084d5e0,2023-09-25,D,M
910a9228-804c-45b0-ae4d-54a0f57970ce,2024-05-24,C,C
93a974b2-ae26-46de-8ade-c089b7232760,2018-09-06,D,P
975cd4fe-179c-4784-8435-1812ac324a27,2023-11-25,E,M
99bf6eee-4317-4526-9458-d7281cc34e3c,2024-04-29,E,E
9d8bc4db-ee85-4e1a-a680-b28cebcb729f,2024-01-22,F,M
9f7cac1d-059a-4308-a78e-91e440762c48,2023-12-29,E,E
a4e41a8c-0c66-4188-a581-8680f5ebb5fa,2023-01-21,G,G
a5163a17-7f0c-4610-ace3-770be32f1994,2024-10-19,A,E
a7223738-8d87-4a1f-9571-951972831d07,2024-05-23,M,M
a7f5b9c1-ab3c-4d76-a404-d2415965650d,2022-06-09,C,M
a8a96385-89ca-443f-b2e1-2996a391fb52,2024-10-11,M,M
ab23a207-1978-4323-9642-9d7d3884880a,2024-02-21,M,M
ade42aaf-cba8-4225-b74d-369f8b027912,2024-03-28,E,M
af5c1869-a837-4a36-860e-bed04fcb9d49,2022-02-27,D,D
b23f1bd6-805a-44a7-a160-f851dae411f5,2021-12-11,A,D
b33b963a-a237-4883-b6b4-3835fea17d05,2018-05-21,C,C
b3b45bac-c1e4-42e8-a111-07cf0488f7d6,2023-07-30,D,M
b585275a-4df1-4ad2-9789-98f45f86d464,2024-07-31,D,E
b84b6678-9c75-4cd3-9267-5a052fe6f8e1,2024-06-08,E,G
b981d3c4-46cc-4a53-8a9c-afb20ebe39fd,2022-01-12,M,M
bb417f58-8303-4951-9f44-1c199fed11dc,2024-05-23,B,B
bb4e6cd2-a1d0-40b1-be67-7d4d9d4eea6f,2018-06-23,F,M
bcf8875b-09a3-40e2-9dc4-1eb5f3ae8936,2018-02-12,C,C
bd67a0ba-20bb-4b54-a5a3-65e8a68b615e,2024-04-18,G,G
bf2c6e1b-4e02-4752-84e5-96d45ceac62b,2023-02-05,D,M
c43cb0ec-b1bc-4d36-9188-d255837075a6,2022-06-17,D,M
c8ef05c6-c8b4-4039-9612-578026322347,2022-09-12,M,M
cb04b3f5-1978-49a5-82b6-ee8024a55af0,2022-04-01,B,P
cc362c08-ccc9-4df8-b0d1-3f7cf993bc2e,2024-11-26,B,B
cc89595a-c1dd-4eb6-ac85-c181a926d44b,2023-03-27,O,P
ceffe406-d2e2-4021-bfef-e7a78e4998ac,2022-12-12,E,G
cf62d0d7-164c-4bb3-ae3e-f40bab66c4cc,2021-07-05,F,F
cfa65fb1-372a-4f6b-94d3-4e0b06ad689f,2016-12-22,G,G
d41a4d7e-f75c-48b0-a768-ce72b9feacdd,2023-04-18,G,G
d41b30ae-903f-409a-a421-a5395878de33,2019-09-08,B,B
d59d7cb7-37a7-4745-9121-3ff703d6cacc,2024-08-01,D,M
d5fc95c2-646d-42f4-bf76-acfe3dad1d53,2021-05-04,M,M
d669cedf-c753-40f7-b9a8-fdbd3755ca54,2022-09-19,E,E
d978921a-4fe9-45c1-910d-3b4c065d3715,2024-09-08,C,C
da43f3ce-78c1-4f9f-a03d-f105894d16fd,2024-08-12,D,M
dbd808c4-ea45-473b-93fc-2600e0ac0085,2023-08-01,C,O
e1099948-6282-419d-8ad0-b1ee5edfd1e7,2021-12-11,E,F
05de5fed-5e4e-4d68-8e4d-35e65ed613a5,2022-03-05,D,D
06b22789-dc51-405d-b767-8c840d5ea780,2024-09-15,P,P
07cf4276-1076-48f9-ba78-bd6eebe5b82e,2018-01-29,M,O
084ee1f6-1bb4-418f-a7dd-b8c293cb1e63,2021-12-11,M,M
08f6c062-7fa1-49a9-91f6-5adeec5a1301,2024-05-03,D,F
099ed734-b74b-44d7-8cb7-1f0bc1c08436,2024-03-30,B,M
0bf1690f-c992-4be2-88c0-de597388e407,2022-06-01,C,E
0cb845e6-e8f2-44f7-a6c4-0c8e1684c97a,2022-12-04,M,M
104e2035-87b6-4acf-875e-7d05a500142c,2022-04-29,M,M
11bbf4a7-a1f3-4fc0-ad9c-dea606dbbb78,2021-12-11,M,M
12196dbb-3a52-4117-b0c6-ca0c2226ea62,2023-04-30,C,C
18fbdf25-ea5f-4ee8-b929-d215ae800d0a,2023-05-02,G,M
1e2f4b42-fbb6-4ced-8010-c7b48d9788dc,2022-03-05,D,D
21110a72-23ca-460c-9b59-1ae1ac7235b8,2017-03-06,E,E
221e5765-deb7-4489-b993-167b56c6450e,2018-01-25,D,D
24633b5a-392e-4eb0-a7f2-ca54f46eeb09,2022-11-26,B,E
250b97b7-21a6-4b2a-9c86-bbdc03aa6660,2022-06-28,E,M
254230a9-1cf8-4c7f-8886-23e4d82afa40,2022-10-21,E,E
27560a05-d54c-4791-8925-583b29e3a83a,2023-09-20,B,C
2b92d6a6-672c-4cf5-8e09-b2253219b1b7,2022-07-18,F,O
2c8e06ac-de93-4839-9c41-77523edbea6c,2022-03-11,D,E
3042cafe-e0d1-43e4-bd4c-84e68ebf8fe2,2023-09-28,E,E
3bd2c4a5-8c19-41fc-83a2-3bf2424307d7,2024-10-09,D,D
40893299-d32e-4812-8374-364cf058e147,2025-02-27,M,M
40897b89-cef1-4f40-a369-1160059f6c78,2022-12-13,C,M
4233c067-26eb-4632-bc01-7e9d6302770e,2025-01-18,E,M
44403590-392c-4e7b-aadd-8f6f366ca044,2023-07-20,A,A
4452a3b9-50a2-4432-8c0b-33e18887ffd4,2024-11-26,F,F
44af3698-fb19-415d-bcd4-d2c6df5ca342,2024-07-27,M,M
4621edb9-83e4-45e5-a6b8-10082acf062e,2024-01-14,C,M
462c14a5-d7df-4c18-bc77-8b1c7e2891eb,2023-10-16,D,D
46dd86af-9842-49b1-8d1d-274d756948d0,2022-11-28,E,E
48206816-88c9-4d3c-adee-7205784a2704,2022-03-04,M,P
48dd6170-e284-4bbd-987a-9f2be190284b,2021-11-17,C,M
4c37e879-24a1-48ae-b9bd-e073a5992047,2023-07-01,F,F
4e26d1f5-6c6e-4a89-8871-66fba700bb90,2017-03-06,G,G
51049eda-b5bb-475d-825b-d28cff759797,2024-05-04,B,B
522aef09-e814-429f-9712-7fd6de979962,2022-02-07,M,M
582cf7dd-ca5f-4729-8405-389c9003bb71,2024-03-17,A,C
5b680b7e-520f-4e2e-85eb-27c2bc136397,2023-05-15,M,M
5f396c63-616e-4fb5-a29f-9d2bc57a3bff,2023-09-28,G,G
637cabb2-b8af-4a3b-afcf-7b25d790b180,2019-07-08,F,M
63b472cd-1490-49fe-8450-c2925c0978e0,2024-02-12,E,E
652fa061-2152-477d-9d5c-a5d1eee18df7,2023-04-23,C,M
66aa75d5-caa4-4448-80f6-6351b74a196b,2023-02-21,M,M
695fb6ae-7bc9-46d2-8d16-582e79583cfd,2023-09-08,F,M
699e29d6-9122-4f2f-b327-e234bee1266f,2022-07-23,C,D
6ac28b7c-1c22-459f-b5eb-af6c2269e6fa,2023-05-30,O,O
6de83a2c-6085-4541-b0b1-4cc5fea32e45,2023-09-19,A,A
6ed45978-41df-49d9-9028-1c8a81c97e47,2021-04-16,C,C
70345dc5-5cea-42f9-b6d3-123eef884c31,2023-08-28,C,P
70741fbe-78d1-4fcc-b2dd-bbb4ac9c8816,2022-03-05,M,M
76073cab-b569-43f4-86f3-a9edfae30f85,2023-01-09,B,B
77110e71-5108-4ef7-91cd-a46894c6896e,2024-07-19,E,G
7d1d19a4-c020-43a4-9526-ce19f52389c4,2021-07-22,O,O
80e88ab3-8fbd-49b7-8919-8d3467cabc8d,2022-07-30,M,O
826971ec-093c-49b4-b34e-29acd17acdc5,2024-01-31,F,F
83474b46-6680-4de4-9994-af5e0f09c949,2023-11-13,C,M
835d3ae2-c7f8-40c1-b3bc-7192fb27ab8b,2018-11-24,B,P
88f8a661-395f-41bd-a82e-1ff4e6aa62db,2023-02-01,G,G
8d54fc93-6cd9-4b89-96c0-4222ce4b1700,2022-09-17,M,M
8d640124-0689-4b3d-8cba-fc4fe59fe1fa,2023-01-07,E,M
8f356a60-2d51-4528-a1b7-01f1d6b5b0a6,2019-05-06,B,M
8fdbaf8b-41cc-4b96-a6fe-1ec8d7204b81,2022-11-23,C,E
91c34355-13d9-442d-bcf3-78b9dff651ad,2022-05-25,M,M
9292652d-c93d-4629-8e6e-731055174bf9,2023-06-29,C,M
96fcc1f8-9914-4e27-9ff9-4c8b1272ea5b,2023-03-30,C,M
9701fe0c-c67e-4565-9599-33f806c09b61,2024-04-18,B,P
99bc3498-68ba-432c-a95d-c6cee3bd875d,2024-10-11,D,F
9ba4814a-b9b2-457f-a48e-16418af62ad5,2022-04-13,C,F
9f650753-86a8-4ea7-97ed-524517d7f19e,2018-02-12,D,D
a00f52a0-5342-4530-9ca5-88bddbf4cc4c,2024-01-15,O,O
a20b5994-add3-47ee-9565-e5c376e1e6cd,2024-09-27,E,M
a24f61ad-d5b8-4f65-a351-4e23b22d3dd0,2023-07-04,P,P
a5fb4c95-34ff-4e3a-a981-df424fe68090,2024-02-04,C,M
a8a9531b-9e92-4d7f-b2a6-23618fd29b94,2024-09-29,M,M
a9443bcf-3e7f-491f-b77a-196a44bb16ec,2024-05-24,E,E
ab5216a5-f2e7-4410-887f-c4f3d64c12bb,2017-06-14,F,F
af39ad11-e09a-43d2-8aa8-c9794a7ca653,2017-01-02,D,D
af9853b8-64d1-4ac3-bea1-5484524a22ae,2023-12-29,N,N
b29b472a-67f1-4f3e-acf2-47edb8b441ab,2025-01-06,P,P
b3361894-fd84-49a8-bd0e-59b5e5b7126c,2024-09-27,D,M
ba5bba89-07ab-4e63-810b-5e4e0741146b,2023-12-29,F,F
bc364219-c84f-43a5-852b-7f22efa0e250,2019-11-04,A,A
bcb3405c-b080-4422-b3a5-aecfeb46230e,2021-12-03,F,G
be04dc38-3f83-40ab-a2ab-59f196e89fa1,2023-11-27,C,M
becea6c9-e5b6-4909-869a-58e69277e0e6,2021-08-15,F,F
bfc3c301-9c12-4f27-9d00-ffd2983c4276,2017-10-16,A,E
c6c9edaf-6579-468c-a7ff-b91c65d146b8,2021-10-25,F,G
c8f3bd24-9c19-4e9b-9aa6-0ab05797cbc9,2024-05-21,B,B
cad213b2-63d0-4ceb-a259-e6b1f2a84cf3,2025-02-16,F,G
ce9e5df6-e215-41f6-a7a3-fedc9c036e4c,2023-02-01,M,M
cf2570f3-1c58-49ea-8ff0-2406d1170446,2024-05-14,G,M
d1ef87e8-caa8-415f-a9bb-cc89580e44df,2024-09-27,C,M
d85f6558-fc2e-4ea6-bec0-2f26ef66d0d7,2021-12-02,E,E
da525c5f-a6b4-4717-b511-fadae7c21df6,2018-10-15,A,A
dbca0741-a955-4458-8f74-51e59f57f7a7,2024-07-13,D,M
dd9a357b-494e-45ff-959a-a73adcb93590,2024-03-30,E,M
deb10d1d-8485-403c-ae20-ef1e2c7b81f1,2023-09-29,E,M
e0130d5b-61aa-49cb-8129-d63b98bf2014,2018-04-16,F,F
e08e9acf-2af3-4f52-a791-828ef2933d41,2024-06-17,C,P
e2a5afd4-9176-482a-aa90-b756f4964e23,2019-10-14,M,M
e2eeb361-ef89-4023-9744-d7b171853d70,2024-05-04,C,C
e502e6e6-a05b-498e-a0cc-391ebc382099,2022-08-19,F,F
e71dc01f-4a34-4eb8-89bf-8d01d2a4f231,2022-12-17,M,M
e73b98a7-701d-43c6-8dce-16e23bd2cfb0,2023-05-15,D,M
e862e028-3cff-4bf9-869b-89aad6faf8ec,2022-09-27,B,E
e9af08ae-0c9f-42e4-acb4-6f8ef0bd2ed9,2022-02-08,M,O
eb25d90f-6477-4398-a555-2821286825b2,2021-12-02,D,M
ec310159-43b8-4689-a8b2-3d50b4f8835d,2023-02-01,D,G
ef32c1d2-629b-42cb-8a44-81d64c95cd25,2023-08-29,A,A
eff1a0ee-5367-4777-b01e-2ef81c49b8ba,2023-03-31,B,O
f079355d-3cd8-4011-a765-b223d626d229,2024-07-31,C,M
f0de5f24-b481-4d8b-ba37-6250cf1a575c,2023-12-07,M,M
f26adbfe-ffb3-4e6c-85e6-6ca224d830e6,2022-09-27,C,C
f433c016-5da0-472b-85ab-8b4ac6094339,2022-12-28,B,C
fbc8b076-7690-48d6-80e9-b8a3e9dbb412,2025-04-09,E,E
fe2b46a9-3aee-4f93-b3c2-e89e7b0c3382,2025-07-05,E,E
000f8b9b-282d-4ff8-8fd3-1eedbdb82faa,2022-08-30,E,E
014e8b2e-0876-4eba-8e6d-7f5aa62ebcd6,2022-08-07,G,M
0334e57f-43d6-41ed-9cfe-4d11224edfd8,2024-07-29,G,M
03d02364-f7ce-4e8b-9569-11ac2a81997d,2023-09-20,M,M
04738461-ce59-4afd-80e4-3447ad110787,2019-07-22,F,F
05342129-ea1d-4084-87a3-7a92075b4d89,2024-05-24,B,G
06ef61b2-9dda-49e2-8686-0e2c1e0dd2e8,2023-02-01,O,O
08549595-8fc1-4633-8d01-f071e4a39304,2022-03-05,D,D
0ba62d5b-8756-467c-b348-8c5c9bef33cd,2025-01-11,B,C
0ccdd0ab-86c3-4dbc-bc73-ca808a895e0a,2023-08-01,C,M
0cefd2cf-f093-4739-a482-2306ea2bfb21,2022-03-30,G,M
0da0391c-2280-4f49-94a7-3097703262b9,2023-01-17,M,M
12d28664-4226-447d-ac11-f0536937be7f,2022-11-02,D,E
1b792151-4905-46ba-9bee-e2b55bca47ce,2023-10-29,M,M
1c6ba2b6-878e-4a05-a9a5-17c8237b7d53,2022-03-05,G,G
1c72bbac-fdb1-4619-9e85-c772efa17e4f,2023-10-31,C,E
1e5b4e33-99c2-43f7-a52b-2aa02a0b0588,2024-01-22,A,B
20197669-3f20-48f2-8f7a-be2682f8d35a,2023-06-02,B,B
2285d8b2-8761-4016-9a2c-13145f798775,2024-06-17,M,M
23b074ef-05e5-48fa-9d6c-8be73baa02c8,2021-02-13,M,M
260e5eaf-e161-4822-8f88-7d4232c6c806,2022-04-04,D,M
27b3990e-6f4d-4014-bb8b-0b8bdfcd58be,2024-09-30,A,A
2a464e98-10ce-459d-b33e-c48a7265ceca,2022-12-17,B,E
2dce0651-5d92-4fdf-bd98-06c86fe0adde,2022-03-27,D,M
2e1548db-7a6e-437e-8a36-5225de9d7050,2023-10-08,M,M
2e7a1f7a-a0e3-42e7-b932-3a1c0d2a8a87,2023-07-19,B,M
2f673360-13f7-4e04-9034-77f6c6b5cc65,2022-05-12,B,M
3102f9f0-5738-4711-a336-3741e338ee7a,2022-11-16,M,M
33bca6c0-c0ef-4a63-b9b9-838ae51f35ee,2022-01-16,M,M
35c63092-f10b-4a7b-836a-51fe37fc24d8,2017-08-30,D,M
394dc73f-174e-4039-b3cb-c75019d35665,2024-05-23,D,P
40dc28ae-8aff-44a3-aeeb-e21fbdab6878,2022-02-27,C,C
41e60010-7b1b-4f4e-8c8a-90b0d199589f,2017-11-16,D,D
41fc3cba-d363-4834-9200-8d33c178b27d,2023-12-27,D,D
42ac5ce7-d47f-4d0e-9a1d-84da7656b458,2022-09-23,F,F
43f667ce-630b-4e7c-b1d6-f3a9c8215778,2022-05-24,A,A
45882382-aa46-48db-9c82-4e36b63747c6,2022-02-16,E,E
47559c26-e5d2-439b-8176-bf6d8864eb91,2019-12-29,B,B
4b7f39a6-5004-47c5-bd5d-0f7b07d0da0a,2017-07-07,C,E
4d3cda55-49f2-4be9-850c-88786c204107,2023-03-07,F,F
5013b27b-4d79-41ba-a9ee-ff00a4d66330,2024-08-22,M,P
509dd56c-4fd7-451f-99bb-965fc33b305b,2021-08-03,O,O
51ae3809-40fc-40e8-a85e-822dd7a95dff,2018-11-22,P,P
5a8d5976-e2b2-4f32-83e9-9e94ec03f64e,2024-07-04,C,M
5d9efb26-fae3-481c-a803-19a0f6b9d877,2022-04-20,C,C
620bb061-47d4-4c19-b431-497dff92ba34,2020-12-07,F,M
63242e8e-999b-4af9-9374-de18abcf8fb7,2022-05-21,C,C
668ba43c-7853-4867-b5cc-492412f74872,2025-02-18,F,F
66962665-5091-4716-a527-3d80c346e630,2024-02-06,F,G
685351aa-3aaf-48c8-839f-107787b7a29b,2023-10-17,F,F
6ac078a2-a2aa-4fd1-8d82-dc36226603d3,2025-01-20,B,F
6be79b8f-95b5-4813-a331-527b9ee6328e,2021-12-03,M,M
6eed885f-b246-43ba-a515-0811c3e4bf21,2023-05-30,B,B
71c9b95a-6f7c-4a7c-8807-a4033e6b2064,2023-03-07,C,E
7314bcb6-54dd-43db-9242-8d301ca35d88,2022-03-10,E,G
744919f0-ca43-4a5a-851e-bf5331bdcdb0,2024-03-04,M,O
7a3c2d1d-ba1a-4ed7-8381-5d7eef711aae,2022-03-03,F,M
7aac9295-9116-4379-b32a-84e96a2d4e4a,2022-01-20,F,F
856dbaea-67a7-4693-8118-75a8d808abad,2023-03-30,E,M
86f672f1-9f46-428c-a710-cba055523d20,2021-12-08,M,M
87676572-0bd8-4713-8918-01f24debabe5,2024-01-31,C,P
8a3837a4-230d-4323-bfe7-31d4b6bc989c,2022-09-27,M,M
8aa68057-7463-498a-bf13-a861a8822498,2021-12-02,C,M
8bd14791-6f55-40ec-a74f-105ffecb0026,2022-09-15,M,O
8e504cbf-a8fe-445b-b117-3db520f3c5bc,2023-05-24,G,M
8ff5ba6b-32e1-4471-a6e3-5d5c21293f07,2024-06-06,E,M
90edc77e-f6ed-4825-8f64-4ababfc3b2c4,2023-09-10,G,G
92149aea-43bf-48e0-8594-0a4ac0684f4c,2023-11-22,M,M
957a8407-fff2-41ed-8993-9f323c348c89,2022-05-20,M,M
96911de2-ee5f-40f6-b61c-ea4a5b481763,2022-08-04,E,M
974b0bb0-b387-4b2d-9c8a-e06529112dde,2024-02-01,D,G
a150019f-3d13-4529-a1f3-f152492c1553,2017-11-09,E,E
a31eb5a6-fd59-4f13-afd2-4bb0ab264885,2020-08-16,C,M
a362a1c2-4c3c-4300-9fd8-5cb9c34789f3,2022-06-04,M,M
a7cbf184-36c0-4067-8cee-4120c24dd47b,2023-10-15,M,M
ae955973-33da-41ca-806c-b9410e268120,2022-06-29,M,M
b03140f8-bbc6-4e30-a51b-1bcb92463c6a,2023-12-23,P,P
b0cc7a96-e068-4380-8b17-5095a5650e1a,2024-02-11,M,M
b78604b7-61c7-419d-8335-afd9b1ad88a2,2022-05-05,M,M
b82fe743-2c28-464e-843f-b7ec1082203c,2024-05-03,O,O
bc28588e-8fe1-4520-bbff-cc4ad8460db1,2022-03-21,A,A
be12b101-5eec-4779-8f3d-66de268a2d75,2020-02-06,E,E
c1bd1bd4-f9dd-4976-9251-261466233cf1,2021-01-18,M,M
c3b80a3f-341f-41d8-88c8-d0164ab9a42f,2022-06-14,G,G
c780b455-df73-498c-87ba-41516d9cfb50,2022-01-26,E,E
cbf60978-d549-477a-8bd7-e143293d4c37,2022-12-14,C,M
cd4ee3f2-07de-442a-8d3a-018527dd95f3,2022-08-18,M,M
d31ad4d7-d1ab-44fd-b4e6-9c0361962ef0,2022-04-10,D,G
d3b7cf83-2d4b-4333-ad11-51751c099233,2023-01-02,E,E
d511592e-d446-436a-8e92-79e0b67c885b,2022-05-11,M,M
d7784619-e801-45ea-ac72-ac2d7b884d38,2022-07-18,D,M
dd48b7a5-a549-48a5-ab5f-725ff2d01088,2024-07-31,C,F
e0b601bb-65cc-40fd-96f9-0a1778f451e0,2021-03-31,M,M
e2fec0e1-1805-4087-8f05-395147e2bff2,2024-08-17,B,M
e3adc8ca-b325-43ed-a1da-20c0ec4013af,2023-01-10,D,D
e4a25910-6cb3-47fb-b4e4-d41371caa5ba,2022-05-20,C,M
e5af6c5f-642b-4cc0-95e1-33976d74718c,2022-06-26,M,M
eaf6c0b0-fc78-43c2-9aa4-5fb74c1262fd,2023-04-13,M,M
eca10722-2386-45e6-bba8-eab4c1002eaf,2022-02-13,F,F
f351cfe0-abfe-4f95-85e7-1d8df0d9584d,2024-09-09,D,P
f4a8f6e1-5697-489e-aa81-dfa906691ffe,2024-09-23,O,P
f76373f7-a6a2-45f0-aba6-cdb551ae23a8,2021-08-26,F,F
f91337ec-a8d8-405a-a405-2a2ce9ab04c6,2022-11-02,E,E
fcbc95c3-2e8c-474a-84b8-a5aa6a14134a,2022-02-27,D,D
fe18b5d3-5abb-4a87-9675-3712536577ba,2022-10-12,M,M
053fabc9-404e-4374-950c-b368a48f23df,2017-12-13,D,D
0c7681a9-49e9-4413-8d19-bf53a6db1eef,2022-05-20,F,F
0c885a33-f602-4c47-bed3-2250e40ce5a1,2022-09-12,M,M
0e14d799-d708-4643-ab61-eec09cbb7575,2022-09-27,C,F
0f5bd6cd-ebac-4cdb-a036-4e636840b8ca,2023-10-14,F,M
12571058-2a38-462f-ac60-0c1e1bd88cfd,2023-05-12,G,G
1350ed8c-22fa-46fb-81a9-b29dbf7c1b1f,2023-11-16,E,E
1a1b190a-67f5-4aa6-9c57-fdeb23147b93,2024-07-18,E,E
22169274-479d-4279-ba92-27a561779166,2023-02-08,G,M
2613b608-ab61-46d0-b960-5b03e3b43c2c,2023-08-02,F,P
290f0c57-e5c6-417f-83d2-4e2a3288cf97,2023-11-01,O,O
2a362e93-6520-4b62-bcf9-b84f4519e4a2,2022-10-07,M,M
2abee515-cd38-4876-b70c-64978fb059f1,2022-03-05,M,M
2b443b03-2e96-47d6-9058-654556f2f55d,2023-02-18,G,M
2beccbb2-0423-4abd-8234-84cd4b09daa2,2022-11-12,C,F
2e58d294-4ab0-4ce8-a80b-09af426392be,2019-07-08,O,O
3045f066-eb4c-4e3f-9851-ab9f950fc224,2022-02-27,M,M
37484860-9749-485f-a457-45af144a1187,2021-06-28,C,D
394911f9-582d-4838-8b9d-bb624a8ede5b,2021-08-30,F,M
39bdcbbb-98d3-44cc-95d8-855a8ffa0401,2022-07-23,F,M
3a71ba28-23bb-4362-8d67-bbb61c5f9b39,2022-08-01,G,P
3cca5d54-de56-456d-9f55-804121a58694,2022-02-17,C,P
3e70062b-0d43-41b6-85da-65d448808de2,2020-09-10,A,M
42709be1-8868-414a-af11-1d8a306edeaa,2023-02-01,F,M
44c24eb5-e709-4df4-94f5-d5f0ab435550,2017-06-14,B,B
475171bd-7a46-44aa-87f2-5d6d33da52bd,2024-06-22,B,M
47f57297-0482-4e60-b54b-244d367ee811,2023-11-26,P,P
485cebf0-e7fe-488d-8b2d-2de335fc463b,2024-07-31,A,A
48d0a835-9270-4597-99c3-03aff8691919,2024-03-30,M,M
4919b938-917f-4ed2-94d5-dbe9345308d3,2022-06-04,M,M
4bebe61c-3197-48fa-a1da-2cda60c46d10,2022-06-04,M,M
4d248606-ff92-47d6-be1b-d05a5163cb2a,2023-10-14,M,M
4dd7c137-cdd5-4fe9-9891-4b93a7966e39,2022-03-13,B,E
4f436d9d-5eeb-4213-b277-071ab3f3c62c,2023-03-01,O,O
4fe63c56-88f8-480c-9329-3d8290c868ee,2024-10-31,M,M
4ff4cd23-7dbb-4d98-9737-da326cf26a73,2022-11-28,F,M
5145d6df-9cd9-4ec4-ab75-8bb62e7d47ab,2023-05-29,M,M
5195a70e-dcd2-43a9-ae1e-f812a3035989,2022-01-04,M,M
5e893be1-be43-49c8-b533-92f36405e2cb,2024-01-03,F,F
5e8b71c6-90eb-47f7-9e3f-0cd789a2a053,2019-10-28,M,N
5f54ee16-9707-4758-b6c3-12ca28a53a93,2017-12-13,D,D
61dce715-33ee-456e-9de0-175de5a0b072,2024-07-29,C,D
6961dcaf-866e-4379-9864-2e91d90c0ec6,2023-11-05,A,A
712604ad-4304-4e1c-88af-a6b49f3fdbcd,2022-05-17,D,E
75b419d8-41d8-44f6-a6e1-29fb0f5b07c3,2022-06-04,M,M
77d239d7-2820-4ed6-a9ad-91859e6b22dd,2023-07-16,M,M
7a432e3e-8bed-4a8c-8df7-d21af2ca4b19,2024-03-11,O,O
7b333795-ab5a-4db3-b55f-120189ae5580,2021-08-22,M,P
7d5b2657-b017-4b84-994c-b7e931e751e5,2024-02-29,E,G
7f0cafdf-86e5-47fc-8caa-4c7f24e2b945,2023-12-09,C,C
7f813657-6f4e-4408-9b27-dcf6dd83e360,2022-05-03,G,G
83f0ca37-cb79-48e6-8ff2-8c4745f8280e,2022-04-13,M,M
86b41406-db08-45ec-804e-aa77311beb5d,2019-07-08,M,O
8a016287-5048-42d8-a5bd-1df8d9adae5c,2023-08-02,M,M
8b23e2cc-33a7-4768-a1ac-75eaefc89384,2018-11-17,E,E
939fc9ea-1877-44b9-b73d-a132369e71f0,2022-01-16,A,O
93acf973-6e38-49af-8e52-6fc7cb1915a9,2024-02-23,M,M
94408171-908a-4ecd-8949-551a0465ce22,2019-02-03,A,A
96fe73ef-068d-4dd0-961c-6110fa0c8476,2019-07-08,O,O
976f0d4e-396c-4a5f-8fbd-b3648a4ed3f0,2022-03-05,B,B
985b82ad-baf8-4038-9343-630aaaa660e0,2022-10-30,E,M
9a023600-9837-49a0-bd66-b57a51c4e207,2024-06-16,E,E
9a8ba96e-54bc-4c72-9d44-db83fa6cac7d,2022-01-09,A,A
9b7b8f9e-4efb-496f-924d-a88b7e06f76d,2023-02-02,A,A
9c26d689-2e3d-4527-b8ce-e90581ae5dc2,2022-03-05,M,M
9c869fb7-4fd2-42b2-9b15-4e7159b62b35,2024-01-15,N,N
9d97ae2b-bee1-427e-9d43-a2ea5e1ff038,2022-01-16,F,F
a108f589-effc-480b-bbca-0c4c0c353f34,2022-10-23,F,F
a69deace-bb85-4f50-82fd-136b16178c39,2024-06-17,F,G
a6f953c8-9d5c-4c93-bc50-5655be1c0406,2021-12-11,B,B
a76bd191-fd0b-4f38-bd1c-2956b4114d06,2022-06-03,M,M
a8e0d1d7-8f5f-4322-bd21-1b7194fb09bc,2022-08-11,D,M
ac9c0cb3-478c-49ea-be29-7c9512bcc9bb,2023-10-29,E,M
acba0d8f-f575-4dbe-a465-dff928a221d7,2024-06-13,D,M
ad1c0d9d-2da2-42f0-aa10-6849ead56b10,2023-06-29,C,G
aeadcee4-2bb2-4da1-bc6d-8af283fd7c09,2024-05-24,F,F
b0bb042b-3c13-49df-9fe3-aea79ca901f0,2024-08-26,M,M
b14865a0-db74-4f7c-a02a-d58c60d70a92,2022-12-29,M,M
b3922532-e27f-4547-a32d-5e5193b05dae,2023-02-01,D,M
b80423ba-b9fd-40a1-ac6d-68f451ce5767,2022-12-30,E,M
b9be927e-5499-4ba1-8a59-a649afcaa22f,2019-07-08,E,E
baa366ba-302b-4e74-abba-3550773aed5a,2022-03-05,F,F
c716d02f-72b4-49b3-bba1-c62ea69a1c3d,2023-04-08,E,E
caf4090a-434e-48f2-ba54-79e470a56efa,2018-06-12,E,F
cbe70477-2f28-40c9-b42f-b253f6e733e7,2024-05-24,F,F
cd64800b-e3c2-4938-a3b3-7cc8efef8267,2016-11-16,E,E
ceae34ed-3180-4ccf-9c9a-ccc4b9daaa70,2023-03-16,O,O
cf4d5154-56fd-4390-a418-b25a2ac8bbe1,2022-12-28,E,M
d241be5c-75ce-4064-9778-fd2709636901,2024-06-13,F,F
d39ffa8a-aa64-401e-8457-988f355ecf85,2022-08-01,M,P
d540f002-7b43-482e-b2b4-8d05245a785f,2021-12-02,B,B
d5f8a31f-c06a-4017-9404-2923c7959e6f,2021-07-03,M,M
d8c15070-f471-4357-b367-3850e817cb11,2024-05-24,M,M
da61a879-a08f-4f3d-9807-25e1167b244c,2024-05-26,D,D
deb15db3-1b27-48e4-a0e7-2de2edced377,2022-07-08,D,M
dfc0fecc-7893-46c3-bfeb-88d2a8dbd62c,2019-09-04,E,E
e36f506d-8a54-4dfb-806d-35091e82abe3,2022-06-29,M,M
e4b9741e-5c6a-4aa4-b314-41f76f50d16d,2019-07-17,F,F
e7cbf894-4e5e-45ff-b7bb-b6d96969bb4d,2024-01-26,M,M
e99903d6-70c8-4008-b536-e37b5076c74f,2023-12-24,M,M
e9c32cc0-fd11-4da8-9e92-ce48ec1f2bfe,2023-12-16,O,O
ea5c2ffc-f692-445d-b210-8ceb3c722fe8,2022-04-11,G,M
ea8a2791-cc3b-409f-a4dd-5881bf29552c,2024-09-07,E,N
f2a49eb4-f897-4653-89ac-dadcc7914083,2024-03-30,C,C
f3a0b074-ff17-465b-9ff9-77707decfc76,2022-12-28,F,F
f4e1b47b-c449-4a70-b264-1c4adcc92d03,2023-03-30,C,M
f6726bb2-51f3-4eb5-8f8f-de4f63a607f2,2025-02-11,M,N
f72bf357-29cf-452f-9e96-8924a7df481c,2024-10-21,A,M
f9a21e78-cf32-40e0-8ecf-08237d893d06,2023-08-27,E,M
faefbc58-9a60-4d18-bf4c-76dc8e7b6d8a,2021-12-28,M,M
fd3e878b-2328-45e7-a0c3-a3891e27915d,2024-01-16,M,M
04050b1e-8151-4442-ac19-1611c1c42351,2022-03-05,M,M
08601fc2-1c77-46c8-b049-1a870b10142e,2024-03-11,C,M
0c7009e7-a10e-4e0f-82f7-5b5c97567767,2024-05-06,M,M
0dc0eede-acd5-4a58-ab57-a8e2e930e220,2024-02-05,E,M
0fb38308-0984-4bf8-a21f-5877fb4266ef,2023-04-30,C,P
11a7cb96-b936-49ff-bb11-aadb6a8e4230,2017-04-20,B,B
1250c106-c6ce-4834-846e-f609deec6744,2022-02-14,F,F
1327c7c4-b401-4746-92a7-680f2d69b353,2022-09-27,M,M
15c676a7-b86f-4965-b4a9-cdebf99ceddf,2024-03-31,A,C
17484901-fb64-4ffd-91a3-d54441733890,2024-07-31,D,D
1e17d0ca-a920-47c3-a176-ad1f5cdb6dd4,2023-11-15,D,D
1e96ac35-16cd-4741-b868-7066c06e73e0,2023-12-29,B,M
20d47dd1-28f9-4a62-8d6e-d5b777ac19ca,2021-12-02,B,B
215070cb-9f9d-4b74-853f-36dd7bcbc665,2021-03-05,D,D
24d1c45a-ce2e-4c27-8e0d-b50506bf0d16,2024-10-21,N,N
2551bda3-0387-465e-b147-24b2c27d595e,2023-04-30,E,O
2bf2fb80-d7d5-4c2f-b2a1-3765801e08f1,2024-09-26,E,E
2bf64013-e5b7-40a4-812f-9c9b3978bc9b,2024-05-14,D,M
2e0644ed-fa32-4c3a-bae1-1c04bc2a5e01,2024-09-08,P,P
2e75bd7b-c075-4df7-90ee-17d9d79d0e23,2019-07-08,E,E
2eab3abe-4767-4078-8dc9-27642d3929c1,2022-10-03,M,M
303516f5-452e-4443-8741-41971e8cd51b,2022-12-28,B,O
30ab7be9-201b-471d-bd0c-367a769e75ad,2021-07-02,E,P
311c5331-8fd6-4d37-a06a-e0befd1dd27f,2024-07-29,O,O
32d01557-df88-4576-b43c-4d4e4ffb315c,2018-11-26,M,M
344efc4f-98c9-4c3d-8062-a6df5e3b4998,2021-06-10,D,D
348b9bcb-fbfe-4152-b611-f7added90d71,2022-05-03,M,M
37ccb4f7-0817-43d8-ab2f-48c5e3f45951,2023-09-03,C,M
3eec9e43-de3c-4d73-b701-5b6010e100a8,2024-03-30,F,M
3fb0bf81-e805-471c-a622-8efb3f4b0959,2022-04-20,D,G
4073dadc-ce05-4e2e-adfe-f8ce8b8d3657,2022-10-02,E,M
40a28eed-7c9b-47b1-81ec-4a7967eb3558,2023-06-29,F,M
42d7692d-4bc4-492e-a5f4-74c2f9c5ff98,2021-11-29,F,F
4a4ae3c8-fe11-496a-b2ff-5e009110075c,2024-02-02,E,E
4aa6b46b-d06a-4825-a306-977e6fa6a7eb,2022-06-04,D,E
4b6549bd-8172-453e-8ed1-0fe90c71f9a7,2023-06-09,B,B
4bb143b2-492e-4d5f-bcf5-c247f24a95fa,2022-05-23,G,G
4e06a110-78d9-4319-8d85-178588377347,2024-05-24,B,B
4e23b4f8-ba47-4518-83a8-987a6206a10d,2021-01-11,M,M
4e60c54e-6ec5-4ba7-a947-06c01e8b9683,2023-10-31,M,M
4fe22055-d2a3-45e2-9c07-6ed3d3c8d282,2022-06-10,M,M
513a718e-faf1-4070-b663-f2bd4c63f988,2022-10-13,E,M
5284eb0c-be22-4369-b864-b05c6f437c2b,2024-12-14,E,O
5558a45d-f125-456b-b77a-079d88bd9f84,2022-10-26,A,A
564fe97f-db35-4407-9e98-5ca8a4d55b11,2024-06-28,M,P
571a5097-3d28-4521-b182-4420e0c7b26b,2023-09-01,E,M
59bca292-8620-47c2-bd08-5aefe482f4ed,2023-09-10,F,G
5b7919ad-30cd-459e-88cc-7ff201b30de6,2022-06-07,C,F
5ccd6240-6be2-42e7-bc85-8e12988d0e91,2023-08-02,M,M
5f27a255-cf3c-4657-896f-4000b495c849,2022-03-05,E,E
63d7afce-49bf-40c2-b268-08e8505d532d,2022-03-27,M,M
660ba8bf-3d66-46d3-9c51-3b553176debe,2024-08-02,D,G
68732514-0ad6-4279-9924-98cf70ee3232,2022-08-15,C,M
695628b9-7d11-4a6f-878b-63eb4e637cfe,2024-01-14,E,E
699add7b-3373-4463-9b7e-f2a39715132e,2019-11-21,E,E
6ac27120-55ef-421e-8dc5-d7313ddd364c,2024-05-03,B,D
6b250a09-97b1-41ec-b09b-84a35263378d,2022-05-30,M,P
6d074a74-564b-40c8-a6d6-1a6393b8acf0,2024-01-08,B,P
6e70a026-cbdd-48fe-8f42-41fced488d45,2023-02-01,F,M
6f70f63c-51b9-4bf6-8c74-4761bb21b155,2023-08-07,M,M
70194791-85d4-4407-a07d-ff913e31063f,2024-12-16,D,M
70ff7692-94cc-4863-b455-c3ba13290361,2022-04-16,M,M
72384436-b5d4-4a85-8585-6c19cdd3f830,2022-09-27,B,C
73bf60b7-d8b8-4197-880a-419d2b5408fd,2023-03-30,E,E
740f2193-891c-4cce-8fc8-4116f877d40b,2024-04-30,C,C
74385e4d-280c-4d51-bdc8-2c949fbc299b,2021-12-01,M,M
7466b95a-13c1-4c44-9e9a-d784b0955827,2021-10-29,M,P
774878be-42f5-4db2-b3d4-796af00e3ab0,2021-11-15,C,F
7824acba-00d4-45a3-a807-8c5bdc012601,2022-08-14,G,G
7bb12fb1-daf8-4712-9efe-acc025bebaee,2024-01-30,G,P
7c03cb9f-08d7-4f8b-9b61-40c659406aa3,2023-04-30,M,M
7d792200-b405-4d55-9c86-6494ebc59a57,2018-03-02,C,C
7f2c47ef-bd76-4a33-bcd4-6c3d9a7c95ce,2021-12-11,M,M
8218950b-8cad-4d67-a6d8-5db08c5cffd5,2022-09-03,M,M
824b35cf-e9ef-49a9-a8d1-4a09776c7999,2025-04-14,M,M
8263bcd8-517d-4759-a6dd-351af54751da,2022-07-22,M,M
8620e3da-7eb5-4de5-baee-8496498af403,2023-12-29,M,O
86cb3504-beda-4acc-af92-d45e16fd24d1,2023-06-14,M,M
890faa5e-c951-4f45-b975-f61d4cce62d5,2021-08-27,A,A
8d4b3de9-dfc2-4b7c-8725-fb9cff2a5905,2022-08-26,D,D
8e93b8dd-f6c1-424f-be5a-d53f816a8d4c,2025-01-31,P,P
90ef0ee6-8559-4140-8a8b-6e077fccb11a,2024-06-28,M,M
923c49a2-a5bf-40f3-bc93-084ec1f921e5,2019-10-11,C,C
94017106-9d0b-43e8-ad46-9c9d3e703ad2,2021-08-02,G,M
947851b4-cc21-4a38-b5f4-3bdac0251137,2019-07-08,D,D
982d653d-a564-467c-9bc9-746201cce8e0,2023-07-07,F,M
9efc24f1-d9a8-4bd4-aa86-35812a30b876,2022-09-27,D,E
a06e85ae-3720-4742-bed3-40a5b7521ddb,2022-10-06,E,E
a1c5a8ef-0eaf-4cc0-b8a3-03d926a37488,2024-06-30,G,M
a5ddd882-3c7b-438f-9d9a-d48c807c3132,2023-11-24,G,G
a5ef4c80-c65d-4b9b-8a50-1d13be91326e,2023-05-29,E,F
aa477897-87de-4cad-a4ef-5a4b2e8ef1fa,2022-04-19,M,M
b15ebda2-8b75-4f10-8e90-0d13505aac35,2022-06-04,M,M
b4f99ca3-18d6-4d4a-afd0-b3b69fbe0cf1,2022-04-25,A,D
b605eb83-f32c-4b64-a579-fe3687c147c2,2021-03-31,E,F
b6cfc956-ce24-4de8-a88c-377a79e8df3f,2022-06-19,C,C
b7a97045-0660-447f-a39f-38b1be726de5,2021-06-29,M,M
b852551a-8d3a-46d5-963d-7b5c15774217,2023-02-01,M,M
ba479f81-a969-444c-9556-e4d37b2c3880,2019-07-08,C,C
baa361e4-d359-442b-84a9-dc3c6152bb59,2024-10-08,B,M
c0f76d03-138c-4c51-8dae-ae0514ff5637,2021-11-22,M,M
c3af7f43-6290-40a0-879e-58f8316960d5,2024-04-22,A,A
c55f9049-2a68-449d-82c9-2b5a5271f2b0,2022-06-29,M,M
c5e89efa-7fe6-4e1c-b977-d7224468b3ac,2024-03-02,P,P
c63fc43a-7606-4346-a7a8-fba25f17096c,2022-06-17,G,M
c64af1ce-d226-4646-9e32-b26d31e94f2f,2023-03-30,B,M
c718fbf1-6f21-44d4-8fb0-93325fcaf8b3,2024-02-09,M,M
c84088ba-c52f-428b-a4c2-261a2a7daab7,2024-10-03,B,M
c93425d9-0750-437e-a283-cab267ecad33,2023-02-17,M,M
ca3c6a55-e7e1-467b-9474-d2bb24404e1f,2016-12-05,B,B
cb7e5a6a-0012-4d83-8ca7-732a3f6fa9fe,2022-08-29,F,F
cc40b1b8-e317-47d2-be95-93c92abf369b,2021-07-01,M,M
d08dd3bc-6fc6-4243-889a-4105501ead8c,2022-02-14,M,O
d0e0c12e-2447-45bf-9201-9ffe15023c05,2022-05-09,G,P
d2725ce0-9ddf-4a2b-bbf9-3e52143f11fb,2024-01-30,O,O
d29832d0-5db1-4f00-a7c2-65205c8a9aae,2022-11-17,C,C
d4c69a47-0ea1-4ec6-8f2f-56529af762b0,2022-03-05,M,M
d4f77e31-5639-4192-b09e-1acb12e932b4,2021-12-02,C,M
d5ca964e-750f-4159-882d-b1b5936f07a6,2025-03-16,E,P
d6b5104a-826c-4e6a-a4e8-54b2d4bb2195,2022-09-27,C,M
d9934a02-c6a3-4941-af17-5646c58cb718,2024-01-23,E,F
da0b7730-dc4c-4743-a375-268721230148,2018-01-08,A,A
dd330dd7-cfb8-4bbc-b514-fdf6d57c6cbf,2020-11-08,M,M
050bf7eb-7afb-46ee-9f1c-299965a88f4a,2024-12-21,D,F
053ed341-21b6-4dc2-99db-cbb7ae7c603d,2017-10-16,M,M
05424f98-567c-4321-8f52-05b2538b1c30,2021-10-19,E,P
05912f5f-40b3-4cdc-a54f-27982d364126,2023-03-30,M,M
0a1e31c1-95c9-4bfc-b197-6c2fdeaf5ad6,2023-04-16,M,M
0ad094cb-f521-4223-8da5-2f0b205ba9ee,2023-12-29,M,M
0f168c76-c387-4cde-abfa-43ded73f5188,2021-05-30,G,G
145b227e-ff13-4df1-8599-9af4279e729e,2022-06-01,F,M
15421690-7bef-4fe5-8d2f-118fe06ddd6f,2025-04-11,E,M
1a1c4e08-394a-431a-8929-5fc183ff9d85,2023-07-21,F,M
1c9543a4-a1b2-4bce-8413-502c577ccfd7,2024-05-24,F,F
1cefe667-82b0-4d3a-a7df-3599f1882c52,2024-05-23,D,D
1d330fb6-2dc2-46af-b9ec-3ba2fabca0c2,2023-03-25,G,M
1d7b6175-3ba3-410f-a162-46201b9af75c,2022-01-13,C,C
201c9c93-9feb-4697-ada8-5741c2b121da,2022-06-27,M,M
204885a0-ab09-475d-8716-b9a7bc7936d3,2022-06-29,B,C
212b8e8e-6701-44eb-918e-baf4d7c6ec62,2022-08-18,M,P
2147aa53-41f4-4903-8ff0-839ba4124d95,2022-12-29,B,P
21bd9c40-aa73-4ac5-8d12-cb15994602bc,2024-05-06,G,G
2aa01628-61df-46fd-9119-16cdf6864f0f,2021-12-13,D,P
3883b9e9-f16f-452c-8433-5271b8a600ba,2020-11-09,A,A
3a074e90-0098-49b2-81e2-cb2e97f7678f,2023-10-31,F,F
425eff76-24dc-4dd5-bc3b-1568af47ca00,2022-06-04,F,M
4509739a-6ac6-4ae0-8873-0a078113595f,2022-12-22,E,E
489b3a6d-00a9-4fb8-ac14-34af1c8d41cb,2022-11-24,M,M
4ac4a714-397c-4005-b257-27ac5f84f395,2023-12-29,M,M
4ebef6b3-d73c-4cc2-8525-3a04b272ccb2,2019-07-08,F,F
4ff26405-34f6-4885-9902-8e58325b8a08,2023-11-19,M,P
50b93ef2-2a64-4730-8d6b-92608d4452bd,2021-12-02,M,M
533d7733-c405-4f10-8a80-9651188832d9,2024-03-18,C,M
53ad73b7-59cb-4d76-bf7a-e90539ad99d9,2021-03-07,C,C
57626ee9-ca10-4497-b03e-97d3f49665a7,2023-01-20,F,M
59f8067f-23ef-4f35-ac3d-4f90809ad5cb,2024-03-02,B,D
5bf210cb-185c-405e-a43e-2f5377229d12,2022-03-09,M,M
5cf754e6-c627-40a0-9483-29664819b5e1,2022-06-01,E,E
60ca74d2-4c1b-4d9f-9653-bc57e781bbef,2024-10-14,M,P
61255f88-61a4-4278-b9e1-026480cc26f1,2018-05-12,D,M
634b1c3c-0a0a-4cd4-85b1-89b6a7a15651,2024-03-30,M,M
677fd19c-10dc-436f-b7dd-a0184194b4f3,2022-06-24,G,G
68ef4f81-30bb-452d-8efa-927ffa492436,2022-08-28,E,M
6ddd9515-5e08-4827-994d-656285178486,2023-09-02,C,F
72d7db05-02bc-414e-a48a-f5dac30a6f23,2022-02-28,D,D
73a76c0d-ef0a-4066-90d8-523c22e2a083,2024-08-28,M,M
73c708a7-d44d-4c09-a869-28b3147cb41b,2021-03-31,E,O
75d521fe-b6d9-42b5-b6a6-80fac228b1ab,2024-05-03,C,M
7a11b07e-c0f5-4a33-9345-1231ff1ccbb8,2023-06-26,G,G
80924572-9f58-44cd-a717-9ac8d9f8c190,2021-12-02,E,M
81ddfc83-6145-4e63-b4b1-0e3f35f9aed8,2024-01-22,E,E
832a1b09-0c75-49d9-95b4-ecce97c5d4bd,2022-06-28,G,M
850019a7-8664-4b6e-b7a5-0ed60bae3dab,2022-05-11,M,M
87318a3f-1110-4ce1-9015-4ed633d6d009,2023-12-01,M,M
8a1f4209-b2ee-4556-9902-c2a6d9fd9e94,2021-03-28,C,C
8b51983c-7207-4222-97ac-b8149cf81921,2024-06-26,E,E
8fa27a27-694c-4cd1-896f-892b5c28eb99,2024-09-23,M,M
9450daf7-6769-47e8-b699-a82d3c3fb773,2023-08-03,C,E
95465a0f-46f6-4522-82fa-0eb6a254b1c7,2019-07-08,M,M
958d194d-7d7b-4784-9a90-0b8776352e3f,2023-02-02,B,C
9839b74b-6005-4698-bb87-731aed6c38af,2022-07-02,M,M
989630e1-757b-4e0a-9bd4-6c54e0adf2d3,2022-02-06,C,C
98ddea91-52f8-48cb-b625-2021ea7cf17e,2024-07-22,E,G
9a2ff003-e1f7-4827-9f0e-5a283acbfde0,2023-12-01,C,M
9e1c2392-a1da-4872-ae64-66b3d78aee36,2023-11-13,B,E
a0e0d42a-2c1c-4b12-94d4-170fd9e166ea,2024-07-31,M,M
a193f8e9-e33f-4134-b933-c07534a4dfdb,2024-06-11,C,M
a28a95a7-0d98-4ebb-a7ee-6393b30dbb16,2023-12-14,E,M
a2a6e32b-0cc4-4950-8df3-564049cc5e64,2018-03-20,F,F
ab4e97ed-8cc7-4542-8519-eb767f0e23c1,2024-09-01,F,F
ad7947bd-a0b4-4c41-a704-3caf8711574d,2024-09-05,M,O
afedec6d-1446-4be7-aaff-d624f6bda2d9,2022-02-14,C,D
b0374316-c69a-40dc-bb2e-32757c7d60ca,2022-03-16,E,G
b119006f-08b6-4456-ba6a-9bceef4ff0db,2021-12-11,M,M
b1afd8be-519c-41e2-ad1d-707dc2052563,2023-05-18,B,F
b1c1533d-cf73-47c2-97e9-451b7fbc5c89,2024-07-26,D,D
b24ca16f-c467-497c-971d-bcc45a6b24df,2022-05-25,E,M
b7292c9b-f1a5-45b2-b899-86b258921a32,2024-05-24,F,F
b85d905f-795e-4dc1-81ca-34d2784e4f52,2022-04-25,M,M
b97fb00a-2e17-4d87-a2d5-428f049a0d58,2023-02-06,G,G
bd5e50d0-3a9a-416c-bacd-389f475bc59e,2021-08-20,E,E
c062e85e-4788-4454-81a8-d22836a2bdfc,2017-08-23,E,E
c08ed623-128c-485d-b1b0-9db3b0db1a6f,2020-07-21,D,G
c15ad155-8804-4b88-a15c-ec848da50300,2023-03-08,M,M
c89585aa-4004-4ee9-b461-8f090ee8b818,2023-02-06,F,M
ca47b160-00dc-4d26-9ac3-83cd22206086,2023-02-27,E,E
cae14389-c3ee-4529-8580-79ac2e4b089f,2022-08-30,C,D
ce9acc72-6010-44f1-91e2-8a5c19fbd0a4,2023-06-29,M,M
cf77c401-0d53-4188-86dc-84c7d45f0d5d,2024-05-24,F,F
d31c30ce-cab6-4786-ab8a-cae6b28e66d3,2020-07-27,F,F
d3d75661-1524-46f4-a74d-518579b4f85a,2021-12-02,M,M
d429cb7b-5404-4314-a407-b44c5b48aa9a,2024-05-24,M,M
d55b1763-1b8b-4578-ac99-9ee9ca5c3774,2024-05-23,D,P
d6c1ccff-2ffe-49e3-abca-3ef226d26b53,2023-11-08,F,F
d8b75ed3-35dc-4b7a-a821-fb1c8c477b02,2023-05-01,G,G
dc66ffdc-c024-4619-a073-5e33128c6ac9,2024-08-05,D,M
e0a10c07-0b0a-46c8-b9c3-1e62fe58ab91,2020-07-04,F,F
e1520cdf-845c-4a12-9374-d8a5736d7453,2022-08-12,M,P
e20839ac-fef6-45ff-a144-d8d60091f6b2,2024-01-16,C,M
e29f8ca6-c5b7-4568-bc03-7e55ef4a6753,2021-12-11,C,C
e48b1afe-4e73-4c33-b0f9-50587588c835,2022-06-04,G,M
e48c547c-c508-4502-b456-34927342d98f,2022-08-18,M,M
e5ed0250-8916-4d2b-9703-0d432b5fcfe4,2022-04-02,M,M
e9eeea02-0d7f-4ed7-b6ca-ab0807a15de4,2024-05-24,B,B
eb357f60-56a1-4ac2-8d18-a0c6ee20de74,2023-02-01,F,F
ee585af8-3911-465e-990c-127e5dd9d5ca,2024-10-25,B,B
f0045129-1043-4000-b13a-eeb1f398b80b,2021-10-09,E,E
f093998a-52fc-460b-896e-d08a0e54194b,2023-01-13,M,M
f152da62-dd6c-4dc2-9e96-152707f16532,2022-09-29,F,F
f79fd54b-4a79-40ed-93f7-fbf9cff9236d,2024-07-05,E,M
f9883664-8315-419f-abe2-3ff4113594bc,2023-05-07,B,B
fa12a921-6fb3-4edc-8b13-ecb2374dff05,2022-03-05,C,C
fb20f48f-1bfa-4dbc-b01e-6445c10cfc75,2023-12-29,M,M
fb3ca22e-f47f-40a4-94b0-0cb8fe2d6b22,2022-06-28,M,M
ffaa3df8-cab5-4c9d-a3d4-1d45bc76ed2b,2023-10-03,C,M
038c3464-ab7d-4485-947e-d279d8e9c325,2022-09-12,A,N
0463575c-ada7-43bd-a95b-ada62c8530f5,2023-03-27,D,M
05dc0340-67dc-47eb-ac3c-3e96b2c46aa4,2023-04-25,F,F
07efa55c-b536-431e-94f9-4b96c04a1830,2022-09-27,F,G
082de62c-99e9-46e8-92c2-2510e893bcad,2024-05-15,D,M
09f7269c-44ae-42c2-8938-ec1312cf7cde,2022-10-29,F,M
0a1614c9-dc2e-4d76-99be-287c45edf07e,2022-08-19,F,F
0b81cdab-05d0-4d42-aa47-6db076964feb,2023-03-12,F,F
0c197ba1-72f3-4c19-943d-286d2fd80955,2022-06-28,M,M
0da48764-b550-44f0-8882-54c3c3493774,2024-09-02,M,M
0fce4272-27ab-4a92-9f6a-0329ba62502f,2023-07-31,F,F
1028fc4d-8345-4722-a139-0eb429ea6384,2024-05-12,C,E
10bf685f-3070-4606-bfd2-9dd89bdab133,2022-06-01,C,E
129121c7-7aa3-4c28-b140-6b66889f1ddd,2023-06-29,M,M
15a1c1a2-d039-420e-940a-0490cee317ce,2024-05-24,C,C
160609d4-9c91-4e5b-a9ad-a48052e5206b,2023-02-28,B,P
1f847601-9610-446e-add7-f2318dd7ba4b,2022-04-07,M,P
2126f158-4dd4-40ac-a994-826db1a54696,2022-05-25,D,F
213f10f6-4e24-4cd5-955c-9cd72e7c673b,2019-07-29,D,F
262414d6-82bc-4f0e-a386-071538e6439f,2021-11-14,M,M
29366128-f727-4682-9c33-7ac2b5efc18b,2023-01-17,E,M
2e37aad0-be80-4c04-8f37-07d98ea13cd1,2024-03-30,M,M
2f4c7eb7-95db-43c3-819f-2c9f0aea16d0,2022-08-27,M,M
3699be09-c9f1-4686-90b6-2fdc0ab51307,2018-01-24,C,C
3833b8ad-632f-4b3e-b3aa-5e669ab5e0ec,2022-12-25,C,M
387299c5-d37a-4837-b225-4eb5303377b7,2023-02-11,F,F
38adea5c-a805-4b43-b140-6797e94cd4bc,2023-02-02,C,C
3acf9bcf-6d55-4942-99eb-b787be4d0158,2024-01-29,E,F
3ca8c8be-1c11-4a04-85f3-5ad853344cf7,2022-07-06,M,M
3e6eca54-6319-46d4-b3ce-8988112af67c,2024-03-02,F,G
3f3f88ca-c753-413d-b6ab-3aca54c0484f,2024-05-23,C,C
441432ed-38f3-4724-a47e-33d4c47bb1bd,2022-06-04,M,M
4982efe0-945d-4428-844a-d0645eff01c8,2022-11-09,B,C
4a5817f2-ecd0-4e5b-b83f-6a2eadfafe40,2018-04-16,E,E
4ac41315-a28c-4f66-847b-3dbd9ec34f88,2022-01-17,E,E
4da709dd-4f18-4ad5-a53e-e12a2a470bf1,2022-01-16,M,M
4e4073a7-75d4-4283-9b31-b0c19dd15867,2023-06-05,O,O
50cd61d7-afda-4e7f-8a26-57e91d919379,2019-07-08,C,G
52ab8248-10ed-446c-9dd6-824f80e49ee1,2017-11-08,C,D
53061f1c-9878-4db0-9dd4-447ccee12f57,2024-10-06,D,D
554b1593-20f0-4d16-8f93-a6ecd6ca0cf9,2023-01-25,F,G
55c1c6ff-5ff5-4619-a584-962423fd8c91,2023-10-13,B,M
5a1b64b3-f373-40e2-9388-743fcd20e501,2023-02-02,M,M
5b6fc927-b392-4a06-a044-c99c8b3e1cc3,2020-01-30,E,M
5d22348c-d080-4baa-bb14-d1fcfeffccd7,2022-12-02,M,M
5f17ed3e-5c88-428c-b6be-37ba06581faf,2024-09-29,F,F
60358387-1356-42cf-b311-d31b993832c7,2022-07-28,M,M
66cbae4f-b530-4209-9305-2d39394ee25b,2023-08-02,M,M
6721bcd6-eab6-4d2c-9cb1-5e46dd4e3886,2024-01-11,G,G
68b11bac-0c5e-46db-bdbb-5ab4ac394bc4,2019-07-08,O,O
68f0e848-3bdc-4aff-8eba-d4f3080dea31,2024-01-31,A,O
71c3903d-3971-441c-a033-cfe7ade92e59,2023-01-06,G,M
72e08470-0a8c-4d12-9eea-3b339b3b967d,2024-05-27,M,M
76e1ee48-c49c-41f4-8249-c317baabe89e,2022-08-28,G,G
78f70223-6c51-474c-b003-414460b51bfb,2023-01-17,M,M
79635eb4-512d-4180-8f67-57de793d15bc,2022-08-28,M,M
7ac1e23d-b6ef-43a9-8b3a-03dab9eceb62,2024-09-18,B,M
7db01162-7918-423e-aecd-4835c9f43c8c,2024-09-29,D,M
7f80171c-d04a-4558-a0f2-77ded6e0f842,2024-11-23,F,F
812a4cc3-030a-4715-9b26-5d1e05f0a226,2025-04-15,M,M
81c8c556-07b6-4d1e-b8c6-3eedf56c1025,2022-02-27,C,D
825164bc-3790-4e7c-bb1e-b56d96204016,2021-01-21,M,P
85a4308f-0d1f-4de0-a0a3-4324ae01e364,2022-09-27,D,D
8742f6e8-d6e6-48b4-a12a-9b6b295f9a49,2024-10-14,M,M
87c07898-fe76-450a-8b4c-b35b771959da,2025-08-06,G,O
8acffe17-b3fd-4eea-9cca-a3fd43529534,2022-01-16,C,M
8c1bf4eb-0e23-4de9-939a-f15bd7060586,2021-10-05,B,B
929407a9-546a-4c3a-8e4b-42171f307daf,2023-11-18,C,E
92b25016-6fbc-4987-b442-2c4737e508ee,2022-05-31,M,M
93d91151-c60b-4fc8-b7e3-e00c5f749eef,2022-12-28,M,M
9458278e-85c7-4b71-a8c0-4bb38e6dd9c3,2022-09-06,F,F
9795b799-00b5-445a-96df-71dd99f78cf4,2022-08-20,D,D
99036ebe-0d6d-47ce-bd9a-7b0d6b3dcde0,2022-09-15,D,M
a19bae42-821b-495f-9ab6-a4ca5bfeccfa,2022-06-01,C,F
a1f11268-06a4-4aaa-87e1-a415127a5133,2022-08-23,E,E
a6fe362f-4340-4288-abfc-8e45dec7a2e3,2023-12-24,M,N
ab8c6c64-64b2-4d67-9d7c-f3df32020260,2023-12-04,D,P
ad02e745-5efa-4db9-ae19-bcc495a9fdd1,2023-02-01,M,M
ae12fe5c-7818-4495-b960-3cf5b55943f6,2022-11-30,G,M
b91809ba-f82d-4315-8901-a4bb4d0da737,2020-03-19,C,G
bd64a511-e321-4733-8d01-41883c5b8305,2024-06-11,M,M
be294a3e-514a-4b60-9bfb-31111055a95c,2021-11-29,E,F
c1b0b29c-997f-4443-851a-30819bf06754,2020-06-19,B,D
c1d02cd2-f460-43b3-b0ef-1a8b4200ba45,2018-11-23,C,C
c335e783-dc15-4d47-be9d-5932cdce0377,2019-07-17,P,P
c3dfdead-cf62-4935-a650-806b63f0f813,2022-06-29,B,O
c5bd892a-c76c-4276-bf57-b93fa566c00e,2021-09-01,D,D
c925d62d-3cd5-4c21-9394-b9b4de2deaac,2022-08-10,M,P
d39a0c47-e715-4a31-8a0d-ff32b4669992,2022-05-08,E,E
d3b92b4d-70fc-49dd-a60c-a3a740241675,2024-07-31,E,E
d45c9c61-fb73-4acf-afd1-0fa3a8836972,2025-01-24,M,M
d57f81a9-aafd-4e2d-a87f-77f15d5e7142,2025-01-20,C,M
d637a0e9-26f0-4fbb-a407-3cc4c2421f1b,2024-10-22,D,D
d8b0e614-261d-422c-95f7-5df280edb3d0,2024-10-28,D,M
dbb1a592-a01e-40d4-a650-5ff4b6436383,2022-04-21,A,A
e03f0cfe-5b57-44e2-b869-c57eba35f92b,2022-11-06,D,D
e099ee85-e653-4ac8-8323-9aced11751ef,2023-10-30,P,P
e36d925e-a024-42ce-83e0-2c1e693026fa,2023-12-29,P,P
e77735f3-5ccb-4e1a-b466-67f6fdb7918e,2021-09-06,M,P
e8c0b593-fd30-4dd8-b994-a1f995448a63,2022-05-06,G,M
e952d408-373d-43bf-8a9a-1c9a76731339,2022-11-16,E,E
ea8150bc-2c3b-48e1-905d-a7dff2e2054c,2022-01-29,D,M
eaaebcf1-37a8-45d4-ac2d-220b1e06c554,2018-02-21,C,C
eb847b25-410c-4489-8551-b604bee8bed9,2019-07-08,E,M
ebe50f61-aef2-4440-8f10-06cbe58aa567,2017-08-22,B,B
ee515960-e56f-4f16-ad06-c41d6b27e338,2022-12-03,M,M
f63d42af-d2f1-45c2-b7c5-fb8de43a393e,2023-04-01,M,M
f70e5c17-0a5f-4587-8a28-dec1b7233aff,2020-07-30,F,F
f90bde80-4fde-4937-b01a-7151415d30a3,2022-08-11,M,M
fb7bc4f6-dd71-4538-b8d3-cb86d701452f,2022-08-05,A,A
fc941da8-9d1f-42d1-8f7f-d3f2406fffc6,2023-07-16,A,N
fcf61e9f-3686-43be-bc85-5eb1f1d5ed74,2024-01-29,D,M
ff533be0-f94d-40d9-82d9-f387151b2613,2023-05-29,G,G
013fc8db-b6b4-4acf-9372-9076ac581e90,2023-08-02,M,M
024b42aa-dda7-4ef8-93c3-c6368104a056,2024-06-16,E,M
0858de5b-2b8c-429b-9102-ab29e6994772,2024-10-29,F,F
0a7ec57f-cf7b-4eb8-99a7-1a2123788b76,2019-08-07,B,B
0a997909-2f8b-4663-8d41-6a0455b7edaf,2024-07-19,E,E
0b05d870-a354-4eb3-8d32-b7a210416cb4,2023-03-15,M,M
0c88ecc9-1161-43cf-ad35-d094c6b584d9,2022-12-02,G,P
0cd3385f-dfbd-4988-a482-ac1d6f13ecac,2022-12-13,F,F
0e5fbfd5-16bc-45fa-bd23-2b12230b4247,2025-02-25,E,E
0f9919e7-537e-4305-9d04-e1a2f0db775d,2019-07-08,D,D
12726365-40f2-431e-bcf0-2ec0590c6061,2024-07-19,M,M
12b6376b-9d9e-4e5a-ab84-c0941795a696,2019-07-08,M,M
1301dc18-9a83-4051-b348-47e7b98b96f3,2023-02-01,C,M
1364c66b-2c1b-4ab7-87d1-b2a4ade40c41,2019-08-03,C,M
16d8afa5-edf7-4cf1-a679-ec4680dd1a1f,2024-09-21,B,B
17b8f248-4b93-47d1-99ce-f8dc1879ae2b,2022-10-31,G,M
193d0647-1070-4ae2-9e2a-4ae5b6a53393,2023-03-03,D,E
1ac27c95-dfde-4893-9ebd-eb3b79de9dc1,2023-06-05,M,M
1b259a21-073d-4cbf-aa4d-db4990111333,2023-11-01,G,M
1d73707f-c2f8-4392-af27-1614ceabda66,2021-09-06,M,M
1eebd740-d26d-4a1f-b36c-b669fc013f05,2023-05-24,C,P
1f4660d4-0218-4659-9adf-1d73ca38e382,2022-06-28,M,M
22788658-18c2-41e6-9dbe-d6bbbed0d021,2024-07-31,B,B
248f9b97-22ae-4a58-89a3-63cb768c8c89,2019-07-08,D,D
24b8dbdb-3c67-4519-9b3d-7a02bd47dd50,2018-03-12,E,E
2555bbcb-6f2a-4964-930b-322614d4da53,2025-01-08,C,M
262ac171-2653-497b-9c39-1af50b7e3ff8,2019-08-31,F,F
2d1d01a6-888c-489a-9e04-96663d6876d0,2024-05-24,F,F
2e2d30a4-5789-4341-8f68-5fbc935af6b0,2023-12-29,A,A
2e987be6-57db-4db2-9662-7adfa89a1f08,2024-04-01,B,O
304897f4-195a-41a8-8da5-0dc5c590a7ed,2023-07-03,C,M
30a04a8d-4143-467f-8525-70ba508d41c8,2019-07-08,D,D
30cefb22-7a5c-4bf2-9341-094a088a32f9,2022-01-18,A,A
334f7b69-80ed-474f-9a32-f35463b028e7,2023-07-31,B,B
36d1f76f-759f-4f4a-8244-ed430644f64f,2017-03-14,F,F
37e78c39-7ebb-4976-9265-23c2551d958b,2023-04-08,E,E
3d0c8c49-dfd2-427c-9384-1dce7c49b6ce,2023-09-04,E,F
40b79dfb-997f-4cca-8788-fa60869644d8,2024-04-16,A,A
4120bd57-49a0-449d-aac5-455a8cca5179,2024-04-13,O,O
4227642a-3a54-4476-ab8c-b8a628414201,2021-12-11,M,M
435ed3bf-b9b0-4f81-ab33-c6139cfd9b8f,2024-03-30,D,D
44878f2e-bd8d-4dcc-a61b-ab02b0789149,2020-06-19,F,F
463a1153-02de-47d8-bf63-3989eb04aa56,2023-12-21,B,C
49ad4afb-bd6d-41bd-8232-af29adbc63c9,2024-07-17,F,F
4cb54811-eaf3-47a3-95de-d8ef9c4852fa,2024-01-31,E,M
4e07c059-65da-48b8-8797-79851e696268,2024-09-27,G,M
505be0dc-8234-473d-a2d0-45b30c69d39b,2022-10-04,G,M
53d983f1-6264-4e9e-abab-f19a1c46fdd2,2017-09-20,F,F
554f7fbe-c07d-49cf-9dd7-2bc545abd405,2017-12-30,F,F
56990b8e-5f0d-4baf-9a37-8b7d866f78ae,2018-09-14,B,B
57bc1700-b127-41c7-9825-59fa57d96c3e,2019-09-25,F,F
59e95a53-3065-4c47-85ff-6c4d79d12e51,2024-09-27,N,N
5b0e2ac7-4b09-4fa7-8919-b09048c84b34,2023-11-08,O,O
5cdb8f5f-c39c-4479-a479-9583a4662201,2023-02-01,E,E
5d7646c7-ff99-49d3-8b71-acd123a248f4,2022-11-02,G,G
60c21def-d600-41b3-af0b-aaa2bab68281,2022-08-31,G,G
6159b279-c1e6-4a1f-b637-14466a448258,2023-08-01,B,P
65531b9b-b90e-4032-bbf3-98a8a81a166c,2022-06-30,M,M
65fe8789-104b-4419-b00c-b92f76c58b5f,2019-07-17,F,F
6792be47-a8e3-4a14-b672-e589383b4cbf,2023-10-07,M,O
6b286bda-130b-429e-903b-b780dbfe3861,2020-08-06,B,B
6dc4c4dc-e8c9-42b8-af74-021cf88e9229,2023-04-08,M,M
6e1672d3-a3bb-40cc-8b8e-65d30c966213,2021-05-03,G,G
7091bd5b-31f9-4319-9e3e-a67646da4a7c,2024-06-03,O,P
74614ab1-90dc-4250-a787-3be01f5fbcb0,2024-04-15,E,E
78028776-e12a-4b38-8e50-fd96ca0a8004,2023-12-16,C,G
7ee5664d-bcd1-4cdf-bfbd-1ce04740ebfc,2022-03-28,G,M
821bb1d7-8bc5-4562-9dfd-a2c35d542f41,2025-03-31,M,M
835f1ad2-b1fc-401f-a261-242ad968ce1d,2023-02-05,G,M
84104d7b-550b-41b2-bbbb-b115602e3f37,2021-09-20,A,A
88d1ed93-9be0-44e8-a6c0-17252e5138d1,2019-07-08,E,E
8943965a-939a-4f87-b6f9-c38ff57154b0,2022-10-01,D,M
8d0f82c4-d9d0-4136-8717-e5d512025ebf,2022-04-12,M,M
8ee21183-553f-4491-8a05-7af247eb131d,2022-11-02,M,M
93f2a491-af97-4aa7-bfb9-e38e1e7bd782,2022-01-16,E,M
99e9424c-7d9a-4c36-8f05-c1f949e33d46,2023-04-10,C,M
9a6741b6-899e-49aa-bce0-dc9bc6a91224,2023-01-19,B,B
9af92a82-3f9e-4ccc-affe-e948acc7b7bb,2022-03-05,C,D
9c33eb2a-85ea-4842-b0df-8974c79a3e93,2022-01-29,M,M
9c5c6950-6655-4702-b149-802cc72c5806,2022-02-27,M,M
9f6a60ed-f5d5-4f31-bb73-b463082d7d7e,2021-01-22,C,M
9fa95fef-e2df-4214-abf4-482d31d33062,2021-09-06,D,D
9fe84a1a-a684-486d-a1b9-5bac27ad2a71,2018-06-19,M,M
a0cdfcd4-e069-47fb-b1c2-7433fdcf230a,2023-12-29,E,M
a27e3e06-d213-452e-90e4-5df8ca076262,2021-09-03,B,D
a98042d2-b1af-479d-bfcd-3833a0496916,2023-03-30,M,M
a9b7e559-6064-4207-a0cb-a8241ecafdbf,2024-09-07,A,D
ab2c400e-0ffc-43aa-b25d-9dd098414a0c,2023-12-02,D,M
ad7194c0-c72e-4bce-8c72-ad12959793a3,2021-12-02,C,P
ad719fc9-8d10-4340-9f4f-cd886c44f5fd,2022-10-10,D,M
ae513d97-a5fc-4612-8231-5ea2d90c1846,2022-02-17,D,D
b0838740-f9f1-4712-ad51-3dce2443432f,2022-11-28,G,M
b42d5898-d48e-4046-b166-53281beb9a73,2022-10-06,A,A
b73f6725-a2ea-4c93-9725-1fd4fa1332df,2022-10-14,M,M
b829ab00-c3e1-45fb-ae18-0b0b38adc602,2023-01-27,D,F
b8e2651e-6eb0-4e3b-8f71-0fa1e2b7a594,2022-09-27,M,M
b9df98bc-86fb-41b2-a326-eb77294e0767,2023-08-02,C,O
bb52967f-1e30-4f18-bfb5-4c69cba8e939,2021-12-10,F,M
bf574b14-47d7-475d-87e2-673c6b2c449e,2019-04-04,F,F
bfc34c66-7de5-48ad-8f73-05fd85c5a9bf,2024-03-14,D,D
c255ba7f-0409-4a4e-b148-afba6a4c71de,2022-05-16,F,F
c3023d2b-65a9-4b07-84aa-17b6704a6b74,2019-07-08,C,M
c98a6af7-32eb-4f60-a5fa-aa3fdd420f73,2022-09-27,M,M
cd5c8a25-9c22-471a-8107-aad19a1264bc,2023-04-26,M,M
cf418bc7-4c70-464d-8624-2b9c8299364c,2022-03-02,M,M
d1b8c658-9e8b-42d8-836f-5569d07bbfba,2023-03-30,M,M
d2f433cf-ffce-4687-8788-523dfd5bc303,2017-12-18,F,F
da75e9fb-2fd7-4f6d-bc47-f1e0ec8f6815,2024-03-10,G,M
dbbea494-dcfd-43d2-9a41-5720ca788248,2024-09-27,N,O
dd309b3f-0e73-4e07-94f0-e2411aea3fdd,2022-06-07,M,M
decd2dd4-e33e-4b05-acce-f1b17815b0ef,2024-04-16,M,M
e18c866a-52a6-4dc7-a72d-2407cd5d897c,2022-10-13,M,M
e303dcff-6be9-4079-96ab-f62ad9b594f8,2023-02-26,O,O
e37cb003-1117-4152-a828-3a389cdda20c,2024-02-12,B,B
e59a840e-bf64-44de-ab54-7ffa0ead4d3e,2022-12-30,B,M
e8e47699-0f34-4283-bdd8-ffad38cf6239,2022-03-05,F,F
ec8b729c-d465-43f8-833e-3d6bf6b75708,2023-05-29,F,F
ed6bff83-e108-44e5-8e51-19e2d7a2695c,2024-02-03,E,E
f12a8c42-cee7-4041-81a4-acacacfb2de6,2021-05-07,M,M
f51173c2-54af-4500-bd46-ebbf3f112465,2023-03-07,E,M
f732bcaf-ce47-45d3-8521-786c3fa99d9f,2018-12-06,A,A
f835f696-9572-4a51-a295-c6f400ada73f,2019-07-08,D,D
f93e9c31-2953-4967-851c-6eed21a748cc,2023-01-01,M,M
000cd7e5-59a5-4e68-9a09-9c3bf05d7671,2024-06-14,E,E
02e315eb-8812-4db4-ba4f-f92f4c7c18a9,2024-09-27,P,P
04819362-846f-4a0a-805d-1f33584c21ce,2019-07-08,M,M
058e5358-7438-4559-ba9c-01559568d0c8,2017-11-17,B,B
05b5e730-a303-4532-8688-0cdef34b2847,2022-10-08,F,F
084b74db-13d3-44ec-b088-dd0c1ae5e8c2,2017-12-26,E,F
08669eec-d469-45d1-8963-c514763024a8,2021-08-22,M,M
086c48c1-64dc-424b-a9c4-4d0c52508daa,2024-05-24,D,D
0cf4f2b0-2dd1-4458-979e-8b1f2ae28d88,2021-04-30,D,M
0f9b36ae-0553-4d42-8cac-10c1fdf45000,2017-03-21,D,D
125bb5f4-54e6-4fd9-9ebf-f7b662bf5936,2023-03-06,C,C
1445349d-1a38-40ad-9bfa-bd3ed1116291,2024-10-05,M,P
1700b522-ffd0-4a7b-aba8-f2597e6c5d43,2019-08-12,C,C
1bdb244e-64fd-419f-b650-99868a9e3272,2019-11-04,M,M
1cdb9833-b1fd-4d45-a18f-791236ce370b,2023-02-01,C,C
1d30a75a-5694-4e2b-a4fd-d4109562ed74,2022-06-01,E,E
1d3c3b06-6f54-4340-8ea1-386c50ab8138,2020-09-03,F,F
1e6097df-2350-46ce-b3ae-bf6aa44c080a,2019-08-05,C,F
1fa32f5a-dcdc-416c-b271-3f4a526269a5,2023-05-26,E,M
213eb605-d74c-4bc6-b2be-ea84a0861d4e,2022-05-10,M,M
23d24e98-63d2-40d3-9228-df818e0d5777,2024-01-31,M,M
25436759-149f-4608-886b-fb7277a39205,2019-07-08,E,E
262ee2cd-480e-4d32-8938-48d73b523418,2023-03-26,D,M
2a277fb6-424c-41fe-b37f-85bc51dd7d26,2022-06-28,M,M
2c9dcedd-21b8-4e70-94c8-13a411a7d149,2024-11-08,D,D
30adc348-8711-4772-8af0-72620563a9b0,2022-02-28,G,M
34f9c00e-1d33-49f7-a3d0-1d483bc40a63,2024-10-31,M,M
35427788-68bf-4513-a582-eadba6bad487,2025-03-18,D,D
3ae6b6a7-7d09-4bc9-aab4-394b8ed7e8d7,2024-10-22,M,M
3e599508-4621-43ed-93de-91ae4c2d3f0a,2021-12-20,G,M
40156c63-510f-42c2-97ee-b71029d4058d,2021-11-29,M,M
42222780-8fe7-4dec-9fc6-29138ae846ca,2020-08-24,D,D
45933d7e-a4dc-49e7-aebc-83ea2b6fe463,2021-12-02,M,M
4738a7fb-a1d2-4ef1-95c3-d4a491ec7295,2022-02-16,D,D
47522d90-5740-445d-b41f-7483d011a77b,2022-06-29,M,M
4785cc93-007b-4309-8fab-7951d6c4d714,2024-05-04,C,M
482d7286-54a8-441f-a5a3-d1cce36cbe52,2024-10-13,B,M
4969113d-dd5c-4aac-ba21-c3dfe72353f5,2024-01-19,O,O
4c0d41c3-9c2c-4a95-9ff1-a3d99f5ab1f5,2024-07-31,M,M
51347d59-c858-4c93-bca2-b6efef753a68,2024-08-17,D,D
5157d97c-2cb1-4e80-b23c-d6ed07c8c020,2022-08-08,M,O
51802fc1-9a46-4744-b9c9-e145505b0132,2019-10-12,D,D
5698946b-f024-4083-bb46-a9b359c7676b,2022-06-24,M,M
5778dffa-6e2a-45a4-bcf0-7df75134575a,2019-07-17,C,M
58b1460c-cc6c-4387-be44-8de389b1dbbe,2024-10-14,E,E
5a84c95c-fcfc-4438-bd45-c642e835f23a,2021-08-04,F,M
5b86b53c-2e87-4dfa-a17f-ae5380eff49a,2023-12-29,D,F
5d55a5d3-e91d-4334-8594-93554a68f9aa,2024-02-16,E,G
6045503a-1137-4f95-b351-92caec9da837,2024-03-15,M,M
62c0e5e7-0161-4ef4-aadf-02dfb52d78a9,2019-07-08,B,B
65ababb1-0b3e-46d8-96b1-f2d8a6f342a3,2024-04-25,M,M
6c45f377-336f-4beb-abda-cc995ce383ed,2024-02-04,M,M
6f0f31a8-9a8f-41a3-9660-0c882b3d8bc3,2021-02-25,C,C
6f419877-ab8d-4a21-b10e-d857f1f445ef,2023-11-26,M,M
702bf4dd-4225-4e02-8b23-8b6246cfcce1,2024-09-20,D,M
70c28bc6-3d9b-4774-a694-228a8a889da2,2023-02-28,M,M
772cf04f-96f4-4ebb-9bbc-a1b6f171bb18,2023-02-01,G,G
7738793d-ca8b-4ede-8d6f-dc476b59e009,2017-05-11,B,B
7c113f37-7cc5-4f57-842c-1ef54f9112a8,2024-09-21,F,F
7f10d4be-373c-43d1-9d49-d55921eb150a,2022-05-26,B,B
8186678b-0d19-48c5-bb1b-64643371d1c7,2023-12-14,M,M
856105f8-5be5-43ac-8531-397b7891577c,2023-08-01,C,M
8811a2bf-601a-44a6-b718-fcc42246bc9d,2021-12-11,M,M
8bd635b6-36e1-438e-a1c0-431e73278471,2024-05-03,D,M
8beb1558-1418-48e2-b959-ab4effd03070,2018-08-18,E,E
8f0e4680-1292-472a-a879-8682eeb46f54,2022-05-24,M,M
91206ede-afe6-4118-9d8d-0db1f9acf49e,2024-05-24,M,M
930a31ba-0173-444f-b386-bee34e338efa,2023-01-29,D,O
9414f174-b63a-4111-b89a-14b9c03f79c4,2022-03-05,B,P
97d5096b-399f-4420-929c-a30b471f4ab0,2024-10-15,A,O
97e6b5da-e6f1-4f60-90b6-b833cb31d257,2022-12-28,M,M
9889840a-42c6-485e-afcc-58c5c85f113d,2023-12-04,M,M
991d1c17-9492-401c-a650-685640f2e92c,2025-01-18,G,G
9eacdd9f-d08b-4694-83b9-507cafc01b38,2024-05-04,E,E
9ee115fd-47c6-4e54-b799-a4e76b7123f7,2024-06-28,M,M
a45ad3e4-b86c-4011-bd03-5eb3efc25dec,2023-08-17,F,M
a4d131d0-56da-4bb3-aeba-92236a730b8f,2022-06-01,E,F
a565b6fd-5aae-49a7-9b0f-3e10e00f4d0f,2023-12-09,B,M
a6883302-f273-4086-84a5-e80d703a2c0e,2021-10-25,C,M
a793848d-f9f3-4dd0-bb5e-69a1cfb9e5bb,2024-05-13,M,M
a8fbe9c4-3760-47fe-9398-3e311f702991,2022-03-04,M,M
ab1ee26a-2e70-4cda-b2eb-915c5fd81805,2024-07-30,M,N
b0320902-e092-4213-b217-4b3eebce77ec,2024-10-12,M,M
b1d31da7-2c5c-4a26-a51b-f8cdadfbf600,2022-12-25,D,G
b2ec7c11-5f57-4395-a1b9-5ba44f0a4a81,2024-05-24,D,D
b68ac9c6-eea1-4ca5-b21f-7ea263d89bbf,2023-06-29,M,M
b6f80a16-9331-4706-914f-8f68b9af069f,2024-11-17,E,E
bd72b205-1708-460f-867a-50fe4937ad43,2024-03-30,P,P
be5fdad2-17c0-4577-8e36-65308ad140e2,2023-09-26,F,F
c090c88a-6177-4a3b-9469-1e12bf8cbbae,2020-08-24,D,D
c3617af0-e3ca-441e-8909-9297059d92ca,2023-03-28,D,E
c3b06b70-bc38-437d-88f6-1c1af41b9fcc,2024-07-07,F,F
c5934f1f-3da8-440c-9900-375781fb893b,2019-07-08,M,M
ca542ae6-b962-4f0a-920c-a172ac0294b3,2025-05-16,M,M
d17fea98-51e3-471c-aba9-10e45b759b5f,2023-02-28,M,M
d19682bf-f6d7-42f9-9241-b2fc825b8468,2017-07-17,A,A
d1f7912c-9cee-44f3-9a15-04bf6fa9e5b0,2024-10-14,A,A
d47d377f-1feb-4690-ba22-1fa247230e6c,2023-09-03,G,M
dd7f82a9-2de3-4053-bb69-a9863cd3acb3,2023-05-29,M,M
e10d112f-729e-4469-80b0-82e1771c9ef6,2022-06-17,C,M
e420acf8-e0c2-4e75-841a-c6c6264767a6,2022-06-29,F,F
e49d0a04-572c-4f82-94e9-a42332c5abad,2025-04-28,C,P
e4b8d86c-e34d-4132-a5da-f19c9150f018,2016-12-12,E,E
e74b32d4-a830-4a0f-8538-f79ecbcf5b25,2022-06-04,M,M
e82558b3-e780-4e1c-aacc-380b05c610f0,2024-05-24,M,P
e92f5833-439b-4ef9-a2f1-f7097b8b3157,2023-06-29,D,D
ea47968d-5f28-418e-853d-5d51d3555714,2024-02-01,D,D
ef6841b6-e5d8-4ca7-bed5-dea57fb85c34,2017-10-30,E,E
f4ab81a1-ab88-45b0-8415-8c4e4eb830ac,2018-05-05,C,C
f9e3e0f2-59bf-481d-93dd-f6cf2de47d9f,2024-10-14,D,M
fb3a502e-a5d7-4a2e-8211-68f9be1b349c,2022-04-11,G,M
fb6a6fdc-49de-4b63-86e6-425fd4a1de40,2022-06-22,G,M
f79a06a2-18c5-48bd-9504-9688293e3965,2024-05-24,,
00032b3e-4383-4d48-a1d3-d62c6071bc6c,2024-09-26,G,M
00a56036-9c41-4479-a90e-31b8cb7593a8,2023-06-29,M,M
06874fe2-bac6-4da4-afdd-1bcb30fc4be2,2018-11-26,M,M
08aa0a53-0b27-4558-b5a0-80b6aa774429,2022-06-05,M,M
0d974e89-77a2-44c9-a9af-574d90426a34,2019-07-11,E,E
1008fdc2-3dda-445c-ad67-f1dc051af640,2024-05-30,D,D
140278cc-28b9-4de2-a9ee-6fb6866fb35e,2024-01-05,C,M
15376f4f-939c-4570-8d55-8f49261b4104,2024-05-07,E,E
18997ab0-067a-4996-baa8-82157d9d44a4,2024-07-31,O,O
1d5e960f-66c6-43b8-9f90-dddd2eafbb02,2024-09-24,E,E
1d8ea982-7650-4377-8bdc-fa34f3716b39,2025-03-13,M,M
22990050-9698-40dd-b99b-1b3d3a2f6034,2022-12-29,M,M
26f7c095-7abd-4594-b168-463e7aae93e9,2019-07-17,M,M
27fbba75-148f-4aad-bd5a-0cc0940f2ced,2022-07-13,E,G
27ffd269-5c7f-426b-b9b9-0271ac0ed295,2021-07-19,F,F
2e6c684c-4750-4a10-aec4-213561e638b6,2023-02-02,C,P
2f9b8203-c0a8-43b8-a94f-842b1a1ef133,2024-12-21,M,M
303e1889-55b8-4143-937e-b6ff4f4d3b5c,2023-05-29,D,M
32ce4941-86f3-42e7-ae41-0b48dfa6d26b,2023-05-29,D,D
32eabd54-2244-448e-ba32-411d533269a0,2019-07-08,E,E
33b4a401-59b9-4409-aca5-827b61262762,2018-09-14,A,A
37266a5f-a050-43ce-8858-94bee30a5fce,2023-08-04,G,M
38c2a3ea-e7a9-414b-8480-2db7f450b325,2022-11-17,O,O
3bd6cf50-547a-47e6-8a4a-cc72c9992eb2,2019-11-18,B,B
3bfef858-74b9-43cd-9dba-387b9bab1e34,2022-09-27,M,O
3cab2300-6e90-48aa-a5f1-1d7352e0577d,2022-05-20,B,M
49bc3e1c-629d-4423-b63b-f05c2c571eb8,2022-05-09,C,O
4cebb3d4-6e63-4e4b-80e8-bf6bc65e2eb1,2022-06-06,D,D
4ede20f2-ef6b-4242-9a97-c1331ee585e3,2021-07-30,F,F
4f3b42b8-36fe-4103-81ce-438f8ce5dda8,2024-04-15,D,M
4f8bb0b1-ed9d-4060-bf53-702d0814b51a,2021-12-02,B,F
5148da6d-d2eb-499f-8c21-d102904adf7d,2023-01-02,B,B
517345a4-9242-4d11-b0ee-6c3c17d4487c,2022-10-15,M,M
51e3a06b-f70d-4b09-a50e-3ae53e5ab46d,2025-04-03,E,E
52b5e651-8f2f-4449-b2df-084d97e04bc1,2019-09-23,D,D
532ece84-e7f1-4f49-a09a-6feae9980bdc,2024-01-22,M,M
53512a14-b140-4be8-a75e-aff373a36b3a,2022-03-02,D,D
55ef8594-985f-4144-961a-ccbe9f618e1b,2024-11-25,F,M
5632284f-e131-427a-b0b5-7af93309e207,2023-01-29,D,E
59646b6d-7a81-4ede-aaec-f1916253dde4,2022-10-18,M,M
5ab2870e-a21f-4199-a162-1fee448d502b,2021-02-05,P,P
5b04f8e0-1f3c-4b16-90f7-6c849235fc44,2020-06-04,B,C
5b5a3610-3a10-450b-97cd-9928d3c711df,2018-08-04,E,E
5fa6cb1f-4a3c-46aa-b904-fcb861913027,2024-01-02,E,P
6404575f-4380-46ea-ba23-214a29d72d90,2024-01-02,E,E
64a4e57b-9cb8-4853-955d-26d48c365321,2023-07-16,C,O
6bdcef3a-7137-4f4c-afd1-97132be87dea,2023-10-20,M,O
714a19e5-3376-4118-acd4-5dd1fc945c3c,2019-07-08,C,C
717d4790-0336-40d0-859b-fa646dbfba61,2022-11-02,D,D
720f81c4-080b-4829-95cf-cdfe75542e94,2020-09-07,A,F
7376a74a-9523-427a-b74d-48793969580c,2024-09-24,M,M
73cd3b16-97e9-4e85-acbf-8ab6724069f9,2022-10-31,F,M
7417a112-852a-4fc9-8a95-7901f2e0eb89,2024-06-13,G,G
7677e7ba-3f6f-4ca9-9dd9-1ea294cde63e,2024-05-24,M,M
7ae3b1c8-1996-4139-a173-a52b88ba1cb9,2023-12-14,B,F
7c84d5c9-8a84-47bf-80d4-b371df93b13f,2024-05-23,F,F
7cc155b0-0cfc-47a2-be63-c5f3e5f83378,2019-12-30,F,F
7d0d2d59-1158-4389-a91a-e938c965d1ca,2022-11-24,M,M
7d79bc81-9454-4e99-b67d-1cb370ed6ab3,2022-04-29,B,O
7f48b197-abd3-4e1f-b4b8-ecf40f42ab16,2022-06-30,F,F
8287c316-7f23-4935-b32a-f82b2ba87382,2022-06-02,M,M
83967887-a703-4a21-a8af-3b42662edf0d,2023-05-29,B,C
84235efe-712e-47bd-b99b-aadba7289c80,2025-06-27,F,F
8455682e-f893-444f-8c1a-03cc18c21d1f,2022-06-04,M,M
84ec7e67-f52c-4d53-97ef-42c2be69830d,2022-03-30,F,P
855a9db4-7407-4c0e-9ba7-a976c09f3c13,2019-07-08,F,F
864593ed-b935-402b-809a-392192b20314,2023-11-13,G,G
878b4218-d5cc-4873-9689-6cb37aff55ae,2022-11-02,M,M
8aeb0794-d9b9-4901-be51-0c5b898d4d11,2023-11-16,M,M
8bddff49-ff96-4d96-9f1c-1801f683eb32,2025-02-06,M,M
8e1e4e31-e24d-4eac-92ca-001d212e4557,2023-10-31,D,E
916e21c4-eaee-41d4-9166-7527c0d728c5,2024-08-01,C,C
94628a28-9fc2-4f92-8556-719b304db9ca,2025-03-03,M,M
948e707a-d89d-47e9-8f24-24055d7aee1f,2023-02-28,M,M
9694ae8b-5090-42c3-9c14-1e6b6b05bd84,2023-12-25,F,M
98139f98-e37b-4b16-836c-b9f018b30aff,2024-03-30,M,M
9bb62c91-144c-4c51-a995-f1448a99f985,2024-05-24,E,E
9c19b11d-9256-4022-b9d9-3ab2d21d4573,2019-07-17,B,B
9ca1ff2b-ce87-4551-bc03-ccad7b58e901,2023-05-30,E,E
9f550e61-a864-4487-b366-6127f9a1aabe,2019-11-11,A,A
a089a1a4-0a97-4d06-b56c-b5e225e90924,2025-03-07,E,E
a3450e5a-e7b4-4555-8728-96e7202efd27,2022-04-09,B,P
a43d897f-8422-4692-bb22-1845d30ee192,2024-08-01,O,O
a4ad3798-0210-478c-af40-097f85700d28,2023-04-30,D,M
a713a778-d52e-4466-bddd-7ae3eee683d5,2022-11-15,A,A
a788b86f-6ca1-4f21-a6c1-a6b0a6d572b3,2022-02-13,M,O
af3e7ece-2912-4965-8a6a-0347405d5197,2020-03-18,D,D
af72e97d-8932-4350-b10a-1487d9f37326,2024-02-19,P,P
bcebd36c-1836-496b-856b-51cc73be4509,2019-02-11,E,E
c14f80d7-bc0b-4a8c-96a8-9e4b9681efa0,2024-04-28,O,O
c3b1dc02-900c-4773-adca-f52114390ed0,2023-10-31,E,E
c3f19e45-22e6-4604-bac6-21dcdca31991,2022-09-03,G,M
c433f26a-66c8-42f5-a61a-16db8e4d71ea,2022-09-20,G,G
cce53e76-b2c9-4c78-9508-b270f8f29c6a,2022-02-05,B,B
cd199457-69ce-4058-9a44-3c3bdbe0882b,2024-05-23,F,F
cdb7e5a2-d8b1-4290-b089-c8abfe87ad34,2022-01-03,B,D
d2206669-0143-485e-9f3f-b322af3f7b78,2023-02-01,C,C
d51a016b-2f2e-46e0-a11b-10cda747a722,2023-03-20,O,O
d5ed6ed2-d3f6-4e12-81cf-d68552cdbc7d,2022-06-04,F,F
d6e2ee6e-ca18-4997-bea1-c54a918be4be,2022-05-03,M,M
d78c17bb-2938-4e89-bdf0-65799f44678e,2022-06-04,M,M
d8230de3-2875-4afa-a887-6750b7b8aba0,2022-06-04,M,M
da4e144b-78dd-42ae-b163-e002c105b52c,2019-07-22,O,O
da9b5a42-e022-4519-bbba-2918cc1972d4,2023-10-31,G,M
dd5adbb1-06a8-405c-b965-da5b5107d76a,2023-01-05,C,C
e08e7ea3-474f-4200-96e5-334f74c8bb52,2022-07-27,M,M
e139972e-99fa-4b1d-ba76-527a9531bc78,2024-03-12,M,M
e146404c-e24e-4b23-97c5-5e60fce2b12f,2024-06-28,D,D
e3edbec9-e0b1-4f3b-90e4-e3c5e18517a2,2020-11-23,F,F
e6fb5d57-53e1-451f-b640-64620b31a5cb,2022-03-05,M,M
e8fdd43a-df49-49c8-955b-7329734b305b,2017-08-09,P,P
e93a5831-85ac-4cb2-b5d0-0ff22fb64abe,2021-12-02,E,M
e9e81935-f119-49a9-be6d-c229defeb2df,2023-12-23,E,E
eb47c076-18ab-456b-942d-cac30bd6b39e,2021-12-21,D,D
ec342e20-cc9c-4b53-94b9-3ef44c4781cd,2019-08-29,C,C
ecaf2f5c-785e-4b82-93f0-b136734e8160,2022-03-07,F,M
ecd98dff-7d68-472a-8da8-37f80ec29743,2019-07-22,M,M
ee64676e-a70e-4aee-8dc6-3f19afa6c757,2022-06-04,G,G
ef0fbe66-c00e-4969-bf31-ba614918ca33,2021-11-20,D,D
f0a2a979-5632-4e84-baa2-40652e0b7a87,2024-01-31,B,P
f4e19799-1915-44d9-a5eb-b9efb2125209,2022-05-31,G,G
f595339e-bbbf-4008-aa0d-80a9bfa785f8,2022-06-28,M,O
fa070f64-4083-4c19-a648-964476f5f1f5,2024-08-28,G,M
f95738c9-7eaf-494f-9f48-85be618aa674,2022-06-04,D,M
fbddd054-6261-41eb-af5a-c5ea78dcc740,2023-07-20,B,B
ffc494a2-53f7-48a7-b7b0-d2df3e535670,2022-07-26,F,F
034afbb4-bfba-4d41-91de-3f5b56aa6c8f,2024-02-05,M,M
035b7846-e1db-4ad2-994f-448b6bd207e3,2021-11-29,M,P
03d063e6-ea8b-4546-9d52-10c751952ab8,2023-12-21,B,M
060d503e-356d-4193-8ebd-b7a47c788419,2024-08-12,M,M
0721d803-cfe2-45ac-8a3e-cb1c2482c0ec,2018-09-13,E,E
0874f8ee-0829-4988-9114-4fa1a74e4f9b,2024-09-29,B,M
10932709-00b2-47df-8da7-bac429187c27,2022-05-15,F,F
12ece09d-6708-4d07-a0bf-bc30d7e4ea31,2018-10-22,M,M
1970b114-a4b2-40a6-9a77-32b15b803c60,2024-05-24,D,D
1a1c9b49-8c91-4686-853e-078a85ee9141,2022-08-19,M,M
1a963cf0-d9d6-4b40-8913-3b9bb6e6c4c2,2022-04-14,M,M
1cc18c4d-e765-45ef-a550-a20749c8bb4d,2018-02-19,E,E
1fdeaabe-cbbd-4323-be3e-6cb869b1649f,2023-10-27,A,E
2028d835-221b-4322-83ba-7802c19309e7,2019-08-29,E,E
23608fc2-a299-47d8-934a-b34c0c8d19a8,2022-12-24,C,C
29331777-48e9-4cc1-bbe7-cd1f008424c6,2023-10-17,F,F
294eb308-eb20-438f-9c34-5d6b3abb37d1,2021-07-07,M,M
2a12698e-3f48-4528-a96b-b0de608c6b59,2023-04-09,O,O
2a5ee548-ae9e-476b-adfd-a584cf973e07,2019-07-08,M,O
2b8eae5e-adec-425d-9c8a-6c379510bd02,2016-12-23,G,G
2c74a581-ba8e-4174-aee6-2af7795f00a1,2021-06-11,B,B
2ffeafab-47ac-48f0-9a44-87c5ff3c4359,2022-09-24,C,C
32b9a048-2e7e-4a45-ba68-c415a10daa5f,2024-08-12,D,M
33852a89-0229-4037-ae6b-07d07424266a,2024-05-24,M,P
3c189aff-1122-4c86-9474-4de793c5cde2,2021-03-15,C,O
3cbffeeb-b52e-4cfb-9701-1c18362150ca,2023-01-01,M,M
3fc013c4-3ed0-4da4-a6e4-53a6eaf68a7b,2024-09-21,E,M
41f55570-d8ec-476e-ac85-a4e79658e652,2023-06-29,M,M
422f189c-d2fb-4a91-8e45-f5e1647c7662,2024-04-09,C,C
4349fc7f-f642-4f95-a2b1-68f525967828,2023-03-30,A,G
453b5ab3-5fe6-4057-8ad4-082dac69562f,2024-01-11,O,O
46eed318-3f54-4f4d-bb78-5d1ae78c1388,2025-03-08,M,M
4810db5d-6ac2-43b0-9b63-edc47e91879e,2024-05-23,M,P
4c2e8c15-a973-40e4-94ba-01215ee01126,2019-01-08,D,D
4da92f19-e7df-4fa0-a4ad-5eb157d67c46,2023-01-13,G,G
4efeb09e-e0ca-4ae7-996f-8606508d8654,2023-07-17,A,A
50ac4263-a050-42f6-93c6-17b4f368a796,2019-11-30,G,G
531dd5ce-f054-4507-974d-cf5c411169ee,2024-03-30,M,M
550329f4-d6b9-41c3-bf1a-969e05fc9eed,2024-05-24,F,M
5627378b-d92e-4a78-9661-bb1745247e78,2023-06-29,M,O
594fd7d7-2480-4223-87ae-177f6c9edb10,2020-08-24,D,D
5bf0b373-0942-4785-b8aa-ed6e2549b759,2022-02-08,B,B
5c1952c1-0c03-4cd3-bfcf-f67f5ae3ddf4,2018-02-12,C,C
5d882c07-cd22-45f0-90e4-de9bd24536db,2023-05-29,O,O
608acce2-6af9-4a38-ad39-7d99c69d079a,2024-04-29,E,O
608f1d21-64ca-4ba9-9f11-09c2a75cd42a,2019-12-14,C,C
60c84a1a-12c0-4864-b448-bc0ea9996caa,2021-01-29,E,P
630d5c71-2813-46f3-83cd-14c6d0c1dbcd,2018-07-28,C,C
671eb145-c37c-4326-ba1b-721d4dd49de3,2021-05-31,M,M
67897366-f8ad-43d9-a7ee-fca7d28a60f7,2022-09-11,D,D
6796298a-b736-40d6-a14f-28fc9c240765,2020-05-15,B,P
68ae2781-1928-4b68-ae8a-fffb7cf3c740,2021-02-06,B,B
6b72631f-5875-4505-ab2b-1bc32d3d44c8,2021-06-06,M,M
6d37e153-7d41-4fb7-af3e-247b4b3bdca6,2022-05-24,C,P
7117856d-c70a-4f0c-a144-14bbe75bfe03,2018-11-21,E,E
73151b0d-950f-4c73-8232-bb6f441a30f2,2022-06-01,M,P
78855386-84b1-4778-a4a0-fa73c352841f,2023-02-11,C,M
7c3cb9a5-134c-40e3-8af3-70745c46fd50,2024-05-03,M,N
7e4ec4c4-5d69-4d43-a384-24803a0aa82c,2023-09-28,O,P
7eff3369-783b-4976-ac63-1f1c1352bc48,2019-09-04,C,D
8636592e-39b3-4c87-84de-06d867423dc5,2023-09-28,B,M
8742b57e-55c7-4c54-acec-543e9b9eae4a,2024-01-29,C,C
898a39a6-2e6b-42b8-b5a7-abfcce1c65f0,2023-06-23,G,G
8a2cc882-48a6-421e-a0c7-71798376f330,2024-05-03,M,M
8ed56412-bea1-46f1-91f9-9438baa04ece,2023-05-31,F,O
905754b3-21da-4cc0-8f48-663817e9351e,2022-10-04,E,E
916a1fa8-3373-4235-b521-a5c9ebfbe316,2023-07-24,E,M
921207f6-73a7-411e-8674-bb5ce5bcbec9,2022-11-23,G,M
92bfa095-40da-4030-bf4e-5146895d6ebb,2023-03-18,M,M
951437c2-01d4-4c8b-95b9-710f26d16da1,2021-12-28,E,E
a19e5a91-5666-4d47-99d2-2d560d92cba1,2023-06-29,D,M
acc48664-9f20-4d29-b1d3-4c855f46ec17,2024-04-29,M,M
af0418e2-f767-41f4-ab0b-7a5473068eef,2021-06-11,F,M
af5d22e6-fd49-4d0b-946f-2062024fc7e5,2024-06-10,E,M
b1aaac4c-486c-446e-824a-b340c6181da8,2024-06-11,B,B
b53db32e-a84a-4dfd-885c-da5a2cb9d8d8,2022-03-28,B,M
b8d481b9-105e-44b1-9829-355fa5c6a5ed,2022-05-16,D,D
b995cea0-3f54-45fa-be34-b182ec3fd8a9,2024-03-11,C,C
bc49fe47-4c82-42a4-8154-abc0586dabd6,2022-08-21,G,G
bc9d8937-2602-41e9-a628-8ff2a6ac009d,2024-05-24,E,E
bd8651e9-594b-4103-b1e1-283833cb03ce,2024-10-07,M,M
bf878c64-10ae-4ea7-99ee-4f74e399ddb1,2022-10-19,F,F
c20d5a8e-5be1-4d34-b688-180eb6ee111a,2019-07-08,A,A
c473a3e1-0c68-4f03-9991-f48c2744f6c6,2018-08-15,D,D
c82a6cca-da6e-4573-9bbf-b975a614a7e4,2024-06-16,F,M
c853e671-307f-40e2-a6f9-523c1bffc36e,2022-08-19,M,M
c8af8292-cc0a-4f06-8983-3ccd6dc7dfb1,2023-02-26,D,G
cb042994-27d6-4bf3-8a0d-216e0ac15df8,2018-01-08,B,C
cc828e0e-ebb6-4970-81c9-5165e65e82c7,2024-05-24,F,F
ce170f21-cb2c-4173-a0b0-cb0e7cb69168,2023-05-29,M,O
cfeecb9c-f4bd-4531-9a74-23a73f6cdca6,2022-01-20,M,M
d246925a-3b1e-412e-a3c9-fcc0c7e299ca,2019-10-28,D,D
d5d9bc92-03f1-48dc-b1e6-ff7e52e3912d,2022-02-27,A,A
d730ee6f-6f75-40af-ac6d-8092c0b70694,2022-03-05,C,C
dc666d57-c872-4f10-b4c9-7fa83d3036d8,2023-03-30,M,M
dd63a726-1ac8-4597-81e8-26ca1b97edac,2023-07-31,C,C
dd7350a6-4319-40f2-8bd1-74eaf50cbddc,2024-04-04,M,O
de08f4a9-4f54-4be7-831d-7110b2a0e54c,2020-09-08,G,G
dede3e82-4cf5-4a20-8cc2-87453b41750c,2022-02-28,M,M
def93416-656c-41ac-9fe2-e45a6abaf1d6,2022-04-06,D,P
e1a07686-1740-48c4-b49e-7a6b5a9816f1,2024-05-19,F,F
e2c68a8c-16f8-4fa7-81ed-305bff08d882,2023-06-21,C,M
e33de856-aa6a-419c-a096-cb74d24d8ed5,2023-02-08,E,M
e5dca37b-524b-486e-97c7-d8300d487edf,2021-07-03,M,M
e749d9f7-046f-4eeb-8557-17e34364e0d0,2023-10-25,F,F
e794e564-38f5-4baf-8f1b-e886b17b141c,2022-11-18,C,M
ea7b7815-dd37-42b5-84d2-5865296ff33a,2024-09-18,F,F
ec2c1143-9998-4381-aee3-e0dbf9943136,2023-08-29,M,M
ee365473-5c47-4f77-a740-e59867f0ed3b,2023-12-29,A,B
f0b0c721-d8c5-4a85-8098-99a19b50d6c6,2023-04-12,G,M
f0f1b1b4-a1fc-4182-8e4e-dd14f159e0db,2021-12-02,D,D
f49c13b4-7bda-433e-93bf-9947f55a6a69,2022-05-26,C,F
f54fe8b5-fcd6-4bcc-85b4-cd157f603d74,2022-06-04,M,M
f586f7a1-7744-4ef5-a5b4-78ac8c1105c1,2024-08-24,M,M
f6254b41-cb04-4f62-8787-1d8d436134dd,2022-05-06,M,M
f6efde03-ef10-4784-aded-7e66dbaea4f6,2024-08-01,C,D
fab3c8ac-66d8-4965-b421-22fe45d0583b,2022-11-29,M,M
fb3947ba-2b78-4685-820b-30e84df6c3bc,2024-05-26,C,F
fb66f97c-6167-4c20-8b7e-02798759c21b,2022-12-26,E,E
fd96325d-66f1-4516-a169-56fb37c2a39b,2021-12-11,E,E
fdada811-4853-41f5-ab2d-34181ff457ec,2024-05-24,B,B
012179ac-6416-42d4-84e9-b4014f16ed67,2022-07-14,G,G
077591b6-83e4-4268-a4d3-ebdcfdef8f41,2023-11-13,B,M
08b7d334-5cfe-4364-88ed-e160420f73ea,2020-12-11,F,F
0cb91386-e79e-4e34-93fe-62ad53c06f90,2023-06-09,E,E
0ec3dd48-2c83-42d3-b6f4-ce653d0e2a27,2022-12-29,M,M
11769faf-cb42-4a57-b9dc-f3671eb6274b,2024-04-29,B,M
12493bb6-4aa2-4472-81b5-e717151e7469,2024-04-26,M,M
1274f80a-d55d-4ded-8aa9-b83adbd93954,2024-05-23,M,M
12aa4679-8183-44c7-a50c-143a258d7160,2018-04-30,E,E
141c71fb-7545-4c83-adb7-29c5ba5e45c7,2019-10-31,F,P
162c9acf-971d-4b6f-b72e-329d31ef0eb0,2021-12-02,M,M
167833f7-053e-439a-9eac-2a783d7731b0,2022-10-05,E,M
1a130a35-8739-43fa-8138-051545963dda,2022-01-11,E,E
1d2511cd-133e-4e4b-bb59-f66908bcfea0,2024-07-02,C,C
1f679641-c059-4a99-86a4-1ea20962af76,2024-09-27,E,M
21a9e930-d362-436b-a526-f04448df0d9d,2023-08-26,E,M
23ba7418-9849-42cf-b70e-b05480ccaecc,2022-06-04,M,M
24faf04c-dece-489e-9451-3c0c74f2bd78,2023-12-24,B,B
2838d644-fe9d-4dc5-9779-ffab62542708,2022-10-13,C,C
2c540fb6-502d-4a7c-80bf-7946f8624415,2022-11-03,E,E
2cd24808-67a7-43cc-bd1c-245d586c41f2,2023-02-01,B,B
2d3ad721-9d55-4b05-9026-6df7614727b8,2022-08-25,F,F
2dee7b30-f101-4d28-917a-6d3068be4c37,2022-01-29,E,E
3012e31c-65e4-4f36-9ad7-e9b4745cee71,2022-12-28,M,M
32328912-c785-4804-9a97-63ed455391f3,2022-06-28,M,M
341569f7-34ac-43ee-839e-251172d2cb15,2023-02-02,M,M
3583c2a4-eb7a-4c90-9db5-a0f2597384c3,2018-12-22,A,A
35de891e-2253-4185-ac88-888c51fed00a,2022-09-27,M,M
372ef644-d0b7-47be-b68b-975ee13aec4f,2024-09-14,E,G
375f9d11-bbd8-4255-ad1d-c96f64c3821e,2018-04-08,E,E
386e43c8-5716-49ff-974b-3abc11da4456,2022-06-04,D,D
39b31398-ba5a-461a-8780-d00c6b48a9d3,2023-07-30,M,M
401133ed-4f93-4eb8-9afc-50e1bb2065bb,2024-09-16,D,M
40e648ff-43e4-45b7-9563-a288265ac141,2022-08-12,D,M
42e3e0e7-09d8-4565-a990-883302d854e7,2022-01-16,M,M
436770f6-d0d1-4086-86eb-aab8c9e75eb8,2022-04-29,M,P
450f039f-bd38-4034-9b3b-08f3c01173f3,2022-09-27,M,P
481afa31-8572-49d6-bc47-9ec8f357066b,2024-08-29,A,C
4ceeb763-3c27-4e31-9edb-8bc83f0d595b,2024-05-05,N,O
4cfb0d4c-2723-4ef1-b933-a3db22e4d05e,2023-02-02,D,D
4d9080a7-b1b7-4a1d-8b73-e79bb9d79b5f,2022-12-01,E,M
4e554ec3-1c56-4cbe-aeca-565e3b82efdb,2023-12-18,E,G
4f33602d-ec54-493f-a0f5-4a1491b24f92,2019-07-08,D,D
4fa3ad21-f006-4bd7-b738-e16c1bad091a,2023-02-01,F,F
4fc0be7b-15a1-46a4-8fbb-27d318badba2,2022-07-17,M,M
51bad210-9227-4bdb-a02d-5e5a925fa8ec,2025-02-08,F,F
51d3229b-8636-4bd1-9b1e-b06d1cf5aa1b,2019-07-08,D,D
535f885e-2c61-42ff-acbe-3667ea017bb9,2024-06-03,M,M
54f50208-bdca-4a10-a2f3-6bcb70214274,2023-02-02,O,O
5533f3ea-c08a-4a84-9a90-b488575623d4,2020-03-26,D,M
595689b0-237f-45a6-a75b-17a71baba63c,2022-02-08,O,O
59ca7181-f54d-40d9-b494-b5e9344f10ba,2021-07-17,D,D
5ae128dd-8956-4fc9-827b-0590f5e74312,2022-09-02,D,D
5c876bfd-03d5-4542-8cfa-bd48b861a51b,2024-05-24,M,M
5d5e54d0-62a1-4218-a586-001e6afe25cb,2022-06-05,M,M
5d8a3d00-8b1a-4ef6-9329-0fb2c4c9f257,2022-11-02,M,M
5e2316ea-2d9e-429b-9818-390279f311cd,2023-12-06,F,F
6026b060-4858-4b42-919a-e987210918bb,2023-10-02,M,M
61568e0c-9402-4063-8fc7-565f3dcd0812,2021-12-28,D,D
67a7b5cc-61cd-470e-9189-89d6382aeee7,2023-02-01,P,P
680062b4-4ffa-4ad8-a142-535fb6a5d7ac,2023-06-05,E,M
696b4cd0-e87b-4c47-a024-3579056c5fb3,2023-04-16,M,M
6b4f287e-0ea7-4c1b-9cde-b0a28a860b53,2023-07-16,O,O
6ccb79f5-bf4d-47b3-a29d-ee390ae34362,2024-07-17,B,B
7a5dee0f-0b70-4457-af04-23d219dcf721,2022-01-21,C,C
7d0eaed6-e0d7-4213-931b-ff0e27c4ea36,2023-02-02,F,F
7e2477a9-d0b8-427e-b96f-5bab8030c30d,2024-10-28,B,M
80d1c1d0-30b1-452e-8f2a-fad05ba54caf,2020-06-06,F,M
82632b9e-2651-4879-9960-9d2171bffdcd,2024-05-23,C,C
82ed77a3-3860-4bcf-b4b1-e3e60ba9910e,2023-02-01,E,E
8619a2cd-8ce6-4477-936c-6e9bead071a0,2024-10-26,E,M
869bfb2a-5b7d-4157-a2c3-5fca5dfb48a4,2023-07-02,M,M
86d7d8c3-030f-4ddb-91ab-6f7b8ef2235c,2023-02-19,C,M
8a9778c9-5bdc-4dc4-bd81-53115ed8649c,2022-01-03,M,M
923d7ebb-f9dd-4892-9ef8-f2f471886dbb,2023-01-02,F,G
93f614c7-fca4-4e9c-b17d-4d0841417c18,2023-06-29,M,M
9654f074-2c8c-416f-b214-5f2537522def,2019-10-10,F,F
9754d9e6-e68c-477f-b2a6-0c548768a7e4,2022-07-16,C,C
97c19cfb-df5a-4ef3-8d8e-144285a69c15,2023-12-27,E,M
97e0775d-e534-4791-9260-3d83a2ece4c1,2022-12-11,C,E
97fc5eb4-bb13-42e0-a28d-eef903161e95,2022-11-14,G,M
99740197-3742-4211-acce-279243dd154f,2024-05-02,P,P
9c4c09b9-f272-4239-9f7b-a1620f3bc1ee,2022-06-16,M,M
a045ae02-aa4d-416e-9396-842d0a390df6,2022-02-04,M,M
a2680b2b-3eb8-443b-9069-dea2c298558e,2021-12-11,C,E
a4ef4574-120b-4576-b22b-1cd5dfb32f60,2023-02-09,M,M
a752d49c-2fe6-4c82-949d-9469d2339492,2023-08-13,M,N
abd38a0e-a9ee-4ff0-98ef-051e4ac781bd,2021-12-11,F,F
abddc360-87a2-4329-bba6-408e46f8de49,2019-07-08,F,F
c3643103-6935-4996-b23b-c44280784909,2021-10-25,D,M
c474056e-2ef8-4a8d-bbdf-97a43021dc75,2022-01-30,C,M
c6c87a24-90fd-4478-8e53-dff1aa16e8ce,2023-04-15,M,M
c7bd4647-1993-4192-a873-38586f9255df,2021-12-28,D,D
c88fd579-6e7d-4f21-8bfd-1a52db9e4fd7,2023-07-21,P,P
cb770528-f5f0-4141-ad01-233c5125e889,2024-03-06,P,P
cc8423a0-a5e6-4261-acbc-44d49a33c544,2023-09-27,A,C
d319a470-0298-44b6-a3e5-08b8f7ddccbb,2019-08-12,C,M
d743644b-d1ee-481a-b123-91bf4baa7ff1,2022-06-04,M,M
d946b64e-bbdf-47c2-8c8a-2408d9944355,2022-10-17,M,M
da2a5d33-e58b-4123-81a0-5cdc55bbd294,2019-05-27,E,E
dcd7761e-3e73-497a-af9f-f404f57c0521,2024-08-03,M,M
e184fa6b-4cd5-43a8-9895-9a0dfcafe52d,2019-07-08,G,G
e29a710c-fdcb-4be9-b48e-68d5658746ff,2024-03-04,O,O
e44e4eda-b6b8-4bf3-8286-5242af64cee8,2023-09-25,E,F
e4a072fe-b747-49a8-bd5e-435dd3f90b37,2022-05-19,M,M
ecab2100-4f87-432d-ae19-160c8442a5ae,2023-05-29,F,F
ecae18f8-d19a-4b35-8375-164113214399,2024-06-28,M,M
f12521ee-4f11-4900-9370-9633a4f5839c,2023-06-18,M,M
f30def50-03e8-404d-a6e8-2e6223f9e11f,2022-12-28,D,M
f403ce4f-decb-4f1f-b974-9e159f0dad4a,2022-09-27,E,E
f45d9e38-bd37-4ddb-9b7c-79959aff3f0f,2022-06-03,M,M
fc6fbac0-c0a1-4204-87c2-accea50789d2,2023-05-15,B,O
fd21e40e-e998-4dbe-abcb-ca1993a13b8a,2022-03-16,E,M
ff0e12eb-45ed-4d5b-8b80-21d76c3399f4,2024-03-31,E,G
fc4d9b2e-ed66-4507-9ce3-f4eeef0e3707,2021-08-30,M,M
fece9486-8e8a-4be3-864e-c427aebe3ad1,2024-08-19,B,E
00b47b46-ca1f-4b87-bee1-5bbe7783ad83,2021-11-29,E,G
054a0bda-158c-4268-ab8a-a08225e7c3f7,2023-06-29,M,M
06e5c9b2-be95-4b4b-a26d-afc589ee5c0d,2016-12-08,B,B
10d11f07-b656-495c-941e-7568055247f8,2023-02-02,M,P
11e6f71a-f2e7-45a3-9f58-a18a1a520392,2024-01-29,C,D
14d2602c-af73-4a12-89bb-62172aa3298a,2022-10-06,E,M
159c4ed8-2a21-40a0-82bc-b4fd91f6b18d,2024-01-12,M,M
1abc93ca-5dc7-4947-b438-6fb82a3b08e0,2022-06-04,G,O
1ce691aa-55c9-4f0a-94c8-bbb2ee6ee8bd,2023-09-28,D,G
1ce8fd87-c15e-4d08-a0e3-dcfb41a4a945,2024-04-20,G,M
1de5481e-face-4a15-a9d2-8127b9003fa7,2021-12-02,M,P
1e75a20f-e4f4-4a3c-99ae-a4d9e558e086,2024-12-09,F,M
242d08a6-bc18-4e4d-a37d-fa282c44da74,2023-10-31,A,C
28e5c19f-99ae-47fa-8ef3-cac0a899313f,2020-11-30,C,C
29cc8b99-a330-4d3c-a42d-8c231c3adeda,2024-07-31,B,G
2abcda14-817c-4fe7-9ee1-f6d2c53cfbaf,2020-11-23,E,E
2b345f03-0e9e-4b07-9111-592745bb530a,2023-10-27,F,F
30411c8e-d78f-42dd-959d-1bfbfd76f066,2022-05-16,M,M
308d9365-c174-4401-959e-e0fc328ac880,2022-10-30,M,M
31857699-f925-4cee-97d5-638c653e3a0d,2022-11-01,G,G
3328c73d-f826-4a32-8bc5-28a4e55a13ac,2023-07-31,N,N
3425d477-fdaa-4a90-92bb-6678080bcb7b,2024-05-03,B,G
35c15d03-6aef-4c61-94e5-f28f59e459d4,2022-09-10,G,G
37cb3ca2-3dbb-4808-bcab-9524ded7dc83,2022-06-15,G,M
385f5ff4-c0f3-4317-850e-5fd7fbd59379,2017-03-06,D,D
3924e7d5-dba8-4f84-abe0-b45b9a687663,2024-08-01,C,C
3ac8eb53-e6d6-4797-977b-b8703bcf38b7,2024-01-04,P,P
3d18d893-77d7-4ac2-89ac-9be6d57e706c,2022-05-16,M,M
45585958-3b4b-4267-8f4f-b1818db8c652,2023-12-11,D,E
4739c932-8c16-4ed9-a30e-dd525f5a24f0,2022-05-15,C,C
47dec789-c7f6-4ec8-9e05-9bcbd6ea5af6,2019-07-08,O,O
492f7604-c5c2-4820-bf32-96ed3f6629e4,2024-05-24,M,M
4b411773-18db-49ae-8f37-9fbd6cc2cfca,2022-08-07,D,M
4c5b584e-9a1e-4ea4-9e45-3696422b6b2c,2021-02-08,A,A
4ce2c1cd-e107-4d45-8e13-83aacf72a323,2019-07-08,M,M
4d850fc3-64d3-44dd-b96f-e95080ae8d28,2024-05-23,E,E
4e77dc4c-ca7a-4cae-87f9-fddb95845651,2022-05-06,M,M
517e1e81-1af5-4ef4-be8b-6c7c30f88da0,2024-09-27,M,M
518993fc-5c6e-4938-99ba-ad15331d38ae,2025-01-24,B,M
52347eba-907c-4b4a-88b2-9fec8bef7cbf,2022-11-09,E,M
54205b2b-aad3-40b1-992d-b206729bf73a,2024-07-31,D,M
55dcc359-c09f-420a-be62-00add23a50de,2018-05-09,D,D
5cd2249a-6041-4260-9d35-935e4793b9b9,2022-04-29,M,P
5cf64379-21e1-438c-9778-c6080dc478f0,2024-11-21,M,P
5ee2ac11-8021-4d26-b8b9-791e7f45fe3b,2020-03-04,F,F
604fac42-18ec-47be-b520-8ab894c12a93,2024-03-30,O,O
675b1c3e-4600-4616-b342-095eb25468f5,2023-12-11,A,M
67db73dc-67a8-4375-b3cb-4918b74a8daa,2024-08-21,C,C
693a658c-dc05-4c06-97fe-ba08daa5849a,2024-09-07,M,P
6bde5e66-1fe1-43ea-85b3-b51e4c92caa2,2017-10-30,M,M
6cc3c88e-7a4c-451a-98ce-17efe6bc5846,2020-08-06,A,A
6d962ef7-516c-4810-9f76-e8d2d6d96520,2022-11-16,C,C
6e778903-e8b1-4044-ba23-d2bdf3765945,2023-07-06,M,M
6e7995e5-5430-4fb0-b439-90f9ffcbb988,2022-06-22,A,A
73f758a3-d39a-4627-a0aa-026c10848b4f,2024-08-26,G,G
74839266-19e9-438d-a33d-0bbec0c7155f,2022-10-06,O,O
749f972e-3e28-49aa-9fe0-d6ed4923eb76,2023-12-29,M,M
7863e805-1f74-4a5e-b973-d38c2b93f7aa,2023-10-19,M,M
7b264ce5-c511-4bda-b92b-82da7bdc45fc,2023-06-27,E,M
7cc7c21d-0084-4a73-bcbb-c15190f38ccf,2023-03-30,F,G
7d395052-2be1-4c6c-a5b7-ef7212e086e0,2024-09-05,B,D
7e1d2f68-250e-4d46-8dd9-ef2022a0ca74,2023-01-21,D,D
7fdff833-79d7-4bf3-b4de-d9f28bf640e0,2023-11-04,F,F
8053f628-484a-4f8b-8944-aa297235bd12,2022-03-05,D,F
82428384-1985-4f76-93e6-c43a1d30756a,2023-12-29,B,M
83ae1116-6500-495a-8c3c-0ac43951f919,2024-03-25,P,P
858159c2-1ac8-4a3e-a9da-9f3f4bf91170,2021-09-16,F,F
86e7d5e1-0df8-462d-909e-419f7ccc678e,2022-06-04,G,G
8be58773-37c8-43b9-9a79-e6acf6426ce1,2024-01-20,E,G
918c6173-b8f4-4d90-b94f-647fba59661b,2022-05-20,F,M
93ebfe06-b812-4446-b8ce-61746628460f,2022-06-10,M,M
99a509e5-a357-4728-9bd3-636aac72959c,2022-08-19,M,M
9a6ac145-9a05-428f-9af4-e736a30fc760,2019-08-09,B,B
9c412982-c77a-464c-8944-cbd64863063d,2023-10-29,A,B
9c7b43b7-a162-4633-ba9c-d227bed07362,2024-07-19,O,O
9d6cbf35-a206-4946-ba5c-72832d35c624,2022-05-25,M,M
9db9cc2c-8654-4586-8130-5f0b94f477af,2020-12-09,E,G
a09226c4-51d4-4089-966c-db102976e790,2022-12-27,A,B
a1985e49-2200-4d5f-93c4-4bbee49ca48d,2022-04-10,G,M
a5b94ca8-cb00-4e87-bd3f-a870a69f1301,2024-04-23,M,M
a9affd1a-d150-4664-a43f-f95bc21401f1,2022-10-10,D,M
afba0d29-58c4-4039-89e0-fabeb20d5e81,2024-10-12,B,M
b1bc548d-0f41-4c46-8aed-beae24674950,2023-04-06,D,M
b29d2e54-17e3-4614-8e5b-cf9d72426648,2023-05-15,B,B
b5461357-420f-441d-9d68-4aeee30c49cb,2023-05-29,E,M
b71dbc3d-1106-41fe-8193-3dfadb92a257,2024-08-28,C,C
b7a12591-b574-4986-a0a3-8ddfd4c6fab5,2022-12-30,B,O
b8b4df68-a43b-427a-9590-d520008b8fc1,2016-12-19,G,G
bb373e6b-935f-4cfe-b6f9-260d3bd492ac,2023-10-25,D,D
bcc17cc9-b40c-43cb-a989-a45e36ca09da,2022-02-17,F,G
c0310d3d-51bf-478f-9772-321247cc9ee2,2023-10-16,M,M
c1aba40b-b187-41b6-87b3-adb6ed8dc41f,2022-06-01,M,M
c218c393-c7c7-49c4-a5c9-5a49545a98d7,2021-08-16,B,D
c2de1c4b-f95b-4a46-a0cb-3caeff10455b,2024-05-24,M,M
c584e342-6776-42d1-841d-63dadbf05fba,2022-01-17,M,M
c7df0710-6074-41f3-8945-7647c9ce123e,2023-10-21,D,E
c8151ec4-4ac9-4e41-a052-105b810e4c77,2022-08-29,C,C
c907987c-fa10-4b6a-b590-ca089bed0713,2016-11-26,G,G
c9e99ae3-224d-4d44-9ca4-265136b6a3c8,2024-05-03,B,F
ccc6fb15-3e25-4c9b-a691-8472169efdbd,2024-06-09,P,P
d5656d92-d313-468e-9ff4-4e7e39c64f92,2021-12-02,D,D
dab66eb2-af8a-4f49-9e3d-ed92aa5108dd,2021-12-02,G,M
df6b63e7-cab9-49ba-beec-ba174c3fd56f,2024-09-02,C,M
dfdd725f-2433-4fc4-b47c-c816c7a1bbe7,2024-05-23,G,M
e16f8a5e-1e80-420c-b0e7-0a28f6703a76,2024-01-30,D,M
e2393dd4-99f6-4086-bf3e-fa434b8f9122,2018-05-12,F,F
e42746f8-9c5d-4b2e-8d86-a913d8d5373e,2023-05-17,F,F
e4d1151e-3016-487f-8acb-9a863b1229dc,2024-09-02,M,M
e7dec441-745f-470f-a588-9c3b9f69bf7f,2022-10-30,C,C
ebbba35c-92c2-4416-af04-ccabd6b97ee4,2022-10-27,C,E
ed668bfb-b30d-4a68-9a95-196834427e40,2019-07-08,C,C
ee463895-1f93-47d6-b594-43ac4ad7c1ba,2023-06-03,D,M
ee6d621a-607a-4755-ae74-243f6eeaa888,2022-06-28,M,M
f203c8b9-df9d-421b-b99f-d413a2f91858,2021-12-30,M,M
f34aeb87-7243-4112-9ea7-8c20186426db,2023-04-05,G,G
f5510b98-18f4-4b53-ad5e-bc19633f1399,2023-06-29,N,N
f70d558f-a35d-4907-a0be-1b474238cffc,2019-07-17,E,M
f80467af-7fbb-4990-b074-666f56063063,2023-02-20,F,F
fbccaeec-4d6b-4186-8aae-bf63c6c32c32,2022-05-06,M,M
fbdd19d2-7bed-4722-99d2-6ec6550789d1,2019-06-14,E,E
fc5a6a11-b896-4b2f-94a0-4336843d651e,2024-09-28,F,O
fed32f6f-d96c-4d67-9aad-f0ba1e9f5288,2024-10-07,P,P
09430236-f7a3-4c9e-8157-fbf1ee33d425,2019-07-08,M,M
0974a276-7618-430c-8d73-fc365686781f,2018-04-09,G,G
0c9f3639-d33a-4e6b-acfb-21b189256a26,2023-04-05,C,E
0db093fa-78a1-4b05-aaa5-8401219b39e1,2019-07-08,C,C
0dd9536c-bd34-4328-807f-5a873be2faf9,2023-08-28,M,M
10513afd-6efb-4e5a-9e11-09e0006f53c9,2022-03-23,E,E
11f19c04-86cf-4b6b-a712-ecef92cb772d,2023-06-20,D,D
13ffafa5-23c7-4e84-bfda-b0134a0b40d9,2021-12-02,M,M
15433b25-9782-49cc-8bf3-cd391e1deb0c,2024-05-24,E,F
17712821-acef-4522-ba4a-9e54263f7703,2023-06-21,C,M
1fae0da8-9109-4d7c-b8ea-bbee7f588d0f,2022-09-30,E,E
2568d103-3ba8-4ba6-8062-44e1be6811e7,2023-04-05,B,M
28fc5f62-1306-4b68-bddf-bb59e48975b6,2023-10-15,O,O
29555336-9b2e-41f1-907c-f74deb5be282,2022-06-26,B,P
29622bee-7341-435e-91ae-19529a5af982,2024-05-13,P,P
2ac9ebe4-0e46-4336-b1d1-aa4d47b53aa5,2019-07-08,G,M
2c30f8fd-e238-41b7-b31f-5778ae366ff5,2025-06-13,M,M
2ca8cab1-0a8a-4994-b380-64e5df5c4b54,2023-04-30,G,G
2dbb5510-247a-4e0e-a260-bf0214db3607,2023-03-30,M,M
2e56b71b-b87f-4e22-b51e-0029f50f235c,2019-07-08,F,F
3063a3e3-9750-4090-8af5-d6283e5e1e09,2023-03-02,C,M
33ea8b51-ecf5-4b2d-a15b-056c7c9e5afd,2021-12-20,D,M
397ac4d1-e829-43e6-bf59-5742ec9fb167,2021-11-29,A,C
3b927b19-09a6-4eb1-836f-4cd43484cb85,2022-11-28,G,G
3bc835e8-807b-460f-b306-62915ceaec45,2024-01-29,M,M
3c0b27fb-c67c-48a1-a868-5a671cc06b4d,2017-07-31,D,N
3f2a7a90-e489-4188-9c58-234a6cd16b4b,2023-01-29,G,M
3fdd2539-ac53-46ea-ba9c-39443750b717,2024-01-30,O,O
42c7bd82-d0db-4462-abf0-48048cdbf07d,2024-08-13,M,M
44cc6252-6806-4035-ab5b-9b9fcbd4fc9d,2023-05-29,M,M
466095e1-7df7-4165-b4f0-29bff207c458,2021-03-10,M,M
479469cc-471a-498e-9bb9-2a29ce56cc45,2023-09-28,E,M
49ab9058-e5d3-49c6-962a-1e20a0eb75f8,2021-08-02,E,P
4ad08b86-e430-4e83-b567-c21b3832f803,2024-03-10,B,P
4c36aa02-3ef2-44e1-984f-518097b338cd,2021-11-29,M,M
4ce1b452-e55c-4afe-975a-9fbf3c224fbe,2023-02-16,D,M
4d0bc743-c606-4b97-b1e9-437b678ae081,2023-02-10,G,G
4d7d4ee6-962d-4254-85d5-6cfc9a3fd0b2,2022-02-28,D,D
4dc382c6-d318-46e0-92ec-4eb65534d3da,2024-10-28,P,P
53983e3c-cb8c-4eab-b770-d266cbd8fe8e,2022-09-07,M,M
56f65650-4921-444a-bd6b-fd3604eeaf89,2024-08-01,M,M
5b741e29-2fad-4552-b337-ab67403069ca,2023-05-20,C,E
5d971941-0287-43ba-89a0-cce5670436b1,2021-09-04,M,P
5e21a180-1b05-422f-af29-d4d7032544c0,2021-08-02,F,P
6551c50d-9cbd-481b-bd84-f6fed0fc54cd,2024-04-20,E,E
6719d552-e9a0-4287-8f86-f0e8dab48db1,2022-05-03,D,D
6a2deb8c-258f-4975-95bc-ef97d53e314c,2019-09-23,B,B
6a40ffab-3185-4ff9-8767-24e93c265fa1,2023-09-04,G,M
6ee2ae60-02fe-4f60-9ba7-b30391139891,2022-11-01,E,E
70695fac-9106-41da-81cd-c43e2ad7c2ea,2020-10-26,F,F
70ae6fc6-0dfd-41ee-b1a9-d2faa27a10fc,2019-07-08,F,M
73b8e658-5d90-426b-b2a9-bf4a188d2656,2023-01-04,G,P
7736b656-ef62-479a-a2ab-0d68f6fcf6ea,2022-05-26,E,E
7bea9b69-7801-4b99-be6d-3028155f255f,2022-01-19,G,G
7e51fb7d-8942-4859-9eab-681cd7569dd9,2021-12-23,F,F
80f42821-2b93-445c-9f84-424f0d6df750,2023-06-14,P,P
814d2ecf-f335-41eb-95fc-dfc821956081,2025-05-17,F,F
85033d0a-5a5a-44b0-82d3-12bd280e4be7,2017-08-22,D,D
8556b36b-b2ab-4d87-b57a-1eb78eefab7a,2022-06-16,O,O
8636dba6-3fe7-4d32-9624-61e80d463484,2022-12-17,F,F
869079fd-7ee3-4736-bfb9-9300db881d6e,2023-05-12,M,P
86c843ca-c195-4635-be54-74e1ac144809,2020-11-14,D,D
8711cb2f-2d7a-4ebd-ab87-f13706593622,2022-06-04,D,G
88586200-4139-4714-91b4-67830c6c21e4,2022-10-18,M,M
88ea1e9d-acf1-40e3-8b42-7f67676c1218,2022-04-18,B,B
89146a26-0730-4303-b08d-134e4e045139,2022-06-09,E,M
8d31b176-5e65-4990-a1db-d1b45017231f,2022-09-11,B,B
8d96b4d6-244c-40b2-b6d4-4ba530b86f64,2024-05-23,G,G
8f891ed5-0c07-40b6-a789-4d886efda012,2022-06-04,M,M
9073188c-9df1-4160-9dcc-b70a646cd1fa,2023-04-29,F,M
91e06969-ef09-4e2d-957e-9f6e5bbc82d4,2021-12-11,E,G
97ecee70-280d-4b33-a0e3-fe8042a71cfa,2018-09-14,E,E
9dbd58b9-695f-4941-94b6-898ca37e5042,2025-01-13,G,M
9e513eab-d93d-44ec-a6ca-4bb751b4e7dc,2024-09-29,M,M
9ea0606c-2ce8-4256-9489-d2ab43b467e7,2023-05-04,C,C
9f6dfea0-196e-40ec-a67a-0628678c2fe5,2024-03-10,C,M
a1b6b784-dfb4-419f-b824-c45f80d45478,2022-06-30,M,M
a397bb94-7d32-49d5-b03b-0f71207ee31e,2019-07-08,B,B
a4e7d161-0aec-492d-96a7-0146a68a4b5d,2024-01-15,D,M
a63d9068-8e76-41d4-8b51-788f06df114b,2022-02-27,F,F
a8c14507-e2d2-43ac-974d-ebd849a6ddaa,2019-07-08,B,E
ab1870ac-00cf-4032-bcbc-96bb0169e9a3,2023-03-30,C,D
ab86347a-52bd-451f-a577-8eeaddd65f6a,2020-07-25,E,F
abe46244-b8e3-464f-bc5e-e9aca39f809a,2022-04-21,M,M
af4ee9c8-e63d-4128-bb77-e09649008188,2022-06-04,D,D
af6e04f1-7c5c-4514-b644-f19da8f1e2fb,2022-06-01,M,M
b17ec5a8-de9d-4377-a155-c5626e5c23ba,2024-07-01,P,P
b3947c9b-04d5-4931-b06e-910b67e8bff2,2023-10-02,A,A
b9e057da-ea67-401f-9d5c-a790704b4a0b,2022-06-01,M,P
babd21e5-5457-460a-a01b-3b3101ee8542,2025-03-14,D,P
bbfed3af-dc5f-443e-b5ea-b745805c40e3,2020-08-17,E,E
bca71e0b-c077-4667-9897-be7289bfa605,2024-01-22,O,P
bd058390-b93f-457a-931a-6960cc51b210,2022-01-16,E,M
bd8fbdb1-3bb5-4f3c-83b6-9e3bd648df54,2022-06-04,C,D
c15c966c-13fc-45bd-8916-cd43d65e6a53,2023-02-01,F,F
c5fbe733-51bb-413f-ae83-f41d45a75e84,2022-05-27,M,M
ca2efb43-e565-470c-8c8d-945d2297e5c0,2024-11-05,M,M
caf5e221-ab58-40ac-8174-479548e34782,2022-06-04,G,M
cc6f22de-62ee-448b-b216-d9c5415890a2,2024-05-31,E,P
cec0dd4d-0923-4dd7-8a72-e32e5c4970d2,2024-06-17,F,M
d019faf0-d446-4390-b365-b3da7383aa3c,2023-10-29,M,M
d02e4230-bebc-46ed-9fce-a5a535b3413a,2022-02-27,E,M
d173ee98-1e26-4f5b-bee1-04edeb230a1b,2022-04-14,M,P
d513d670-1218-4fad-b2e5-565a176f57f1,2022-07-30,M,M
d77ae2f3-1056-4cc5-af2e-7d0cf4d73c31,2023-11-18,D,G
d99f2698-9f60-4118-86ea-7cdc0cfb77bf,2024-05-23,F,F
db6b607f-5751-4c53-a626-de79855243b2,2021-10-15,M,M
dcf83cef-e432-4508-ac0e-405438f17e56,2018-08-16,F,F
dfae24d4-6da3-4786-b7e9-577604579d71,2019-11-13,A,A
e1fc31cf-979d-4bec-af54-4e76ce49954b,2022-08-28,O,O
e257a47f-4414-41f6-ac80-876a24765aa1,2022-11-02,E,M
e2586e3b-67ad-44d8-a9c0-e00e53f1fe93,2022-05-20,F,F
e3e3c5b5-b14f-4ec5-ab94-6596d1d60e77,2016-12-20,E,E
e4be3f8b-0bf9-479a-a5bf-40a0a5f023ba,2021-03-11,M,M
e51ebf72-7fbe-40d9-ac38-464658222abe,2022-06-01,M,P
e58651b3-177d-4ff2-aa6b-3924151b51e7,2023-04-14,M,M
ea3eca7d-020d-4a28-bd1e-ee9f0ebd2614,2022-12-28,D,D
eb28eacd-2b36-4a95-b0f5-71fe66abb955,2022-05-30,G,G
eff5fd95-6e83-42b1-b19a-501e1d16e890,2021-12-02,D,M
f2b99d26-59fc-49dc-8db2-33421089460a,2018-05-05,E,E
f49a02a0-d974-4717-87d4-d4c24765379d,2023-02-27,C,D
f54730ea-f8c2-43f3-b7be-347647d66ee6,2023-01-29,P,P
f57e32c2-c66b-4c8c-9240-5bf90ba583d3,2022-01-29,B,M
000b7ed8-872e-4c32-8420-dccb1ba1cb19,2022-01-30,D,D
002bbf8d-e579-47e0-8aac-7df2e22824d7,2024-01-30,M,M
0070d9c4-2dbc-4392-9f42-57c2687e8fbd,2024-07-31,N,N
01041bcf-229a-4415-9292-20ff5bf5f88b,2023-03-30,F,F
01071948-f93d-4323-939b-c3620473028c,2022-10-20,E,M
01e6bea8-40eb-426a-b49b-d55588bae120,2024-04-13,M,M
07c7cbe1-30d3-4b13-845a-07275c653639,2022-04-17,E,E
091c7d5d-153c-4a4a-ade3-d8d9f19cfd27,2023-12-05,O,O
09cff062-e284-4890-9dff-74cc8dd2552f,2021-12-11,M,M
0a1baa73-23bd-43ed-90bd-da8d60ef98b0,2024-05-24,M,M
0bcc9d42-4004-4ae7-b134-c7f582fca4c8,2023-08-29,B,C
0bd5fbb6-270a-4321-8ee4-d72489326c91,2022-12-28,E,M
0c5527a2-caf6-4836-9427-3a873d8d0d58,2022-06-10,M,M
0ce337b5-9197-4929-b4d0-8b03fc84b598,2024-01-15,B,P
0cff968d-f4dc-4171-b00f-206df5c85462,2023-03-30,C,C
0d62e606-9633-4ebe-b0b1-3bd0c6680508,2021-12-11,F,G
0dade21e-cd93-49c0-b16b-b81aef501c0f,2019-07-08,M,M
13cb8227-0c21-477b-9ccb-9aab1296ff4c,2024-05-03,O,O
13f30fbf-ac17-451c-836c-f47c914d92fd,2023-05-29,M,M
14a2e140-d176-4358-bdbe-8aeb4cacc43b,2022-09-30,C,C
1853dd3c-89a0-48cd-9a85-ec49cb09ae38,2022-05-05,M,O
20f201cc-747f-4994-bea7-e78ca6a7b653,2021-10-10,O,O
2529ce08-4eac-43f8-8994-002b49983434,2023-02-02,F,F
26ed87ee-995e-4ebb-b6a6-1eaf8372338d,2024-03-18,A,F
27143203-e7d5-45b2-ae4a-55f33b0716c9,2024-03-30,B,D
2b9665bc-bae0-46d3-8769-862523f76b82,2022-04-18,B,B
2c2ad908-c928-4f12-920e-3babd635918d,2021-01-05,G,G
2e05d0da-92e1-425a-897c-d74cd946ed51,2022-04-30,G,M
30243d98-3242-48f1-96b7-ff89f9ebfc98,2022-12-30,M,P
325ec990-c180-4731-99eb-469bb6d232db,2022-03-24,M,M
326de152-082f-456f-9ba4-cdd4ebc8b699,2024-08-29,E,M
3be9bd8f-cb2e-4bc9-b764-15d748112c3c,2022-08-23,E,E
3c81943f-6b85-4580-b4f1-312b647322b1,2022-10-29,D,M
3dc3ba5c-048b-4b2b-9d2d-cc86c150c3ad,2021-12-11,C,C
3e552bb7-0093-4c9d-8e13-ae7811610e97,2022-03-05,M,M
416d4d3c-b223-434b-bb28-cbf002e014c0,2023-06-20,O,O
41ca2bf4-5857-4375-9cf6-106f2f8a06aa,2024-03-01,B,E
425447ba-1a41-4176-a73e-6f29e3162bf2,2023-07-30,E,M
460291cd-5530-4a49-be45-18518d2e9dc0,2022-06-04,G,G
462ece79-7c86-49fe-be61-483b03a99bdf,2023-06-05,D,D
4be623b7-cfee-4bf3-98c1-0fe8b9bab8a3,2017-12-13,F,F
4cb75241-963f-4020-8475-855274d85bed,2017-11-15,E,E
4e4f454a-31be-46f7-a4f7-4f3586c3168f,2019-07-08,G,G
51ab23f3-a3c9-41c0-8b40-6397b8dc67f8,2021-02-23,M,M
51ece612-0579-4434-a103-dda221003f85,2024-09-09,B,E
51fffd73-9e81-47bc-9551-ccd0e10dd895,2024-11-24,C,E
527178ce-544c-4494-8110-46c2ddf15679,2021-03-26,B,B
55d082a3-bde3-4986-af61-1e8507ee1a72,2022-04-20,B,B
5ac37603-593a-49fc-a1d2-7dd46bcf1be2,2017-09-06,D,D
5e633a6f-6d5c-4074-ad3b-05e3e82b9c1a,2022-11-22,M,M
5fa64691-9766-4fdd-9a0d-5f009ad80946,2022-07-30,D,D
634dd2fc-f655-48d2-90c4-ec6c3d67e326,2024-03-30,E,M
6599ec8a-9529-4106-acc4-5768f20fec72,2024-05-24,D,D
6670e235-4b92-4c2f-a7fe-46bdc9628597,2016-12-05,D,D
69a7fd2b-a99c-444c-8c83-2292cc0f6bac,2022-01-29,M,M
6a78fa9f-9a03-420e-969d-e44a2ba73c91,2022-04-13,M,P
701af5ab-3d7f-49f2-95be-944e3b63e505,2024-06-30,C,M
72fa9e88-8b46-44e9-b942-f304fdb6d8fb,2019-07-08,P,P
73b99ddb-7ecd-4000-b7d8-cff5ddfa2bc1,2024-05-03,E,M
73d604d5-c2ba-4835-b737-eb411f776e6c,2022-06-20,M,M
77416611-b448-46e8-887d-424931235528,2019-07-08,B,E
77e62a6f-aff3-4302-9f35-35d1d9485abc,2022-10-30,E,F
78793531-aed8-42b4-b150-f05af4c0d9cf,2023-02-01,E,E
7d7ada5b-b064-4de4-b04e-5676c5c37836,2023-03-30,C,M
7d7eb9fe-3fb6-4912-ad96-ff8fd673cc5d,2024-05-24,F,F
7d99c2d2-d941-4208-af12-aa252945e212,2023-05-21,B,M
807d07e8-c8ea-4bb0-a744-f7f6208eeb19,2024-05-24,M,M
819aa071-a698-414d-965d-585731f46ab3,2023-02-16,M,M
83a40f62-f8cc-4db6-87e5-1d2029c864d4,2024-05-24,M,M
8468293f-7a8a-40fa-b395-63653ff89da4,2021-03-20,C,C
86f89dc2-b140-45c2-bd06-d91f7a75ebaf,2020-07-20,O,O
8b115256-9d99-4346-a40d-3e5c17d70497,2023-05-17,D,D
8c61f2f3-9eb2-423d-a18f-425c180e6b69,2019-07-08,A,A
8cddbd98-c592-42ad-a209-23c60e66b260,2024-06-15,B,N
901aa22d-dbaf-4b9d-b010-0cc213714d8a,2022-06-04,B,B
9025a066-5469-4686-9b7e-8edc2c8dad47,2024-05-24,F,F
9102c8d1-ae7d-4e4d-a9b8-bbe45ad399c1,2023-04-09,F,M
91bd7bef-b24d-4a8a-b474-70da4563965a,2022-03-05,M,M
9a7a666b-9179-4b2e-b9c7-9540608d9ee9,2018-09-07,B,N
9cbc62d2-18d6-4171-bca3-66760d136e48,2023-06-29,B,C
9e1daf26-e352-4143-bf86-d59c3ef4dad4,2022-07-10,M,P
9f78a885-8c0e-4753-8584-8d77033318e5,2021-04-30,M,M
a3bf0363-7884-4075-9c60-f53daa2e3497,2021-01-01,F,M
a6f26afa-ce1c-4508-80a4-d47525fd68d9,2024-07-22,E,M
a7251e81-ca6a-432f-88a1-347aea730570,2022-08-27,M,M
a84f27e2-e5ae-4451-a38e-b76467c7ad35,2022-01-06,G,G
aa00c22f-e684-4a90-98a3-c4314e8d8770,2024-07-31,F,F
add8faac-3752-45cc-92d0-0cbb2a2fc240,2024-06-28,O,O
afa38892-7f95-43c0-9620-ff20fb63133e,2022-05-23,F,F
b0182cee-1edd-4eaf-be6b-40a7b4a32d4f,2022-04-02,E,M
b1b0ef46-373f-4a93-9507-f545794a2159,2024-09-23,F,F
b3c99870-8a1c-434a-91cd-dfd48337c4b2,2022-06-04,G,G
b4d89768-5b3b-470d-8595-16f0a625c3d2,2022-07-22,G,G
b7784262-8a39-466f-a965-5b43a709d5b5,2024-07-31,E,E
b91a3f13-a589-4b9c-b917-5ae6deb1c62a,2025-02-01,M,M
bdb55f1b-a6a0-4c1d-8036-182d8fa66d4b,2021-12-02,M,O
c222adf5-c969-4331-be66-d0addc5ae557,2019-11-06,M,M
c5f83a15-39f5-49d6-a717-0559f4b7e135,2023-04-01,D,G
cc42790e-8e56-48c0-ab03-fc0f001f652d,2022-04-20,D,P
d05f54a1-d1ce-4a6f-b765-0236979b4745,2025-05-08,G,G
d3ea45b5-396e-427a-a51e-a98d23f96cdb,2024-05-24,M,M
d4ae0331-a5f9-4ea9-bd38-e77e38cf69f9,2023-02-01,M,M
d6892df3-3c17-4f2b-90a2-a10bc0078a07,2022-05-04,M,O
d7f6d158-cd87-4145-871e-9ba8fd2a1886,2022-12-28,M,M
dc74b79f-ffe1-4949-a020-b2cd93d3c35b,2023-09-28,M,M
e1359473-5396-41ed-aa7e-b1c014d0e395,2024-07-31,F,M
e2b6b289-d439-4721-8dbe-fcfc1d091649,2017-08-28,F,F
e32ebb08-d0db-4aa5-9e2c-664df2115e64,2022-07-07,M,M
e3e6def7-1519-45af-8cf1-20f91798d730,2022-06-04,B,P
e5c48b3b-23b1-4b22-9a1b-b8011be7dd9a,2023-01-13,B,B
e62d646c-20ca-447d-a93d-c5ba6dbc7780,2024-01-09,B,E
e6ac34e2-0251-43e6-8dc0-b7e46a0bcfd7,2023-04-01,M,M
eaaee9d7-3aea-4a4c-aaa3-65c2c1b4191f,2022-12-07,E,E
ed073681-2b94-4e96-9082-fe06e0f7d530,2023-06-05,B,B
f40734c0-6aa9-4624-967c-df168fc7def4,2020-09-06,C,C
f4a026e7-bbd4-4735-9b4e-8ce072cb65ac,2024-02-26,B,M
fc399f33-21e4-4ddf-b654-32643ec50e00,2024-08-28,C,E
fc56431a-4fba-413a-a416-2ab4b4f307c0,2023-12-28,A,M
e58438df-6e4f-4251-ad10-7f2d84b48acf,2023-02-01,F,F
e77b0e18-0af7-41dc-a806-9a2282b7c253,2024-07-02,M,M
e90412a7-1fcb-4a5d-9a6e-05b62aeed45e,2023-07-14,E,M
e99f7d7e-4845-4cc3-ae73-ea446843c363,2023-06-13,G,M
ef306b03-5df2-4dee-b11c-19a8d3f772f8,2022-04-29,C,M
f6f7d5c5-9097-4f0f-b686-1a07c6bf457e,2019-08-09,C,C
fb43023e-bb6d-4d0d-8f0c-597d9c35acc6,2024-02-29,G,G
fba8d091-b583-4510-ad64-38cdccacd121,2022-10-06,B,B
feae6501-02d6-419d-8e96-9519485f9613,2021-06-11,C,C
00fa360c-3acc-4e0a-a016-789c80f29ca4,2024-05-24,G,G
03b28b15-a515-471f-bf88-d1e8493947bd,2023-02-27,E,N
08c31589-5ce2-47d7-b1ec-e1bc9bed8887,2020-11-08,E,F
09f1582f-a739-407c-972a-ffcdf381969b,2022-06-02,D,D
0abf1870-f5b4-4bed-9f0a-a1a276a34be3,2024-09-27,G,M
0cbd6341-4833-413a-9c8b-ec3768c51373,2024-10-21,O,O
0e07ae1a-221b-46b3-af83-842b014fe0e2,2022-06-30,M,M
118746ec-4658-49a0-8c6c-36a62f28281d,2024-01-08,G,M
123b9c22-b2d8-4312-a5cd-8e6378bbafc8,2019-09-30,F,O
12d7d683-c5d1-4b99-8651-dd53cccce29b,2022-01-20,E,M
13cf1f28-6444-42da-8592-8cc11df91250,2022-06-20,B,E
13dc7e87-6174-4742-9bbf-f9a017b30703,2023-09-12,D,D
15469346-1891-40f8-b60b-b66bf742b9e2,2022-05-19,M,P
1563e9e5-2117-4827-9230-de12b4f79d5d,2022-04-20,G,M
165477c0-df87-4085-a91a-af393389bbc2,2023-02-18,F,G
174c18e9-9d79-402b-a2c8-31682c329ea0,2023-02-01,M,M
176fbf19-7622-4b82-a99a-c2728179a60e,2023-04-24,F,F
180009d1-9fb5-450b-a030-18f13261fb1e,2022-09-21,B,B
18793c6c-e717-42ac-91d5-ecc2741c679d,2022-11-02,A,A
190eea71-3c01-42a4-af1d-7888eca7a36a,2022-12-27,M,M
1a5e1c4f-b0fd-4ce0-bd78-f12f14d6520c,2022-10-26,E,M
1cadc8ae-ca7e-4523-a90f-a31eec340ec1,2022-08-17,M,M
21a17d4f-51ca-4733-b28d-22d7c930711d,2018-07-16,F,F
26676025-0626-4ee1-a175-111fcf12c668,2019-07-08,B,B
2908c7b3-8db4-49ce-bc99-8774d9a067c2,2023-03-16,O,O
2dae46d2-afed-4c3b-9147-aa950cc49e88,2024-09-30,M,O
2f619836-b331-4e08-b747-be75be29a9df,2019-07-08,C,C
2fc38323-2463-431f-bd12-ed3502b6e423,2022-05-30,M,P
319f6a6c-4d5b-4582-a0cc-10418c85b8a0,2024-05-03,B,F
33a052f1-b407-48d1-9382-97c7097aa637,2019-09-02,B,B
35923389-af81-4113-8fa0-bdef08267d84,2024-04-30,M,M
36e978c1-2383-4f6b-a634-108c5d7d16ac,2019-09-05,E,G
371a61b0-4d0f-467a-8f01-407195e0e5de,2022-07-10,M,M
377a2157-5477-4373-9a7b-4d41784c00f6,2022-04-25,D,D
3804e0ce-dc69-4e94-9a4d-601aa07beef4,2024-04-14,M,M
3827755c-fff7-49b6-a728-49777c7d8cb5,2023-01-21,D,D
39ceffc2-41ed-4698-b9d8-801483515c2f,2018-03-13,C,C
3ab79b5e-cd3f-4ed5-baae-e69b1e6431f9,2024-05-24,F,F
3dc563c1-86cb-4b70-b531-57de075fb5ba,2023-09-28,M,M
44caae8b-8af2-4e16-bc91-c260ee48d5c1,2025-01-25,D,M
45c245b8-c467-49ee-9054-f53ba85ba846,2023-06-18,D,M
46832e9d-e371-47e2-85cc-13e17b0da6d4,2019-09-09,A,C
4733b063-0920-4cbb-be45-135c76a6d22c,2023-11-13,M,M
4857eeef-fd36-4597-b3af-241c7b7c8412,2022-11-02,G,G
49b64a9f-d78c-443a-8d2e-4f9bbbdfc8b2,2021-03-31,M,O
4aca02ce-2f70-4bb6-86d6-2f4e74a8a4f7,2024-12-20,E,E
4b43bfb9-8d6f-4eb9-9b1c-67d8f4dac922,2023-10-31,C,M
5868b0d0-e47f-4073-88da-a672f6e795e2,2022-06-11,M,M
5a6835c9-f169-446b-be52-7c862a14bcec,2025-03-06,M,M
5bdba59c-1ed4-4b0e-af98-d80a83fed4f8,2023-06-29,C,M
5d31d96f-f759-4154-b9f4-63c4dcce4ec8,2022-11-24,M,M
5d444087-1381-46ba-b785-adbcb1fc62a1,2024-05-21,O,P
5ff5289e-1e88-4822-b3a0-18245a8eb7d2,2022-12-09,C,M
6209d5cf-5625-423b-a5c3-60cb61aff3af,2021-12-02,F,F
63e5ce6c-3c31-4eef-82e4-747b6d1e0d62,2022-05-15,E,E
6a3c9993-2798-464a-b01b-dab5a99e63dd,2023-03-30,E,F
6a98c8fd-b34f-4f01-920e-387608071307,2024-05-24,M,M
6de58c44-56c5-47ad-a92c-0c2f3adb7679,2023-02-28,F,M
6e3faa79-cb58-434a-b6c3-7e6ad126a7ab,2022-12-28,D,O
71710a5b-ad6a-4e06-9944-99a608252b0a,2021-05-29,E,E
71c2e768-9a05-4062-bfc9-75ff444d906f,2024-08-12,O,O
734c8450-f529-4ca7-90ad-57ac23b25f1e,2022-11-21,G,M
74605661-4d44-47d7-8af7-5892aa624305,2023-03-30,M,M
763e850e-15fd-4008-87e8-046b95fd57c5,2022-06-04,M,P
772ac289-c35e-4bce-b058-58ee2970d584,2023-09-28,C,M
773414ff-7f2b-4988-afa4-414ae9de89c9,2025-02-22,M,M
78aae625-a14d-436f-a46d-e200ab1639e1,2021-03-31,M,O
804a8ef7-bb01-4b58-90bc-2c2c64bb22a5,2022-12-07,G,G
85180a47-fcf1-45f0-9a1d-85755aca6b3d,2018-05-05,E,E
85b30149-1d90-4500-8540-6ad70dca00c7,2018-11-26,M,M
862b02ce-3a0e-4c70-ae15-92e9a20174e8,2023-02-01,M,M
889c1b2a-37b2-4503-a031-9f02c890fb8f,2024-06-28,G,P
8ac4847b-d9ea-4c0b-b19d-ced10a205a76,2023-01-16,B,B
8cb26032-9f34-44c0-b970-5d2f801bcc21,2022-12-28,G,M
8cee6ace-dcb2-4244-854f-9811b762ede2,2022-05-13,E,E
8e2b60e5-7193-4f41-b85b-3f9148108d2b,2023-10-28,O,O
8ea86678-6f99-4e5c-ad3c-0f0dfa058bbb,2023-11-05,E,E
94c330f6-6088-493a-9432-5d3832f08ded,2024-07-30,M,M
97e10b31-898a-4bd4-8e19-240d6140b8f4,2024-09-25,M,M
9cf9c5a8-f4b4-4e14-adb7-dfceeb602b4d,2024-01-02,C,O
9e70d285-547a-48cc-bb0c-22932fe0a3ad,2024-03-11,M,M
a0a502d9-9958-49ce-80c9-a9078a5d531e,2024-11-06,F,M
a20beca9-71cf-4a7f-a12d-77befab8d92f,2022-04-27,M,M
a367254b-a459-4148-9416-b410c8461580,2018-11-26,M,M
a4513b2f-7890-4468-99f8-a8972bb78933,2022-06-04,B,M
a5c71d3b-f1d4-48b4-9a64-43d18159c27c,2024-05-03,C,M
ae220ac9-d6eb-4721-b1e7-f5166533295b,2022-03-05,M,M
af0785c6-c2f9-42be-b061-f588a2c6bb2c,2025-07-03,D,M
b3a38901-fab5-4206-a77d-c0d26c88461d,2019-07-08,O,O
b4465817-02a1-447a-b666-905e4ed11b5a,2022-04-02,M,M
ba19125f-90fd-400b-baa8-f570014c293a,2022-04-08,E,E
ba569c61-ee5c-41d4-89f5-1c6223f33ac0,2022-07-28,F,M
ba99c525-d6cd-4696-ae3e-f1a6556eb78f,2021-02-01,B,C
bbb46582-4fbf-419b-aa14-9a5b7fa85006,2024-09-02,F,O
bf71a6c2-fa75-4aaa-8695-17fd1e7e95ec,2018-07-06,F,F
c33768b4-9321-4f66-afcb-bb5edf0d346d,2022-06-07,C,C
c4e0595a-0f75-4891-bfa5-280af118f9d4,2023-11-11,M,M
c6c13f9d-f08f-49e8-a6f2-aba5663b77a1,2024-04-12,C,G
cb5afc84-07d4-4fe0-af0a-eae5d6022c27,2022-02-02,M,M
cc64c808-24b5-4334-b4cc-f98333db75c5,2022-03-05,E,M
cd18e6b0-6fe7-4840-b4d8-c87d2471b6fb,2022-12-21,F,F
cd8fa861-d52b-4343-810e-82426509c0cc,2022-08-31,A,O
cdff8d17-5af8-4c11-9c66-18f1e9fae32b,2021-03-31,M,M
cfb47173-f580-411b-bbad-c015938520a9,2024-07-31,G,M
d581d236-4594-4a05-aec5-a61b2a23cccc,2022-07-20,A,B
d5b40fbd-c5bb-4e9c-9719-b17732ea87ba,2023-02-05,C,M
d78e5a1a-baa3-4231-a81e-040a7282ee28,2022-11-19,F,P
d8ca86a7-ba11-42f6-96b7-ddf5dc0c41e1,2023-12-17,F,M
dc63a301-5b81-4c2f-8140-c149ed364361,2023-07-22,C,G
dd5bac8f-9c25-4d62-8a00-6378504ef8e8,2024-10-22,G,G
df6b1d1b-0012-4631-b115-d32f6fda78c9,2022-05-02,G,G
df943daa-db08-4834-a5c1-592f920d1a20,2024-05-24,M,M
e1c274d3-3db5-4340-a0bd-e73f47b25662,2022-04-07,C,E
e2be7518-2edf-4515-a18a-6acc1d773767,2024-09-27,D,O
eb274626-5f8a-4354-9c60-b5bc034f608b,2023-02-09,F,G
f0d95e95-e1eb-492a-ba2c-62b5e07f734d,2022-04-12,G,M
f3ad1e0f-38ea-4481-b03b-f3b28911092f,2020-10-19,E,E
f6ff0997-398c-4915-9049-2efcee17a191,2025-02-28,M,O
f99afbca-b68c-4f4a-aa98-aa776652737f,2022-08-28,E,E
fa5ef4d8-212a-4c6b-8afc-5f766e6b9e2d,2018-12-07,M,M
fbd61bb1-ebfe-49f9-a9a9-deea11cd3218,2022-04-05,M,M
ff53c3e8-b8e0-4fa2-a9b1-3046942a5c82,2022-03-12,M,P
00ff3f42-2797-43a1-ad25-e4b128e3c340,2022-07-22,M,M
01851881-a248-47bc-9d6e-684c716840e4,2022-03-03,E,P
03227a20-b7ce-44fb-8d07-af9a2b0799bd,2023-12-30,E,M
041940ce-7248-4146-9bbd-909a8add7491,2017-02-07,G,G
042234df-f2f8-46ca-9bfe-c659e3452718,2024-03-30,M,M
049d0a13-367c-43cc-9048-a6bdee6cb14d,2023-12-28,D,M
0eb9618d-7434-4228-823b-cdd6755c5a3c,2022-07-01,M,M
156754f1-e42b-4ac3-bd32-fc620cd74cd4,2024-09-23,B,B
1701d428-f8b7-4873-acea-e4a1370f8f90,2024-07-31,G,G
1ae7e1c1-181b-44a8-967a-401c23a623da,2023-06-05,D,M
1cabb633-0239-409f-a964-5be6b1cdb2a3,2022-05-22,B,N
1ddc62db-503f-4d26-bc43-c59fc85a514e,2021-12-11,M,O
1f0f9259-a954-4ae7-886b-51ec21b8f6c0,2019-07-08,G,G
1f257d70-ba93-4210-9806-ab633fbb49e0,2024-05-03,P,P
1fbc4b81-6804-4c60-bf97-6b609bc0083e,2025-05-01,G,G
218535a6-acef-470d-8dea-d6efda7f242a,2021-03-07,C,C
258200f9-5c70-42e7-9a21-5d871956a73b,2022-07-18,M,M
281b4386-f28d-4632-89af-1c8b1424c54e,2023-12-19,N,N
2b49e0f8-3675-43fe-97a1-d72beb68a4f4,2022-12-07,C,C
2d81c9d5-ad51-4005-aef5-e26665b1706d,2023-04-15,O,O
34d2e122-5a56-491a-b62a-a7b6af78f426,2020-06-24,E,M
35141914-d94e-47a2-9e91-d2a0d092019b,2024-05-24,C,C
358559ad-3ef2-44f7-ab12-1dd20184140a,2024-06-28,M,M
38388de5-27f0-4050-9a64-350d3ed6a4e0,2019-07-08,O,O
39bef94b-8fa1-40c3-95dd-f32ed2b85e14,2021-07-12,E,M
3bc8e34a-5af1-44b6-98c5-50d1781bae60,2023-01-25,E,P
3bda92f1-053c-42d7-8201-8822296ada00,2019-07-08,F,F
3e852d7c-2074-48d6-89f7-038011748fb0,2019-10-14,C,G
416ae681-5027-428f-b4fd-204e7de5a0ec,2019-07-08,F,F
428991ed-c2ca-4187-8e96-c16c2a322a44,2023-12-21,M,M
42dd5182-c834-45c4-a4f2-fbdcaf54ae15,2019-10-02,F,F
46130b4f-ae96-489f-a011-995bba01acdc,2022-03-05,F,F
48edcc94-ec7c-45f4-8665-b74a5cfc68a4,2022-06-04,M,M
4adb1b29-f125-4e9d-ac31-b6b430e92e57,2023-10-31,C,C
4b198d9f-2ba6-4173-9ae4-6ab67e0eb180,2022-05-11,D,D
4b9bda5b-d32a-4946-ba52-eb5b2897e6b1,2021-06-10,D,D
5640df42-67f6-42e6-b7b1-857f6e937eed,2022-06-18,D,D
56ebfcfd-a4bd-4f09-ac2b-80710121834c,2019-07-08,C,F
578ed9cf-824f-4216-93fc-19dea79bcb09,2024-08-09,F,M
58e9d1dd-f2e3-466c-8299-89b2786adcda,2023-09-25,E,E
5972ab84-5d81-420d-a4ca-d0f244991a5f,2022-07-22,F,F
5a60e1c8-813d-4dc5-9a75-713d9e6d2db5,2023-07-18,E,M
5de6de73-e128-44ac-918e-676ff019a002,2024-04-29,M,M
5fe1f6e4-9f69-4d91-98d6-e3690c9c95c1,2018-03-05,M,M
65acdeb3-c6aa-4038-82ee-5458ae39a095,2022-04-11,M,M
69a086b3-169f-4bb4-a13f-69bf8b0005b5,2023-02-23,M,M
6c9dc2dd-5673-428e-a2dc-6866c92b35ba,2019-07-08,C,C
71586f1b-681f-499e-aa62-6d028efa57d2,2022-07-12,A,P
71d7d033-90ea-42ed-a84a-dffae7f0e763,2022-11-02,M,M
74ce6a21-0cf0-4604-a316-4c7d1b7e00db,2024-03-18,B,F
79039d09-9bcb-44dd-afaf-28d9d243d582,2024-11-27,B,B
7a93aae6-ef98-4cca-a2cd-adaededebac4,2022-09-25,M,N
7b26d8ee-a1cb-4f15-b4e4-0fc8d2ac2a81,2019-07-08,F,F
7f70c397-97de-4b18-a68f-3f19a470a253,2022-03-05,M,M
7f72b922-48d9-4722-b905-db8fab9eccf3,2024-12-16,C,C
8072e407-0f72-4fc0-9651-fe449f7111f0,2023-04-15,C,M
81335bc7-ae52-4d3f-a252-a614b925b7ca,2023-07-11,P,P
86c2e37f-089b-440f-a33c-e3cbe35fcce1,2024-05-03,M,M
88e6a439-a8f7-4036-93eb-06c3f72419a7,2022-11-02,D,M
8f2c8b6f-caa5-4d01-be6a-4a5079165d73,2023-12-11,E,M
90815354-5ce7-48f2-a803-c78311db2f7c,2019-07-08,B,P
913ddf61-de7a-460a-a145-c97e574c8cb3,2024-02-25,P,P
91ca2db6-1e8e-4a86-9cd4-0c77051e5845,2022-07-30,M,M
9747cd70-4057-4c38-9230-81d67f6901d7,2022-06-04,B,B
97e75d5d-9982-40f6-930a-99dca9e15a32,2022-09-24,F,F
981686bc-2766-43a2-8224-d33228d937f5,2023-05-29,G,M
99b64a3d-25a3-4720-a267-814a8857d896,2022-05-30,M,M
99c10b31-ebf5-4aac-aa74-31bba8b99053,2022-10-09,M,M
9acbee25-da2b-45b4-86d1-719ab0567427,2022-05-23,D,D
9b38f189-3496-4554-a4f8-7cd319bb5729,2017-12-18,D,D
9dca7da5-193d-47d7-9430-fc2fc8e73b75,2024-03-22,G,M
9f1a092b-e954-4a87-afce-ecc05e6e7dcf,2024-05-24,D,D
a0ccb905-3a7d-4d29-b097-c1549e420d51,2024-08-01,M,M
a1db5644-aeea-4476-ad6e-8ced872096ab,2024-08-11,P,P
a85f68f6-0f77-478d-91cd-404f9d1c5904,2024-08-01,F,F
ad989847-9908-4258-8350-3a3379ad5fb6,2023-03-10,G,M
aec4c672-9296-41f2-a386-b935e232d09a,2023-10-19,N,N
b0330084-1e6f-4bf1-8042-f6e65742e890,2022-09-27,M,M
b109cfea-4017-4cbd-bad6-bcb3799ea48e,2022-06-04,E,M
b1186d4b-5ba7-4983-8b63-43bed5ed1aaf,2024-08-01,F,F
b970abbf-3139-4b47-987f-99d8fd4910e6,2021-10-25,B,P
bf96e43b-b424-4591-8cc4-6829d83935b0,2023-02-18,E,M
c02d8ec0-7aae-408c-bdc6-1cf4ebff1e66,2017-06-14,M,M
c0429395-ddcc-4a73-af0e-c07aabf8e2d2,2023-07-06,E,M
c074b9c6-e0f5-4a63-b4e1-e9def50dcbb9,2024-07-31,F,G
c16f8574-ebe1-4412-b410-e2ac097bff66,2022-03-07,M,M
c5ee3043-a36a-4de6-8508-9ecafae570ef,2023-03-30,C,M
c5f63127-f810-486f-a8a7-6fa960fdc240,2018-01-08,E,E
c74caa0f-f45d-41ed-a4e4-0333b70c5a10,2024-06-02,C,C
ca873069-344a-4567-8c37-72cdfbcb6b77,2022-03-05,E,E
ced01aa3-86c1-4a71-8622-a1bb22ff6b0e,2021-11-30,M,M
d0d6e129-0de1-4a6a-b572-a2467f235c2e,2023-05-03,E,E
da62483a-fa9b-457d-b5f9-68f7130ba42b,2022-02-02,C,C
e14cb2c5-17dc-431b-ba88-3417fb2c2960,2024-05-24,F,F
e1ce8549-d832-4d15-ae76-ab885b069c91,2024-08-28,B,F
e41a4138-9818-457f-b636-d71f925b8eb1,2022-05-22,M,M
e7b39d0d-4cdb-4366-8d19-b6f37d40066d,2022-06-04,G,G
eec663f4-ea81-4f14-94f7-0f1b63c4a9bf,2022-07-13,M,M
f750c25d-9a86-4814-8da8-6df164a3ee3c,2022-12-28,M,M
fa52fda6-1a46-4873-89be-2071332ab25a,2022-07-26,M,M
ff06eafd-74b0-40bc-9581-138b5ec26c35,2022-01-01,M,M
04a58df5-bea2-4f6f-88cf-1751c6d2c4a9,2025-01-29,D,P
0552f228-1685-4194-a26e-bf02d4e075d5,2020-11-02,D,M
05b9474a-4791-4f90-8433-328b741df0d6,2022-08-17,M,M
1599ae9b-fe5f-40ca-9c1a-d7e810e0dd74,2024-07-17,D,D
18d4e329-f109-4d9b-b80e-2986444b9dfc,2021-05-31,M,P
1b8e9513-798a-44fc-9854-2620ef51e13c,2024-05-03,E,E
20a6f941-5f1c-44e2-af0f-0451c22fda02,2024-05-24,C,C
229b3cc4-fd5d-4163-8a2a-ff3db3ef8d34,2018-09-26,E,E
22be67d3-71d0-421c-a282-5ed086572bc3,2022-10-15,A,M
22c68eae-f2c1-4c50-94a4-3fb2d0fb158d,2022-07-11,F,F
2441048d-3ac0-4cca-b884-3af21f1f9453,2023-05-13,G,M
278363f6-2e64-45d2-b75b-4911dab9c363,2023-04-06,M,M
2a261eb6-7540-447f-bb3a-3bbe43708470,2021-03-09,C,C
2c3fa707-6eb4-40e8-966f-e8dade0231fb,2021-07-01,M,M
2f5fc892-7c5b-4275-854e-07189d75d417,2025-02-27,A,A
30b847e7-8e6b-4845-a177-76bfea3b28ba,2024-03-29,E,M
328da515-0ad6-434b-9da4-f1694a856279,2024-02-02,M,O
3561bf85-6e68-4032-bd86-7df1636d9d1e,2024-03-30,M,M
36bef50b-0be5-4594-a89a-659218b651e5,2023-04-27,M,M
373e9b71-8037-4e78-8cb2-ff151e3c9886,2022-12-14,B,M
39bf1df0-3284-4bd5-b574-81f05766ab3b,2022-05-20,E,G
3d69defc-3918-4d8c-b0fe-2b8b7d145f2b,2023-02-01,F,F
3fbb5c0e-a1f8-4a4c-996a-48ed41756258,2024-05-24,E,P
49751bc1-e83c-4689-90f9-cd3c0f180f39,2023-03-30,M,M
4a076756-72e0-4899-a1f7-316fce506427,2024-09-07,C,C
5149a01f-aba0-411c-a5c9-43cf6451fe2a,2024-03-30,O,O
520be8f7-cd10-4e62-a992-c965660326d8,2023-10-19,O,O
58f6fdb9-0e3d-471d-9875-207a7e9ca865,2023-03-27,G,M
5aacb8ba-80ec-4434-9792-d7cff12b9e32,2022-06-04,M,M
5fd8d296-b3ff-4338-8ec5-585bf272e61b,2023-12-29,M,M
60a9655e-358e-4653-a93e-ef1cd1c6f97a,2023-05-25,O,O
61d330a3-614b-4198-a669-f0e355c01b80,2023-03-30,M,O
63b3bdb7-9d6f-4167-ad19-02e015ba97bf,2024-02-03,D,M
63f1366c-3034-4d2e-a021-e33f046317c7,2023-06-29,C,N
6495e31c-02f4-490a-960a-54898703459a,2021-03-02,M,N
65099312-d88c-4cdc-86b0-ef111c9ede10,2021-03-31,F,F
680cf891-702a-4d84-8c5a-68aef1b31c6f,2023-07-17,E,M
69ca6f9c-4ec6-4dc2-9844-dc765b411b9a,2024-12-11,C,D
6bd21f9f-2f3b-4b84-b689-2565af290a90,2019-11-21,F,F
6bf955f4-44fc-4a9d-8e1d-c33d8b53682a,2021-10-07,O,O
6c99dc7b-6b72-41af-b3cd-5480443b0326,2025-04-29,M,M
7069ad27-5db2-48a8-b519-0d3f37726455,2022-05-16,G,M
74fd04bb-43ef-4d6f-9067-18d380eaa381,2022-06-04,M,M
7a3ae8ea-0539-4166-8a2f-89e7c1997fd1,2023-03-11,F,M
7d8c0a4c-c6de-4b1e-9aa9-0219f47e2399,2023-01-06,B,M
7ea21f10-8abb-4956-ba83-df885f66f4bb,2023-05-23,E,M
7fe32108-0c78-422d-922f-d05762d8a78f,2018-03-19,F,M
84738be6-775a-4d42-9b03-74c8970066e0,2024-04-03,B,F
8516eed0-bfaf-4c84-b7a5-e5c2456ab4b5,2022-09-11,D,D
85cfb1dc-6d34-4849-b439-ec134879eb5c,2023-10-09,E,E
86017a42-0b4b-4a90-9ada-49bbbf374bc8,2022-06-25,M,M
87783d6c-1f27-404f-8e27-fe81fd7d9da3,2023-12-26,E,E
884fca91-48e4-4784-8b05-767c8d98544b,2023-06-01,D,M
89f8d7c6-ae50-4163-af5b-a9c94894b0a0,2018-05-08,C,C
93b3f515-2249-4e0f-9013-aea19f891926,2023-08-02,C,C
9679fd71-415f-4b92-9c95-6f08b68c15ec,2022-11-29,C,G
96d297ce-42ce-4ff2-b0eb-3369821d86fa,2022-10-29,B,D
991981de-f284-42f6-b714-09038894db95,2024-05-24,G,G
9d26e7fb-6408-4e11-9d50-8b972673b4d8,2023-12-20,C,M
a0e2180a-03ad-400b-863f-d6797080c1ba,2025-04-07,E,E
a35af521-9996-48e7-ab03-2ebd0694ab19,2022-06-27,B,B
a59042cb-cc91-41b6-b925-9b86edd5fd8b,2018-04-14,E,E
a66beb9d-230d-489a-b6f8-3111aff6fed8,2022-10-31,M,M
a6fe09a9-f756-4b41-9e21-a1937dd2db32,2022-04-23,E,E
a72edc2a-d325-4b03-af29-e17f068ac1cb,2021-12-11,E,E
aaac644a-6574-4ff3-b1d1-181e1a3bf00c,2024-07-31,A,B
aaaf6eba-5c17-4734-be8b-eefb780f451b,2023-05-24,F,F
af28f2e6-d723-482e-939f-d7cc32f974a4,2023-06-29,D,F
affd7085-19a5-4ac8-a900-2b020e570aa6,2021-12-11,M,M
b046a508-3465-40c4-8c43-87d88277e807,2021-01-28,C,P
b09e005f-2a19-4b38-ae9f-15a41daea48a,2020-08-07,M,M
b4b6a6b6-0391-49de-a7a5-908c54090172,2024-01-31,M,M
b86ebb32-866f-468a-bcce-f5520cda518c,2021-12-11,M,M
be470b4d-f266-4851-9e4a-11ee7bd13759,2023-12-29,C,C
be628299-a403-4b2f-be5f-fcb2551e8e50,2021-05-04,M,M
bfc35291-45cf-407a-bc3f-b9af86391f58,2022-08-13,C,C
c0889ec5-7a78-49df-9191-45e43b7f0839,2023-04-15,M,M
c2f05ca5-fee7-44da-ab02-71ab066825d6,2021-06-21,C,C
c425d732-77e9-449d-ae68-58749ee8b7e5,2025-02-26,M,N
c48c5bdc-8c41-4b56-b301-bc3ff316f727,2023-11-21,D,M
c6da3a5f-8645-4ebb-90a2-1ac78bbd7fb5,2018-11-26,C,C
c9375d69-cdff-4535-9494-a3dc8ab45368,2022-06-28,M,M
c9a7a8ae-5ae2-49ca-bdf1-c42c2a55a7c3,2022-06-04,E,G
cc83ab27-85ac-4948-b991-8a6565f4e46f,2022-08-25,D,D
ccab4135-c54b-4fa3-9a9f-dd22520d57a6,2024-03-25,O,O
d0c6a766-c3c6-475d-908d-5a9a7ccadd7a,2025-01-09,E,M
d3e47644-dd78-499e-a225-dfa1d0fb28c5,2022-09-04,M,M
d4c3209c-4c5e-4041-b385-d525bc926938,2022-06-28,M,P
d66a4bf1-5475-40e3-85f7-65f9de5b2c06,2023-05-25,O,O
db573b70-7dc5-47e0-a8ee-d564424dd549,2023-10-31,F,F
dc5ae885-7735-4f70-8f75-18b7dd014350,2022-04-05,D,G
dd874de7-d9b0-4d08-8d6f-18f7839f7b08,2024-03-04,D,D
de152b3f-2e34-4257-ad6c-801042bc5e8b,2022-10-27,F,M
e2610c9b-f39c-4402-93d7-78530145942d,2024-07-29,F,F
e46fa2a2-7861-4d9a-a67f-6d591c9a53ff,2021-12-11,E,E
e886be56-ca06-41e9-8b12-d3929b924c4b,2023-09-28,M,M
eb4ecd43-7943-4dcc-a885-65192dfad4aa,2023-12-29,B,P
ed83c541-1ef5-4d1d-8f7e-7d2908eac494,2018-01-16,O,O
ee398017-ba3e-47db-a291-a10f0b880cae,2024-04-21,B,B
f72f4a35-7ae8-4093-b275-16265458a649,2025-01-19,F,F
f8144a02-2c5d-4def-80fc-d5aa7bc25571,2021-01-04,B,B
fe4f2b35-ca72-4c01-8d4e-c9fe37e85dd1,2019-07-08,C,E
fe63bf99-0a6a-4d8f-87e8-e19398e470fa,2024-04-29,M,P
01cf5bc8-6001-40b2-9e1c-19a0290979c2,2021-03-15,M,M
05463c07-2753-4177-9125-e2b69e02b138,2025-08-18,B,D
064f3dd0-0504-400a-a074-4b4b354f94b8,2022-04-10,M,M
096e3553-9c93-4841-9f78-0522d02998d6,2024-05-20,B,E
0997565f-cec0-4e6a-9a12-f570884bb97d,2022-08-28,D,D
0e5ab572-641f-4a47-9721-6d5cc3d432fd,2020-10-05,E,M
0e6a3578-7607-45ed-a28d-372e60ec1548,2022-11-02,G,G
11a530c4-7297-451f-819a-2e58b5728058,2018-05-15,M,M
13b8a7b0-e93b-4b76-a609-a428a1a246f2,2022-01-02,D,D
14cc8a4a-10b7-4935-92f4-00e5251eea46,2024-08-28,E,M
151c6c79-52ca-46bd-9c44-e7f7873c90a8,2021-09-16,C,D
18a3f3b8-5289-444d-9ca2-d84c4c79f08a,2022-03-05,D,D
1af3c4ee-efc9-4aea-a99f-de23715fa7b7,2022-08-22,C,C
1c8e7d05-c6f3-42f1-ba6c-579ab240d45b,2019-07-08,G,M
1d72624d-d061-46a9-afa5-be25f9722a67,2024-05-24,M,M
1ea89eb7-0783-4598-bf5a-603c121759a3,2024-01-15,C,E
1f165308-3e21-4426-9922-17ac8cfbcc00,2022-08-20,M,M
1f578f56-07a7-40e1-917c-c70e2ecdca05,2022-01-09,B,B
224784d0-2de2-47e1-b2a5-7c9a2f7a5da8,2021-03-29,M,O
244ad6c8-5403-4712-a295-ec5014678137,2018-06-06,E,P
24f4b7b7-2336-4ccf-9da7-650add9f8e86,2022-05-02,E,E
24f632b5-02ea-4ecb-baba-5123053d3196,2022-02-08,O,O
27a0cf90-4bb0-4247-b27e-3366a42512cc,2022-03-27,F,M
27dca4ee-384f-41ac-8733-8e72239da55c,2023-11-18,M,N
294b2921-5186-46a7-886a-79a669a237ec,2022-05-27,C,E
2bb1e72d-1ddb-4fd7-861c-69093b60b6ef,2022-09-27,M,M
2df43d35-0ca8-49b5-a071-f9f1800e4156,2023-09-21,D,M
2e215758-6945-4535-96e9-57ce18be2737,2022-12-10,O,O
3011a915-93b8-47ec-af27-8d28a136a9e2,2024-05-24,E,E
30ad3334-9848-438d-bffb-8bedb893c457,2022-05-03,G,M
30be6903-177e-498f-bb68-616f5050bb77,2024-01-15,B,E
32d59698-60fb-46dd-8696-0c4049737b57,2022-06-30,C,C
3435e3af-3f80-45be-9735-acdb3b097816,2022-10-25,F,F
353262d8-2688-4815-a9e7-e2e348da4e1d,2025-03-20,C,C
354bb32a-8b77-4def-bdba-1077973dd6ee,2023-02-01,F,F
372d985d-98c9-4660-b402-9f004049817c,2017-11-12,C,C
3765118d-2941-41f7-a486-d776966af02f,2022-08-19,D,D
3813ad0d-7e2c-4dbe-86a6-1ca0891122ec,2024-09-09,D,M
38816400-6e8d-408f-8f69-f9a387b19e32,2022-06-28,M,M
3a4c3706-3aa2-410d-ae19-9322a21aba69,2023-04-02,D,M
3a688686-369b-4a31-8908-dc0e223f705d,2022-09-07,D,D
3bc371d8-4597-455a-8d15-1e022df0ab84,2022-12-28,C,F
3bcc1d18-4a42-4df8-b97e-3ff5ecf43659,2019-07-08,C,C
4120f8e5-8ce6-46d9-b507-3e33e7bacf39,2022-07-19,M,M
418e3eb6-14fa-4da0-9281-ec6ee7bae21e,2020-01-15,A,C
43eca1d6-d63b-4142-a259-8b8197864079,2022-04-04,G,G
47ad9420-1fe0-4e88-bed1-35b10fa26138,2023-04-29,M,M
47d36a69-f018-40cb-be3f-c2a753d2c9af,2023-06-22,D,D
481c800d-7fdf-4c96-9b01-b132f0e70f53,2021-09-15,C,M
503bada7-0325-4459-ae1f-b3c065ba6d81,2020-08-03,M,M
52600627-1ebd-4969-a5ed-51424157e2de,2024-03-04,P,P
55fab01d-16d7-4982-9901-d05b11d4c5eb,2021-04-26,C,M
56c54809-e0ac-4b8f-bbf5-5399605ca3ab,2023-08-14,C,D
570e6297-e8c5-4eef-8710-403e803cc601,2022-03-18,C,C
57432eac-2f62-45ad-b9d8-5e792a4cea25,2021-12-11,M,M
5c0aae9c-de26-424f-b04b-afcf8a97ec6b,2023-02-14,N,N
5c37ebcb-1368-447b-92f0-ff959315719d,2024-04-11,P,P
5c86f795-cf59-48cd-97e5-8aef75018a79,2024-10-30,F,F
5e454438-34d3-4092-a619-9a5c4885336e,2022-09-27,E,M
5f4910ac-8475-49ef-ab4b-dcc608bdadd3,2023-08-02,G,M
5fc1a16e-c908-41dd-bc76-9582a97db29e,2023-03-30,A,A
5fdc3306-0377-41e6-ad18-cb040289f7ec,2018-02-21,F,F
5feb61f2-cd84-48de-945e-7e05b9b1a9f4,2024-02-14,C,M
61818d91-02ba-42e8-9efa-6b81fa8c1ecb,2017-09-06,F,F
62354202-e0e5-4fd3-a79a-7dc678b1a5b6,2022-11-15,M,M
6293b437-6989-45c5-9ad5-6b60d2422f73,2024-08-01,M,O
63461840-13de-4c38-b515-e7bb65250c34,2022-07-30,D,F
6425e2da-705a-4c03-a837-c3781ea0dc8e,2024-02-21,E,E
67ca6862-eea0-4150-a9d8-0ab0aa5ee0be,2020-08-30,F,F
69ff7115-bbaa-46de-a424-eafc93b71f8c,2023-06-29,D,D
6d9e4599-8471-48ca-9cef-afbbd6cd8354,2023-05-15,P,P
700ddee7-f1ff-489b-b982-adca8f2e22a6,2021-12-11,E,M
72545d72-5d24-477a-83bf-0de0f3111395,2021-12-28,B,M
7a39391b-7e47-4253-ac83-fbfcf205fa1e,2024-12-26,C,P
7aa76880-d292-438c-8c73-def1d6568f0e,2018-06-18,D,D
7ba75075-a67e-40d6-8003-327f5323660d,2023-05-07,F,F
7f3ad2ef-fd38-4fc9-a213-bacf46faac36,2021-09-06,C,M
80de4190-e0a0-410e-8b74-beb093733193,2022-08-11,G,M
81ac37c8-07c6-4867-8205-e1c0904a3464,2022-01-09,A,A
82422a92-4d17-478d-b3b7-41a51a1dfd78,2022-05-26,M,M
84b95638-e561-4e08-91f5-b1aefa2c792d,2024-05-24,D,D
8a2133c3-f59a-4d02-805d-55ba3f0e2d64,2023-01-29,M,M
8f5a4835-e085-431a-94b1-e1d8635f39f4,2024-01-17,C,E
9018eff0-b7d1-4ee2-a453-a3d3ec3690b5,2025-06-08,G,G
90c4ba57-c0f9-4cf4-97e8-a039ee7f9e79,2022-06-04,B,B
90e294be-320c-4c18-917d-f7dcc204c55e,2023-05-12,F,P
97aaf036-55bc-4aed-b281-3a44531ccd9d,2022-01-16,G,G
9cf990c2-3b95-4dc9-a464-24c4408dc312,2019-07-08,M,O
9d237ad3-df30-4341-9fd9-8836d05c97ff,2022-02-05,E,M
a0aef794-9093-4fee-b88e-5ec1aadb08dd,2021-11-29,A,A
a4a67638-c80c-463b-847d-8bdf1971d5e4,2022-05-20,G,G
a4c23363-3d97-446d-b5d4-de32c7b69137,2023-10-29,C,G
a5623121-391b-4105-8fc1-5374aab249f1,2021-03-31,D,M
a7e3abf7-9237-41f7-8763-a1680c18e612,2020-11-15,E,E
a9c1e5bf-fbf2-465a-9e47-d4cbd5198ce3,2022-05-18,M,M
ab971367-31eb-4478-95a2-c60dc0f5f557,2022-09-26,M,M
b0cfdf85-5c28-4f44-bb9d-d8df5610183b,2024-08-16,D,M
b10d6854-3ada-4847-908e-41b8f6c566b2,2022-07-30,D,M
b18a5e15-c8f0-47a6-8043-953e63636cce,2022-06-23,C,C
b39f9f8c-f78f-4993-abcc-596ad8a0e911,2023-01-27,C,F
b8a27920-1852-4b1b-9522-376d8e973154,2024-01-29,E,M
b937e78d-a8f7-4a4d-873b-be0fbbecd971,2022-12-23,C,M
b973a969-c593-4c75-a890-bb5c493f9fad,2023-08-01,F,F
bb0b43e0-820a-420f-913f-5163f340d4a4,2023-10-10,O,P
bb816bbe-a053-4cd0-8db9-801654edbe13,2022-03-10,E,E
bb9946d9-0c5a-4193-8302-d8e9747948ba,2021-12-13,E,E
bce2ffc4-ff8b-47a5-95c5-41dec44906fc,2022-03-05,F,F
c3dd6f71-78ef-4296-80fb-120726b86608,2025-07-28,E,E
c60f2e4e-4f3e-4ceb-b484-95e09b795e3a,2019-07-08,C,C
c6b34d6c-a4ab-48dc-86df-c1efc43fcdca,2022-04-27,F,F
ce40fb9d-181d-4ef1-a91d-9470e1fa9eed,2022-02-09,C,M
cf180811-963d-4444-a154-b5cb3310a6d6,2023-02-02,D,M
cfbcf7a3-7d65-4e76-ba55-aeff9d3c043c,2022-06-01,F,F
d00f3fb0-a1b9-4922-9cef-7bb198ef4849,2023-09-04,E,M
d34e795b-a770-4aa5-b53d-bf50c5998137,2022-06-04,D,O
d5ceb471-47b6-442f-8080-7df735dd26f3,2022-03-05,M,P
d80c3a5c-42f2-4861-8c0d-4dd0216ac1c6,2023-03-05,E,E
d83e85fd-96d1-4f13-84cf-fa5e407e17b6,2021-03-02,P,P
d8daacb3-dbb5-4c44-bc54-cc50e340e907,2018-06-12,D,D
da8482c2-1157-4372-8d58-0e7d0a5dd33e,2023-12-28,N,N
dc41ca31-5287-4663-9ed0-67d88f6a020d,2019-03-25,O,O
dc548dba-e646-42a1-9275-ee7d3d7aca59,2023-12-11,M,M
dccaf702-1d1a-4428-89c0-b5670e77db30,2017-11-19,D,M
011ab5ab-0265-4736-a306-2d5930f15c52,2021-12-14,E,E
0125e485-2d4a-40f0-bd83-89793eb5491d,2023-08-01,C,M
022fb451-70eb-457b-ac42-7b006fb0f5d5,2022-07-11,M,M
0286bfa0-e5db-46de-a114-c73f63e9e123,2023-05-15,B,C
037641f8-80ae-4bd1-8d33-fe71515cb02b,2024-01-12,P,P
0af8557c-f33f-4fbc-a7d0-f984fe244fce,2024-01-22,B,O
0b2710da-9c0a-4f74-95df-f8e95299ce8f,2021-12-16,E,E
0d085043-e539-405e-bed4-4c6fa63d4da3,2024-09-28,M,M
0d934c01-f91c-41fe-9ae7-fbef2681f28b,2024-03-07,E,M
131fc091-60f9-4f07-ba5d-d4ce302bdd3d,2022-06-03,E,M
15ad4d3b-1072-431b-8a2f-d4ad55e6c7a4,2023-02-01,D,D
184109a8-8508-46a2-9cb2-4e2f353f9873,2024-06-28,B,M
18ca1145-d9b6-4b74-96cd-92814e7fde98,2023-02-01,G,G
1b7f192e-5d93-4a6b-bc1e-d60a31cc1573,2024-05-24,G,G
1ba4fbc2-219d-489f-b264-11c03f0eacd9,2023-06-29,M,P
1c96e5db-19bb-4c2b-a2a5-f3d675674654,2022-02-18,M,M
1e5e8562-f96f-46a1-b6e0-4f5e59508e57,2022-11-22,C,M
1f7a7318-6bd8-4782-8c8a-47d95b1cdc7a,2024-06-20,F,F
203c2d69-495b-46c1-89d5-66bd57afd51e,2021-12-11,C,C
22b4919c-9cbf-43d7-8f9a-5490d351e751,2022-11-02,M,M
2482fdd9-bcc9-4599-a3a8-88ccbb432338,2022-03-11,M,M
2645428b-6347-4941-ab1c-f53ff7cd08e1,2024-01-11,B,B
26c84eda-7dd0-4eb8-829f-7968c6b8a501,2019-07-08,D,M
27ac6ef3-9e11-4d9a-96c0-b1eea8e2dba4,2022-09-27,M,P
2ad144bb-39ff-4a06-8d75-447f11783e07,2021-12-02,B,B
2c555b47-1ff2-497c-a92e-964b38468c73,2020-08-20,F,F
2c928583-8fb0-45a4-8325-1a10caf52d3a,2022-01-03,M,M
2d284133-883c-483c-8f68-ab588ed42072,2023-01-18,E,M
2daddf7e-ffa2-4eaa-a97b-f8ae622bda55,2023-02-01,M,M
319e089a-53fc-449a-9f1d-fadb25a7e767,2022-06-25,M,M
32fa68be-a4a3-4f5e-ab4b-15e898a376fb,2024-05-24,E,G
35bda5b7-1141-4767-91e7-d21d86ed9d8b,2022-06-23,C,C
36487d5c-348e-4c92-acb1-618dd321850e,2024-02-02,O,O
37bafc0c-752c-4c33-b9ce-5bbadcf7ffcf,2024-01-13,B,D
3aace9f6-806a-4d69-8ebb-1bf242c2ccef,2022-12-05,D,E
3c5a90b4-dcde-4202-9a5f-7b1a0cb0b7e2,2023-07-08,O,O
3ef43671-02fc-42ce-b1e5-2031c01e3bdb,2023-12-03,E,E
3fa628b3-a095-49e1-9188-e74b4ae355ff,2019-07-08,G,M
44599cca-7d73-45b7-8be5-dfabb112fee8,2023-03-30,F,M
4858ec3e-dc32-48e2-b60c-5d49b8651b4a,2021-06-17,M,M
48cb787f-d547-43f7-b326-0fae389354c8,2022-06-04,B,C
49ba0223-f7ba-48ff-bd8f-c38ecba6ebb9,2023-05-11,B,B
4aa7149c-2d13-4f8f-90e3-c2f6ee8f3b54,2023-01-05,M,M
4c20ece5-1eca-43d5-9d8e-cd944e0229fc,2022-04-03,M,M
4ee12c60-2025-4d31-8061-9e0535c044d3,2022-12-28,B,B
4faa5ab8-2906-4eb1-9bb7-5213fac0a58e,2022-06-06,M,M
50015efa-8c22-4cc8-9e05-0ff37ba7268b,2024-01-06,M,O
53121206-627e-4c97-b89c-8138e2a58d8d,2023-03-07,O,P
53138547-77e1-4612-b69a-c211cd7a7779,2024-03-30,G,M
553f36a2-b7a4-4ae9-bfff-75ec11e0e8a6,2019-07-10,P,P
57b5b2ca-6458-4350-82d1-76aca8e00c4b,2022-11-09,E,M
5844fbd8-c502-45c0-8763-0677b60df5c7,2022-05-16,M,M
595b936e-b3de-48f1-afc6-234bb2060339,2024-09-05,A,P
5a430e46-179a-4c1a-a3ba-e7d3a6214a15,2022-08-09,D,D
5d9143f5-77af-4fb0-ba40-481e196b8cb9,2023-02-01,E,E
5f096a0e-42a9-4188-93f8-fdbba9c135b3,2022-06-04,E,E
5fbe999d-d4ae-4d13-ad8a-e2394b83c02f,2025-03-21,C,C
6053c7e1-0a0e-4a09-afce-ae8fd364a4ee,2025-02-13,M,M
60d4c152-df2d-4d7f-bb8c-be4d7ca0f663,2020-08-05,E,E
6204a3c3-db48-45dd-a583-ae0aa44f547c,2024-07-31,A,A
65e76e45-ab77-4262-9788-6d13eb345d21,2023-12-25,C,D
67cdd6a3-d5ee-498a-a0db-823eeee2de6e,2016-11-19,F,F
6c8e7e33-2f4d-48d5-a0f5-dbeb1f71152d,2022-08-23,E,E
6f01e37f-e804-47f1-8e6d-6e096e3b0410,2022-07-12,E,E
6ffee1af-81ca-43a9-a2e7-52457c13fb2a,2023-12-29,F,F
7198378d-2fda-4770-956c-b47468831d53,2024-10-31,M,M
7418fbee-d4aa-417e-87f4-b5e2e1e36838,2022-12-28,M,M
780c310e-d071-4738-a5de-c014a27d4da2,2023-07-14,M,M
78de89b4-b30f-4ceb-bff2-279f5f2e3bfb,2019-07-17,G,G
7a3499e8-6663-4341-8b28-48c6c5680fdc,2020-11-23,E,E
8090e357-b718-4d38-912d-d1281487b8ae,2024-05-03,A,A
80d82319-9347-443b-9fcd-12b01c2f9521,2024-09-27,M,M
8775d815-c125-4005-bad2-2de1e3f2e536,2020-03-10,M,M
8853ffcb-d35d-4cab-a53d-d3302e742d7d,2017-12-07,F,F
88e9da41-860e-4ff6-bb4e-a6e054a96362,2019-07-08,D,G
89e6d100-5718-49ff-ad45-73f25410399b,2021-11-08,C,M
8af427e9-68cb-4da7-80e1-d672090e73c8,2022-10-30,E,M
8d9bcc34-ad7d-4d00-811a-d971064613ae,2023-05-15,D,D
9328cfb2-e766-44ca-817c-a908364e12f0,2022-10-28,D,M
9417d9e6-b9c9-43c1-9609-46633d5fc631,2023-03-30,D,M
941b3608-fe5a-4694-a66e-0afddbaf4543,2022-09-25,E,E
99f6f428-1203-4fab-b73c-0542ee0604a3,2022-08-07,M,M
9a2b5736-15bf-4188-864c-59123f5d6e36,2024-04-13,C,M
9d097053-9ac0-426c-86e9-c5d17f5539ea,2021-12-11,F,M
9d20e421-76fb-494e-9529-7f5bce5357c2,2024-02-12,E,O
9db346f1-36b8-47ce-9e3f-a9657bb196a4,2023-04-01,E,E
a15d6059-a110-4c69-a65e-78c5a0fadcde,2024-03-30,G,N
a9640a3b-1b7e-4ab1-bb70-30f94748ac20,2023-08-03,M,M
aaf99e03-fb04-4f23-8adf-97bb72b21e35,2023-12-29,C,M
ab33cbde-7309-4416-897b-9e1444d25ebc,2022-10-18,C,D
acf6412c-854b-40cb-bc16-86dcddea52d0,2022-06-01,M,O
ad09c896-5949-4b8b-a7c4-e612df64df9b,2017-11-13,F,F
b18b70d2-ce4c-4b47-89d2-05ab612c32fb,2023-03-31,G,G
b45241e6-e06f-4ead-a262-a125fb2f5220,2023-12-13,P,P
b4941d0a-1d3f-4df0-ad49-f710170af18b,2023-05-11,D,M
b5c07f38-1c8f-4615-b64e-13c46080ca13,2024-03-18,M,M
b60e2729-acd8-4e7e-90d2-31e9debbb873,2020-08-31,M,M
b7505b5a-c222-4c5c-8dd9-6a25206dcda0,2022-03-05,C,C
ba51ac25-9d0a-4858-bb13-16fa6deeae0d,2022-03-05,D,D
bcf60c9c-23db-413b-90b3-c9f1bbb6d9cd,2023-12-23,M,M
c488e084-fe96-4d03-88d5-1f543f69f853,2022-05-27,M,M
c4e485c1-e32d-4c91-b5b5-fb9746011f37,2021-12-02,M,M
c6d6b300-3e49-48eb-88cc-4014ecb9e572,2023-11-28,P,P
c7195561-f9cc-40c7-b391-f0b731b77454,2025-02-08,M,M
ca7aa654-2bbe-476d-ac75-8d8cba5b76c3,2023-04-25,D,O
ce2ab299-3aff-406c-9de4-fafaab64f4db,2017-10-04,D,D
cf5a0e9c-ab4d-4275-be5f-b49fe64a7ef7,2024-03-08,P,P
d0f9c258-4a19-43e5-85df-37f30e7d8d1a,2019-07-08,B,B
d31c6aa5-2c6e-43ea-8f24-f527f6bbe64a,2022-03-05,E,M
d46d7067-b91f-4183-bb3a-b9999fa5daf3,2023-03-14,M,M
d8d83b43-4ffe-409e-a34a-3b922d979b8a,2023-01-27,M,M
de417e02-d177-4f68-bb10-81e94fd3731a,2023-03-01,N,N
e140f3c2-7c95-4bdf-b897-d0fd50601089,2022-06-21,D,D
e1f24c5a-6e9d-4f16-9587-79d08aa228d1,2022-03-02,M,M
e5aeb0c9-e373-4131-a2d0-ef09a8ebe12e,2021-11-06,M,P
e61d5b18-cea6-4a13-a918-efb7a3bac7c1,2022-11-02,M,M
edf7b17d-843e-4812-a342-5d7f7e7dfbae,2023-10-17,E,E
ee2e92e1-9e0a-4b24-aa0d-acf7d1b9ccd5,2022-11-10,F,M
ee477c75-4dde-4492-9031-c4bb42faae07,2023-09-24,M,M
f0ca31f6-823e-4292-bb29-10cdc9126bd6,2022-08-16,E,E
f412ae5c-d1b7-4a5c-aa7a-a18bb851a4e2,2023-01-09,E,E
f69e8b37-7ee7-4203-b5ba-2578cc7c13f2,2023-02-27,B,M
f6f029ce-1cff-4d11-9ce2-d55319531058,2023-04-25,G,M
022db61b-b637-484d-990c-db626797b20c,2022-11-01,G,M
039f917a-9987-4ded-8834-b2c131a11ed0,2024-11-27,C,C
068fc423-6ed4-4f57-a417-7f4ed48d1261,2022-10-23,M,M
074bbd82-6566-4b3d-88f3-6b173cc2a688,2022-04-11,M,M
0b6eb80f-41b3-4765-bf0d-30aa7536360e,2023-12-29,E,M
0c971eeb-a737-43cc-97c8-e6e6d8d17898,2022-06-04,C,C
1046d3c4-fd18-497d-bc8c-0c5e9ec7f6f8,2022-12-12,F,M
11767d31-5cd9-45d1-b712-5194b904e1ca,2024-03-21,M,P
1395170e-f4ae-45f7-9e25-738897e85a03,2022-12-04,D,M
13ce23e8-1bf9-4b6a-97d1-bdad1c488bdb,2023-02-01,M,M
14003caf-f74e-452c-8734-62f25d2b0fff,2024-03-31,D,M
1535a885-c23d-4b98-8cfa-e6d897273525,2019-08-12,D,D
1790f0c1-2369-4d73-96ed-2edd631c68df,2024-07-29,D,D
17dfe389-b8b8-4820-bde6-eb4cf192e14e,2022-05-12,M,M
1e005c31-3758-4667-898e-63aa7d12a9f0,2022-07-06,M,M
1e517e84-a5d8-4235-8f24-e90d3dfbea93,2023-07-16,E,E
21af1750-7554-4933-bdce-32ebf628eb43,2023-03-30,F,M
2389430a-12a7-4860-a25b-842cd74b9ef1,2022-11-02,A,B
28186270-3793-405c-b05f-f041a774c29b,2022-12-11,E,O
289fb0d0-711a-40bf-ba3b-45b5b656038d,2023-03-26,F,M
2cb80ff3-bec4-48de-aa6a-80bfdd4e4abb,2022-07-06,E,M
2f38597b-3a5b-41d4-aabb-fabf6a52fb4a,2022-08-04,B,P
2f6e34a5-8b60-4509-8641-70c40fdc589f,2023-09-28,F,G
37da39f6-160f-491d-ba0a-e1c9fcbbb353,2022-04-06,C,C
38c8418b-393a-46c8-9ad0-c5824cf194e7,2024-09-15,A,A
3b1d4014-91f8-4ff3-b307-34eddb5d7236,2022-12-19,E,E
3ba0e0e7-deea-4b63-9ec0-c07551afd97b,2022-07-30,C,M
3dabb9a5-c1d1-4954-b773-020fe86d0da9,2024-08-26,E,M
3e9db8c3-cc36-46b5-b9e3-bd831648915e,2022-08-17,E,E
3ea657bf-7091-4e0f-850b-bd32fba5d2b9,2023-06-29,M,M
40b57f44-7dcd-4c45-9e4c-097e1409e8af,2022-04-13,C,P
40fabada-b4c1-4ced-a6d1-c1646bfa3845,2021-08-23,G,G
418e0000-275c-4324-9ab9-6bda45aa7930,2022-06-18,D,F
45fee7c6-f7e0-447c-9d59-21fc23789a5c,2025-02-10,E,E
474ddde9-2104-41ae-87d0-0fac7b052186,2024-02-28,B,M
490f4278-d7b5-4c81-93b8-6ed0eb42a08d,2024-01-30,E,E
4a8dd587-fd43-4460-b0de-df25c7fdfed3,2023-10-17,C,C
4b1ce733-16c4-42e2-8ad5-ed2165ec0715,2024-07-19,G,G
4b23ea38-c1cf-4855-90c9-d13882d967da,2021-04-30,M,M
4b8fe4ff-b81a-49ee-9024-b90b904b2059,2023-03-05,G,M
4b97eeb7-64c4-45f4-8a48-8456bdbf56de,2024-09-17,M,M
4f711f83-17ba-4db9-954b-4caec7970ac8,2022-07-21,M,P
515b5390-a30b-4343-9ea8-b5320874c29c,2024-07-23,G,M
5187a28d-0157-4275-8b71-f2085c73a188,2022-04-15,C,M
520d68be-5a4d-4024-898f-66f879b76b5b,2023-01-12,C,M
5563be5f-1054-49bf-8920-8a9d78a50301,2023-02-20,M,M
56c367cd-5b79-4dca-a1e2-98027752d68e,2024-07-31,F,M
5828076c-be6c-464f-b78a-14aa018d3a01,2022-12-28,E,G
5895b47b-0ebb-424f-9dec-3fd82b7f6215,2022-06-04,M,M
60321169-ea10-42a9-a0b5-c962e22a25cb,2022-12-18,B,B
604176f2-c741-4cc7-a3d9-d3bd04bf001b,2023-06-01,F,O
63db6288-5d89-457c-b321-ab7fa7bc9b6a,2023-06-05,M,P
64d7c77c-09f0-4992-8cd1-0e684b61bab7,2018-11-26,M,M
680f869f-0984-4c73-9fa8-2e43dbd818f6,2024-03-31,G,M
68b217db-c285-4368-a6ee-ad3bf59140c8,2024-01-08,M,M
6ace1344-125a-4cca-aec4-10dfbe93e307,2025-06-26,M,P
6d7cea20-e022-42fa-a7bb-e526c11e3e82,2021-01-02,E,F
6efea063-0238-4e1b-9864-f7d0ab19980f,2023-12-29,C,D
732b6e9f-14de-4c1c-b89d-97fe133face0,2019-07-08,C,C
749f2822-be6a-4426-83a3-b661429a7d24,2022-08-03,C,C
7545a846-3915-476b-8db7-99ec92d290e4,2025-05-28,M,P
78adc743-cc1b-49d3-9313-9f77af567417,2021-11-08,M,M
7939daa2-ca56-458b-a11c-c1cdfce1e71c,2021-10-23,M,M
7a380777-bb12-443c-9fbd-21776398d60c,2021-12-22,F,F
7abe09d0-db2d-4b16-b524-163298cd35f6,2022-01-12,E,M
7b1ceaf5-8f70-431c-a9a1-d31df5671ae8,2022-04-07,M,M
7c177b95-257a-4b6b-9eb3-68e57daf4dff,2022-07-30,D,M
7cfebb78-63f9-428c-846e-5f7b3ed50d9d,2022-06-28,D,D
7f97e1d1-fdb1-437c-a813-b51852f18790,2023-03-17,M,M
81aebc79-58a7-42a0-b38c-dad739ef8aa8,2024-03-01,P,P
8543e0d0-3ca0-4026-b544-fedba06016bc,2022-08-01,M,M
867e5192-05de-408e-bac9-323ff2eb721a,2023-01-12,C,E
871174a5-94d7-4752-a307-26eb7c207b47,2021-11-16,C,D
8abf685d-e6a8-4f84-8fc7-364854d9972e,2023-08-14,G,M
8c686276-41d5-437a-a3ce-fa67c341b3db,2022-10-17,M,M
8d8aad54-2cb0-489e-b297-a5abccd3f881,2023-09-08,M,M
906683e0-5441-4b1d-adc5-159955669239,2022-02-06,D,D
9079d6e2-e7a0-4806-9721-d409f037be55,2021-12-12,M,M
90ca48c2-f2d3-4cee-a2cd-aaf05b208178,2022-01-29,C,M
94ff2e88-8892-45b9-8f30-08b8fc7d5437,2023-02-02,E,E
95e0823b-2531-4a9d-a6bc-f57ad0ffe32b,2022-03-22,F,F
9935718d-65ca-436a-897a-f473397faad2,2016-12-05,E,E
9a7d9f3d-d4cf-4f71-993e-d7f374c94251,2022-03-04,F,F
9b16fac4-fa8f-40e4-ac6c-241a129dde6e,2023-12-31,C,M
9b18b3ae-cd93-48df-bae2-339b1d6dd4da,2022-06-03,D,D
9c019e52-70af-4677-b55d-702dd07309ab,2024-01-24,O,O
9e4bfde9-8cc5-4186-b27f-1cbab520b757,2023-06-10,F,F
9e7d7057-1074-45da-9b85-053e46559dc4,2024-05-23,G,P
9f28bbe3-4fae-42e7-aa17-05a98d23f5f6,2024-04-15,F,F
9fcb1dba-9316-43b6-8b5a-0c5bf6801fc1,2023-08-01,P,P
a1482340-1b0f-4196-b0bb-10e17c4c058f,2021-12-20,M,M
a16db001-6b19-4495-9de4-b922da5d3dc1,2024-05-24,M,M
a2a5c090-8f8c-4a18-a25e-d14fc7244d18,2022-07-03,M,M
a5e71d07-6972-4280-9398-02c75c73f499,2023-08-07,E,M
a79d5157-52dc-4a10-b481-1ad1b6fec74d,2023-11-22,M,M
a96f0655-28d8-4cac-be06-e9c0cdd2486c,2022-02-01,D,D
ab4bad34-6cc1-4cc6-956e-2285d446d6c6,2024-06-17,C,G
ac3eec6a-1577-4d6a-b451-012abeee8019,2022-08-18,C,E
ac636bf8-c665-4f2e-bc31-8506e63a7ec3,2019-11-25,E,E
ad65bc49-51ca-4ab4-9742-98196e1701dd,2023-02-20,B,B
af744077-7cb9-4519-9999-a744d5366664,2021-12-12,M,M
af7f18ae-6fb8-486c-b9ad-7e3507b0e111,2024-09-05,M,O
b137bcfb-cd0b-4316-867f-7281c54c98c0,2022-06-04,M,M
b28557b2-e087-4568-af7b-756c0de184e2,2022-01-21,D,O
b372dccb-5621-4a9c-91a9-13bbc9ce648e,2024-09-08,C,D
b79fbda7-2837-41c8-bf19-1bed7a20f2a7,2022-06-04,D,D
b8c7c4aa-9cc5-40b4-835c-72546d8d7233,2024-07-31,F,M
ba3a6efa-80d3-466b-be9c-b94cc70bd2e3,2022-03-20,B,P
bb93d23f-46a4-45c9-9cc5-f0387c6c94c4,2024-01-29,E,E
bbbec9c2-42f2-415e-acd5-5238ffdc5826,2025-01-27,F,F
c3642fd8-4b62-4aaf-b199-e5c4c9708f07,2022-06-24,C,C
c368c52c-cffc-4757-9484-7690890dacd1,2024-10-14,D,D
c44eed65-b456-4e7c-b004-f603e0ba4b4a,2018-01-17,B,B
c6314c1a-8505-4622-bf7d-389022e05a9f,2023-11-20,E,E
cad64f43-a042-4c93-830f-3d40484523b8,2019-10-25,F,F
ceb88a57-4f08-4385-871f-470014fccf44,2022-06-04,G,M
d4a34b4e-6dae-4ea5-83bb-c81c04523354,2024-12-04,F,M
d4c67f64-2200-436b-92c9-872d1302b4ae,2021-11-23,F,F
d55edadf-5bfe-47cd-aad8-c5ba5328791f,2022-07-26,M,M
d6724af5-9c34-4056-9a87-8fb3e0b12be5,2024-04-01,C,D
d9bb6c12-df0a-43e8-8147-c85f44a2a4bf,2021-05-25,E,E
dd415af4-d5b6-425d-8f0f-cb471b08b953,2023-03-30,M,M
deee3056-54a9-478a-a2a2-2600f3edd4f6,2024-05-24,F,M
00d5a437-ac98-47a0-87fe-474ab5c95925,2024-06-02,C,E
01d7b7b4-f577-415b-8470-20a2380ecce4,2023-06-17,P,P
040ab040-6326-4313-aa1d-f55286c14014,2024-07-29,G,M
06d01301-036e-433a-8c37-95fbf1d02347,2022-10-29,B,P
0891faed-f54c-43ae-ac93-0b75d9732819,2023-12-11,E,G
0b20ceab-17da-4d0c-a009-8f86c1352a77,2024-10-26,E,M
0b9a4ab4-0afc-44a5-a0ea-8a978b1b8179,2024-05-23,B,B
0d4f1c6c-896d-4cc0-9d65-056715d96e32,2025-04-29,E,E
0dde19ba-19b8-41b9-9b15-c4313f6ac81a,2023-03-17,C,M
101ffb46-3171-493f-98ff-ff7e05cf6209,2022-11-09,A,A
105bd0eb-04c5-46f9-ac27-11fdf51c5776,2024-10-21,E,M
1334ab18-5bf2-42e5-8344-596477f7e45b,2023-01-02,D,M
16d2e45b-155b-4c0a-8c6b-42cebddc9ccb,2023-12-09,F,O
172f1517-9ee5-4216-8bf9-1baf6339b157,2023-05-29,N,N
179dda33-7b47-48f6-b584-2a5e27967a34,2023-08-01,F,F
18563a96-9574-4fdf-b248-5cc1674d9891,2023-06-11,A,B
1c35e8c3-720a-469d-8e9a-648f045945c0,2024-03-02,B,M
1d793c8b-4478-4bd9-bd58-f036c7588fda,2021-09-06,B,B
1dcb4670-2ca6-4699-80b3-84bfdb8228d5,2024-01-07,M,M
1f83c96d-cce3-41ee-88df-5bf4843c6d60,2022-01-15,M,M
24c4fcac-d5e7-4ee7-8942-7ce158048047,2024-03-25,C,C
2778b1a3-f32b-441f-a15a-ccbb284b1d81,2024-03-31,G,M
2810c978-ca42-449f-9edc-543b8f561b0e,2023-03-17,C,P
28b5d036-2baa-4288-9021-751592219d41,2024-02-11,M,P
2950a447-633c-4f94-8f5e-f8ec1d2a5ee4,2024-05-24,F,F
2d66addd-cafe-4ffd-9ad9-11d99b875f69,2022-04-06,B,B
30507909-a7e2-49fe-9820-7a646da7fd87,2023-09-23,B,M
316a0dc6-e27c-48bf-9e4a-3669ef9e9172,2023-01-24,A,C
34ccf86b-3b1c-4833-9ec6-94da56ebb605,2022-12-29,B,M
3682c23e-d72e-468f-8b86-72056024e5fa,2021-12-02,B,B
3771d76c-295e-4483-acb3-f00369382b13,2018-11-26,M,M
37946965-7643-4c06-a7dd-fa10a75b372b,2025-01-07,M,M
38d6f357-443f-43db-bac6-be8e4f6c99c3,2021-12-11,G,G
41bd88ec-c1e6-4ef7-9ed5-4827ea7f8e16,2017-12-18,B,B
42d1d7db-351e-45ea-bc28-2dad89d82c46,2018-02-21,C,C
44ec59c4-a60c-4644-87e1-265168a19944,2022-09-02,M,O
4644eac8-e70b-42cb-a632-186d8bb30d61,2023-03-30,O,O
46a02039-3597-4940-89ac-dddae371cf57,2023-06-20,G,M
47577165-0231-4151-87dc-6ffd079b77dd,2020-10-12,D,F
4840566e-f6dd-4f6e-b88d-ab50fdaaca3f,2024-06-06,D,M
4a21cfab-2b3a-4c1f-ba9a-758d8e76864e,2024-08-04,D,D
4a4c3b46-9e9f-459a-a889-578f47c98636,2022-08-04,A,A
4c8ca666-0dd2-4c9d-a798-a8080d814120,2017-11-28,D,D
4ff92584-bc89-4967-b2a2-7f8c803f5661,2024-06-28,C,C
5237b556-9084-475c-ac8d-f7343714590a,2024-06-30,F,M
527c5201-1d62-4a69-8abe-06841cafb2dc,2022-03-05,M,M
53e2276e-d71d-4c84-a917-dc5025414d6b,2022-10-02,C,M
541b10b0-25a4-4773-82a2-7b1df33ab4c8,2024-12-11,F,F
567127de-a26f-4a0b-959f-3c9fb30f2d64,2025-04-27,B,M
58049a9d-3c16-49d3-9ac0-91cbc0bf127d,2023-02-13,F,M
5967da28-e473-43fa-89d7-041a4d42f318,2023-02-01,D,M
5b44fb03-1057-48a3-aa2f-4d195ba0a54f,2024-09-29,B,B
5cd337cf-b5c3-4fd9-b579-8b4308d4c315,2022-11-16,B,E
5ce23b77-32be-4980-87cc-db0c28c24083,2022-03-19,M,M
5dee003f-f1ef-4974-a785-fdc7afd99fea,2023-05-28,M,M
62a3bf2a-ea4b-4a61-88e6-91d999f98126,2021-04-05,A,A
6430a2d9-dc40-4c28-b229-e08aad944498,2018-04-30,E,E
64f85683-a7f1-48f3-86ee-820e3596bc2d,2022-05-23,M,M
66ab5f8c-e571-43fc-8c61-1b8a5b4e85ce,2018-02-21,E,E
69621000-336b-47e4-abdc-a5448fed9482,2022-09-27,F,F
6ea50c05-3dca-4542-9f8f-bb03227773ab,2022-06-15,G,M
6f153aa2-c8da-4161-8761-8bc217b29466,2024-05-23,M,M
6f84128e-3fde-478a-ace7-804fb2357a2f,2023-10-08,A,C
71110481-9650-4a3f-9c1b-3271504d20dd,2023-09-05,E,E
72d63d35-a720-41de-b1b3-5cd94eb8820b,2022-10-16,B,P
73d465f5-acad-4445-8545-7fcf7b6a3cd7,2017-06-14,O,O
75be8a22-e8c8-4a8f-bd7a-9e97bf097323,2021-12-11,E,G
79feaf2c-2cec-4e3d-b1d0-d77487b7318c,2021-12-28,B,B
7c6fc5bf-dd74-4164-b333-5f9a9ba2ba68,2017-09-20,F,F
7ecc1cc3-fc14-4c76-9218-140061c7f368,2021-12-11,M,M
80c3e86f-f5f1-4356-be10-7e79b75cc2b7,2022-07-13,E,M
8415bad5-70cd-4105-bb0c-29d5ad5af912,2023-05-29,P,P
84d01b04-1766-447f-aa95-18191a7bf81b,2022-05-20,M,M
86d31631-9432-4d8b-8b94-6ee850489603,2025-04-20,C,M
87f9b2c9-be41-4f84-9294-df4e094700d5,2021-08-16,D,D
880d7b1c-c9e4-4c5e-84b3-5be5ccce5f90,2022-04-23,M,M
8b430511-f9c0-44bf-b139-0d094132d23e,2022-08-30,M,M
96ed5082-af0d-4ed7-9148-3519537e9f49,2024-05-12,M,M
9870c110-2b40-4e0b-8fd9-c2348ee6c9f1,2024-10-17,M,M
98ac5495-74da-4de5-a19b-f609e8b0e8b9,2023-06-11,M,M
9bcbae95-e45e-4871-ac3b-24d7b6a23136,2016-11-23,G,G
9cb781ce-8e27-4583-91f4-6c50b069b66c,2023-12-01,E,M
a044029a-cd5e-41bc-ad26-8bbd270db56c,2020-12-27,D,D
a3ad83ae-cc07-4c50-ab30-3728766c5c0d,2024-01-19,B,B
a3eb6e12-fa9b-4bae-a7e7-5087fad72ca6,2025-03-30,M,M
a41d7d17-5cd6-41aa-8256-747235477110,2022-04-03,M,M
a4d614bb-0695-4dec-9699-f8e2628ed991,2021-06-28,D,P
a7cf6939-2c4b-42ba-bebe-a879221aae1f,2023-05-06,F,M
a82a02d6-6b25-4227-947f-26811eb114d8,2024-01-29,P,P
a97f682d-cf79-4267-95af-cb5c666bd594,2021-12-02,D,M
aa9891cb-a5d9-4758-935b-789472814e80,2022-02-20,M,M
adae4673-7293-404f-b777-125a9978763d,2024-05-24,C,M
ae5f1359-d9b7-46cf-8150-75744f26423c,2022-06-11,M,M
b04a8735-d72f-4c81-b952-e8de733cf409,2022-05-25,M,M
b06751c9-e54a-441e-9831-1d75c66484c4,2018-09-21,D,D
b26f5a7a-a0da-4fb1-9800-b0c141566b29,2019-07-08,E,E
b2864b66-fe96-4856-8ffb-e018dc078719,2022-05-29,D,D
b28d05ce-af62-413f-9e47-407d52eb213c,2016-11-18,A,A
b495af05-a691-4089-ad0b-18755bc17dd2,2023-06-29,G,M
b56fdb81-41fd-4a48-a592-9b0d4fa7e731,2023-02-01,B,C
bb564e5b-7079-408b-84a5-92802aa0dd5b,2023-07-17,C,C
bbf95dd5-225f-4e20-9223-fe977f68d485,2023-12-29,M,M
bd53d441-7009-4255-b52a-717b313c9900,2022-06-04,M,M
bd745d12-f1eb-473f-9c48-9b8db6fcab1c,2024-05-24,F,P
c580850b-4e9d-4291-83a7-289fbefbfef3,2018-03-21,B,B
c983573f-c7ca-47f0-a657-c8b49526cccf,2024-05-13,D,E
ca890245-dfaa-4a38-b92d-86be1685ade0,2022-11-23,D,D
cfd3cc9b-3e21-4cad-adc9-60f5e14ffa40,2023-08-01,M,M
d3eb9ba7-8b8e-4020-b0d1-d8647843683b,2020-09-05,D,D
d556ac57-92c8-499f-ad27-49afc84afc91,2022-03-02,C,C
d69c52e2-f041-49a1-b29e-7da3b5e8f625,2021-05-17,G,G
d6aa0fa4-8361-4429-8c07-3ff60ec048d4,2023-08-08,O,O
d79de402-8714-4d23-8c28-86d9f8684a70,2019-07-08,D,D
d90b95b6-8956-41a3-a4ca-8584adf8b5e3,2023-06-30,F,F
d948ab4a-881e-496c-8539-3d7924be4f3b,2023-04-21,E,E
daab5706-3849-49f0-924b-f41ee4143bdf,2021-12-17,E,M
dd2ef117-6563-43fb-9778-ae1d8b4612c0,2023-05-03,D,G
dddb0256-5923-46d2-996f-e1764ec0f7a3,2020-09-19,E,E
ddeb42b8-f7d2-4164-9248-5286b22f7cc1,2022-06-04,C,C
e250acd1-24b2-4f9c-8b7a-5fa83bf059bd,2024-01-03,C,M
e3e84569-cc9b-40cd-b400-96dd327fe4dc,2023-01-02,O,O
e4731100-7c8d-4293-b30a-cc255e013334,2023-11-21,C,G
eabb4e33-6cd0-41b5-8c5a-650da810635d,2022-05-06,M,M
01f5557d-d298-4668-8a9d-2864735be603,2024-10-31,M,M
03a67973-8983-4fd3-b16c-21bbf247f626,2024-08-20,C,M
03b6cdba-bdf2-47a9-9c0f-e8b37e19f837,2021-12-02,M,M
05863d26-e57a-4fbf-97cb-cf172d6a12c6,2019-07-08,C,C
0735685b-4588-4b9b-b847-ce4fc815fc47,2023-05-01,G,M
074ab938-8f44-4798-b19a-780bd0d05afb,2023-02-21,G,M
07cd4e4f-6e35-4ef8-b16e-10252b967a01,2023-10-01,D,D
0b2b3282-ea24-424f-af88-054097aac2e3,2018-12-17,M,M
0b2e09fe-1a1f-45ab-8e8c-f24e66825684,2024-03-30,G,M
0bb8c3a1-96ef-42ce-ad27-b244b2ac6007,2023-05-29,D,M
0e8f54e2-55d6-4c1b-b3c1-6a780ab3c647,2024-07-17,C,M
10011529-3306-4e63-9405-a8eb73b72ccc,2023-05-29,M,M
14036d8b-5d46-4d93-8c9c-756cb0948775,2022-07-18,M,P
152e86c1-ea0d-40bb-bd3d-8ced37e54f70,2022-12-09,C,D
195f3286-645d-4e1b-939b-e593cc9f2dec,2023-07-01,O,O
1b18d10d-7f9a-46a6-b496-c00c4324066e,2023-04-03,D,D
21cf57fe-90eb-432d-bdbe-9053055fb8d4,2023-09-11,A,G
221bb3ec-ed04-43fd-93d6-d474d33a8526,2024-11-26,M,M
238530c8-e66b-4c3e-b888-681d22bd5a0c,2022-04-24,M,M
24bce50f-9140-40cb-a1a0-af05240a5fd4,2023-06-29,C,D
27d04012-124e-4235-94c8-10c3d501d28b,2024-10-28,E,E
2fa87953-0be2-492c-bf82-3ed363d6963f,2021-04-14,C,C
3258892c-a5b8-4c13-ad00-7f9ba9bf3d20,2024-10-07,N,N
341e762a-deef-465b-8812-09ff4ff718e7,2021-12-02,M,M
357c2e66-b893-4bfb-9b59-e24cc9c575dd,2024-06-07,O,O
35c2e21b-dc35-4a96-af2e-e03ee04e8395,2023-08-13,E,G
3ba5ceee-356c-4fd6-b986-7dc24746deef,2022-02-27,E,F
3ef27e13-4b75-4f5f-b50c-8427cfd1659f,2020-01-06,F,F
4276df75-8abd-4eb6-9004-35067a5766a6,2023-06-29,M,M
44071abc-d506-4c85-80e0-18981832ae0a,2021-12-02,D,D
441f8aed-9d66-4e0d-85ad-9408df11f5cf,2022-10-04,G,G
46af9ba6-6da2-408b-8de8-38250a895d90,2024-07-29,O,O
48b73da2-a43e-4336-97a5-57b48fbfa816,2023-02-13,B,B
49431a82-8384-48ac-bb5c-4db67b158b9d,2023-12-10,O,O
4ab1cfef-5415-4b7b-bef6-781f70e14d21,2023-03-16,A,E
4c532373-fad1-4194-9dd2-28abb7d82fe1,2018-07-03,F,F
4c84657e-a9cd-42c2-9a19-1594e533ce45,2023-06-29,D,N
4d944976-6333-486a-b429-71a31bacb8e4,2019-07-08,A,A
4daab8e3-599a-4756-922e-8fd9d342b5d3,2019-07-08,D,D
517a925b-6f58-4908-9520-5fab4ab79062,2024-02-15,C,C
55501599-7ca4-4c86-b0f1-54f1ed0bc776,2022-03-05,B,B
5900a907-c64f-4210-9dd5-c91171566e95,2023-10-06,E,M
5b34dd51-2cc6-40a6-8dab-863f82a70952,2023-09-28,M,M
5bfabbbb-40bb-4838-94e6-bdf6f34bcd2c,2024-03-19,D,M
5ec05c2f-172c-4e46-ad33-2e031e386d1b,2025-03-01,G,G
63801f02-e7bb-4984-88cf-9e7ffe4a40c2,2022-05-15,D,D
64f8ebf5-f572-4394-9916-b72854bf6e29,2022-03-05,G,G
64ffe46d-c218-4c86-9611-2a4737b3bfe6,2022-11-22,G,G
66f3cb03-7932-44ed-a99f-2a4e0aa7f3a9,2022-03-02,M,M
66f9d9da-75f6-4ebd-86b2-0c265ea27619,2023-12-29,G,M
72738215-09d9-48c2-8697-8511295dd2b2,2023-02-28,B,C
7535f85b-1d0b-440b-b9c1-db46237f2022,2022-02-24,M,M
7be4b10d-96ff-420e-8331-0b3474d7efc3,2022-03-30,M,M
7c502e8a-9eb9-435d-b1e4-d498dc864a88,2022-05-26,P,P
7e363ba5-5954-49bd-9450-5bdbb6c86c7f,2023-05-03,A,B
82066679-8714-4724-82f9-cca6e719b12e,2024-04-24,E,P
82d4e0a5-e46f-4d66-af65-98eec296ea99,2023-02-15,E,E
8358c8fd-abe1-4acd-a2a0-f56f1bf4a43a,2020-01-05,B,B
8460103c-80e9-4b4b-9a8b-5f51570c8e94,2024-04-16,M,M
86153452-89cd-4404-b313-157d4bbb029c,2022-03-05,E,E
87aa04b1-474a-46ce-bd10-b82d9634d458,2022-06-04,F,F
87e741e6-d950-4af5-9976-30abf49f1a36,2022-12-28,E,M
8b3fb2dd-228e-44bb-a919-de21ff2e39ee,2024-03-29,O,O
908bd43e-a061-4206-88d0-d237c9415d01,2022-10-06,E,M
93018b3e-d5bc-4fc4-a5ea-f25851e84025,2022-08-16,M,M
96fc76b9-5f47-467b-8b5c-6d49f7fdad34,2024-08-02,D,E
9993313e-6668-41a4-b061-03508975e724,2024-01-31,M,M
9a5d6ef5-3090-4db0-80b8-eaf1e9839624,2023-12-20,D,E
9a9cb574-6c44-436a-be9e-2b9e3076c581,2024-05-23,E,E
9aec7c4b-08ec-46e8-8c6d-9f60100c5fe9,2024-08-12,P,P
9dacd990-f1a4-4f5d-aebf-a74875f0765b,2023-03-22,G,G
9f4ac065-3f26-40af-a5cb-52407076965b,2023-08-29,M,M
9f611760-d216-4ff4-90a3-1955e096b47e,2024-04-15,M,M
a28960c0-6211-4a2d-abe7-272002c64787,2023-09-28,C,C
a2c3e305-71c9-440a-a05c-2d24c37a0aa6,2021-01-02,E,E
a4d10eed-fe0e-4996-96fd-cd301125d384,2022-06-04,C,C
a573cc45-9971-4074-86a1-ff2b41bea24f,2021-12-11,C,G
a78ffc29-22a4-4291-bc5b-d5667bc9628b,2024-05-24,M,M
a96d5aa9-c22a-4307-b728-c903208aa240,2023-12-04,E,E
aa523ed8-f867-45db-a8d2-1d983b5dea0b,2023-03-30,F,F
b2b1e43c-57e2-4e2d-956b-67f2e8d06bc7,2024-03-30,F,M
b3127861-79f3-44aa-b10c-e13634f01eea,2021-01-04,D,F
bbf3d4f5-1b0c-407f-8657-1594c28f1ba9,2023-09-28,D,E
bf7c7576-99da-4cc3-b043-749732d3e60e,2022-04-01,M,M
c123e196-6e77-41f0-8e2a-67d1409c5a78,2024-09-27,A,B
c2cbc35e-6379-4a0c-9f08-007452e3b38c,2022-06-01,G,M
c4e88216-9c6d-40cb-9fe7-4ff166ee9213,2023-10-31,B,M
c7513514-0ec8-4f76-9a69-0eb707e21977,2023-07-20,C,C
c87524dc-1f43-4ad6-ab1a-8d39ea1d0c37,2022-04-02,D,M
cc2496d3-78a4-4390-accf-1ffb68eca143,2019-12-01,B,C
cd6b8fb6-359b-457f-9fe5-0d9eccc41605,2022-06-04,B,B
d20db02e-7f65-4e20-830d-0eafb626dcfb,2021-04-01,G,G
d228bb57-4266-4395-b8fb-f9f7a534be1f,2022-10-05,O,O
d2f2b234-d425-4b09-a563-64d46f0ec889,2024-08-01,E,M
d3df158a-24c1-408a-be63-94324f701e29,2019-11-11,A,A
d4b0225d-9c5a-4986-bc4e-3988a4d58d79,2024-02-21,G,M
d58a9004-bc8a-4942-a3cd-7c555850776b,2023-07-04,C,M
da2fcc52-c3f2-491d-821c-8a515a99a1b1,2021-10-16,M,M
de0b4616-76fa-423f-aa7f-a0fa7216f1ab,2023-03-07,O,P
de5ce203-c644-4f86-bfe1-8de4013fad31,2024-11-29,F,M
df3de0b6-2d1a-47dc-9605-24950f76afb8,2024-01-11,M,M
e00a4d08-8226-47fe-a2a9-80db3000f410,2021-12-03,G,M
e0b92b04-ec14-47e7-b233-8ddc877146d8,2023-01-29,P,P
e0dc6c9d-c958-42e1-90dc-11436ba5f152,2022-12-20,E,O
e403f352-420b-424e-a575-1763f5c195b3,2022-04-26,C,M
e51f8b90-4280-40b5-9472-0d2def12c50e,2022-07-26,A,B
e5a4a5de-39d0-40b9-b13c-323c5d3b79fb,2017-09-06,P,P
e834352f-4f18-4e64-8bc2-e967e73d7b49,2024-09-23,E,M
e8758a07-bebf-42fa-9301-055c07a17daa,2022-04-08,M,M
e8bffc69-d666-4809-be26-9a6c94e70606,2018-04-25,E,E
e8e13bcb-9048-4b8b-8a3c-94e4f6309b03,2022-05-25,C,M
e9a5e19c-b657-4a82-bbe2-42fef7c9f44b,2022-07-20,M,M
ea320a40-943a-4372-84dc-50ec2fc75971,2023-12-20,F,F
ea62fd3c-3ca0-46da-9ac0-d792f3ceae8f,2021-12-11,M,M
ecdd4907-92c6-4332-9a30-f9ffe8152537,2024-08-01,B,B
ecf54f7b-e940-4e11-a0d3-3decc3a08384,2024-10-28,M,M
edd26f7b-0f63-4e02-a560-080fa19650e8,2022-09-03,M,M
ee4f9c2f-343c-49a4-a805-916d5db79137,2022-07-19,M,M
ef2c7ca7-bb57-4991-bc2d-8f67e2e3411d,2022-06-04,B,O
f3a25f74-958c-4508-86a6-27bb50d137ee,2019-07-08,E,E
f685d4a3-5663-48cf-9876-9bb5f43beb45,2022-05-04,M,M
f68a36e4-ffef-421d-b301-da2ab504bf1b,2024-05-24,M,M
f7651cd6-1bb5-498f-b91a-ccbe40b9de73,2022-05-07,M,M
066df0c6-0d0e-4db4-b1bf-3e17c722e4f9,2025-01-07,B,P
0881fa23-3408-429b-9a4d-0fb48d56b660,2022-05-01,F,F
0dd61684-41b8-441d-8f34-616718c24124,2021-11-15,A,A
10ddc5fc-3017-4338-ac51-7d5a0f8bca4a,2017-12-18,E,F
1155d443-50f2-4776-9487-eade50a07381,2021-11-30,D,D
1c3c76ef-6d31-4cec-b7d8-10c746855513,2023-10-31,F,F
216a1691-ef20-4815-ba15-89dfe2482747,2018-01-25,E,E
2909e028-d3cb-48d8-aa1b-4b765158eafd,2022-09-02,G,G
2a5dc3d7-3292-4e21-b42b-0be700433b3e,2023-02-01,E,E
2ab4ce68-f973-44ab-858e-acfbb95a36f9,2024-12-07,A,A
3035c75b-569f-4587-965c-2b00d3c5b930,2021-12-11,M,M
305d4068-8689-4a06-af78-d76efa72a701,2021-10-06,F,F
3394cb8c-6237-4e00-afd6-6dc976e658f1,2023-05-29,F,M
33e96d89-9cd5-48fb-8737-d8d0b5b8f9dd,2023-11-15,C,M
3568592b-977c-43a7-8ac0-7c885d9479a1,2018-10-24,P,P
3ccc071f-500c-48ce-9406-91b07b9c4e28,2023-10-31,F,F
3cf93b9a-714c-4700-9594-1538ca9432d3,2022-01-24,M,M
3e66e2a5-dccd-4869-8536-5ef41d31fa3b,2024-02-01,O,O
435f2b5d-42c6-4d02-a7f3-9eb3e3e992ac,2023-02-01,D,D
44dbfc2d-9fa4-413a-b483-e20417ce91ff,2020-02-08,B,B
46a2a344-79cc-430b-a353-115fd265ab96,2024-02-13,M,M
485b9dd8-2661-46c4-9523-8698f39e5cef,2022-06-29,M,M
4b527dbf-77a2-47bb-b38e-3e7ffa2a3fb5,2024-04-01,D,M
4c2ee1c6-7e65-4473-b74e-df77a0f119f1,2023-07-14,M,M
50904a96-a070-41ff-9896-120819830b9d,2023-12-22,G,G
521645f2-b989-4f32-a8c1-ff279539f88c,2016-12-05,F,G
524d172b-2660-4fed-8f0b-30fda489c5db,2022-01-12,M,M
5394d7d1-8803-45e5-bfcc-101b8c18986a,2021-03-04,D,D
53f41bdf-f431-45c0-9cd3-55331b8b0271,2024-05-24,M,M
54305453-58bc-40d5-ac13-f25e82b2750b,2017-11-05,F,F
553646d8-d79b-4730-959d-93b10adc3834,2024-01-02,M,M
56a3e1ac-6e26-47a9-a9eb-c2e053413889,2022-06-30,M,M
592a92de-7112-433a-a6f7-101d0793ef80,2024-05-03,C,M
5cf229b9-f62f-4431-8f96-9e084a06c950,2024-12-27,D,M
5da2e25f-5293-473c-9c5b-28021345790f,2022-10-30,E,E
5e27e7aa-0828-48e5-95ab-4975a45fdf9b,2019-07-08,D,D
60ec4f77-68c9-42a1-9d21-853816b79752,2023-09-28,M,M
669684cd-e19d-4ed7-b610-75f61ece36f6,2023-02-01,D,D
672b4c18-15bc-460a-8581-9d248c9e8849,2023-09-28,A,G
6733060e-9f91-4bcc-9f7b-56474fe34672,2021-06-11,M,M
6975d20e-e85a-4928-8f41-e0a479ae1f87,2023-12-29,M,M
6a94b774-d4e8-4164-804d-9fa0d99de78f,2022-03-05,M,M
6b7db950-88d3-43ee-804a-5dd63394386e,2023-09-28,M,M
6f681372-a8b9-4bd2-b975-d49a59db2fc4,2018-05-14,B,F
72614408-1d1b-4afa-a09c-6292c34819d4,2022-08-19,M,M
73190c64-f4e7-4dad-a8fd-cbcfcd2ed543,2022-10-04,C,D
784a9528-aa0e-47dd-b052-ae00fbd9b879,2021-08-18,M,O
792416ca-f3d9-4a12-a33f-65182679e4d8,2024-07-12,A,B
7a11c779-9293-4a9e-81b0-3e6d599b5044,2024-09-27,B,M
7af9eb07-cb81-4b2b-8e09-a5036d63fdc4,2022-06-22,M,M
7e55d060-d85a-45a5-82f9-673be02af30b,2023-10-02,G,M
7fb02ec8-e81e-4e33-8786-c4dc804f875d,2024-01-06,G,O
80c1c428-7313-4514-adb3-91d27a813b99,2022-11-14,F,F
81420381-143a-4b0b-bb01-b08aca21ab5e,2023-07-30,C,M
82d1a15a-4ec5-4ffe-b0cf-a259649e8d72,2021-12-11,B,G
83b69f01-4e4d-413d-94a0-bb3575b946c7,2024-04-08,C,G
89c39d60-2454-4027-87f1-8c7c0d7ac75e,2023-08-01,F,F
8e31d3f3-3fd8-402b-8ab6-04d742b4c92d,2023-03-22,B,M
8e60c4d6-19f6-4c1f-827a-af10a8a9ceb0,2023-06-29,M,M
910e7bd9-3686-4c2d-bab2-100c28dd62ba,2017-11-13,D,D
91c69583-31da-40be-9939-61159b0ea25f,2022-09-27,M,M
960c217e-3340-4074-bdc1-7f0fc21fc542,2022-07-22,M,M
987a89cc-eb63-4b4f-80f4-4c70786a5eb3,2023-05-29,D,D
9983d269-f16f-4da6-b241-74889c592dda,2024-08-01,D,D
99b4013b-a769-4142-a14a-0463624a3dce,2022-08-23,C,C
9bfccab3-67fb-49d1-906e-df9459fa6d96,2021-08-06,M,M
a0068a94-c86d-422e-9110-8e7b9d768403,2023-10-14,D,M
a0c1f7e8-b91d-4374-aa4e-127b7d27a966,2023-07-02,A,M
a1b7c6e5-a11f-488a-af63-5ee2aa816dcf,2022-07-07,F,F
a24e507f-a133-4add-b925-60b1a43406e8,2021-03-31,M,M
a9f8e2f3-87f2-42a2-a4c4-fa0c419496b8,2024-05-24,M,M
acdaf34c-f704-4986-80ec-d29ca614e9e1,2022-02-27,D,D
b2982c7b-84f8-4521-af1a-7602c08d2922,2018-05-05,F,F
b83d5966-b416-4a58-a2ff-54fedc134611,2024-11-25,F,M
b86235f4-66f9-4cdf-b21b-52419a530a08,2022-11-03,B,F
ba38876c-3ae1-44df-a110-7026412319fb,2021-12-11,M,O
ba82872f-9d5a-4a52-b56d-96c43422c37a,2024-02-14,G,M
ba8c1518-ebfd-4668-be92-7dae82366a9c,2023-02-26,D,M
bdf63af8-8d93-4a77-b3e7-64487a377c72,2019-07-08,M,M
c31a89b0-73e8-4d00-a4fc-a4ff1d030f6d,2024-04-01,M,M
c418a7c3-7164-45d6-bff5-795b54947a3c,2022-03-21,A,P
c878d445-cf5c-4ef7-b581-cc87654d92ed,2023-06-29,M,M
c8fe448e-83fa-4fd3-8c10-05909b9da945,2023-05-28,E,M
c91784fb-83c7-4a21-8ae3-d71c6d3f5a25,2017-12-13,F,F
ca741d67-8c30-4b3d-bbf3-94b985e74ecd,2024-05-24,M,M
cbb34e73-a99e-4937-b678-70dfebc9d173,2025-06-01,D,G
d5f82f97-d19a-4b63-830c-394051c6014a,2019-07-17,F,F
d9f217e4-ca64-4549-a3bd-e6282926ae6b,2019-11-22,C,C
deff37c4-6394-49d5-af82-048234e9cfe7,2024-07-31,B,B
e12302e1-1bb4-45da-a946-f94d8688a80e,2024-02-05,A,M
e1a55a2e-a4c3-4230-9a20-33f4c65a09c4,2022-02-19,M,M
e472b0e2-120f-4076-bb4a-925aa9161e6d,2022-04-06,G,M
e484f489-e728-4360-864f-14ff9747b1a6,2025-03-05,B,C
e9c9003f-24e6-412c-a816-3cd56767d74a,2023-04-19,F,F
f16a93d9-80f2-4feb-9fe7-a24bb7de3cf1,2023-09-03,M,O
f54839df-7e79-4c64-9692-71dc772927fd,2024-07-21,E,M
f5fbc06e-80dc-4586-b81e-35192ad1b1d9,2021-02-15,E,E
fcd8be88-0ccb-4f65-9d9c-182896ce175a,2024-10-06,M,M
fddab499-193f-4b1a-a1bd-c26663e9b777,2018-10-23,E,E
fe25e90f-f797-4235-9057-042d8dbb6e68,2024-02-01,M,M
f9c64e42-3f8e-4814-a0b5-f7fe1584eb3a,2022-04-29,D,M
fa31ef9d-4722-4d3b-8bec-ffaf7b0d2382,2023-03-30,B,M
fb670b09-f717-4dbd-ad23-569b30d53d1f,2019-07-08,A,A
ff48214b-4644-45ed-85ad-a785496a9414,2019-07-08,B,B
df7c37f8-48d0-49ca-8f9b-24aa87ed0a9a,2024-03-08,D,D
e0f5fefa-d65b-4aba-b743-eb83f781c277,2024-07-22,G,M
e43792ee-af00-4e7d-a823-0f9d4b7f938f,2024-05-23,F,F
ebdf73de-6e70-4302-9682-07ed6c5d7cdd,2023-08-01,B,C
f11f37f1-41c7-4318-974c-e69d38647e84,2022-06-04,B,M
f60050c5-96df-4bad-a663-1e25c2fb0d8e,2020-11-05,F,M
f9faae6a-e3af-4a81-83ec-ed46f67783c1,2018-01-24,C,C
fa12fbf6-e5a2-4b1a-a405-bd195292a301,2022-06-04,B,C
fa4374c5-cb0a-48ff-b968-c90b196ff29f,2020-02-23,E,E
fd2fdb5c-6948-45e3-9968-4500a48481f4,2022-05-05,M,M
f185dfcd-85c9-4340-8b35-5de3d93c92ea,2024-07-31,O,O
f5bd3616-5aa3-4100-90bd-2cc71d2e4e97,2019-06-04,B,G
f9226525-1ee9-47c7-b791-47725a605e05,2019-07-08,E,E
fb81df6c-2113-46d2-b6d4-e71c12366d99,2023-05-29,M,M
fc4c4233-c913-4c2d-88fe-7755e4144b55,2019-12-11,F,F
fe6c3ca6-24e3-4635-9736-8d4c1dbec2d8,2024-09-07,D,N
fece7bd3-7136-40a6-94c8-c8ca04990273,2019-07-08,M,M
ff2c831d-bed1-4c85-9427-b8c255b0114c,2024-07-09,D,M
ff5f1fb5-7687-4dfd-abc8-8a8a9e49d482,2024-02-28,E,M
ff942488-e1b8-4d6c-af48-0a397a7dc031,2019-02-25,E,G
ef9e2875-941a-4818-b5e1-049fc44b8854,2024-05-24,,
ecba129c-7886-4eba-9f0d-16f38faddfa9,2022-05-05,M,M
ee67f25a-885d-4b0f-8fde-d6debf75b332,2022-05-05,M,O
fb938677-016b-4ba1-bf37-f77ded6df306,2024-07-01,B,M
fceb77e5-92c7-483a-ad60-cc7ddf3e1046,2023-06-05,M,M
fdab0b23-cdb4-4079-ad92-248c57780f9d,2021-12-11,C,D
ff13af11-b7d6-4fc7-a0db-b8a9b3217049,2024-01-15,D,E
deabe553-14db-4e55-9b1a-7afacbdce37d,2023-05-26,M,M
df7a2ebc-2974-4de3-a1e5-649e7c528ef9,2022-12-28,C,M
e71b2703-3588-4f1e-8b54-d157408f7ac8,2022-04-08,D,D
e7a29402-5fe8-4236-946b-c4a2d8cdd417,2021-12-02,E,E
e8d55d9c-e48a-467f-a170-6a56127679af,2019-07-08,C,C
ea85ffaa-f528-4395-8eaa-6a8df3076d7c,2024-11-14,M,M
ebb62045-cd7f-4d3a-862d-33e6df042a00,2022-04-06,B,M
ef31ae9c-53a0-46d1-8d2a-cf0ca229d134,2022-06-30,E,G
f03e4b86-d97b-46eb-baad-cb3186640365,2019-07-08,C,C
f42b6662-e6e1-4d24-8280-64244b5dd3d7,2022-03-05,F,F
f63764d6-f8e8-4a9a-ab62-9f5fe636233d,2018-02-21,M,M
f9aa63fd-95d5-4a64-a948-3ef88ecba673,2022-09-06,G,M
f9d18872-54cf-4b66-ac68-e36b92ae737a,2024-05-24,F,F
f9f699ca-6ac0-4d09-9dcb-c92ca89fe151,2025-02-17,M,M
fa763b39-6586-4996-bacf-242928a059ca,2025-03-01,F,F
faf5a095-15d5-438b-88c1-d031ad9f77de,2022-11-12,G,G
fb33a1f0-b99f-497a-a28a-30969e98d32a,2023-02-02,M,P
fc2cb466-f505-42a0-9345-6c37fa9f4e56,2021-10-11,G,M
fd753c48-3af8-4c95-9942-813c3f20f962,2022-09-27,M,M
fe64db01-b266-4781-978f-d0a6c8573f53,2023-11-14,M,M
fb86c3de-d6d0-432d-bd48-137931e1978f,2022-08-03,M,M
fd158e7a-ab7a-468d-9dd5-56e6533faf73,2023-03-31,G,P
54b48c2d-1a80-418e-85d1-ab3c2c9f93c3,2024-05-24,,
e1abbc0b-c0b8-49d1-b342-586f409d99b2,2017-11-18,D,D
e2485156-9403-4972-bcd3-8cb240a1269e,2024-07-06,C,M
e7a97791-a6ad-4715-904d-a0cef9192d7c,2016-12-14,G,M
ea28239f-fb15-479b-b209-d6624aacf6e4,2022-06-10,E,M
ea93ca62-6be9-4835-a919-41dc2c67373e,2022-10-28,E,E
eca3306d-3119-4597-a3cb-3aeade3a64bd,2022-06-09,B,B
edf68122-8174-4829-a4c8-dadb8f8b6d97,2020-09-05,D,D
f1fc237e-ca04-44ab-bd1b-fc07d1f6b7eb,2022-04-15,M,M
fc501f6f-4f53-4f5a-ba23-54ba9880043f,2023-05-29,C,M
fe5afd86-08d2-405f-9cb3-3657d2672d36,2023-03-30,C,E
5e27df7f-b203-4541-9da9-8a03f9f06357,2024-01-17,,
c30a7101-1919-403b-ae01-99a3d5b5e2d3,2024-05-24,,
cb7e943a-b8bc-4c1d-9513-a51dc2f37e8e,2024-05-24,,
fcd6e30b-4843-462c-b674-58b191768eb8,2019-07-08,E,E
fdf69916-efe3-49df-b97f-e194e33d1ef7,2024-10-21,M,O
ff19511a-0822-4303-bf99-cd4a96618d93,2022-09-14,B,B
f48f1a84-fbda-4752-b79b-d1cd6a37fb77,2024-05-24,,
c589f786-9209-45eb-afcc-e9b2d5beb4d5,2024-01-14,,
fd783654-bdbf-44be-9942-ac19174dfbd3,2023-03-27,G,M
ff244dd1-f657-47a4-ac33-85ded06e1763,2021-12-11,F,F
ff90b17d-1e5d-4eae-b2f1-6961cfd0bba1,2021-03-31,E,E
fbe887a7-dd3f-4aff-a28c-02054c324070,2023-12-17,A,A
f9553693-b108-4739-965d-2c5502c0e1d8,2023-11-12,A,E
fcfcc076-2596-4cc1-8910-801831e645b4,2022-11-13,P,P
ffc59f40-2cb4-402e-85a3-4d23fea9e527,2024-08-10,C,C
ddbbe26f-c593-4ae2-a0dd-1914f19fcdd0,2024-09-02,E,E
df285b50-6c9c-4235-bafe-5a70883dec97,2024-09-26,M,P
df2d2032-cbd1-4c9b-a19d-25751fcd40f6,2024-01-27,E,M
e031a801-2c1f-4f92-91be-1b206fd474ab,2024-05-15,C,M
e082ab6a-1193-43a9-b36e-797c1cc0a758,2023-04-27,D,M
e1c19396-a8cb-4b3d-9123-4fe491d0b3c3,2023-03-30,C,E
e22a5901-b137-4a3d-8f4d-1426a4b6e806,2018-01-15,D,D
e378442b-8e5a-401c-911c-ca5ddce8dac4,2024-06-13,F,F
e8ab2069-e14c-4fdf-9983-f97eca480e74,2022-05-20,F,F
eb5bedb4-b72b-49ae-a259-5ada95cffc2e,2022-06-04,D,G
ed59836a-89fc-45d0-a617-8cc8730e3cde,2022-05-04,M,M
ee9c45d8-2837-44ee-950e-9f7e0d76f25e,2022-11-15,C,D
f1bc3766-c03d-4415-a0cb-881d75cd680a,2022-10-25,E,M
f20eadb8-61e7-4a0f-b4ac-7be8dbbea9db,2023-06-29,G,M
f8a1aedf-96b2-40ef-a9f5-c08fd954529f,2023-02-28,B,M
fa576c43-9c8f-47d9-8398-6944630569ba,2023-05-09,M,M
fb714f4f-0c0f-47c8-8068-ae010ec643b6,2023-04-30,C,C
fc36209a-992f-433a-aed0-3f5c3950f0aa,2020-08-17,D,M
fdde3152-6365-4bd9-a5c1-caaee379f631,2022-09-30,M,M
eba3835a-541d-4866-9b7b-e7022e234188,2023-06-29,O,O
eda53e51-db64-4a55-8c90-5410432bf26f,2024-05-24,F,F
f2132187-ab6e-4da1-9477-e5901b352647,2023-05-22,B,B
f2b09295-326b-4241-a684-6dbafc25b5d2,2022-06-28,M,M
f3385664-2483-48da-8838-8d55f3391dfe,2021-04-19,F,F
f4180216-ffdc-4be6-812e-e9b2cbcadf5d,2019-07-17,O,O
f60de8f0-2a28-4fcc-a9fa-bd8ff6ee9f1d,2023-02-01,D,D
f749ad88-19c8-4ac6-aa8f-42715c455351,2017-11-15,E,E
f7e30028-486d-4051-9b30-ce947eb50a15,2024-06-28,G,G
fa56c960-758c-4e8d-ad13-a4ea0e7f8fa7,2021-11-27,B,F
e0899c4c-cdc1-4909-b3f7-034d72887931,2024-03-30,E,M
e86ad1de-fb4a-4f8c-8ca6-af8464d221e1,2024-10-31,F,F
eb22ddc3-0c70-466d-8f48-e0201c0a3f67,2021-12-02,D,M
ebc387f0-9d6f-4045-a733-c4f47b583a1d,2023-08-29,B,C
ec1279aa-c8bc-48ee-88c3-175d9cc4d670,2022-02-21,E,O
ec13ebcb-5494-4580-9564-bd49c76d1e1f,2024-06-30,C,M
ed03a294-1ebb-473b-97e8-5a0abab56b8d,2018-11-27,G,M
ed09473d-389c-4fb0-aeec-67a940ebdd61,2022-09-25,E,M
f67c76f6-59dd-4ec3-a870-7c4aae1f7035,2022-11-02,C,G
f696382a-f02a-4350-8e1c-3444d4fded26,2022-10-30,M,M
f6f949a2-2c33-46fb-9a4b-ee114055fe9d,2023-01-31,F,M
f7151003-fa88-48d5-aadd-8f5addd7447c,2024-09-15,C,D
f7cb8236-1718-4b39-8a7a-8422546b02b6,2023-06-18,M,M
f8bac6df-64c4-408b-ae47-060557c64979,2022-07-30,F,O
f98f3954-af2a-4c04-ab5c-ea4e0d66817a,2019-07-08,O,O
fcab6979-2521-452a-abb2-56c04b460425,2017-01-19,E,E
fcd579df-e7a8-4808-8537-96aec7935f40,2017-12-07,C,C
fd93ce08-d707-45de-b501-e1f40f537eca,2022-09-22,D,D
