user_id,reference_date,dn__recent_action,dn__max_action_level
bda08959-e21d-49fd-8e49-f304c078578b,2021-11-30,1,10
50765353-81a2-491d-9aba-cb1d1fcd47a1,2022-05-18,1,1
d0235fe6-9122-4ba7-9532-c04a6593b266,2022-08-03,1,10
89379f3b-5fc2-43c4-94cb-03f8091082c6,2022-11-08,1,90
3d11b1f4-511f-4e4f-a42d-68ac18a17952,2022-10-06,7,10
cfb95f2d-ee18-4e44-83e4-b20d83fd8b4f,2022-10-19,10,10
720744ea-f246-49b5-8cf4-3fd471975175,2023-05-29,1,1
09a4bd5e-0cd4-4735-bfe0-34366a6786ff,2022-11-05,7,10
97e6b5da-e6f1-4f60-90b6-b833cb31d257,2022-12-28,1,1
0f116de0-fd69-43dd-96ae-2b7fb62296b9,2022-06-01,1,10
cea3b822-f01b-49cc-90da-e3c7e999faec,2022-09-21,1,1
1c6ba2b6-878e-4a05-a9a5-17c8237b7d53,2022-03-05,1,1
710b9fe7-6896-4ca3-9c7b-8592d586681b,2022-12-03,1,10
7f21d063-f714-4251-84b0-aa1d44c87f74,2023-11-24,1,14
b981ccac-367a-4150-9c31-e351997a8f1c,2023-05-28,1,10
dbf7ebab-da98-4413-ab9a-4576c85e5fc5,2023-06-29,1,10
c32a3b89-85eb-4b4e-9210-9443b33e3b2f,2024-05-24,1,30
92ba7898-2051-441a-8855-9a15dad6128f,2024-05-24,1,1
b1186d4b-5ba7-4983-8b63-43bed5ed1aaf,2024-08-01,1,1
cf178f9d-e40b-4233-a176-7c398f466572,2024-01-31,14,14
a8a85c08-808a-419a-991b-a962c799371e,2024-07-31,14,30
5de6de73-e128-44ac-918e-676ff019a002,2024-04-29,1,14
8035c8a3-bd63-4012-8fc4-a6a4411e30dc,2023-03-13,1,1
cf454a14-bc34-45f8-8948-fbd7289a7682,2023-03-30,1,1
3567e552-3c6e-41f2-a780-015c45035b6a,2024-02-03,30,30
be8d5070-2626-4310-a83b-3b79e57ad96b,2024-11-05,10,10
4ed9c56a-756d-45c0-8e8e-f79a89f3c5ab,2023-03-03,7,10
00a56036-9c41-4479-a90e-31b8cb7593a8,2023-06-29,7,10
b535d9ee-df38-4d53-8318-2671c6587762,2023-03-25,1,1
e736f7c9-5961-4bae-9bc4-62dfb9d1c689,2023-07-10,1,7
c88fd579-6e7d-4f21-8bfd-1a52db9e4fd7,2023-07-21,1,10
f08a2506-a910-4ce3-8b65-8b06c353091a,2023-10-31,14,14
69ff7115-bbaa-46de-a424-eafc93b71f8c,2023-06-29,7,7
e889da78-d502-40cb-9bcc-3f6ec183d52e,2023-12-04,10,10
7cd419cc-ce98-4451-a883-a42b32f868ce,2023-05-05,1,1
55ede91d-a168-4a9b-8afb-0a1bf25144fc,2023-01-30,1,1
1751e4ed-2577-4f92-aa1d-4873681d5604,2024-09-27,1,14
a96146e4-6ca0-47d5-b437-5d0493764e91,2022-04-04,1,1
7dda6708-fc77-4de4-acb0-f1849e557efb,2022-05-05,1,1
dfa7b914-99f3-465d-984b-8beb8bb2cf1f,2022-06-04,10,10
1ef088bf-7a3e-49c9-bbf2-696ae8e24550,2022-08-09,1,1
9701fe0c-c67e-4565-9599-33f806c09b61,2024-04-18,1,1
9174792a-afc9-4abb-9bd0-2beb2015ae15,2023-06-29,7,7
8f1753b2-8d6a-4eff-87aa-69824d525113,2023-04-26,1,1
995f9c54-ee95-49b5-a889-d0f35d79ecc8,2025-04-09,90,90
fbc1d6e7-4f9b-4aa3-a646-d2e67529d129,2021-09-04,1,7
89b210b0-f3b0-47cc-a014-62d129eda330,2022-04-16,7,7
ceb88a57-4f08-4385-871f-470014fccf44,2022-06-04,90,90
4b51e93f-5866-4982-89fd-8f8b78e0be57,2022-05-04,1,10
301984f6-c980-4851-bc4a-1c6045ab4b49,2022-02-22,1,1
cae14389-c3ee-4529-8580-79ac2e4b089f,2022-08-30,7,10
d39c6129-7b5a-4be4-b315-7cb031e856d2,2023-01-01,1,10
037a68a2-6a11-4849-b2b1-cb01ab070f5e,2022-04-09,1,1
4e647ea4-9353-46d6-975c-9259d18d3f25,2023-07-16,1,10
93d91151-c60b-4fc8-b7e3-e00c5f749eef,2022-12-28,1,90
08ff6cd8-1312-4718-ac70-d1d942497b22,2022-07-23,1,10
73b510d8-5074-4a8b-b44e-0a39d3b241ea,2024-05-03,7,30
d0625de4-35c8-4f1b-b307-a1c44b3ff810,2024-05-24,10,14
9e02251f-7121-4aae-89b4-4fb34824a6cd,2023-10-29,1,14
01e497f5-7a28-4fea-aefb-687a84a9868e,2023-03-13,1,1
fa1804c9-d17e-4c8a-802b-37e07353bab3,2024-01-15,10,30
a4203c00-c170-472c-985d-8b2f2c1b684a,2024-01-31,1,1
38f2fbe4-48dc-490f-a098-1ab5747fbf07,2022-09-25,1,1
4bc7c55e-8368-42c9-98e2-7ff5bdf8793d,2022-10-08,1,10
b9df98bc-86fb-41b2-a326-eb77294e0767,2023-08-02,1,90
1306e6b3-9fec-4a6b-bafd-86d677200599,2024-01-31,14,14
185953f2-3f76-4d53-9ec8-a2bb0fa4e3be,2024-07-31,1,1
71c2e768-9a05-4062-bfc9-75ff444d906f,2024-08-12,14,14
1beaef26-15db-49e4-84b5-70315c12f8fe,2024-07-31,1,14
82d4e0a5-e46f-4d66-af65-98eec296ea99,2023-02-15,1,1
bd6e93e0-bee9-483e-bd94-c54a10d25092,2022-07-28,7,7
71d7d033-90ea-42ed-a84a-dffae7f0e763,2022-11-02,10,10
99649544-3cb8-43cc-9ff5-b28bd75a5d0a,2020-01-01,1,7
79a6b4a7-6b3a-4d0b-90c6-bc2f14f78c9d,2019-09-16,10,10
2bf4056d-a68f-40c9-8df3-d4453cbaef5e,2024-10-11,10,10
08765acc-4227-490b-9b89-c0a0a0607ec9,2019-07-16,1,10
ea8150bc-2c3b-48e1-905d-a7dff2e2054c,2022-01-29,1,10
7dd7f27a-f81c-45ab-8290-8fa1d8a56fe4,2022-02-04,10,10
2f33b8e1-e2cf-4442-8fe2-37b87474df72,2021-12-30,7,7
cebf7462-c2af-4048-ab22-77f1ec328f5f,2022-02-04,1,7
872fbb3c-8043-4e4a-a920-2ca40625f9b5,2021-01-04,1,1
7d0ac4ed-a866-40ef-a886-5be41874e29b,2021-06-10,7,7
2f6923c7-6ca1-44ce-8bdd-445474666435,2022-05-24,1,10
b8b06437-a4b8-4781-acb7-c088dcd40f4c,2022-01-19,1,10
29f634eb-6eb0-423f-becc-fdec43f3e691,2021-10-16,10,10
4fff8b63-23d7-4339-b4c7-6288659ffabd,2022-11-19,1,1
59e2dd44-7fc5-4a2e-8c0d-51b9dea09a32,2022-10-09,1,7
6392bda1-2496-479e-a9c6-49c29c014396,2023-02-07,1,10
1af3c4ee-efc9-4aea-a99f-de23715fa7b7,2022-08-22,1,1
5c58a81f-2938-47b6-82a1-b0549d90722f,2022-08-17,1,1
aa085426-3a2e-4294-9566-9168420460e9,2023-06-19,90,90
04627b66-2776-424c-a9b4-1f98988c918c,2023-05-29,1,1
77d239d7-2820-4ed6-a9ad-91859e6b22dd,2023-07-16,1,1
60cbac88-6ef3-401e-906d-1af607633802,2023-06-29,7,7
b4dc60ea-3d06-4dee-954b-3e99af38dac0,2022-02-27,1,10
eec663f4-ea81-4f14-94f7-0f1b63c4a9bf,2022-07-13,1,1
4f244762-8a51-45e4-b4a1-33f12feca099,2022-03-04,7,7
976f0d4e-396c-4a5f-8fbd-b3648a4ed3f0,2022-03-05,10,10
6ad4d51f-73bd-4f8f-9b01-601fa806998b,2022-07-20,1,1
23608fc2-a299-47d8-934a-b34c0c8d19a8,2022-12-24,7,10
39f0cde9-7a48-45bb-8761-0b83425c940b,2022-12-03,7,7
20558141-f7e3-464b-a805-e523b5246626,2022-11-29,1,1
b49c7aab-1c1f-4afa-ba60-f43c04fbb00c,2023-10-01,1,14
b8053c1d-9651-4b9e-b7ff-4155fe251e55,2024-02-18,14,30
8b05850e-6e31-427c-8768-bd0dfa70e827,2024-03-30,1,14
1f5f28d2-3b40-40df-8108-91373a3fbd25,2024-01-20,1,1
7aa022cf-d285-4030-afb5-819429336189,2023-09-28,1,7
1b259a21-073d-4cbf-aa4d-db4990111333,2023-11-01,1,14
543e8f2b-51ad-473a-8dcb-eb8e8782e3fd,2024-08-08,1,7
ed834806-c9f0-4c1b-8473-2fb32d885615,2024-07-31,1,1
af7f18ae-6fb8-486c-b9ad-7e3507b0e111,2024-09-05,1,1
d93f624c-9d95-4cd3-aa82-12389c8c7755,2023-11-11,10,10
fb4f500a-d63e-4c11-8a9c-b0e2d6d75ce3,2024-04-30,1,14
a4b773cc-c4eb-4d89-aa40-71fa4f95ad95,2024-09-27,60,60
22788658-18c2-41e6-9dbe-d6bbbed0d021,2024-07-31,7,14
85e65f7b-c7a2-4a91-8804-785366e05cbe,2022-11-04,1,1
36992ee4-43f7-4b15-8d6a-b43bbe3dd4bd,2023-07-03,10,10
6dd4dcd7-1b75-4e61-a79a-cb985d5ae7da,2020-08-22,1,1
1023332b-ebce-42cd-b188-f21e499988fc,2019-12-06,1,10
d516b03c-2528-4b1a-9a68-a1c09364ec2a,2024-08-05,10,14
49091998-c4c3-49fc-bb67-86c39fd03462,2024-08-02,14,14
6128463e-47b8-41dc-b5ad-fab76cfc7c0b,2024-06-18,10,10
a7959c20-1c86-4a96-9969-a60dbbef56d9,2022-05-25,1,10
c9c4f2e3-cd86-4a14-b2c6-f9a12cb1ea83,2022-09-19,1,1
0a3987d4-f4be-4103-a70f-f3c301706de6,2019-07-08,7,7
b6a91711-eb55-46cf-8702-51d20393b4aa,2021-05-09,1,10
759e663e-bf9c-43b7-b9c8-ff41cff3c486,2022-02-26,1,10
183ccd35-6c7f-4d21-8dca-30a36cb12c02,2021-08-30,1,1
62131f78-7726-424f-863d-25dfd6def680,2021-01-30,1,10
4ba0da63-2703-4ee7-90c5-6f97e430b78f,2022-02-07,7,7
65f3498c-7090-4ad3-85cd-b68c6404fb4f,2022-03-27,10,10
211384cc-5bc1-41d2-b0d7-d874d10bfd6f,2022-04-20,1,10
d79f33b5-d2f8-42d7-91ea-f194f422537d,2022-04-07,1,10
6231afbe-b745-4b2c-8a4d-b7af6ed3de2f,2022-03-28,1,10
f42b6662-e6e1-4d24-8280-64244b5dd3d7,2022-03-05,1,7
331272d5-6ea7-48bf-b52a-0fb79fc3f42c,2022-07-11,1,1
b9d95f9c-6861-497f-9b37-af8e90354b3d,2022-07-17,1,10
a3f377e6-086d-4438-bd8c-2dbe153caddc,2022-12-29,10,10
8ac0d114-fd90-444c-a403-537fc550a53d,2023-05-29,10,10
9a73cde0-46a7-489d-8414-ca05b1c08030,2022-06-16,1,7
356e388e-6434-4fd7-b411-cd855f81a999,2022-04-09,1,1
a82bb26f-b792-4de4-acad-0446a5befede,2022-05-22,7,10
b0f4ae95-80d1-43b6-8d2f-8722482f36c1,2022-06-04,1,10
4de037a8-95e6-4a0d-8aa4-699f6268230f,2022-11-02,1,10
d06cfca4-787c-4f48-b1ec-021bb0ee684d,2022-09-06,1,1
1fdece8f-d84a-4500-9ca4-386657d092d9,2023-01-29,10,10
510d8c4c-2eb5-48b5-8a3c-3d67c40bfe30,2022-07-06,10,10
b7d36d40-cdc0-4a14-a5e6-27a9b03bb26f,2024-06-22,45,45
4a627154-8965-4a1f-9495-d1bb08477ee4,2023-10-15,1,10
34d870d8-1151-481d-a2a3-ef1c5923446f,2023-09-21,1,10
6864444d-f6c5-4308-b212-0490b905c293,2024-01-30,10,90
7d3f8702-9b23-43c5-af98-d1ae4b8d37fb,2024-08-26,10,14
250d7cf0-b50a-48df-bdd9-c19f806682b6,2024-03-30,1,7
3153dc2b-9fbe-4c2a-9f42-74748c22f8dc,2024-04-02,1,10
264ea9b6-d32a-4352-b4ac-3e3fed71cf54,2023-02-03,1,1
08bcab26-5187-469f-81f3-8112897c6dad,2023-02-28,1,10
74941c29-45e4-48de-b2f9-c382372fcc40,2023-08-07,7,7
6855f2e7-d461-4b96-8669-5b338d897856,2024-02-18,1,1
f33844da-19a0-48c8-8bb9-4e3ce34dbecb,2023-03-03,1,1
c834aa91-fd38-4692-93e6-c655279d2843,2023-08-31,90,90
16ab953f-2322-4905-bced-4763ce1e9809,2023-10-16,10,30
144bd69b-5819-421e-bd1c-ed97320a6f35,2023-12-29,14,30
ae275b47-b5b3-4629-b1ef-f0f14ab1396b,2023-12-09,1,1
9091a4d0-c651-4b16-813e-51503218455a,2022-11-25,1,1
fe63bf99-0a6a-4d8f-87e8-e19398e470fa,2024-04-29,1,14
9f5230e6-b59b-4d0c-91dc-ff6603f067b4,2024-08-12,1,1
58cad5f3-9242-4a01-8183-d4f967c6cf19,2023-05-14,1,10
6326e346-ae85-46ef-b5ee-5fda82a5f41a,2023-05-26,1,1
c9e553a7-7fc7-4d68-8a6e-0be0ba2c2696,2024-05-23,1,14
083c8e45-291d-4be8-8e01-68a29dd04224,2024-06-16,1,1
c64e1358-f0fc-4d6b-aa28-6c34faab2310,2023-02-01,1,10
e3a38f4a-360c-4881-a02a-2d5a9dd59b68,2023-05-29,7,10
1e807bc9-b0f4-408a-89fb-027a34e00ea1,2024-10-31,1,10
6d150e01-61bd-44ea-a1bc-21cb17632914,2025-04-01,1,10
db773522-b2ab-464f-9ec8-47f2ca370107,2022-07-11,10,10
8f10a37c-4255-4f85-b949-5474bafd6a75,2022-06-28,1,1
ccd16dcb-e088-4527-ac91-9f2b5a669f9d,2022-06-27,1,1
c1b88d70-4825-488e-9df4-40952cf230c9,2024-06-30,1,1
9ca8fa92-2fc4-4f43-9dcc-ba7d57ab0084,2019-07-08,1,90
88fa9360-a803-4bda-ab2e-dee778fc0a2f,2019-07-08,1,1
5284eb0c-be22-4369-b864-b05c6f437c2b,2024-12-14,1,10
dd330dd7-cfb8-4bbc-b514-fdf6d57c6cbf,2020-11-08,7,10
e77735f3-5ccb-4e1a-b466-67f6fdb7918e,2021-09-06,1,10
79b6e54d-ea46-4421-9356-87e2f6ea6e10,2022-07-06,1,90
b92afb76-9ae6-40d0-9271-c2cd8c74f88f,2022-09-14,1,1
880537b5-d75b-440b-9677-c22d6653879d,2023-02-26,1,10
89870314-9e9a-406e-a3ae-a1f3fc3e5141,2023-03-30,1,10
3a6cf0ad-96c3-40d6-9ad7-6222e593f632,2023-03-12,1,120
0ee9e9ac-9aba-4003-af7a-22fa6830f2cb,2023-02-28,90,90
a9bbc2a8-ffb6-4770-8e62-293ceadee4d5,2023-04-12,1,10
8b0ee4b7-9432-4cc2-8b0f-2d87b37ead4c,2022-10-18,7,10
130c062e-604c-459f-b394-dac5f72f4bde,2022-03-05,1,10
5c82c4f4-6cd6-454f-986a-2f8fcf998b0d,2022-03-05,1,1
b7b79d82-05a0-4614-850c-ad4529c62caf,2022-05-11,7,10
1f7bb874-eb92-4ede-bcc4-679bfc3b6086,2022-06-28,1,10
39fcf414-766a-4632-9247-32705a0d65c2,2022-11-11,1,1
af5cdd77-8625-4f02-8ca0-3a2a8c205011,2022-02-20,1,10
3012e31c-65e4-4f36-9ad7-e9b4745cee71,2022-12-28,1,10
e43628e0-eda8-4b29-99b8-5d3921ad66f2,2022-08-19,10,10
07cd4e4f-6e35-4ef8-b16e-10252b967a01,2023-10-01,30,30
4ce2f7f7-c963-4934-b0c7-0f1f8ad7bc9a,2024-05-22,7,14
13527f9f-26a7-4433-8383-9e74e8bc428a,2023-10-20,10,30
84071e88-18b7-48ef-bd63-da0c7e18059f,2024-03-23,10,90
091c7d5d-153c-4a4a-ade3-d8d9f19cfd27,2023-12-05,14,30
62516556-c586-43f9-9fd6-9a4d9e4fa124,2023-09-28,1,7
f6893259-a4fb-41e1-b00b-45dd4ebfb99c,2024-03-21,1,7
6f70f63c-51b9-4bf6-8c74-4761bb21b155,2023-08-07,1,14
13aeb598-3100-4129-b7fe-e11cd5571526,2024-05-23,10,14
ca6b54f4-0c60-48c6-b8dc-183679fbec82,2024-03-16,7,30
ce10b0df-8887-46f7-bdfb-c4ec05361484,2023-12-18,1,1
a526e2a4-8efc-4ad7-a2b0-ef7355178f73,2024-04-15,10,90
c3b06b70-bc38-437d-88f6-1c1af41b9fcc,2024-07-07,1,14
3acf9bcf-6d55-4942-99eb-b787be4d0158,2024-01-29,14,14
d2409e35-8709-47e7-b2b7-2722616df2c7,2024-04-04,10,14
a3eb6e12-fa9b-4bae-a7e7-5087fad72ca6,2025-03-30,1,1
f955cd06-afa8-4234-8afd-faa96374a5c6,2022-11-02,1,10
843c8811-0862-480f-a19a-7bef97e890a0,2023-10-12,1,1
f0b0c721-d8c5-4a85-8098-99a19b50d6c6,2023-04-12,1,1
54205b2b-aad3-40b1-992d-b206729bf73a,2024-07-31,1,30
892a4df9-257e-4657-a632-3f2514b4ae9f,2024-10-14,1,14
ff13af11-b7d6-4fc7-a0db-b8a9b3217049,2024-01-15,1,1
9cab0ef9-68a0-4cb7-b782-d62536760e1d,2023-10-07,7,10
a16db001-6b19-4495-9de4-b922da5d3dc1,2024-05-24,1,1
d8b75ed3-35dc-4b7a-a821-fb1c8c477b02,2023-05-01,7,10
7d0eaed6-e0d7-4213-931b-ff0e27c4ea36,2023-02-02,1,10
590194fa-cab6-46a6-b395-043e9b935c58,2024-10-28,14,14
2658521f-7577-4f76-81a5-7890702fb05e,2024-09-27,1,1
a7d671e6-2841-4a2c-bd43-ec7919bf71d6,2024-07-29,7,7
4982efe0-945d-4428-844a-d0645eff01c8,2022-11-09,1,1
f3c91ab4-6ed4-4440-b28b-30542cede0d5,2022-06-28,1,1
d65516eb-c218-4f94-8ae5-96ba645d6b51,2022-03-05,7,7
1a489875-8a0f-499e-9819-c6fdb7911ea1,2024-06-15,1,1
46aec883-b16f-4686-9200-dce782a63bda,2024-07-22,7,7
9599c944-5dd9-41db-9583-58898d551ea7,2022-03-18,1,1
f45eb3eb-e3ce-40e7-8334-b2cc3db6d7de,2023-06-30,7,7
60f46bd0-c491-4084-9a36-a3d53e9ce952,2020-11-29,1,7
b9a690e2-7f9f-4051-b9dc-87e3f9b1a5e8,2021-05-26,1,10
7a706ebc-80f2-415c-9862-adf76a9d322e,2022-01-31,1,7
394911f9-582d-4838-8b9d-bb624a8ede5b,2021-08-30,7,10
0a6785e1-4027-46a6-a8a8-7d737b0cf308,2020-11-18,1,10
795992eb-297e-4a6f-b1f6-d58e946cb82a,2022-03-25,10,10
32eded52-9018-4fe1-8dd8-b5d874317acd,2020-11-25,1,10
1853dd3c-89a0-48cd-9a85-ec49cb09ae38,2022-05-05,1,1
1e819f9b-a7e1-4331-8724-2efbad7a6007,2022-02-13,90,90
0aa53a48-dab5-4ae4-86b7-54d51f989ed4,2022-11-28,1,10
46053967-1522-4e64-865e-4650ff20f0a3,2023-06-26,10,10
dfa8e35e-d2c8-4494-ab4c-935975450805,2023-06-12,1,10
be5b293d-1d17-473a-9725-cd8ab2592ee4,2023-02-01,1,10
341569f7-34ac-43ee-839e-251172d2cb15,2023-02-02,1,10
5fdc39c1-54a9-4a26-8265-b01a5a73f1ea,2023-03-03,1,10
fb81df6c-2113-46d2-b6d4-e71c12366d99,2023-05-29,1,10
79b4d02a-de38-43fe-a4db-8cfb51e41ca8,2022-06-02,7,7
ea352142-43f9-4aaf-ac9b-13ec3893e905,2022-07-05,1,10
f4b28a04-74fa-4aac-8df0-d09e5b05e976,2022-07-12,1,10
727453ae-eceb-4276-82bd-f682a85543ad,2022-07-30,1,10
39102acd-70c6-4bf9-8c6a-ba98a78209f8,2022-07-18,1,1
b146c307-783a-4506-befb-68029b2a7a17,2022-11-28,1,1
0abd1459-b6a1-42aa-b092-69379fb786b2,2022-06-29,1,1
86740d3a-9403-4ae6-a194-64781caea886,2023-11-07,14,14
a5b5b0c1-b530-4b02-9c12-ae3a9bb85115,2024-08-28,7,14
155c0cb1-34e5-4036-be27-c5aa7c48a0cc,2023-09-28,7,10
3ad1fe9a-d3c3-4757-a9f0-323d20d1f4af,2023-07-26,1,1
ca7aa654-2bbe-476d-ac75-8d8cba5b76c3,2023-04-25,1,10
7586043a-7fa9-44e3-913b-2b7dfb07466b,2023-08-29,90,90
d3affae2-3a8e-4948-a098-b2917d9fca99,2023-10-31,7,7
5bfabbbb-40bb-4838-94e6-bdf6f34bcd2c,2024-03-19,1,1
ce753a01-49ef-44a1-8d3f-ca27e04cfb6b,2024-09-27,1,1
6f153aa2-c8da-4161-8761-8bc217b29466,2024-05-23,10,10
804a8ef7-bb01-4b58-90bc-2c2c64bb22a5,2022-12-07,7,10
d2377361-b5e3-4b71-8c5e-fa2226037318,2024-02-24,7,7
652fa061-2152-477d-9d5c-a5d1eee18df7,2023-04-23,1,1
4362acc2-737b-4601-a3e6-22f8e6b364e4,2022-10-26,1,10
2a41b207-a7ae-4cae-bbb3-0b5fd30afd9d,2022-12-13,1,1
274939c1-00b5-4050-8fec-0e170be01096,2024-01-15,1,1
ca135210-7032-4b8c-ae11-d5578e523912,2024-10-21,1,1
e423b881-04ca-442e-b5f4-c6117b3610e7,2024-05-24,10,10
67331d09-6c22-476f-862d-112d4936f4b5,2024-04-12,14,14
fad0ae56-4102-4e2b-bec8-28b74af28233,2024-10-10,1,1
b5208a45-ef93-45a1-9bfa-adf7069a8320,2024-10-31,7,14
a3738c3d-0d93-447b-801a-42fedd7c11e7,2024-11-16,1,1
22169274-479d-4279-ba92-27a561779166,2023-02-08,1,1
26f6607b-3cb5-4da8-9ebd-6cf990a389ed,2024-02-10,10,10
fc399f33-21e4-4ddf-b654-32643ec50e00,2024-08-28,1,1
a51d5917-6dcd-4aaa-98a8-1095f8e2b390,2024-02-01,1,1
a7f2a822-619b-4e43-847d-96c40605c938,2022-04-29,1,1
be12b101-5eec-4779-8f3d-66de268a2d75,2020-02-06,1,1
f25d16f1-dd40-47e0-913a-0a440241d4d4,2023-01-26,1,1
137b049b-feb1-44da-a4ff-86c324a62773,2025-03-01,1,1
422dbdb6-1cc3-48df-baa0-35ed660739f7,2022-01-29,1,10
5e21a180-1b05-422f-af29-d4d7032544c0,2021-08-02,10,10
12d7d683-c5d1-4b99-8651-dd53cccce29b,2022-01-20,1,10
8311e027-c9ad-4bc1-b7bb-10075120b472,2022-04-29,7,7
4900a01d-cbb7-473a-b303-7f536e4011af,2022-03-05,1,1
21c772fa-31a2-4b17-b0b2-89114cbac353,2022-06-29,1,7
ed21c51b-63d8-4716-9b4c-5ceb691c6844,2022-06-28,1,1
69119607-b174-40c0-b10d-a80974e2b0ba,2022-06-04,1,10
8beaa9ab-b57c-436c-a182-9d191ba64259,2022-05-11,1,1
988f14c1-8715-4ed6-830a-08d3bdd56808,2022-02-07,90,90
184d873c-3c43-44d9-a2a0-8055b6ee6332,2022-07-20,1,7
33387103-2a1b-4175-a13b-0ff9fe0683dd,2023-01-29,90,90
5104b35a-aba5-4ee1-a17d-705703687930,2022-06-04,1,10
1d9eca2a-aa59-43d3-9eaa-bde61eb46e75,2022-08-03,1,1
d1d3610f-3a43-4d1e-966f-4dc2ce0db20d,2022-03-02,1,10
860facac-0514-4c53-b6cc-6e354110b312,2022-09-30,1,1
fb23122d-3f22-4663-9946-a98d2c1e1eb2,2023-02-09,1,1
594924bc-cebb-4af8-b67f-5120b280fd42,2023-03-08,1,1
86e55194-32bc-4158-aed6-40f22f7b7b44,2022-08-20,7,10
4cfa76e4-97be-4664-a824-5dbf2439284c,2022-11-07,1,7
2ddc0f5c-a21e-4d54-ad22-63dfcba1bf15,2022-02-12,1,1
34ccf86b-3b1c-4833-9ec6-94da56ebb605,2022-12-29,1,10
517345a4-9242-4d11-b0ee-6c3c17d4487c,2022-10-15,1,10
467a5c49-2ef3-4b99-a221-2c306a13a17c,2022-08-01,1,10
39ce619e-7824-47ba-beed-77743c091d1e,2024-03-30,1,10
ec935679-a9c1-49b5-8303-18686dc97988,2024-04-14,10,14
8c7b73fd-7366-4cb5-8d6b-622d3933dbde,2023-09-18,1,10
305194dd-5a81-4ab0-a985-9280449e3107,2024-02-22,10,30
a8e3b965-e45f-4c66-87b1-d0b65b0341c4,2024-05-23,10,10
9e1bf794-c828-4f9a-b819-b234a8d2a636,2023-12-04,7,10
456e80a5-8a5a-4530-b7f4-06fcbbdd4a31,2023-09-28,1,90
d083cf85-6b0b-4beb-a34a-916db908751d,2023-10-05,1,90
51278131-33e5-45c0-8509-2313843d319c,2024-03-17,1,1
3878d1b8-7ab1-4a86-89ea-fd73707a35d9,2023-03-26,1,10
afd46dd6-9f04-4350-828b-ba45d9ce81c2,2023-05-29,1,10
f51173c2-54af-4500-bd46-ebbf3f112465,2023-03-07,1,10
3787dfd0-c756-4147-a7ed-30afd90fef01,2024-01-19,14,14
21685695-2a01-41c3-aeb4-3a25731d26b6,2024-01-08,1,7
6ace1344-125a-4cca-aec4-10dfbe93e307,2025-06-26,1,1
d64e6756-4370-4f68-bd62-b12b5e3b0585,2025-04-12,1,1
a25694a8-e786-4ac4-9911-e4941dc7e542,2024-01-26,1,10
9ca67837-25ad-45d9-b319-ae418a432c9f,2023-10-17,1,10
c6500329-2a4f-4902-a4e4-6e7974c8de43,2023-12-29,1,1
c5b19a9e-0a28-4891-9187-b17ccd875ee7,2024-05-17,1,1
633a9644-d605-444e-ab17-965011d1a7e2,2024-04-16,10,10
1687ed01-5c6a-468a-b150-21cdddf832f3,2024-05-27,1,14
ea3b560d-6bee-44e1-aa48-04297a2a3e4a,2023-06-22,10,10
262c517d-3e5d-4712-abef-eb9fd5a29da8,2023-01-29,10,10
6b72631f-5875-4505-ab2b-1bc32d3d44c8,2021-06-06,1,1
1d177c9e-6f5e-47b8-a7b5-fe8d573662c0,2024-03-24,14,14
2c4437aa-1f40-490e-be64-fa7a198999d0,2023-03-15,1,1
d4dc5f0d-dc63-48df-aeb0-a52ecfcd3045,2022-10-27,1,1
7e34be99-27e3-45d9-9db3-b1a166625507,2022-12-17,1,1
7d07b428-e489-4631-8ec1-b6ec7836a48e,2023-02-01,1,1
6b286bda-130b-429e-903b-b780dbfe3861,2020-08-06,7,10
2028d835-221b-4322-83ba-7802c19309e7,2019-08-29,1,1
152de2a8-0fbf-4fc4-ae23-4a49601c85bc,2022-02-16,1,1
fd060afe-6430-426b-95c8-68e24e95a77c,2021-09-27,1,10
c7f293f4-cff4-49a3-b65e-79828a1843b6,2022-04-29,1,1
ef2859f3-29c0-4806-bc30-087a1c2eecf6,2022-05-13,10,90
afa38892-7f95-43c0-9620-ff20fb63133e,2022-05-23,1,90
d861d037-d039-463c-b39d-14fcc6830598,2022-05-14,1,7
b78604b7-61c7-419d-8335-afd9b1ad88a2,2022-05-05,1,1
cf97391f-c534-40a1-b9c7-de04c4d295f6,2022-12-28,1,10
f0e73d1e-09b8-43f3-80db-4325f0d5cf35,2022-11-07,1,1
5ad7e737-5d5f-4295-a5c4-a8ae85fb9c56,2023-03-28,1,10
d5100be6-5d08-46a8-8df2-8a6da98596b2,2023-02-09,1,7
7535f85b-1d0b-440b-b9c1-db46237f2022,2022-02-24,1,10
87127588-5ebe-4032-9ca3-8c1285c4d642,2022-09-19,1,1
6b65e5f6-2f85-4e04-984d-4cac7a59613d,2022-06-06,1,1
9cf07e3e-b4e8-4656-a606-771a6c971ee5,2022-11-02,1,90
4f436d9d-5eeb-4213-b277-071ab3f3c62c,2023-03-01,1,1
e050bcc0-c418-45e2-a159-3aad5307125d,2024-01-14,10,45
d13442cf-6403-4ae7-ab8e-79857999dd80,2023-10-26,10,90
1ba4e217-f4cf-42ba-b5d8-018af65a6ed8,2023-08-02,14,14
2ffe504b-78a6-462d-b785-d73328618fbe,2023-04-15,10,10
a7a2d31a-f1e2-4699-b065-d1029c86794b,2024-02-01,1,30
453b5ab3-5fe6-4057-8ad4-082dac69562f,2024-01-11,1,14
4f546776-4e97-4147-9cdd-f2cd2f3885a1,2024-03-04,1,7
69d4ed72-9cf3-4cab-b3d3-67b1b65a4bf3,2024-03-30,7,14
9bfc33df-39fa-4410-951e-8ffc259caab9,2024-07-31,1,30
595b936e-b3de-48f1-afc6-234bb2060339,2024-09-05,60,90
6e0da290-5ffa-4f58-85fb-b6a5978f970a,2023-06-29,1,7
e200d8ae-168c-4e63-83bf-d6ccfb6a8401,2025-01-22,7,10
4710dd10-36b2-40f1-9c48-de63a45c6dcc,2024-10-24,1,1
94a76995-9852-4d25-9766-121e35515852,2024-05-03,1,14
4ea27fe5-1b5b-444b-9a39-ff7f7eaff314,2023-01-30,90,90
50ed2a05-a774-4cfb-9093-f30e4bbe7a80,2023-02-02,1,7
04294324-b333-4bc8-9248-960cb501b1e2,2023-08-07,1,1
5a676bad-d1d7-4964-b704-e534f34d2a56,2024-09-04,1,1
fa9ebadc-5df3-47c2-b783-ee040d66554d,2022-11-21,1,1
bedd2782-4762-41c5-85aa-7c4dff54cec6,2024-01-08,1,1
78de89b4-b30f-4ceb-bff2-279f5f2e3bfb,2019-07-17,1,10
46a4db33-3806-4ad7-b53d-72ff7a6ab2aa,2022-12-20,10,10
164167e4-21c6-4954-8664-80c0dbb8eb7d,2025-05-13,7,7
93609805-5976-4669-a14a-7f3a7c207855,2024-10-06,1,1
ddebb15f-3453-48f5-84e5-be7f88ef08bb,2020-03-05,1,10
6b8353e9-1dc4-4b17-9a5e-a3c3ec05f799,2019-10-22,1,10
0cf4f2b0-2dd1-4458-979e-8b1f2ae28d88,2021-04-30,1,1
a96ccffd-2452-4064-91a0-c21a7803b6cf,2022-09-30,1,7
fcd44a6f-686c-49ad-bd1d-fc8c6dd9c228,2022-09-15,1,10
38e08e13-e02c-4c17-9bb5-e830f2bd7a58,2022-07-18,7,10
4af037b0-854e-48b0-b7c7-68f37b11ffcf,2023-01-20,1,1
af4ee9c8-e63d-4128-bb77-e09649008188,2022-06-04,1,1
f58850ed-0822-48a6-820a-cbee85de9344,2023-02-02,1,10
55ac393a-13c1-46dd-aee1-a13f05a791c6,2022-11-28,7,90
e8a0dac4-d4bc-4234-bf1f-c3a5f977b6f2,2023-05-29,1,10
8624e6c6-12d6-47e1-af41-6595c58d7659,2023-08-13,1,1
7e69a84e-f164-4fe9-9504-223e3ac27558,2022-10-04,1,10
693f503a-f203-414a-9738-8e930d777613,2022-05-20,1,10
2c9cc276-b043-4e69-a9e1-b385c4193274,2022-03-05,1,1
99eed71d-2263-4f72-a716-972a8f89912a,2022-09-27,10,10
68c9da76-b972-4021-b155-e2e0f2898c43,2022-05-11,7,7
5651f283-a637-4954-a2b9-19daee696d0c,2022-06-04,1,1
a31fff29-dec1-494b-8776-5eff82a76594,2022-09-27,1,90
eac62d9c-2fff-47d3-85ae-92e7c6930484,2022-07-23,1,1
190ae207-7263-4c5d-aedb-ca04f4964dac,2023-02-20,1,1
c7445588-2b6e-4ab9-bf93-2ec8b867f57f,2023-04-17,1,10
7c3cb9a5-134c-40e3-8af3-70745c46fd50,2024-05-03,1,14
09bcb0d1-2495-4709-800a-756475da1e3d,2023-06-29,90,90
88e1c606-4994-485a-ad2b-d2a907e29b48,2023-04-11,1,7
004319f7-fa3c-47fe-a315-32d6bdd63da6,2024-01-23,1,14
e8c17aad-cf8f-4240-8f2f-bf51b7b31beb,2024-07-29,7,30
776aef52-ce6d-440c-9750-927c54a686ff,2023-11-20,1,1
f1376086-5ad1-4dd7-a6eb-41ffc0b3b3bc,2024-01-31,14,14
c6d6b300-3e49-48eb-88cc-4014ecb9e572,2023-11-28,10,10
532ece84-e7f1-4f49-a09a-6feae9980bdc,2024-01-22,7,7
1fa32f5a-dcdc-416c-b271-3f4a526269a5,2023-05-26,1,10
de0b4616-76fa-423f-aa7f-a0fa7216f1ab,2023-03-07,1,10
04db3582-48e4-48df-ac21-a255396d4583,2024-05-10,7,7
0367f40f-94ac-468e-955b-029464f77d55,2024-07-10,7,60
7a432e3e-8bed-4a8c-8df7-d21af2ca4b19,2024-03-11,1,1
508b9e34-4a25-43b7-bcf0-30882ebf3e58,2024-02-15,1,1
2979673c-d527-4f6e-9817-0769f961e94b,2023-06-13,1,1
58b1460c-cc6c-4387-be44-8de389b1dbbe,2024-10-14,1,7
74967a96-3334-4c14-8a53-8450cef65638,2023-07-20,7,7
3011a915-93b8-47ec-af27-8d28a136a9e2,2024-05-24,10,10
184e4763-0c69-435f-a857-aa158c666353,2023-08-28,10,10
a9b8d7e6-217d-482c-b88e-d9d9803689d2,2024-05-23,45,45
1301e8fa-3bc5-4719-9cc8-bfb738c97f0a,2023-12-29,1,10
8c199d0a-1f09-4f8c-a2db-c63327c1f8c6,2023-09-28,1,14
539c7e2d-cf7e-43db-9ca4-8a252a8c8691,2024-05-24,1,1
a4c1c8b5-96b8-416f-8059-74eeabfc76c6,2024-10-21,14,14
1fcf940e-d8f3-49db-afc3-829c74ce180c,2023-05-25,1,1
6cbf1597-0090-455a-89cc-5b5bdfd14ebc,2024-07-18,14,14
d95eb675-39cb-4167-b8f2-133f745cf25e,2022-04-14,7,7
695533c2-8e7c-4b22-99aa-eaaa88a1a0d2,2022-06-26,1,1
9a4770f5-9ba4-4b78-bfc5-34da905d642b,2022-03-09,1,1
8c8d322b-2c9a-4b5b-8aef-90414bdfe3d3,2024-09-03,7,7
04819362-846f-4a0a-805d-1f33584c21ce,2019-07-08,1,1
ed4839eb-d2d2-4236-966b-4fa982742ef5,2022-01-16,1,1
647fa14f-1ab7-4a1b-8d4e-65dc3976c93e,2022-06-01,10,10
0d9bf8f6-f24a-4d55-889f-9964ab4b4697,2022-04-08,1,10
a85e4979-a60c-44bd-a73a-158dadf2e33f,2022-06-04,10,10
10932709-00b2-47df-8da7-bac429187c27,2022-05-15,1,10
f8db880d-f566-4d0d-92fa-dd905a2d3753,2022-06-04,1,90
39bdcbbb-98d3-44cc-95d8-855a8ffa0401,2022-07-23,7,10
c591f492-ec2c-4f7d-8b07-72126783e8ec,2022-04-14,1,90
2f38597b-3a5b-41d4-aabb-fabf6a52fb4a,2022-08-04,1,10
18e80613-6fc5-4b56-9bf1-b3fd6fddbab0,2023-02-22,1,10
2931c897-3f9c-4cf3-bf6e-ace20f4e02a1,2022-06-04,1,10
20d92893-e213-42be-8dfa-035880291b7e,2022-03-05,7,7
5bc78de0-9b98-46ec-855c-6f325148eb10,2022-06-01,1,1
5c10c8c7-9425-4495-a02b-3c670f4bc5a0,2022-05-19,1,1
c914954b-7bac-4fe9-868a-a6dccad7366b,2022-06-04,7,10
5d31d96f-f759-4154-b9f4-63c4dcce4ec8,2022-11-24,1,10
4644eac8-e70b-42cb-a632-186d8bb30d61,2023-03-30,1,10
1ca67af4-5b92-45ce-9070-6dfcec1cdef8,2024-05-24,1,30
a3ad83ae-cc07-4c50-ab30-3728766c5c0d,2024-01-19,1,14
fb497ffd-3b57-45b4-b651-e8727955933f,2023-12-13,7,7
95f14b11-3788-4e86-808f-a1e37ba2f9dd,2024-05-27,1,1
bb0b43e0-820a-420f-913f-5163f340d4a4,2023-10-10,1,10
673b2af6-1954-4945-812a-9ec6ea10ca75,2024-01-22,1,14
ddbc8da5-ce42-4ba4-8cd5-aaa3657fa4b7,2024-09-29,14,45
85274a3f-6f66-4d55-acbe-42c263297fc3,2023-06-29,1,7
711e548c-1bc1-4218-90c7-a891878f4e6e,2023-10-16,10,10
5b680b7e-520f-4e2e-85eb-27c2bc136397,2023-05-15,1,1
45e808d5-7b35-4b8b-98c6-d62052671ef1,2024-01-30,1,1
25a71e06-05cc-4799-819e-f48284b59894,2023-09-01,7,7
2bce77e6-e34c-452e-abb1-d93259ebd8c6,2023-12-29,1,1
70b91f1d-182c-4933-9f15-13a0cc2e2afb,2023-10-02,90,90
fc5a6a11-b896-4b2f-94a0-4336843d651e,2024-09-28,1,10
b9896bf2-2e4b-4efe-bd43-6e3111ea520d,2024-08-05,1,7
06fc6fb2-57f4-4fe2-a4e7-795b9d24d0bb,2023-02-20,1,7
1fd2d976-93a5-4d68-ac45-68338b5284d8,2023-05-29,1,10
d0d0a04a-84f4-44d6-9aad-600daeed5e89,2023-03-30,1,10
14369478-35cc-47a8-9d15-1ebe4afbbbe1,2023-04-30,1,10
357c2e66-b893-4bfb-9b59-e24cc9c575dd,2024-06-07,7,7
33b1748d-ccb6-41ed-9982-42b4267c26b5,2023-11-01,7,7
d429cb7b-5404-4314-a407-b44c5b48aa9a,2024-05-24,10,10
a46926d2-8ba8-4f4d-810a-d275e7baf88b,2023-12-28,10,10
da3522a7-f57f-41f2-a037-d922b85d3fc2,2023-01-17,1,7
6940ffb8-800d-43ca-a72e-988d23acd54e,2024-11-26,7,10
e1359473-5396-41ed-aa7e-b1c014d0e395,2024-07-31,1,14
819aa071-a698-414d-965d-585731f46ab3,2023-02-16,1,1
897cbb83-f470-4040-bdd6-024f038cc08f,2022-04-26,1,1
f0ddbc3e-1bcf-4d15-8847-c5275652e2ad,2024-08-15,1,14
290d9e59-c59b-4e9a-9d2a-325b8a471941,2022-10-22,1,1
01e4793c-e8a8-4353-9777-b65e28c2ca60,2022-06-04,7,7
5648a53c-f639-4601-a0ea-84b5a8f111a3,2022-05-27,1,1
e231914e-f0a5-433c-85e8-2a013d00c27d,2022-12-28,1,1
e3e6609d-8bb8-4f20-8bf5-1fac5bcff41e,2022-10-26,1,10
9dc00187-4ead-4fd8-b8d9-44a92c3aaab7,2025-01-06,1,1
ab86700c-272f-4d64-8f56-e58de8a7bb7a,2022-02-20,1,10
5ba9806b-fcaf-4b91-848a-ebc85d5e49bc,2022-01-10,1,10
c7dd58aa-36e3-4acd-addd-771df36836e5,2021-11-29,1,10
36aa60c0-d1a2-44cb-a882-b74f3bbe35ec,2021-08-19,1,1
3b985e7a-7629-4cb9-8677-1a11caa31406,2022-03-23,1,7
4dc88943-28e4-4ca5-9f18-fecf61008753,2022-03-03,1,7
ba9fecbe-b224-4fa8-8b13-17da515119a4,2021-07-10,1,1
7f48b197-abd3-4e1f-b4b8-ecf40f42ab16,2022-06-30,1,10
b9e400b9-9a5e-40c0-87f7-9fdf018d247a,2022-04-17,1,10
64b62fb6-aa45-41d1-92bd-6a368946a158,2022-12-19,10,10
b5dffb84-e7e3-466a-9afa-d94c77cbcebe,2022-04-07,7,7
a8290742-b038-4f42-b3c3-2619a4fce8c0,2022-06-29,10,10
3e9d6fe3-64d1-4909-aa00-ed6ae6be8af5,2023-05-15,1,10
c89f90af-72aa-4811-8d38-4efd1a3777a4,2023-03-30,1,90
eb9ba3d5-de00-418e-b270-7b8dc8046fba,2023-04-20,1,10
3765118d-2941-41f7-a486-d776966af02f,2022-08-19,1,10
3e6b7dbc-c6de-43ff-870a-0dc21376c250,2022-10-07,1,1
7a925a32-3dcb-48c2-88ab-755dabf5c0bb,2022-10-17,1,1
5d3c3c81-6b04-497c-836d-d88e3a0d95ac,2022-09-27,1,1
d80a8ba1-fb96-4cdd-a58d-1e0d768fa535,2023-02-05,7,7
8019a608-97c1-46f3-b251-26845164234f,2023-12-29,1,30
ce1a13f9-5f13-400c-8dd5-635bcb3714b7,2024-07-03,1,10
87b52ffe-c676-4f86-a9c6-740d25cfb9b6,2023-12-29,14,14
a1b176b8-f589-451c-b21a-cdd1d280c71e,2024-01-20,1,1
6b7eb572-56e7-4100-932f-c3b27985b864,2023-12-29,1,10
ea6fdc05-a19f-4005-9aca-e705af11d30e,2023-05-29,10,10
c72bd610-463a-43b3-968f-4956a5d88d23,2023-12-01,7,7
2db7c959-7fc8-4ae7-afc7-37595554b63c,2023-12-16,1,1
fd625731-4b31-473c-bc89-9c0d399f9a67,2024-03-05,1,1
c7266be1-207d-47dc-9094-936ed1c55254,2024-01-16,90,90
97c19cfb-df5a-4ef3-8d8e-144285a69c15,2023-12-27,1,7
6ad839d2-d2fb-441a-abf5-98e23e63070e,2024-01-29,10,14
148ed61c-2828-4e2f-80da-da34792c0838,2023-08-07,1,14
d7d5a9f6-55ab-473b-ae92-e0d5378d28d5,2023-02-02,90,90
30b776f6-e8e2-4b58-8ba3-b7c9ec6bd73f,2024-03-02,1,10
16bc7f45-3e98-4be1-9135-c05a6ae5d4a5,2024-02-18,1,1
76d62b10-0d86-4691-a927-8b063ac579f7,2024-06-18,1,1
53f99ad5-059d-4e87-8850-55f5f91b7915,2023-02-05,1,1
8a80c373-3819-4d92-aaef-d1d985cd2404,2023-05-29,90,90
2ea3fa4a-2282-4b6c-8b9a-db6d9126bfd0,2023-06-05,1,1
10011529-3306-4e63-9405-a8eb73b72ccc,2023-05-29,7,10
69e62754-f847-4be3-988f-714993fa1864,2024-01-15,14,14
8095d697-c8bf-40ec-8ffe-2fbe1927bf72,2024-08-11,1,7
d6732541-5e29-4803-8020-2d50c7f00a84,2024-05-24,1,10
fa229f47-214a-40aa-916b-48506df162ed,2024-01-26,7,7
a25bc743-f61b-401c-af7b-3ff9a3620e5e,2024-09-02,14,14
bbba7f80-da5e-4e66-b3b3-f5568bf78ad5,2023-02-20,1,1
ee73ac84-9dd2-4e17-a940-a111f236a8b1,2025-01-30,1,1
7418fbee-d4aa-417e-87f4-b5e2e1e36838,2022-12-28,1,1
35b868a5-0ce1-4aca-92fb-bccdee51aed6,2022-06-01,1,1
c5ee3043-a36a-4de6-8508-9ecafae570ef,2023-03-30,7,7
41978098-c638-433c-afa2-23ad8c98c5b0,2023-07-15,1,10
23a965d9-07d2-40e5-994f-785a3942fd3e,2022-10-16,1,1
4605ad74-0674-43c5-b6d4-2748f0df1c76,2023-06-27,1,1
26de6fca-789f-449d-bdf3-4ac73f124942,2022-09-28,1,10
fcadcc01-87a6-4f45-873b-f73cd1c20f42,2022-08-13,1,1
47d62eed-243c-476c-8421-ad39eb9a9143,2019-07-08,1,90
051f21a3-e551-4147-b0d7-4b1af3caf194,2019-07-08,90,90
0595a677-26da-459c-b95d-e217aa42c66a,2019-07-08,90,90
70695fac-9106-41da-81cd-c43e2ad7c2ea,2020-10-26,1,10
960b481c-421e-42b4-9532-31551507be0e,2020-12-10,1,10
ba982e17-0d7b-4f84-91d2-eedc120342ef,2021-11-02,7,7
3cb13ed2-5818-4d5d-a3d9-77ca50daa2f4,2022-01-28,1,10
9a267780-4d3e-40eb-8b4a-8e87d5d05f3e,2022-04-29,1,7
f1c3da62-d9a1-438d-9acb-4e5f5a33a049,2022-07-09,1,90
2817cbd8-75b4-421f-abfb-be15188d75ad,2022-05-20,1,10
1722ec89-6995-4155-b9cf-c0acc8c1ffcd,2022-09-04,1,1
5495d8c3-91a0-40e4-8238-5d386c3e03fb,2022-06-09,7,10
75cbddcb-ae53-478a-b77c-ee705b374e85,2022-12-31,1,10
9ae0851a-3b22-4d25-8f8e-3f39a271cb0b,2023-02-07,7,10
35c15d03-6aef-4c61-94e5-f28f59e459d4,2022-09-10,1,1
321e1838-554c-4106-8b4a-77b24e1ab68e,2022-11-19,90,90
37181f25-daa7-4080-9703-56f6fdc91970,2022-08-31,1,10
f143ab71-8fc8-42ef-95bb-f8c8b59a1287,2022-04-07,1,1
666758c6-b480-4f67-8a7d-69c8ed4dcda7,2022-08-19,1,10
35800f81-5426-4b2b-986e-3a73fdbba135,2022-08-19,1,10
87e453fd-1f69-4026-829f-610526ab9645,2021-11-08,1,1
47b68c81-06ae-4c35-8f74-0334d1c1b2ad,2022-03-05,1,10
35de891e-2253-4185-ac88-888c51fed00a,2022-09-27,1,1
50b0c1b8-a0a6-4884-b4ba-5574899044fc,2022-04-29,1,1
df128797-2508-4663-a6e2-29d716e493a4,2022-12-29,1,10
d50ea4cf-7c63-46b6-982e-4bc4db478b93,2022-12-28,1,10
f40b5377-09d4-496c-b9d9-c336945d3010,2022-01-25,10,10
8f0fda2d-2067-4e31-ba5e-93d2badf3d6d,2022-09-27,1,10
92c95a7d-0a08-4989-b9f9-c2f50f22a661,2022-05-31,7,7
7853335a-9a47-4b98-a328-b53cc783ff1b,2023-05-20,1,10
bd24569a-4639-4e08-a316-ad44935490e2,2023-12-17,1,30
eeb05838-2815-403b-8cf4-d0b5c211963e,2024-02-29,1,14
794c58a4-4878-4d7d-ad39-4eaa1d9b9766,2023-04-15,1,10
3bce7335-ce31-47ae-81df-0daebf9c4c07,2023-10-28,1,10
90dd5104-2927-4cd1-bc30-750219ac821b,2023-03-21,1,7
91d79f03-3730-43d9-8fba-8177451ae0c3,2023-09-02,1,7
a71bef59-ea7d-4c7f-9ced-db40f54bf634,2024-04-15,1,1
02502c96-23d6-4b6a-9dda-13e009166f3b,2024-03-30,1,7
d73bc1d4-f16a-4a0d-962a-2d8841bb27ae,2024-01-13,1,1
14ac5636-e14c-429c-98ea-06f4634417ef,2024-03-15,1,7
e4dc5d0d-992a-41b1-987f-dc69f1c8f90b,2023-09-29,1,90
7f6ae1d5-5fd0-45df-9d23-e500e822c4f4,2023-05-12,1,1
c737368e-f331-475b-9e14-77c5e936a658,2024-05-12,7,7
a5ddd882-3c7b-438f-9d9a-d48c807c3132,2023-11-24,1,1
2981a244-41e7-45d7-af87-9f144f91e38e,2023-09-29,7,10
ac94b8e3-cb06-43be-8ea6-47728bb85a4a,2024-04-15,10,14
cb89afdf-1883-4a74-b3b4-04e6bbef2fc6,2024-07-15,1,1
41ca2bf4-5857-4375-9cf6-106f2f8a06aa,2024-03-01,1,1
94c330f6-6088-493a-9432-5d3832f08ded,2024-07-30,1,1
4034809d-ee81-437e-ac17-addf97677c80,2022-04-29,1,1
6288114a-036c-4f25-93b1-ed703271f0f6,2024-05-24,7,7
15402150-1097-4d7a-820d-86fb21300637,2022-04-16,1,1
51430cd3-d16a-4384-b8a2-ced43dec1314,2019-07-08,1,90
03bbeac7-55b2-452a-ad3c-506e2b6eb29c,2021-08-26,7,10
e1099948-6282-419d-8ad0-b1ee5edfd1e7,2021-12-11,7,10
1e005c31-3758-4667-898e-63aa7d12a9f0,2022-07-06,1,10
515ebd95-8074-4da1-8c3a-6f3a8f07c5fb,2022-05-31,7,10
cea88def-8ffb-496a-bbc4-67074eedb27a,2022-06-01,90,90
d7180872-194c-4cdc-8361-9a2893c7d167,2022-12-28,7,10
98dc5b87-ba25-4603-9acd-9ce52f847849,2022-12-29,7,10
12d29ef8-9e06-4622-aa73-6de962cd0ec2,2023-07-18,10,10
04a32ee4-36b6-4178-9aba-2c63f9731c48,2023-06-23,1,1
b668bf20-3731-4fad-8946-2ff3cd3aec37,2023-02-28,1,7
42ac5ce7-d47f-4d0e-9a1d-84da7656b458,2022-09-23,1,120
d3a44efc-d784-4044-82b1-de63a4f3e504,2023-03-30,10,10
9e298a18-69ff-47c6-9602-00be4931f4ed,2023-02-27,1,7
b9d3084f-da43-4f93-8138-3c27576f4a46,2023-04-13,7,10
da0cbf09-f7a3-404f-a1cf-f91fda5c35a9,2022-05-27,1,1
2c25f6b9-594b-42a7-aa44-385cb7f0db93,2022-03-01,1,10
b9f8154f-bd3e-4262-a432-4eb56a7161fe,2022-10-21,1,1
a5f52d25-35ff-4da5-852e-47cd7efdbbca,2022-12-28,1,10
c9e8ea48-3e66-46c7-a244-6743a9ef149b,2022-06-04,1,10
71c3903d-3971-441c-a033-cfe7ade92e59,2023-01-06,1,10
76073cab-b569-43f4-86f3-a9edfae30f85,2023-01-09,1,7
6ef9b151-8b4b-4cc0-ad0f-f99e20f3a1ae,2023-04-18,1,1
30d22a51-0094-4b2a-bf02-46d4bcfbbd3f,2022-12-13,1,1
7451dd12-31d0-4284-a149-0c0386f47308,2022-06-09,7,7
89625c68-2ad3-4662-9f87-21ce77ea1ca1,2022-07-30,7,10
ee398017-ba3e-47db-a291-a10f0b880cae,2024-04-21,1,10
ae1f3dfe-2b6e-422b-818c-60cd2cfe6fd1,2024-05-24,1,1
a79d5157-52dc-4a10-b481-1ad1b6fec74d,2023-11-22,1,10
587997ad-1e6a-4c5d-a933-529f0d35088e,2023-05-29,7,90
6045b626-b1a5-4e39-9670-76de803e5faf,2023-04-17,1,10
ec2c1143-9998-4381-aee3-e0dbf9943136,2023-08-29,1,10
2b1311d2-d172-4431-9af6-698c09cd02ae,2022-12-29,1,1
bf72a743-60c0-4bc1-82ed-03a2abb80f21,2024-02-16,10,14
525f69fc-a14e-495a-aec7-bcbda121bb61,2022-12-16,1,1
45876b83-3ae3-4c03-9e7c-7c5f5c396a3a,2023-08-16,1,10
4be14ca6-7e80-482b-a690-66e9143881a4,2023-10-30,7,7
2e30d639-f230-4530-9989-d600120a1566,2023-06-08,1,10
48be2084-fe7a-4837-819b-4f9dab6f3bc3,2023-05-20,7,10
518993fc-5c6e-4938-99ba-ad15331d38ae,2025-01-24,1,1
bf005a06-7934-4184-a782-0e6b2f8ba4f9,2024-01-27,10,10
3a9cdd5a-c49e-4f66-81fb-959219bbe1d5,2023-05-29,1,10
c82af1d6-50b7-41af-baf1-f17b1ea1797b,2024-03-30,7,7
2e35aff5-04e4-481e-a7d6-0b42895779e2,2024-05-23,1,14
e7fae1fb-469a-4632-843c-11cf1dcd3634,2023-02-01,7,7
2d1d01a6-888c-489a-9e04-96663d6876d0,2024-05-24,1,1
8d01911a-dbdc-4c34-84dd-6f270ff34229,2023-03-30,1,10
4364bdb2-1b8f-4564-9a53-f03d0315af41,2025-02-03,1,7
620cb6b3-3b26-4e56-8d9d-494eedea723a,2020-08-17,1,1
18997ab0-067a-4996-baa8-82157d9d44a4,2024-07-31,7,14
c27e0df9-3b21-47e2-a45b-1b18a62e2b76,2024-07-14,1,1
01a58b07-8362-4416-9f38-0b0488633919,2024-09-30,90,90
093df533-f547-454c-a62f-172c012a2eab,2019-07-17,1,1
478a8498-9cf9-4150-961f-30842cf17629,2019-07-08,10,10
09ab9ea1-2096-4e8b-a249-9b5eaeed7099,2019-07-08,7,10
194f8a1f-72ff-432f-92c6-fddbc20cad7c,2019-07-08,1,1
51ab23f3-a3c9-41c0-8b40-6397b8dc67f8,2021-02-23,1,7
ebd1fa72-149f-42b3-94e7-8ca523adf8d7,2021-08-28,1,1
3c03b57c-7fda-40f9-b05f-98a60c2944f7,2022-02-10,1,1
4a43ded1-87a3-4c03-96d0-a75c8efb27df,2022-02-04,10,10
928fe588-84c0-47ab-8239-bbf389276735,2022-03-30,7,10
fec62b60-60cd-45f3-94f9-1c07bf199df0,2022-03-21,10,10
68defdee-b7b6-4cf0-9668-daaf61cd9eb3,2022-06-01,1,10
8c3c970b-b994-4117-bea6-1d47371f5776,2022-03-30,1,10
9a449a22-7355-40af-991a-bbae27bc4fcd,2022-05-22,1,1
013cda87-00a5-4764-a8e4-66a108d433cc,2022-07-29,1,10
013db5ce-d51a-45fb-a981-2664afe55146,2022-11-25,7,7
6f5fedba-465c-4742-90d8-5d183aae62d6,2022-09-21,1,10
74b2021e-a7b1-4c55-be16-1f96b362488a,2023-04-03,1,10
6319b8ad-1bc7-4b54-801c-24db814e2ea1,2022-04-29,1,1
a1a83eff-9224-4977-aa08-b56a822719a7,2022-06-04,1,1
372ff683-7325-452a-84ec-769f727de4f3,2022-07-07,90,90
f1db6699-f060-4baf-a534-218b6317a23d,2023-02-01,1,10
95ebf58e-5ad6-4574-9547-15032b68b67e,2022-11-02,7,10
defb44d0-e141-4b84-af7d-f2d23fa43f7b,2023-03-14,1,10
343eaa14-4f07-4b91-9f29-1cca43a2f5fe,2023-11-12,1,10
9b4342cc-369b-4511-be1a-e3bd7cb4fe43,2024-01-27,10,30
8f8c1ab2-01c6-4746-9b6f-7e24cda994e6,2023-10-01,1,14
a2210244-e5e7-4d21-818b-65c3f45c44dd,2023-02-02,1,10
73f274ae-f7a3-48e7-8073-ab195bc95565,2023-09-10,1,14
f11af36c-ba8c-439a-b140-9b6f4f9f6696,2024-04-07,1,30
f72569a5-7e58-4f71-bc3a-2ab55d78841e,2023-08-25,1,10
75f3f88d-f6ec-4048-ae6a-1326d07a372c,2024-06-23,1,14
1b7f192e-5d93-4a6b-bc1e-d60a31cc1573,2024-05-24,1,10
5e63eca4-120c-42d0-b71b-5e8d9667ebc7,2023-07-03,10,10
ec13ebcb-5494-4580-9564-bd49c76d1e1f,2024-06-30,1,10
0d0e9289-0756-4313-ac92-948025fbba94,2023-08-09,1,7
fd0e0381-ab59-4d96-a6e0-3224897d6b55,2024-03-07,1,14
d1c57f9d-e7d0-413d-bcf4-a88c0675b124,2023-12-13,1,1
013fc8db-b6b4-4acf-9372-9076ac581e90,2023-08-02,1,1
ffba8bc2-f990-44fc-a0e7-cba2aa8f34ad,2023-08-02,7,7
2fcbff1e-484f-4e4b-aa1b-1f309b9cf9d9,2024-01-15,10,10
f9883664-8315-419f-abe2-3ff4113594bc,2023-05-07,7,7
a5163a17-7f0c-4610-ace3-770be32f1994,2024-10-19,7,10
dd309b3f-0e73-4e07-94f0-e2411aea3fdd,2022-06-07,1,10
4ebef6b3-d73c-4cc2-8525-3a04b272ccb2,2019-07-08,1,1
b1d31da7-2c5c-4a26-a51b-f8cdadfbf600,2022-12-25,1,1
ba76d1d6-5042-4db1-bb46-6c6745f41294,2023-03-30,1,10
877d61e1-ad5a-41ed-acec-9ed2ead97592,2023-05-07,1,1
55f9a7c9-bf3f-4e7a-9a97-ec5b93cfab63,2019-07-08,1,1
c2ed526b-34cf-4599-a5e6-65c1f9fdbf9a,2019-07-08,1,1
0d387414-9c8c-4483-93f3-4ff14571255c,2020-12-02,1,10
60c84a1a-12c0-4864-b448-bc0ea9996caa,2021-01-29,1,10
000b7ed8-872e-4c32-8420-dccb1ba1cb19,2022-01-30,1,10
e5af62a1-e9e1-4175-b2ca-9c69d43f8340,2021-09-13,1,10
99a36eee-ab75-4c90-8cff-229bef44f6f6,2022-02-06,1,10
4b3af446-c038-4e35-b4f6-b077c79307db,2020-11-07,1,1
d534ae7a-ea72-4b69-85e1-f4899dad5fca,2022-06-04,1,10
1f4e125e-8a8b-4abb-85bb-e8cf9da0285d,2022-03-05,90,90
f49d0852-1bd5-4afc-9c6a-1f04b0acf845,2022-03-05,1,1
4b545849-eb50-4af7-b327-ae14fbc2e00d,2022-07-11,1,90
6b0f27e9-bffc-48cb-ac58-988f20f6a72f,2022-12-28,1,10
410c883e-6323-4aee-a6c7-55bb6239c398,2023-07-23,14,14
4c4f814c-c8ab-4f70-88ef-a26508a595e6,2022-06-04,1,10
850fa0f9-86bb-485f-9e52-c3d5fbaa408a,2022-09-27,1,7
80e88ab3-8fbd-49b7-8919-8d3467cabc8d,2022-07-30,1,1
b24ca16f-c467-497c-971d-bcc45a6b24df,2022-05-25,1,1
a7251e81-ca6a-432f-88a1-347aea730570,2022-08-27,120,120
2b86b6ee-3344-4519-91d3-e0e99b1127d8,2024-03-25,1,14
b2d824f2-ffdc-491b-bbde-9228d98de7ac,2023-11-24,7,10
9b5dedbf-8c13-44d9-8295-b59933c98eb0,2023-04-12,1,7
7e1e1cee-8f65-404b-b197-8a7cbf6a63f5,2023-10-26,1,14
491161e5-46ad-4367-b48c-5947f1aa0d9f,2023-12-29,7,30
c5d4ec7d-3931-4bc4-bd81-dc6315a68ce0,2024-08-01,14,14
4ff92584-bc89-4967-b2a2-7f8c803f5661,2024-06-28,10,14
f2a98660-d899-4bd8-bee5-c23f2920616d,2024-08-26,7,10
0abf1870-f5b4-4bed-9f0a-a1a276a34be3,2024-09-27,7,30
9f4e8c88-7889-4876-aa3f-9602b5b9beee,2024-04-23,1,1
8a1a7621-e0b6-4b07-8c9e-6471b8b6d08a,2023-05-25,1,1
6bc132c8-8726-4d52-8489-da3ecb8573d7,2023-04-25,10,10
93babf6c-39c7-4a3d-9986-ea3763c724af,2024-07-24,1,1
d9a51e2d-4bc6-4780-8b64-811283f87726,2023-04-30,1,10
0250ac65-b56d-4124-8e41-33f4a360049c,2023-07-20,14,14
16cccfe3-b035-454e-9eed-d9580eb4352a,2024-06-08,1,1
2047ccc6-8199-47e1-9800-5f36110ab7a3,2024-07-31,7,7
23b34083-4611-4ff5-9cb9-59e15fa1c074,2024-08-01,7,45
bd9036c8-117f-4410-afd1-dbf38b102e15,2024-08-01,7,7
5d6d0259-60f9-4174-8acd-c56dbb632ff1,2024-10-14,7,7
edcae84f-ea7d-491c-a5d8-0f38135e2f08,2022-06-01,1,1
fa31ea19-62d6-424d-a268-32a18ea0a2ae,2024-11-18,1,10
51a9ce83-3c72-42c9-8107-37845cf00694,2022-09-15,1,10
701372e7-2dfb-4444-bf8c-12a198179a3e,2022-10-30,1,1
07b3281a-c730-4f38-aeed-862bb6d9646c,2024-07-21,1,1
b0374316-c69a-40dc-bb2e-32757c7d60ca,2022-03-16,1,1
dbfd949b-18d1-4122-b5c2-b1932c6f68e5,2022-08-26,1,10
2c30f8fd-e238-41b7-b31f-5778ae366ff5,2025-06-13,90,90
0fd39cd1-e4d8-4b16-83d9-92f3bcc3fb7e,2020-06-19,7,7
76f5c284-83a8-4669-8c5f-2e1f8aa33762,2019-09-01,1,1
b6a96561-3e62-438d-8d9b-59335ef1f9cd,2021-04-23,1,10
5c6d1588-b07e-483b-80a0-02e08f7e8847,2020-06-19,90,90
77f54c4e-15ce-4cbe-adbc-ca5e61d8fa87,2022-04-20,1,10
e10d112f-729e-4469-80b0-82e1771c9ef6,2022-06-17,1,10
d06848b2-adec-4aab-ba85-b479e6a9903b,2022-06-04,1,10
2df131b4-b71b-4bee-b246-f92718c1c84d,2022-05-09,1,90
6f60d1a1-4fcd-4e21-a869-bd428c6bc87d,2022-06-04,90,90
b529bbf3-78cb-48e5-b45c-057bbde2d816,2022-03-02,90,90
55b3add6-a6a3-42f1-a8f1-db8dec8ee700,2022-06-04,1,10
1ef1e928-01f7-4587-b147-c07aa03a931f,2022-07-02,1,10
7bff27ac-a5da-44db-94fc-6a873f8f6827,2022-02-27,1,10
c2c91f2a-51e0-43ed-a9f1-89ab9073b0e2,2022-10-13,7,7
db04631c-ecd2-499c-bc51-1fdabdf92c9e,2022-11-02,1,1
07a8db82-84bd-4f3d-b0f5-56959cb26b61,2023-01-29,1,10
af971163-3da6-469e-a95b-ac0b972dc55b,2022-12-29,1,7
0f95f46d-62e3-4d0a-bdb7-8fe675d27249,2023-04-09,10,10
0530cc8f-4816-4a0f-81e0-c8bb897c28df,2022-10-20,1,10
313cd9f4-76d5-454c-97b6-e66640e77e83,2022-08-20,1,10
dfdd725f-2433-4fc4-b47c-c816c7a1bbe7,2024-05-23,1,1
ed5bc694-d6b6-48b6-9120-9b1784dbce9b,2023-09-13,1,10
17d172f2-f384-4de5-af76-b4113eeb5816,2023-11-23,10,90
90646dd8-745e-433f-ae96-8e2101ec5b5d,2023-12-10,1,10
bfb29dfd-a4a0-4ecb-81b2-55c9841adba9,2024-04-16,10,14
59f8067f-23ef-4f35-ac3d-4f90809ad5cb,2024-03-02,1,1
e2238385-601d-4771-8af2-f87385f230b9,2024-05-23,1,10
91f43d9e-91a3-43c0-8670-2d900597ebb8,2024-10-31,14,14
02608cd4-2d19-4190-8dc4-d1eb85acb969,2023-10-31,1,10
ea7cb002-5005-4425-8c87-7f4aacf0c1bc,2022-05-20,1,1
3bbaaf0b-2ef2-451b-a036-d41ba63c929b,2023-04-22,7,10
82d74cb6-dd6c-4125-8b7e-154eea8eb3db,2023-11-12,1,1
6ac27120-55ef-421e-8dc5-d7313ddd364c,2024-05-03,1,1
6ca9dcdc-d6cf-4778-880b-0505c117d85e,2023-10-31,14,14
2826d65a-98ee-4a4c-abff-d8488819c173,2023-12-29,7,7
c8db01a4-1d73-4fbe-9608-5512b950901d,2024-05-21,7,14
6b234659-33dc-4c0e-852d-7f70537018b0,2024-01-31,1,14
06605d14-35d0-420f-8cda-6f7c03efca58,2024-05-23,14,14
5d727b61-c695-4b54-ae7c-ea1de8a50a15,2023-02-02,1,1
a9640a3b-1b7e-4ab1-bb70-30f94748ac20,2023-08-03,1,10
8a2cc882-48a6-421e-a0c7-71798376f330,2024-05-03,1,1
01e70a70-60e2-4c06-8b00-18ec55fdd067,2024-04-22,1,14
898c6488-f190-401e-9605-f073f961a8f1,2024-01-09,1,10
33e8e43f-d8b3-42c0-9002-504ae9b83a99,2024-09-27,75,75
ea1d8d23-75e7-469a-92af-f6604a93b370,2024-09-07,1,1
1641e101-1755-4a40-9cda-dd5a27cec0af,2022-06-11,1,1
00f7dea6-52cd-4f13-be0d-487d29c7aef2,2023-03-16,7,7
93e1d0ec-fbd6-499c-908a-17eff494fa7b,2024-06-09,1,1
63e5ce6c-3c31-4eef-82e4-747b6d1e0d62,2022-05-15,7,10
21f0b6dd-6fb5-427e-b5d5-1d52adf0e586,2022-02-13,7,7
267adf22-10cf-4b8d-a4f6-dc306bc67e2d,2022-02-15,1,10
fdc1ac6b-6624-4f07-b7cb-369e8b4a4fb8,2022-05-02,1,1
4199e7e6-6d0e-4f6c-91e6-f006f38df09d,2022-08-18,1,10
952db673-a064-4bdd-b2e6-86ad009e7009,2022-10-29,90,90
cfde7d28-3f0c-4028-bc77-1d9655479a22,2022-11-28,1,10
8a209f72-e422-4111-be7a-b1495b537c40,2023-05-11,1,10
35707e14-7263-4d0d-a42d-e3b7aa9268f5,2022-09-27,1,10
cf7cb8be-bbc6-4360-b2d7-91796f58be69,2023-02-18,1,10
0881fa23-3408-429b-9a4d-0fb48d56b660,2022-05-01,1,10
3a1d6542-d662-44d5-b09f-a433e0bf22fc,2022-06-04,10,10
c3ebe7b2-2ee9-4a57-9e2c-c8ef67467a7d,2022-11-22,1,10
01479b67-7343-4f10-a1fc-0b8436a9d859,2022-01-20,1,10
d4c33564-24e1-4dbe-9925-07ebc1d7d580,2024-02-01,10,30
1aea8e01-e7fc-4a4a-ae18-37a2fc564383,2024-01-28,1,30
a68d7b6c-d2e9-4df4-99c1-1892b2e24dd9,2023-09-14,1,10
d28104dd-4f09-4d90-a40e-2ffbaf8efbaa,2024-02-09,1,7
25bcaf0b-5aa7-470b-9bfa-486f6a0ce3ff,2023-03-30,7,10
28b5d036-2baa-4288-9021-751592219d41,2024-02-11,14,14
bcf60c9c-23db-413b-90b3-c9f1bbb6d9cd,2023-12-23,1,14
e68f2199-8d3b-4af0-83fd-871635254d34,2024-02-26,7,7
f5e3f9cf-14d5-45d0-b00b-ec8447433a37,2024-10-14,1,14
7a9b3382-53ec-49b5-9bbb-547580b8919d,2024-06-28,1,1
89699c46-7455-46cd-9cc8-31379a15a174,2022-12-09,1,1
74614ab1-90dc-4250-a787-3be01f5fbcb0,2024-04-15,1,14
d2a4bd71-1d31-421d-b3f8-4119b9d6ed56,2022-10-11,1,1
74b4b6c0-ee27-43e3-948b-3243aee04a0c,2023-03-14,1,1
9d8bc4db-ee85-4e1a-a680-b28cebcb729f,2024-01-22,1,10
a2d07a98-9b94-4d19-bb29-88def1e9c7f0,2024-08-24,1,14
304fb1de-eac0-4e23-a729-d927bc1ac220,2024-01-30,1,14
97efc33c-0647-45f5-b9d9-b8a257a5147c,2023-10-13,1,1
29242c18-52f3-48b4-a5da-5d1db65e9604,2024-01-15,1,14
55736989-4e26-4c31-805c-abb04db8bc62,2024-02-28,1,7
4d6a2984-6438-4c91-abbc-cf8c2a15a8d6,2024-05-11,7,7
51e2cf55-5fde-48af-bca2-d273015c2ea1,2024-02-29,1,1
dda8d910-fdcc-49d0-b7c3-f2565720fdd5,2024-06-02,7,14
4640871b-53cc-4539-9690-5f5222b8d5b1,2024-04-25,1,1
749d0199-be49-4fc3-b2d0-b4c5c164b434,2023-03-30,1,1
a1ac2311-4beb-4172-9e64-c7b33dc0d0a3,2023-03-30,7,7
7568a825-61be-4b6f-8984-9b88b54b248e,2025-02-26,7,7
88eb5db9-463b-445b-8f3f-0479684f2089,2019-10-23,1,1
ff02f019-997c-4dbe-910c-6589f1b8cb2c,2022-01-20,1,1
caf6f403-5b64-4424-b179-70335350cbff,2022-04-09,1,1
fa0c90bf-9605-4338-84cc-37e1ad9d6017,2022-07-07,7,7
70da917c-cf93-4122-beae-ece85660b85b,2023-01-19,7,7
372ef644-d0b7-47be-b68b-975ee13aec4f,2024-09-14,7,7
e01c7834-3454-4cfb-a216-6d4eec61a7d3,2024-09-15,1,1
3dfed54b-91d9-4925-9ef8-6ab8abccc5c9,2022-11-11,1,10
11262098-3254-4607-b3d7-d97e01b219d4,2019-07-08,1,1
0417d03f-0ed0-4c25-a2ed-da8124ff8908,2020-09-04,1,1
8468293f-7a8a-40fa-b395-63653ff89da4,2021-03-20,10,10
23038e8e-92d9-48b9-8d0e-e02b2d99e501,2022-02-25,1,10
07b507a0-a041-4a5b-b4f1-6c50902ce764,2022-05-05,1,10
40dc28ae-8aff-44a3-aeeb-e21fbdab6878,2022-02-27,10,10
5f4f4e34-2067-4200-b25a-4ebe9bc630ef,2021-12-11,7,10
84ce27d8-3dab-4579-a865-c136220b0662,2022-02-01,1,1
ec1279aa-c8bc-48ee-88c3-175d9cc4d670,2022-02-21,1,1
f900b565-509e-400d-953d-b9b849315562,2022-05-15,10,10
dfb8fc6d-b175-4ad2-95d2-53ff1fb719c0,2022-05-16,1,10
c704eab7-e84b-4bc7-a15d-25125b08e3d8,2023-05-29,1,10
64ffe46d-c218-4c86-9611-2a4737b3bfe6,2022-11-22,1,7
bc851010-16b0-4931-a8e7-6a40a2d824a0,2022-12-25,1,7
4f878d9e-9b22-46a0-bbd0-846657e8502f,2022-11-24,1,10
611de6e9-bf7a-4552-bce8-1ca9fc181ef3,2023-08-21,1,14
fab3c8ac-66d8-4965-b421-22fe45d0583b,2022-11-29,10,10
e1fc31cf-979d-4bec-af54-4e76ce49954b,2022-08-28,1,10
6c8e7e33-2f4d-48d5-a0f5-dbeb1f71152d,2022-08-23,1,10
068cd98a-6292-4003-ac94-2ff1e8314ab1,2022-12-28,1,10
98f76a3d-9ca4-44f9-919d-f44d2beb339c,2022-03-05,10,10
f1fa0bb5-7572-430b-aba3-ff6ddcfb90fb,2022-05-31,1,1
130e8c40-4f65-49eb-bf44-cf1b784e161e,2024-02-09,1,7
2ee88203-b39b-4230-88f8-44b549740844,2023-09-27,1,14
d3b4ad32-0cd5-43d5-b5b7-045608634cd1,2024-01-13,1,7
38c8418b-393a-46c8-9ad0-c5824cf194e7,2024-09-15,1,1
b540101f-1bcc-4002-a3ed-803f345ad483,2024-01-17,1,10
3dfcabf4-5ccb-4003-b515-a8ac47c86e0e,2024-01-31,10,30
d3ca1b63-1058-4586-8de3-ae64700f5c0b,2024-01-07,1,1
a13ec0d2-ebb5-4993-aeae-f9eb0f686163,2024-04-16,1,30
604fac42-18ec-47be-b520-8ab894c12a93,2024-03-30,7,14
45b9a63f-5704-47c9-8cfe-02466c231916,2024-10-01,1,14
931e8812-76cc-4519-87d8-a89a322c155f,2024-05-03,14,14
9a51eab2-328d-4cf8-a2de-8ecd950d1861,2024-04-11,7,30
3ce97f03-667e-46b1-92b2-1cf7a0690b94,2023-06-29,1,10
0eaea69e-6b18-413c-94b3-9f4f3137a0e6,2022-10-31,1,1
2186d664-a9d8-4539-8ffd-37936eef4df0,2023-09-29,14,14
4e4073a7-75d4-4283-9b31-b0c19dd15867,2023-06-05,1,10
be5af0b0-7e73-4c54-9b29-f68340c222bb,2023-03-30,7,7
5748f626-c3fa-43fe-93ac-14def16c4689,2023-07-22,7,7
16dd1fac-f8b8-4315-a766-dc7c59b08615,2023-09-28,7,10
e1c78793-b69a-4c67-b5a0-b9d4b629dcb6,2023-09-28,1,1
5054d8bb-5a8e-4bf5-8e1e-fa67d04866ee,2024-04-03,1,1
4c894f93-1362-429e-9f67-1d019e7d08d1,2024-03-10,1,14
e55af333-0990-4cb5-9838-7be443ac8d8b,2024-04-16,14,14
f100acb2-c5fe-4baa-9d64-bb609c5b428e,2023-10-31,14,14
eaf84d95-3a3d-425c-93ce-1a0b9967d723,2024-06-28,1,1
97b0b55c-cfec-4b5f-affe-ce6b0fbddc4c,2024-07-10,7,7
da1ecf72-40d7-48ef-b9d3-036146a69cd7,2022-04-03,1,1
e0f5fefa-d65b-4aba-b743-eb83f781c277,2024-07-22,14,14
68d48681-a1fe-4f92-87d3-3bbfe82aad61,2024-05-05,1,1
882ed341-9d88-4988-b0d9-ac34a2e53ac5,2022-05-05,1,10
00e4f1d7-13f1-4b72-9d56-15c2a3ceb18a,2021-11-08,1,7
5bad2ced-e876-427e-9c7e-5cfd732e8d78,2022-08-11,1,10
deef856c-5feb-4cf9-97cb-25d22087b055,2022-03-05,1,1
f461af38-b1d3-4596-9c85-a6b2f678b15d,2022-07-30,1,10
b18963a6-9d57-45f4-b1ef-216d7a3c7da8,2022-06-04,1,10
c21df6f8-62fe-4509-a0f1-e279b599d6da,2021-11-07,1,1
53b93ef1-aa9d-485d-b242-9e647a7b4bf6,2022-04-07,10,10
5b22f03b-d06a-4d7b-a15d-13c6eaec5262,2023-01-18,1,7
ce60529e-fd0d-450f-84d8-18f187a856f1,2022-10-29,1,10
c2c1579f-c302-4d4c-8864-9fcc57f32814,2022-02-18,1,1
d243bc2d-23f8-4f30-a2df-38ef9c1a13fd,2023-01-29,1,10
930a31ba-0173-444f-b386-bee34e338efa,2023-01-29,7,7
db5e4807-8293-4279-90aa-a60450abc36a,2023-07-16,10,10
41e63559-f730-4603-9e7c-7c556cc2c894,2022-11-09,1,1
ee3da21d-54b5-40ec-8f5a-1b56e250ce83,2022-09-02,1,1
179083d8-809c-4c9c-bd46-ae4fb219489e,2023-01-17,1,10
a1f6703e-abb0-42c9-a6bf-2ced456e8341,2022-09-27,90,90
79916d51-fe53-46be-8fc9-74557b188f84,2023-06-19,1,10
af1961d2-a39e-433b-814b-16e3c4a7ade0,2023-02-25,7,10
9f4ac065-3f26-40af-a5cb-52407076965b,2023-08-29,14,14
1e06e619-1072-48a3-ae90-6158865836bd,2022-07-30,1,10
ec2ab781-1a12-4e7c-ac4f-4e983eb46158,2024-01-27,1,14
64454f3d-a2fa-4868-bb76-64bf48f0bf87,2024-04-26,10,14
f3cfd3b4-c247-41e2-865d-dafa9cb1778b,2023-09-28,30,30
df943daa-db08-4834-a5c1-592f920d1a20,2024-05-24,45,90
89721647-a104-44a1-ac34-5714a009d623,2024-08-28,10,14
3c94ca43-6a56-478f-88ad-2e5b11c861e1,2024-07-31,10,30
4969113d-dd5c-4aac-ba21-c3dfe72353f5,2024-01-19,1,30
68e40135-f638-4fe7-931e-9681e5c2360c,2023-07-08,1,90
27bb1d33-2823-4bae-9b9b-1fc6239f574a,2024-02-09,7,10
efd8a717-9e0a-47fd-b65e-2640c1f6ee51,2023-12-16,1,1
d321d364-999d-45e2-954d-35e88151448d,2023-09-28,1,1
afe4d77e-9405-46b3-942a-ddd1a24d0f92,2023-10-15,10,30
56fac747-dc2e-42c5-8647-f387fe6c838c,2022-11-18,1,1
c7d67436-d22e-4725-82bf-6d0aed0f7d66,2024-10-11,1,14
3b50ae85-f65c-4a10-af00-1f87c19bd47a,2023-01-20,1,1
2a5ba7d9-0205-4cf3-8246-c4172020d9b2,2023-06-26,1,10
6f32838b-fae6-4b18-809b-68c8858f9be6,2024-05-19,10,14
5dc6b91b-02c5-4cd7-883a-56e87e23b04e,2023-11-29,1,7
3e6eca54-6319-46d4-b3ce-8988112af67c,2024-03-02,1,10
2d836ed0-f2ac-4e51-bd2c-129621c1a564,2023-10-31,1,1
893ae675-fcd6-4f58-9f36-d9ebd75ddc57,2023-08-28,1,10
d20a5fa8-20f2-403e-ab9e-3c1c575c1c69,2023-02-17,1,1
4581bb26-d237-4b6a-a871-9b6b8f0f3dc7,2023-01-26,1,1
e7b6f941-cabd-451b-a83e-d438c0ca7292,2024-09-27,1,14
4bc7c78a-1d7b-4d14-be1e-82e24e3840af,2024-05-24,1,14
1a561e61-2132-4e80-a5c3-4d1d8536b1f2,2024-07-22,1,1
f8a6181f-1d36-4b34-bdb0-9c36d9330d02,2024-05-03,14,14
fc56431a-4fba-413a-a416-2ab4b4f307c0,2023-12-28,10,10
cf536d6d-4a90-413a-a456-54a608e731cc,2022-12-30,1,1
53cbfe07-19d5-4531-a285-eab2f9f690dd,2023-01-27,1,10
8bca61f9-e74c-4638-9f14-1517585e5a4d,2024-10-29,1,1
38300b42-f20e-45ab-8b3f-ddf746d24ef1,2022-06-04,1,1
d58c46f7-1d32-47c8-90fe-72a17262652d,2022-11-22,1,10
38ba0c5a-ca2c-40ff-bc2f-d6d1ebe0ac2a,2024-05-24,1,1
dc06964c-0c70-4ce0-914d-548450bb939f,2025-03-10,1,1
304f0b44-d89d-410b-89b9-8072cb4ff9ca,2020-07-13,1,10
532cb257-433b-46f4-a220-1562474d00c4,2019-08-07,1,1
4daab8e3-599a-4756-922e-8fd9d342b5d3,2019-07-08,1,10
284ec47f-3885-4d55-92d8-0fef53284f83,2021-01-11,7,10
cd23e70e-7a54-461c-8981-3aaf7597d55a,2021-09-02,7,90
982999bb-ffff-494d-aefe-b5d9f532e92d,2022-01-18,1,10
01cf5bc8-6001-40b2-9e1c-19a0290979c2,2021-03-15,10,10
0fb88fd9-d2d9-452b-a9c4-3e5071bfa876,2021-05-03,1,10
f3114533-1736-4788-8a09-3f98f43f389e,2021-11-03,1,10
9fb7920e-8263-408e-8011-ca041bdea984,2022-03-05,1,10
e8169009-35b7-4ab4-989b-1a998f33eb31,2022-06-20,1,10
0d89c146-e585-4171-a9f2-6bb9a4c855f2,2022-06-30,1,1
a48eab1f-db86-40ae-b5b6-0c4a66fcdf6b,2022-06-04,1,10
ba66bd18-cd3c-45c1-8b61-8ea6c5b77c9d,2022-06-04,1,1
ae5f1359-d9b7-46cf-8150-75744f26423c,2022-06-11,1,10
505be0dc-8234-473d-a2d0-45b30c69d39b,2022-10-04,1,10
754123f2-f224-4b21-9f03-ac29f2b2c070,2022-09-10,1,1
843716b3-c5a7-4e65-afaa-36ce7952d1fc,2023-02-27,1,10
dab34335-3780-45d1-8bef-c0dffc672aee,2022-05-20,1,1
11f0f62c-912e-4ddf-bc63-7002cef7d9a2,2022-05-09,1,10
9609dea9-3df4-4d25-9b46-14a43c0cba6e,2022-09-23,1,1
e68324c5-165f-4993-86e2-9423da3407d0,2022-06-29,1,7
802565fb-75b2-49df-8fcb-c00cb15a8e7f,2022-09-27,1,1
b098e2b7-6b80-47a2-80e8-378547e48a79,2024-05-24,7,10
5ffd1592-cd3f-4e82-a7dd-114e2be42551,2024-02-01,1,14
704fa782-ce2b-47cc-9a1e-ba0c66452d62,2024-02-01,1,10
0fa5646f-8d38-41a5-acb3-dbba39a11c09,2023-11-11,1,10
dd9a357b-494e-45ff-959a-a73adcb93590,2024-03-30,7,7
8bfd8120-1db7-4253-9792-2f65ce470a0b,2024-03-30,1,14
9ead5205-2aec-4275-b7e1-09b81a4a7cf3,2023-04-12,1,7
5f6c0389-4a41-44bc-a5c6-fd27e0257731,2023-12-29,10,90
c20ad5ae-9306-46d6-bbba-13ad3fecb226,2023-11-12,1,1
32ce4941-86f3-42e7-ae41-0b48dfa6d26b,2023-05-29,1,10
7ac1e23d-b6ef-43a9-8b3a-03dab9eceb62,2024-09-18,1,10
984f571a-71de-4e55-8ea6-c8e3b8f5cca7,2022-11-02,1,10
3bc835e8-807b-460f-b306-62915ceaec45,2024-01-29,1,1
8ebd3050-ed22-4e09-be12-da1dba3a9e07,2024-10-28,14,14
190de973-d603-4bfe-b7b1-7ec8167dbc14,2023-06-29,7,10
4f24f527-4570-4814-9038-a13f8c822b1e,2024-08-29,1,10
55b4b8bb-b96e-4f30-a3a0-fd8aa48108c2,2024-05-03,1,14
4333f07b-4793-43f1-848a-b6262526bbd0,2024-08-01,10,10
142148b3-8a96-4ef9-be66-a8e729fb1940,2024-09-27,1,1
118ee237-898f-4d5a-996c-a99a6d0b8c9c,2025-05-18,1,1
0ab989a0-ea33-412b-940e-34cf2d851176,2022-05-02,1,1
09499374-9d89-49b1-814f-60aca594ac23,2024-06-29,7,7
f904a5d4-47b6-4c6a-b552-d245b97008e5,2019-07-08,7,7
7ac798cb-e0d4-4e37-9dcf-2aaa13f186df,2022-08-15,1,1
479963c2-d97d-42d7-ab0c-9b236e398d2d,2019-07-08,10,10
4af6bb49-69b4-4732-add8-95779434bb24,2019-08-16,1,90
0278ccfd-7cc2-497e-bd39-3d4d4e8ca0c0,2020-08-22,1,10
dd56f918-0210-4180-90e0-44fa7c413319,2020-10-12,1,10
004b7194-f233-4dda-b0ba-b3c4d00adc74,2022-06-03,7,10
05de5fed-5e4e-4d68-8e4d-35e65ed613a5,2022-03-05,10,90
a8eaf469-3f7c-49a0-aaa9-301001201294,2022-06-13,10,10
64b05b6c-f79d-4bd1-8489-40e23cdbc5ee,2022-03-01,90,90
3ce95416-4aa5-4d1a-9cb5-5c9ff608a72f,2022-03-05,1,1
0bdd75bc-afec-4956-aee1-bc6d02b28332,2022-05-31,1,10
266808d8-4f51-4939-9cec-4e0cea034328,2022-11-28,1,10
9a79e2dc-9ba6-48ee-b73e-09109e1a5b24,2022-07-01,90,90
cbe8a033-f7c4-447f-83e4-96ac04ff5129,2022-10-15,1,90
362830fa-dcc2-4ec0-af45-511e824df219,2022-11-29,1,10
11104394-d9f6-474b-aae7-72f8cbbd8161,2022-10-29,1,10
d109c11d-c07c-4223-9939-3ac9b25f399d,2022-04-04,7,7
42d1a012-69cd-4c76-9fa6-c9acd36e8756,2023-01-11,7,7
1046d3c4-fd18-497d-bc8c-0c5e9ec7f6f8,2022-12-12,1,10
217ff38a-023c-423b-9f54-30c6edd86aaa,2022-12-28,10,90
04de7b95-509d-420a-8533-22940910424d,2023-05-29,1,1
ae606bb2-4135-42d0-a004-1aa99d197a31,2023-04-27,1,1
64009667-0899-4932-ba18-42ecf6c157df,2023-03-26,1,1
1f817fc7-9dbe-4b1c-8975-f60ae5c930fc,2022-10-13,1,10
70741fbe-78d1-4fcc-b2dd-bbb4ac9c8816,2022-03-05,1,10
e1a55a2e-a4c3-4230-9a20-33f4c65a09c4,2022-02-19,1,10
78cd0952-e203-43d1-a1f8-04264359eb8e,2022-06-14,1,1
91321d60-7ba1-4a79-9afb-6dec7708abfc,2022-10-29,10,10
211f8cb3-1993-43d0-8b5e-cfeffe002883,2022-10-30,1,1
7cc7c21d-0084-4a73-bcbb-c15190f38ccf,2023-03-30,1,1
6a2d2572-5d4b-42dd-8bb8-705d27bea58a,2024-05-23,7,14
4e06a110-78d9-4319-8d85-178588377347,2024-05-24,10,30
8c8fda55-04f9-4a97-b7b3-110a7df2610e,2024-06-06,7,14
9722acd8-1b67-4562-a4b5-f89687e70f32,2023-12-29,1,14
1c865886-3f3b-4e46-8b4c-8fdb4c8cc7d6,2024-01-03,10,10
bd72b205-1708-460f-867a-50fe4937ad43,2024-03-30,1,14
50ac6fe5-be7b-4759-a265-8808fc4dfba8,2024-09-27,7,30
d64b9ea7-9cf5-4b11-9886-1c4dab577c45,2023-03-31,10,10
dce290ec-ee20-4cb2-95ff-5e957432ad39,2023-07-17,10,10
5ffcfc95-cb5c-4557-ac22-1d1c0a24296c,2023-12-20,1,7
81335bc7-ae52-4d3f-a252-a614b925b7ca,2023-07-11,1,7
ca662091-606e-4f3a-aacd-bf4845194e96,2024-02-11,10,14
9ffde807-d5d6-4db0-afc2-dedc835e8bf1,2024-02-05,1,1
628b118a-30aa-4e5b-9fe0-3c37318fc5e5,2023-10-06,1,1
a51a2de4-d848-475f-bb05-245b27443927,2024-04-19,10,14
8bc44a9e-3ef3-496c-8234-88cceba8f636,2024-06-17,80,80
ae886899-e535-4acc-9be3-a368245ba3b0,2024-02-01,1,7
eb21ed1e-3caf-401c-8bda-5a5bf87d6281,2023-07-01,10,10
de287020-1628-464a-adcc-41aac4e95b70,2023-06-17,1,10
972e7756-450f-4347-8def-d883d7986fe0,2023-11-27,1,1
0360056a-71e7-488f-b05e-dfeca5ad5ea1,2024-10-24,1,1
a9e5c8bd-37f3-4237-b3a7-340343495fe8,2023-10-15,10,10
4370c553-15fb-4b28-911e-0e7ffa297fe2,2024-04-08,1,1
b34a8141-9c46-461c-b863-30fea2c331b4,2024-02-15,1,7
c73da6ac-e1aa-4419-beeb-5087608e96b1,2024-01-11,7,7
7db01162-7918-423e-aecd-4835c9f43c8c,2024-09-29,1,7
a3851459-d47e-40c4-ab7e-1abacf115cab,2020-05-29,1,1
275c354e-f094-4ee9-ace9-e1bbfb529743,2024-05-03,1,14
97879966-3d04-4ceb-b9e5-d8713e2a4b79,2021-10-11,10,10
d0f02666-226a-4f84-a281-f6a17942b25f,2024-07-31,1,14
d8c15070-f471-4357-b367-3850e817cb11,2024-05-24,1,1
95680760-a335-4020-81ed-4e6e26a1cfc0,2019-07-08,90,90
e70b7488-3bf7-4063-8b8a-38aceeaf30d7,2021-01-02,1,10
7cf326a5-e4af-4925-b65f-f6a94c7416d9,2021-04-03,1,1
6cc3c88e-7a4c-451a-98ce-17efe6bc5846,2020-08-06,1,1
2f68887e-12c2-4997-8552-f7e342a53290,2022-05-08,1,90
4f1ccb7f-413c-41a4-ace4-3c223bf3be43,2022-11-28,7,10
6fe4e544-e52a-4a0e-91cc-7400cec52ce1,2022-05-31,10,10
6a68e4f4-7dd8-4ee0-803b-c4f13f3bb726,2022-03-05,90,90
10c4c142-3bc7-45ce-8638-69a197df5038,2023-01-29,1,10
7402caba-aba4-4d4e-b91a-b5c3cb413d97,2023-01-17,1,10
fdda5aa0-0513-4382-b535-783243c92d24,2022-12-26,10,10
29470acd-30f1-46fb-9728-86d1204d2e7a,2023-02-01,10,90
bda35717-3c10-4fdf-ba2a-5df222ac49d0,2023-02-20,7,10
b3ff2a64-5cf8-440b-858a-29bb682ac38d,2022-10-06,1,1
1f8a441a-b939-4eb5-a985-a22f484afaf4,2022-06-18,1,1
07e69ef6-6129-4ba2-bc62-8d3e50bf2fa2,2022-06-04,10,10
c0e13b6f-f20a-43fe-b59c-a465067536f6,2022-05-25,1,1
4040b4e4-58e1-4ffc-bb80-d408b5d0beab,2023-03-03,1,10
5f90d91a-80e3-4414-bb68-c8fd8fe563ca,2023-05-13,1,10
3d6975fe-58c5-4b9a-98d4-60fbca32d6f1,2024-06-28,7,45
1962c7f2-b231-47bd-b7d7-0764cdd1316f,2024-07-18,1,7
f358d8bf-abc1-4533-8cae-d20b0ba5ad00,2023-06-27,1,1
de34bb98-42f3-45a8-978d-28ee1be4c257,2023-11-29,10,14
f2d9ba30-6eb8-484c-b61e-b6070cc39eb0,2023-09-22,1,10
984147a8-5e26-4b17-a53e-f77b866fc013,2024-07-31,7,30
0334e57f-43d6-41ed-9cfe-4d11224edfd8,2024-07-29,1,7
f4160264-3af2-479f-ab03-25a6336e5e0e,2022-12-06,1,7
defb632a-5a09-4150-8422-9609d2ffff2d,2023-01-31,7,7
0507ba17-b358-414e-8440-c4e0ab3b554d,2024-06-30,1,30
980c401b-fcfa-48f3-b810-05cc7ed314da,2024-04-24,1,1
15bc8e31-fb01-48f6-a022-a7abdea8db8b,2022-10-07,1,1
75190682-3b6d-4efd-83d8-d50603af149d,2024-10-05,7,7
3e97ed0c-8e6e-4cb4-ad1c-fb0efaa1e4f9,2023-06-29,1,1
16ce3d43-5531-4211-884d-120222e5b9c8,2023-10-31,10,10
b2a5731c-e2df-4984-995b-891d11774234,2025-01-16,1,1
2b7b3e8b-73fb-4abc-8b0e-ad63f43da30c,2024-03-30,7,10
cd6da5c4-e969-40cf-8919-279ad541be52,2024-05-24,1,14
21f9e042-461d-4b09-9fc7-c1ec10a09fb5,2024-01-04,10,10
42965952-6095-4cdb-a38d-1e690e7c6493,2024-04-16,14,14
923068c3-fa0a-4ade-949a-6bb60cb3ae5c,2021-05-05,1,10
a20bfdbb-ecb5-4e93-a263-9041532e439c,2023-03-30,10,10
4bfa0c4d-a041-4594-a2e6-1946003ba337,2024-08-28,1,14
27c930ef-bfd4-48d0-b901-3446f62f6187,2024-10-14,1,1
4b401150-ff25-4357-96e9-96fea4b22db1,2020-01-22,90,90
b5ff48dc-4fcc-4e8a-95cd-aee49ae2055c,2020-12-11,1,10
7b6e6e27-f510-44a2-a3e7-0598e35c132d,2022-03-01,90,90
91c34355-13d9-442d-bcf3-78b9dff651ad,2022-05-25,1,10
2b613f08-81af-4ece-bc78-15f563e8534b,2021-07-19,7,7
27a0cf90-4bb0-4247-b27e-3366a42512cc,2022-03-27,1,10
d623ab5e-cb22-4591-9701-cf60541a2fa3,2022-07-14,10,10
8f0e4680-1292-472a-a879-8682eeb46f54,2022-05-24,90,90
488956fd-5042-4ca8-84d9-0f84bf461fe7,2022-11-10,1,7
dad3712d-0031-4eb5-92e8-5de06999b9ab,2023-01-16,10,90
faf5a095-15d5-438b-88c1-d031ad9f77de,2022-11-12,1,10
0bd5fbb6-270a-4321-8ee4-d72489326c91,2022-12-28,1,10
01a9dc9e-6446-4967-ae10-94802baaf73c,2023-06-13,1,10
82d4c8b5-a50f-4f33-b77e-7f07bb1cac97,2023-07-22,1,1
3fad2344-214d-4471-90e1-2e82c2eebec0,2023-04-24,1,7
b07acf8b-ccfd-40ad-b4f5-f9c5b57bf1f3,2022-03-05,7,7
88e6a439-a8f7-4036-93eb-06c3f72419a7,2022-11-02,10,10
259e153d-b43f-48d4-bf64-1bdb50bff894,2024-06-28,14,14
10c5c912-ce41-4b1f-ad99-c9321bcdf610,2023-12-12,1,7
fb20f48f-1bfa-4dbc-b01e-6445c10cfc75,2023-12-29,7,30
a4afb06a-bb22-4904-85ac-17aa6dfe723e,2023-05-28,1,10
ca34f4b3-a6e7-46bb-9c01-2d19a991895e,2023-05-29,1,10
0b81cdab-05d0-4d42-aa47-6db076964feb,2023-03-12,10,10
b88d2bbf-6952-42d3-80ef-9666a04f68f2,2023-09-05,1,10
f2e9424f-100f-4e69-b7e3-750845e30f3c,2023-07-20,7,10
9534518e-b2d3-41f7-8d61-325ec07dec0c,2024-01-30,1,1
a6548ecd-ed70-431c-aadd-8b71101e0aea,2024-03-17,1,1
f30879fb-06d0-4bb4-a700-baf4aa22c359,2024-02-29,1,14
b582c0ce-a0a2-43fc-af7b-45377553618f,2023-06-08,1,1
4a36b08c-a520-4826-ad39-ca7c07ec1a32,2024-08-28,10,10
bf83a682-aaf2-402e-a603-68609173a9c0,2024-03-01,1,1
a7223738-8d87-4a1f-9571-951972831d07,2024-05-23,10,14
d23245bc-1c48-46ba-af12-2765f498ecb9,2024-05-24,10,10
71863ce0-b44a-4e84-88d7-3dfb2d4077f7,2023-01-22,1,10
d8d83b43-4ffe-409e-a34a-3b922d979b8a,2023-01-27,1,1
3400b68c-c21c-4063-b4ee-81b2ba605d3e,2022-02-28,1,1
b0f1acc0-84b5-4914-af1a-876d3a4e86a4,2023-03-30,7,7
21a56d5a-c489-4820-bdd7-7d3375579222,2022-12-03,1,1
66a0711d-313d-4cb6-9268-65ebe2ae978f,2023-02-01,10,10
92d089a1-437b-438e-889a-6be0cbca4bcf,2024-10-10,90,90
e4cfd6ce-86ff-46d0-96dd-af4363f56dfb,2019-09-08,1,1
06af0284-4b16-41d4-848e-c6ad29eefbe8,2019-07-17,90,90
006b7460-2511-4a13-8dbb-a80a7508b40f,2020-10-03,1,10
5cd2249a-6041-4260-9d35-935e4793b9b9,2022-04-29,1,10
67f02999-01fa-4b73-8b0d-d21503997db6,2022-06-04,1,90
750e0e3b-aa0a-407e-9fdd-4e0217f01261,2022-07-18,1,10
50e6e8c6-f3c4-4b1d-acf9-1c8d5922815e,2022-05-25,7,7
6fb1989e-021d-4d26-88a6-7ed1493ad47e,2023-05-29,1,10
e8e47699-0f34-4283-bdd8-ffad38cf6239,2022-03-05,1,10
5daeef37-7acf-4213-9baa-94d2b136d26d,2022-04-28,1,10
ad989847-9908-4258-8350-3a3379ad5fb6,2023-03-10,1,1
aeab93c6-af8e-4969-a33a-5d38441bcd45,2022-12-28,1,7
0f1e25c1-1f6c-4ea7-ba6d-b98fbea47ecc,2024-01-28,45,45
7a61078c-426c-4067-874e-25cc556823db,2024-08-01,60,60
d3784425-af9e-4403-b5d6-5ce1db4d7585,2024-04-06,1,7
9c869fb7-4fd2-42b2-9b15-4e7159b62b35,2024-01-15,14,14
684b4129-d947-4cef-b691-68ee0336985c,2024-05-24,1,14
8468e45c-9dab-4916-a9f0-cecd2cd6f63e,2023-12-31,1,10
6aa12995-2d72-4dea-9ee2-5f7fd70b916b,2024-06-30,80,80
9267d293-519a-491d-a233-35bd0727fae1,2023-03-07,1,10
482df98b-9d13-40cf-9afa-95c0c2f169b2,2023-03-10,1,10
af012831-2d74-4cb6-a4b8-9a055eb374e5,2023-06-29,1,90
372256f0-dfe5-4567-8c34-8a60ea04143f,2023-09-03,1,1
d3425eb2-9386-4711-a8f6-f392aa89547b,2024-05-23,45,45
3ccc071f-500c-48ce-9406-91b07b9c4e28,2023-10-31,14,14
f9d18872-54cf-4b66-ac68-e36b92ae737a,2024-05-24,1,1
aab43714-aa0d-4942-a62b-836b0047b8a6,2024-10-04,1,14
8c6722df-c899-44d9-958f-33b2db82b074,2022-12-28,90,90
4e34562b-f761-4aee-9392-b0cf90fadcd0,2022-12-05,1,10
a44cf880-5f48-4f33-9af7-8cf9d92f5afd,2023-10-01,10,10
cf5a0e9c-ab4d-4275-be5f-b49fe64a7ef7,2024-03-08,90,90
fdb5767a-fb44-4e5d-a9ff-4ae2d5c76e23,2024-11-12,1,1
c764d5a2-332c-4473-9dad-f524b1c4cac9,2022-12-09,1,1
3b68cfed-c8c7-46e8-94a2-a6aa765ef0c3,2023-08-16,7,7
cbba88c8-8de6-46ba-bda3-f7e271efc4d8,2023-11-24,1,1
78559b37-f0cf-46a3-8d2f-51a9b6f44fed,2023-04-20,1,1
252184da-6f74-40fc-bce2-5e1349c72f2a,2023-09-12,10,10
c8891bf5-b256-48bb-ac4c-68d0014e85ea,2024-01-31,1,10
9b506f6e-3249-4552-8baf-bf59b814e9b9,2023-08-01,1,1
3040f338-6fc2-47e4-ab6e-f99b7b42204e,2024-01-31,1,1
be3315d8-8ca2-405a-99d8-296e24fd43cd,2024-04-30,1,1
21af1750-7554-4933-bdce-32ebf628eb43,2023-03-30,1,10
9d00fd39-fb8f-4e31-82e8-f9fa7cb009a9,2022-04-29,90,90
df0cbafd-552f-4cfb-827f-d84c66447bc6,2022-05-28,1,10
a1664593-b29e-42d6-ba6f-e210f7d1dd79,2024-06-28,1,1
275edc1a-0d93-44e6-be86-9efc7c47a7a3,2023-06-02,1,10
c2fa36d4-7423-41e5-9696-a1396525bfdd,2019-07-08,1,1
4101424a-01ae-4f2e-be51-c5d81e57978f,2020-09-21,10,10
5dab3359-582d-4a91-a3cd-7e622665556b,2020-08-20,1,10
b035c1dd-630f-41f5-8e1b-55a0f8fc8237,2021-03-31,1,1
da661990-04a4-41d9-be06-bcc62cfba2ed,2021-10-01,1,10
a4d129c2-9828-4886-a7d9-ac0b5ae4cf6b,2021-11-29,1,1
f83c58c3-e995-49ab-b554-9adc65c4c23a,2022-07-03,10,10
405dc27f-2287-42c4-89a9-ded827148022,2021-12-02,1,1
272f4722-6255-4640-a3a9-362015a90d32,2022-04-28,1,10
9c967555-c280-4d7e-b970-e29c4970e6d9,2023-07-30,1,90
ac6b97f5-4c50-4465-a2be-eaa8f44cc7b1,2023-05-29,90,90
327f8944-d7b9-43c4-9f11-94053cad8690,2022-11-12,1,10
948e707a-d89d-47e9-8f24-24055d7aee1f,2023-02-28,10,90
a1f5591a-c6a7-4898-b7d0-3ebe4fa86bd0,2023-02-01,7,120
73509e36-87c5-4c43-b14e-bd23ab8a185c,2022-01-03,1,1
39bf1df0-3284-4bd5-b574-81f05766ab3b,2022-05-20,1,10
8663a3bb-c58e-49f4-9a13-f35cc23b9824,2022-10-07,1,1
4f1c316d-7908-4f28-a84c-9c611e4311c0,2022-08-04,1,10
69a991e4-9304-4334-ab7c-92bb93d566eb,2023-03-20,10,10
efb03ad2-9401-4a78-86d1-5caf180ba781,2022-10-10,1,10
74fd04bb-43ef-4d6f-9067-18d380eaa381,2022-06-04,1,1
b294cf2b-0bfe-4c96-b585-20f76c7fe7c7,2023-02-08,1,10
e7aaf7ba-58ba-4098-a088-aea9131b3582,2022-06-28,1,1
6a3c9993-2798-464a-b01b-dab5a99e63dd,2023-03-30,1,10
a713b691-90e3-4531-8d96-c206db12f146,2023-10-21,1,14
563663e2-2f6f-406b-83b6-9ed4e5c8eb92,2024-06-03,1,10
3813ad0d-7e2c-4dbe-86a6-1ca0891122ec,2024-09-09,10,10
dc7b4a69-2b8c-44a3-b237-91d5a028ca42,2024-01-22,1,14
e139972e-99fa-4b1d-ba76-527a9531bc78,2024-03-12,1,1
e9c32cc0-fd11-4da8-9e92-ce48ec1f2bfe,2023-12-16,1,14
e9416d5b-1cd5-47e1-8c5d-532ea96694ec,2023-08-02,90,90
3cac2cac-51eb-4bb2-b553-9a38dd3e5917,2023-08-22,1,10
15a65cc0-71eb-486a-9e50-d41cc12a7d2d,2023-07-11,1,10
1b739dae-531d-45db-8e4a-bc9dea7d076d,2023-09-28,1,14
2ce4a81b-8cd8-4d0b-babd-8d9e72d12069,2024-03-30,1,14
ea92c5e6-4d8f-4d89-a1db-b309e5f46eab,2024-01-15,10,10
3b9517b4-908e-4b26-9869-efd0aaa8919e,2024-10-31,10,30
4fc1bbb4-28f6-41f5-bdf9-c863c024291c,2024-09-27,1,1
d637a0e9-26f0-4fbb-a407-3cc4c2421f1b,2024-10-22,1,10
b5897ec2-0528-4f65-bdc4-48de6bc93332,2023-07-30,1,14
6bb1c12c-ffb9-4804-a424-a55841d82993,2023-04-28,1,10
42c592f5-021e-4a3b-9fd9-553e3e962e1d,2024-02-10,1,7
c3d28ae4-e5c9-4f4d-b62e-e644a8c36ea6,2024-05-24,10,10
031e0257-0900-4836-b09a-8d874dab8581,2023-06-29,1,1
de7b4c8f-25f8-444f-92c7-6e11b9ccc880,2024-02-08,7,14
d820b828-bc10-4372-ae12-c53ed7494c37,2024-06-13,7,7
f63c833b-8051-4547-b488-618e22804154,2023-09-28,1,1
74bb42a5-d20d-4f64-99ac-f74f019bef57,2024-01-23,1,7
08e0ad48-76b8-47c3-a702-5426b9857f1a,2019-11-20,10,10
7fdff833-79d7-4bf3-b4de-d9f28bf640e0,2023-11-04,1,10
5b7ba1db-1d8d-4796-a148-43b9d1297b78,2023-02-01,7,7
dec2e897-dba7-4fa2-9bce-1611e7fecd05,2024-10-02,1,1
a1985e49-2200-4d5f-93c4-4bbee49ca48d,2022-04-10,7,7
59ca6027-d28c-47d5-9b8b-23243b8654cc,2024-06-08,7,7
210d8ef9-9889-4864-b34d-2b3c15911dbb,2022-10-30,1,1
89354954-06ef-4fbf-b401-0e1b500d6a6b,2019-07-08,10,10
b04a3db3-d034-4ae4-9fd5-d657a331280b,2020-11-21,10,10
7507609b-e64b-4c25-8a2b-c1dc69b69025,2021-05-26,1,10
4f1e9739-485c-480c-b544-f001477ca5da,2022-04-06,1,10
c462dd12-9f86-4d93-a425-e535010b0689,2022-01-24,1,1
4facd85c-fcbb-4961-bb36-90369e89ab51,2022-04-07,1,10
6da69a95-b6e3-4a0b-9e3a-34beb6efb304,2022-03-05,10,10
bb40dd32-205e-417e-9e9b-8edc98ea57f5,2022-03-24,7,10
16755811-dce8-48a9-8e8e-6ea5b43f7599,2021-12-07,7,7
70ee8a1f-79c0-45b4-80dd-95a9a2f1bb38,2022-09-08,1,7
a245fdbf-7716-4914-a083-8e7031a8c504,2023-05-27,1,1
21cd2615-2ab7-4081-8c7e-92d26eed820c,2023-02-28,1,10
a091526e-8783-437b-96df-8d76ef3292b2,2023-01-29,1,90
b5738f95-d71a-4dc1-91a9-c1699ec35217,2022-08-19,10,10
16a1e647-9d0f-4760-8c89-53b431ba2532,2022-08-18,7,7
3437a072-0565-465a-8a2d-f857f037478b,2022-11-02,7,7
462fe7d3-420c-408b-b826-b26bce09ec63,2023-03-30,1,90
706f6de3-a1c2-47c1-8f1e-e8c543b9afec,2024-01-13,1,14
0f81c82d-e975-45e7-a997-f36422f76f8b,2023-03-14,1,10
63b472cd-1490-49fe-8450-c2925c0978e0,2024-02-12,10,10
24cd4e49-75bb-4623-ae6e-3c73caa923ef,2023-11-15,1,1
55e5a75c-747c-4c77-b1ef-7b00f3004c21,2024-10-31,10,90
975cd4fe-179c-4784-8435-1812ac324a27,2023-11-25,10,14
d3449d1f-32da-4b28-97ea-f0a7650c48d7,2024-05-24,1,1
1015867b-2e60-47aa-8db2-3859a62d7140,2023-10-15,1,1
823b7328-4b8a-4e38-a766-3c7e26880b28,2023-06-01,1,10
b04f5ac8-ff31-40a8-9197-f88c73b54972,2025-03-23,1,120
7e1d2f68-250e-4d46-8dd9-ef2022a0ca74,2023-01-21,1,1
970c4e72-8bde-4078-8354-6dc3a69fa504,2023-12-29,14,14
7be2e460-4a5e-4673-8e9f-9caecc09c36d,2024-09-04,1,10
ebc21247-011e-4a33-adcd-b23b623bad78,2025-02-25,10,10
ba2f80c7-abe7-4266-9fc6-029cfc3866bd,2024-07-26,1,14
6bc57041-3db6-40b7-9bb0-76b3a72b76fe,2024-07-31,14,14
f7b282bb-853d-49ef-9298-111b5485e287,2025-03-11,1,1
63715809-d083-4f80-862b-bc42368bac9d,2024-09-10,7,7
22f413be-2d2b-4677-9ace-d9613d4feecb,2023-04-21,1,1
fadfecb9-e00e-4c85-869f-f3c22f746f0c,2021-07-03,1,90
260ddac6-931b-4c31-877f-56a739f05d41,2021-05-26,1,7
5394d7d1-8803-45e5-bfcc-101b8c18986a,2021-03-04,1,10
6a913be4-a9bb-4cc8-adf1-b1a3586683a1,2021-04-25,10,10
75a36b77-b96c-46b2-8b4b-c464c17d81d6,2021-06-10,1,1
9acbee25-da2b-45b4-86d1-719ab0567427,2022-05-23,10,10
ca32e7df-7f53-4e57-acdf-bdad20ba6a04,2022-05-15,7,10
fc397038-8517-4bfb-90e7-cd1eda24c047,2022-06-04,1,90
17ef62cb-0003-4f9a-bec2-d24a4ae7a3f4,2022-06-03,1,10
c5960fb4-3c26-461a-9bc3-1d806a53cd07,2022-04-29,1,1
49fd2628-aefe-4667-a5b2-82ec93bc2b79,2022-04-26,1,10
8bd14791-6f55-40ec-a74f-105ffecb0026,2022-09-15,1,120
b2965bc0-56c7-4e63-8061-b23e45863eb7,2022-07-06,7,7
b2898fb0-0756-4bb1-99a5-5258cf6c860e,2022-11-03,1,90
1d5c76b8-cc81-4108-aa9a-bbf12098ec11,2023-02-08,1,10
ceae34ed-3180-4ccf-9c9a-ccc4b9daaa70,2023-03-16,1,90
1d507f74-7f66-4fca-ae91-6f5bbee6c774,2023-04-16,7,10
81c9f419-648f-4fd4-b814-66829d09a698,2022-02-13,1,1
22990050-9698-40dd-b99b-1b3d3a2f6034,2022-12-29,90,90
c4391974-6f50-489f-8b16-0207fa28516d,2022-12-03,7,10
30048ae3-84d8-4a9e-8ba2-c0b07febb6a3,2022-08-19,7,10
cf9846f1-f2f4-4977-9969-f18f65e2b05c,2023-04-04,1,10
38712a0e-339a-440b-a18d-c95b03e0ddf9,2024-06-28,10,10
6f84128e-3fde-478a-ace7-804fb2357a2f,2023-10-08,1,1
7757ece0-1ac8-4fce-b9c1-b6585aedeac9,2024-01-31,10,90
0c019047-f8a6-48e5-920b-3eac86a0ac55,2023-03-02,1,10
4cbde008-aec4-4609-bfc0-eab9c4ac52c3,2023-05-15,1,10
bf895ad8-9c21-4419-95fe-0d47f345f8e0,2023-02-12,1,10
0b36657a-91d2-4087-972c-9758c18a3ace,2023-10-31,14,90
7e7800ab-49ce-4cf9-999c-86b5d529ef38,2024-01-08,1,14
68ddd2f1-e4a6-4c03-8ac6-10728cc00cf1,2024-01-10,1,7
7b0c66e4-cdf7-44d9-8e20-c7f1d473ff38,2024-02-19,10,10
aa76d2dc-4e94-4988-8ac3-d72be07b088f,2023-10-12,7,30
4e554ec3-1c56-4cbe-aeca-565e3b82efdb,2023-12-18,7,30
02e315eb-8812-4db4-ba4f-f92f4c7c18a9,2024-09-27,1,14
733be185-b033-4a27-9f68-6179af66e4d5,2024-04-10,7,90
ec0013b7-3893-4950-b223-7b1f164c8143,2024-01-05,1,1
36a7b1da-d9a3-453d-903d-f3176f779fce,2024-08-09,7,7
961bb9aa-a700-4bbf-b5d6-a992a8e70ade,2023-06-29,90,90
ed6e5fd3-7e4d-4f3b-bfcc-1737a1d499a7,2024-10-13,1,1
b024213f-27b1-4f32-a694-600801be52df,2024-05-03,14,30
3d0456f2-510d-41ed-b462-e482fdf3a0a8,2022-10-30,7,7
2908c7b3-8db4-49ce-bc99-8774d9a067c2,2023-03-16,1,1
66502cc3-34cd-4ed4-8912-adbf371efa10,2024-05-23,7,10
48648658-1c97-4b71-89c4-8e4bf1e12c20,2023-06-01,1,1
b6e0dc9e-94d9-41bd-a408-a0ab6b36a6e1,2024-02-29,14,14
fb89a513-9688-4236-9003-26ee0bf80671,2023-10-31,1,7
e8246452-8365-4633-8789-cfc6668458a6,2024-08-26,1,14
d6892df3-3c17-4f2b-90a2-a10bc0078a07,2022-05-04,1,1
375725a4-9021-47b5-8bee-8366aa75c7a5,2022-07-30,1,1
0edf43bf-65c1-4537-b57f-47300a37f20d,2022-04-27,1,10
250b97b7-21a6-4b2a-9c86-bbdc03aa6660,2022-06-28,1,1
a4948a27-4e0d-4e0e-8dab-f8df45d76c0e,2024-02-08,14,14
2e6c684c-4750-4a10-aec4-213561e638b6,2023-02-02,1,7
5e2154fc-c835-49af-912d-b12930e3516e,2024-10-07,1,1
ea3fd598-c986-427f-a888-9128421ecc7e,2023-09-17,1,1
35a46873-c29a-4f58-ad0e-b21f942a95d9,2022-12-28,1,1
a67bd4d8-dcc7-45cf-9aca-f8532ba00b70,2022-12-28,1,1
30a04a8d-4143-467f-8525-70ba508d41c8,2019-07-08,1,1
32eabd54-2244-448e-ba32-411d533269a0,2019-07-08,1,1
733395f5-8158-4072-a294-379ddfbae63f,2021-05-30,1,1
9a309e8b-5e66-43aa-87d3-775e742101cb,2021-10-31,1,10
8937af92-95b6-4da0-b242-14a5f4fc6ac8,2022-02-06,1,10
7bea9b69-7801-4b99-be6d-3028155f255f,2022-01-19,1,1
208b2ab1-fe64-4b95-a41b-c22bffb89255,2022-05-26,1,10
37244d23-4183-4c72-86be-83c8492bb4ea,2021-09-06,90,90
2d5c4179-3c6d-403f-baab-94430b9d346b,2022-08-01,1,10
a917c3a5-cf06-49fd-86b8-3496e1d3a798,2022-09-04,1,1
a2609c6f-b474-42fa-936b-2e1a831b7337,2022-10-09,1,1
a530c816-b59b-4fcd-b02e-62264f0dbc47,2023-02-28,1,10
1a5e1c4f-b0fd-4ce0-bd78-f12f14d6520c,2022-10-26,1,1
35880a8e-5efb-450d-9568-ddc97bf6709c,2023-02-01,90,90
2ec6544e-9c4a-494d-866c-89bb959f114e,2023-08-15,1,1
67dddade-ed1f-4edc-b4f6-c30a03877ed0,2022-11-02,1,10
466de53b-6def-4c82-88dd-b68bcdcbd373,2022-10-29,1,1
2e869c4c-92a4-4229-be89-d85dd93c939d,2022-03-04,1,1
66f3cb03-7932-44ed-a99f-2a4e0aa7f3a9,2022-03-02,1,1
1b64edc0-9397-46b7-a275-7cbf9a2b8b08,2022-12-29,1,10
8b329d8b-c0cb-4927-b095-e923a68c0178,2022-08-31,1,1
fc0f1986-9d21-44bf-828f-0bba6ca2fee9,2024-05-08,120,120
849477a0-d0b7-4c17-ab17-7aa525f02ca3,2023-11-16,7,45
7040d1b4-5a92-4dd3-bc2b-a193f9413508,2024-09-10,10,90
172f1517-9ee5-4216-8bf9-1baf6339b157,2023-05-29,10,10
b45b5d0c-8503-4fe0-96b7-dab0d1e0eea2,2023-05-10,1,10
0070d9c4-2dbc-4392-9f42-57c2687e8fbd,2024-07-31,14,30
605c6146-5a2b-4077-82c1-6060f365ce87,2023-12-29,10,90
23ad07ca-9d7d-41ef-8f4f-0b1a70fa95b8,2023-02-02,1,10
b2ca4c55-5fb0-4be1-939b-6252de3e5b2c,2023-03-17,1,10
26c32233-8b56-44ff-bd0b-dba80130c0af,2024-05-03,14,14
8bf847c0-de5f-4e40-9e53-fb2ff25a26f8,2022-11-04,1,1
ba8e12be-34df-48ac-a12f-04216a8a6099,2024-07-31,10,14
0244855b-230d-44e5-9075-fd124f2ae893,2025-04-12,7,10
41f55570-d8ec-476e-ac85-a4e79658e652,2023-06-29,7,7
7fb02ec8-e81e-4e33-8786-c4dc804f875d,2024-01-06,14,14
a52f54ef-e3e9-4985-8af3-f4e2d74b821c,2023-05-29,1,1
150f0ea6-d564-4416-8742-01d260a03738,2023-06-18,1,1
f36ce0a4-2c4a-4d5f-ae8c-f61bf297e8f4,2023-02-01,1,1
4a82b1f3-7753-46c7-8374-4f79b650a7c7,2022-04-14,1,1
ed6a8918-41b2-46a8-8d8c-5934fccda477,2024-04-08,1,1
319f6a6c-4d5b-4582-a0cc-10418c85b8a0,2024-05-03,1,1
ff533be0-f94d-40d9-82d9-f387151b2613,2023-05-29,1,10
1ac27c95-dfde-4893-9ebd-eb3b79de9dc1,2023-06-05,1,1
af0785c6-c2f9-42be-b061-f588a2c6bb2c,2025-07-03,90,90
cba6dc98-5e47-44fc-b48d-257fe24a839d,2021-02-08,1,1
2aa01628-61df-46fd-9119-16cdf6864f0f,2021-12-13,1,1
e4c57d99-fe7d-440e-b2d5-50184cf75510,2022-05-19,7,7
81629aa9-8dc9-48d1-a578-e8225e97508b,2022-02-15,1,10
f2b65461-1477-4301-bc5b-8a596c1c2aa0,2022-09-27,1,10
37b3f886-f2c7-4207-8cf9-c0faa9869f2c,2022-07-22,1,10
01d7b83b-34af-42ce-a45f-f747b21ae6ab,2022-08-30,1,90
c1159584-114d-4860-97e3-1ee6d1cfb6cd,2023-04-06,7,10
61d9f31f-c7bb-4fe8-9efb-018d09f80a1f,2023-06-16,1,10
d1516de0-6b55-48ca-be1f-87183632b6b6,2022-09-27,1,10
2a2eb518-5e7d-457b-9fdb-f4c8693e39d7,2023-01-16,90,90
e885ce5f-f875-408e-87c9-a7249b13d253,2023-04-30,1,10
d1be1ef4-3ee8-4566-ad10-836130c8b862,2022-09-30,1,10
2cf9bda5-fd40-4c0c-b811-6c230ba2ed4f,2022-09-14,1,10
2cf2e915-d36e-4fb4-af02-ad361cf917c0,2022-10-30,1,10
19c66616-7f6d-4f32-bd9a-6d4c7200ede4,2022-06-04,1,10
7824acba-00d4-45a3-a807-8c5bdc012601,2022-08-14,1,10
41cd0815-f470-4a0f-8b9d-fb794516249b,2022-06-04,1,10
9488521b-b748-4067-abac-62358d189bd1,2023-02-02,1,10
3827755c-fff7-49b6-a728-49777c7d8cb5,2023-01-21,1,1
3c848205-4dc6-443f-9c27-c931ae26b700,2024-04-16,45,60
90edc77e-f6ed-4825-8f64-4ababfc3b2c4,2023-09-10,7,14
54e6d5e6-a1d4-490c-b004-2a94337c5293,2024-02-11,1,10
520be8f7-cd10-4e62-a992-c965660326d8,2023-10-19,1,90
3c25f12b-f12b-4a3e-ab98-e12f5cf6666e,2024-05-24,1,7
59d9c591-307f-4582-bce4-ea23bf9077c2,2024-02-04,14,14
d16974c2-86cc-4fe3-9e0f-276167f0f1e7,2023-05-29,90,90
2ec4414c-e4cf-4237-b8cb-1c23f1390cab,2023-04-20,10,10
263aae76-23d5-45a5-96e6-8e5241a93dea,2023-10-31,10,10
5feb61f2-cd84-48de-945e-7e05b9b1a9f4,2024-02-14,1,14
a2a2f16f-ac35-46f8-a754-d9f057af4db2,2023-11-18,1,1
5063df10-3391-4cca-8d15-888ff3eaf231,2023-10-26,10,10
564fe97f-db35-4407-9e98-5ca8a4d55b11,2024-06-28,1,14
6a8feaca-5c58-421d-9e11-9bf56ebe3807,2024-02-19,14,14
ffc59f40-2cb4-402e-85a3-4d23fea9e527,2024-08-10,1,14
2970ab63-b3b2-4738-b9e2-404be73ad7ca,2023-03-16,1,10
8c3e240b-8c0d-409c-86ba-cde89c2213a9,2024-02-26,1,1
c578f69f-89f4-4876-b6b3-780638e528ec,2023-11-29,1,1
77da2f04-7a7b-4926-bc5f-a862d4217476,2025-03-24,1,1
9e9be360-f783-4fb9-b6a5-10a487e7329c,2024-06-02,1,14
d45080cd-ef0a-4ecf-a7d1-3d77b052605c,2024-06-09,1,1
99ed4399-8afa-4aed-9a15-ef4f450411b6,2024-06-28,1,1
41192241-bfa8-44c5-8428-61612c69dac3,2023-02-01,7,10
0a9fda67-7062-49b0-8f74-0a6689cf5260,2024-07-29,14,14
c94dfabc-1754-4312-9077-319e3323e594,2024-09-15,7,7
b137bcfb-cd0b-4316-867f-7281c54c98c0,2022-06-04,1,10
b0ce2ff2-a225-4bcb-bd4f-157be32c115b,2022-09-27,10,10
03386ca0-63fc-4a06-b973-88c34d611237,2023-03-30,1,10
73169cdb-ebf2-492f-b947-5193b45fdf07,2022-12-22,1,1
d4c69a47-0ea1-4ec6-8f2f-56529af762b0,2022-03-05,1,1
af0418e2-f767-41f4-ab0b-7a5473068eef,2021-06-11,1,10
b73092c9-66ae-4456-9755-4b2c97e6a09e,2021-04-05,10,10
8ff76bac-3f3b-4519-9a5d-951df425c7f0,2022-03-05,10,10
13b45f30-6a85-4fbf-a40f-9dd7c9a6c8b9,2022-06-28,1,120
aa9891cb-a5d9-4758-935b-789472814e80,2022-02-20,1,10
a1522d24-d72f-4f16-8372-5ae692058192,2022-09-02,1,120
4aaa30b5-8ce8-4252-8b04-7d397179b2ef,2022-07-27,1,10
bbc7ae93-b3c2-432f-ad9b-76b0ad869a82,2022-04-16,1,10
93018b3e-d5bc-4fc4-a5ea-f25851e84025,2022-08-16,1,1
c16194ab-7348-41eb-b096-03489bffdb9e,2022-11-11,1,10
dd4c23a0-1df7-4f12-9822-46acb4e1a392,2022-12-22,1,90
8db03b42-3f97-4905-afbb-11567edee82e,2022-12-28,90,90
b111f203-5196-46bd-b1b1-0e4afbabd76c,2023-06-29,10,10
a2d4f859-1cc9-4077-b0c9-5e0687720c51,2023-01-22,1,10
7ba75075-a67e-40d6-8003-327f5323660d,2023-05-07,1,7
26036336-0beb-4221-a53e-5cdd0297fa38,2022-11-02,1,7
b4280b73-93ff-4084-a138-6ce522317bd4,2022-03-05,1,1
ae220ac9-d6eb-4721-b1e7-f5166533295b,2022-03-05,1,1
27327901-cce8-4281-8354-a9c99a8277d5,2022-09-21,1,1
d297c82f-ae34-4966-8112-cadb2800441a,2023-10-01,10,10
3380b643-e87e-45a3-be65-c56091bb4daf,2023-10-11,10,90
d0c655c5-8259-4230-b782-c378fd99ce58,2024-01-21,10,14
d019faf0-d446-4390-b365-b3da7383aa3c,2023-10-29,1,14
a04d8691-affa-455f-a67f-6759e946fd85,2023-07-04,1,10
50a91bca-df93-47f0-804a-056759f61c25,2023-12-26,1,1
7cfde104-8150-497d-b11f-24c09836e5ba,2024-05-24,10,30
490a2034-418b-432e-9c86-f576b6c6ca40,2024-06-02,14,14
45fc3e1d-d4e7-45d3-9fba-ed18d6eab949,2024-03-01,10,14
136c8b3f-cdcb-4b57-a952-26a765de35a1,2023-06-29,90,90
ab78aa5d-186a-4ac7-a06d-7d035466ced4,2023-02-06,10,10
86f6830f-8a49-42bb-ab59-a6b1e78b894c,2024-05-29,10,10
7e8bb797-cf72-4a88-9666-48ec8728f693,2024-01-30,1,1
9c8a9516-07b2-4a02-9a68-7425496339d4,2024-11-22,1,10
9f5da57d-c6f0-40c1-bb01-94f85addbe84,2024-10-24,120,120
a9597b8f-ad26-4778-a1ab-6a091f17d62d,2023-05-29,10,10
8919ac5c-ae3a-4fc4-9cf4-9762b2465015,2024-11-22,1,1
69ee636a-d66b-4ff3-8d1d-3ef3044873f6,2024-09-02,1,1
758811b2-1e2e-4a81-ab1b-dd65ea606c8f,2024-09-27,14,14
babe63af-ee0b-4e12-b2e8-853ad48fcf97,2024-10-31,10,14
ee67f25a-885d-4b0f-8fde-d6debf75b332,2022-05-05,1,1
953d202a-ef9d-4d1d-bb3e-9cb907fe86fe,2022-06-26,1,10
022fb451-70eb-457b-ac42-7b006fb0f5d5,2022-07-11,1,1
d273557f-869d-4c8f-b6af-7c5da1c871e9,2022-06-04,1,10
7445293b-65c0-4d03-9f30-8ec730b12fae,2024-05-03,14,14
867e435d-65e4-4435-8a4a-c206d25bd5f2,2024-06-15,7,7
6ca21dd3-1dfe-472e-b7d1-93e010a0f2b5,2021-02-06,1,10
f201c2fc-4cfd-4da9-b88b-d6e76aa6d779,2021-05-27,1,7
6dc30b76-0c44-4cac-a8d8-ac42ac732e80,2021-09-04,90,90
eb6ca1f8-520e-4359-9ac2-7d956cc435b4,2021-01-14,1,10
c50614b7-4fd4-4db7-b976-cfdf16300fd1,2022-02-27,1,10
cc344ccc-78cf-4098-8c3c-f246fed92ad0,2022-06-03,1,1
01f782aa-583f-4cbd-b81b-545c7f348ba4,2022-04-25,1,10
24690b43-bf03-4097-bf4d-1785fa531324,2022-02-27,1,90
7598027f-b13b-4b31-93ad-942d29ed9ab1,2022-04-08,1,10
6bb81109-6a7a-4434-bde4-4c10ed4d2038,2023-04-30,1,1
34657845-1dc8-4093-9a88-c11f3cf6eeb6,2023-02-01,90,90
d228bb57-4266-4395-b8fb-f9f7a534be1f,2022-10-05,1,7
2fc24d5b-3a36-4cbf-ab2f-636a961caea4,2023-03-24,1,10
49352132-471e-4930-898c-bbadb085d7e0,2022-10-10,7,10
c7c7356b-9275-4876-a3fe-ee01c60fb7ca,2022-03-05,7,7
92a2bcc2-4383-490a-93e9-18d1cee01611,2023-01-12,1,90
99740197-3742-4211-acce-279243dd154f,2024-05-02,7,14
7923ab94-125d-4501-8033-e2ced0205ea6,2023-11-06,7,10
6f79194a-bce1-45d1-a945-3c35d21655bb,2023-12-29,14,14
0be47ff3-6acb-417c-9d7f-6c90d313be4e,2024-01-31,1,1
59df4d88-de40-4b34-8c27-b4c9990d41f3,2023-04-04,1,1
12233f9a-a95c-4a19-9dd3-099385415c66,2024-05-24,7,7
a8a9531b-9e92-4d7f-b2a6-23618fd29b94,2024-09-29,1,14
1641e27c-ce6e-4c27-8fe7-8f31a8b663e9,2024-07-26,1,30
ed124f19-469b-489d-a0ac-df69e23fe692,2024-03-30,1,7
c9b726da-1cfb-4cca-b548-7fc837ac9511,2023-01-24,1,10
8ae309ee-b94d-4e70-9b13-5985310ae032,2024-10-02,7,7
d3bc50ca-86ce-4996-9e5b-78500858e0eb,2024-05-24,1,75
da7f80e0-b9b3-43b4-adee-eeb2787e9f8f,2023-06-13,10,10
23f69b41-c885-4aed-9c2e-947d62bb57b5,2023-11-29,1,10
08c44327-9eac-49ce-b3da-ad7e7387d9a5,2023-05-30,1,10
914f2ece-b3ed-428f-b84b-c8f391e1ff02,2023-08-02,1,1
38daa124-c061-43e4-8746-2162bda0ce2d,2023-05-15,10,10
f9a21e78-cf32-40e0-8ecf-08237d893d06,2023-08-27,10,10
9c019e52-70af-4677-b55d-702dd07309ab,2024-01-24,7,10
5765ea0f-bea3-4e2d-8452-71e31b889cb2,2024-08-04,7,7
c5dbe4e0-22a9-4c5b-b74f-ade32a59aa79,2022-03-05,1,10
649be86b-6a54-4c5b-bef2-d047d8d107f0,2022-02-22,7,7
8369ab10-a786-42bc-8b4a-d26040cf8425,2022-03-22,1,1
cd15bf54-0fef-438c-9fd7-de72994ce1bd,2024-08-03,1,1
4bfd03d3-a174-4111-9639-29bee9cb7c8a,2020-07-01,10,10
0a8f4d02-826c-4908-9e13-d194dfbda02f,2021-08-14,1,7
4cd320b4-c76d-47a9-b4b6-ad45c3811348,2022-01-28,1,10
a4450c9d-bbad-402b-8348-3bfb43e091eb,2022-02-08,7,10
0c8b3d53-773c-4642-8264-dc25804bc048,2021-03-31,1,10
ce40fb9d-181d-4ef1-a91d-9470e1fa9eed,2022-02-09,10,10
c0b21a58-8dd3-47e3-bf5c-97448e973e88,2022-02-25,1,10
29340ab9-2962-47a3-9e7c-4b037d3cd920,2022-02-27,1,10
de47f157-41ed-46fb-acae-8b8d1d17a0e1,2022-03-05,1,10
39c49fe6-d6a2-4c5c-ab4e-574242ff0906,2022-06-10,1,90
79f424e7-ced5-4d9f-aad6-b8cf5122a3f5,2023-01-04,1,1
482315af-f95f-486c-a534-bc1f419e3a8f,2023-01-29,1,10
d1f2492b-e547-4fa8-bdb6-d6763ac7d47f,2022-10-10,1,7
98be0e01-1f63-441a-90c5-ab7f6d88a9d1,2022-08-01,1,10
4d67a5b7-adaa-4ba7-9fa2-848fa5d6502b,2022-03-05,1,10
f43838b7-9a4f-467b-ab48-e0ba16eeda7e,2022-09-26,7,7
9ea8e874-f88a-4b30-948d-ba8b1f91ba13,2023-05-29,1,10
0f2595fb-e455-4f10-96dc-3bb2151b9136,2023-03-06,7,10
1cd0f573-c6a9-402f-8292-b2efac9882b1,2022-02-27,1,10
154fc0e4-3fe1-4a9f-83d3-61c669d1f10f,2021-11-22,7,7
a63d9068-8e76-41d4-8b51-788f06df114b,2022-02-27,10,10
269d5918-0fb2-4fcc-b48b-9ee89faa2bd6,2022-06-04,90,90
ad0d93a2-e8a8-4a7b-abcb-3ca16966f28f,2022-09-03,1,10
7e4751d9-bf69-4054-879a-c93dd3fb9a5e,2022-06-01,1,1
d7869903-a932-4679-b09c-4101f93d8693,2022-07-30,1,7
5d7646c7-ff99-49d3-8b71-acd123a248f4,2022-11-02,1,10
321f417c-f330-4df3-9988-91fc83866590,2022-09-27,1,90
f5dd84d5-e496-4a5f-a334-6d7c3804c28a,2022-06-26,1,10
83474b46-6680-4de4-9994-af5e0f09c949,2023-11-13,10,10
753a7486-006b-4d93-bdce-f3b1bdbb98ae,2024-08-01,7,60
64c0c17d-9bee-45df-82a8-1b68d1d18962,2024-06-28,7,7
f74bef7e-2970-4c1e-8eab-cd04f2b95382,2024-05-06,1,30
09acc429-f5ef-46bf-bb36-27880cf49427,2023-10-19,10,30
bd3d70f8-fc00-4bb1-9e7b-d629046c509c,2024-08-11,1,10
ea8a2791-cc3b-409f-a4dd-5881bf29552c,2024-09-07,1,14
0e191238-f544-4409-ac82-1959da34d7ef,2023-05-29,1,90
c3b4b61d-1168-429f-9db9-3bced195a4ff,2023-07-10,1,90
8d9bcc34-ad7d-4d00-811a-d971064613ae,2023-05-15,1,1
697c7e1b-3e9e-4bb3-a3bb-d675ab8c79a1,2023-08-07,1,10
894988aa-8936-45bc-8c8d-7de5abc31c6a,2023-12-20,30,30
91e935bb-49d0-42f3-af39-ed17493787af,2024-03-30,7,7
3fc013c4-3ed0-4da4-a6e4-53a6eaf68a7b,2024-09-21,1,14
a3aec249-f368-4f9d-9a08-3a28f6a71009,2024-11-14,1,10
8e5c590c-7674-4360-a555-b91e357f7fdc,2023-09-02,1,1
3042cafe-e0d1-43e4-bd4c-84e68ebf8fe2,2023-09-28,90,90
92f9f87b-85c4-43af-8d93-197893456e3e,2024-10-22,1,1
7b3bbd02-6ce9-45af-b830-14272b9ec802,2023-04-28,10,10
eba3835a-541d-4866-9b7b-e7022e234188,2023-06-29,1,10
9a9cb574-6c44-436a-be9e-2b9e3076c581,2024-05-23,1,1
1ebaa0d4-ddc5-44cd-83ec-5497527d68a9,2023-02-12,7,7
47e5c4d5-d413-4352-8525-47761a6f2339,2024-09-27,1,14
cc69e05b-668b-4385-b758-956cf249fcf6,2023-03-30,1,10
37efcb9f-ba00-4017-be16-c82b972f96a7,2023-05-29,1,10
7e3a48da-54d4-4d3b-ba0b-578720723f78,2022-07-10,1,10
578d91c2-e444-401f-8039-fe77005b52c5,2024-10-12,10,10
3da8feda-7410-4c7b-84a1-b98fd2855868,2024-09-27,1,1
3833b8ad-632f-4b3e-b3aa-5e669ab5e0ec,2022-12-25,1,1
ea21cd83-930e-4e6c-9d37-aded1a81badf,2022-11-02,1,1
33e7ff54-dc48-4a16-ae07-c2df96493ab3,2019-07-08,1,1
0b016ab2-b9d5-4e9a-9b95-7d175e465eac,2020-12-23,10,90
fea2551a-6342-43f2-8c5d-a07597b9141d,2021-08-05,90,90
239027ac-b8a8-47a3-a8f3-5eab364cfb5d,2021-09-20,7,7
6f532331-a55f-43b7-afab-a4a66059ef34,2022-06-04,1,10
937e77ba-9c57-45b6-bf34-c8c01b861307,2022-01-29,10,90
1bdfd25a-b68e-4432-b1c4-dc6c5a6f129f,2022-04-27,1,10
9c6d7055-ab58-44e5-96e5-016edcde9717,2022-09-29,1,10
d4aff3c9-305f-4e66-87da-be3d37459d8d,2022-06-17,1,90
c315b07b-3796-4ca6-919a-936ea3afdc4b,2023-02-01,10,10
68d0337e-8444-4a5b-b8a7-a0df11d40fd3,2022-04-29,1,10
42c33f61-e923-4931-bd51-ce14d81898e9,2022-12-28,1,90
b9df9bd0-7252-43af-bef3-c8635095a900,2022-11-02,1,10
0125e485-2d4a-40f0-bd83-89793eb5491d,2023-08-01,7,90
15c8a00f-41a7-4d8c-95c4-df975b6a0d4e,2022-06-04,1,1
1674ab5a-ab01-4fd5-a66e-2bd4e4dc42e5,2022-02-16,1,10
a7323211-f1bb-4e45-93d2-029d40860c6a,2022-06-04,1,10
f72c505e-b2f3-49fc-bdf5-73744c09c1ff,2022-06-21,7,7
a2a5c090-8f8c-4a18-a25e-d14fc7244d18,2022-07-03,1,10
2907a553-950e-427d-99d0-529f7ce12bd0,2023-04-05,1,1
1e96ac35-16cd-4741-b868-7066c06e73e0,2023-12-29,1,14
625809e4-c594-428b-a6b4-2331abfda6ef,2023-04-05,7,10
5e9a8f5c-e1e3-4213-8dd5-48515a2950bb,2024-06-30,10,30
df87f3f6-de75-4053-b27b-6ac6a600c82a,2024-08-11,7,14
e20839ac-fef6-45ff-a144-d8d60091f6b2,2024-01-16,10,30
de085566-0205-4e1e-8eef-1b12e5dfac44,2023-09-28,7,10
8dcc6022-1588-4055-b28f-c8c919c21585,2023-03-19,1,1
a22159dd-c919-4df9-92cd-71ea6f36ca75,2023-05-29,90,90
b6a671e8-f01d-4556-8468-69ad700226a6,2023-03-30,1,1
5e495fc9-b5b1-4f21-9c93-ed681e2906e3,2024-07-31,7,14
51ef048a-8651-4874-b1c4-e289edf08f7a,2023-05-16,7,7
85b91f92-1602-4b83-aaed-31141666dd54,2024-05-04,7,14
27e3f138-64db-4255-b7da-5cf764f7f5b2,2024-06-01,10,30
50ac4263-a050-42f6-93c6-17b4f368a796,2019-11-30,1,10
76cdc2c0-68fd-479f-9715-fb5757397214,2024-07-26,14,14
b54ef10a-711f-40b5-9f8d-daba64af87d1,2022-08-12,1,1
72a9d1a6-d81a-4033-8e72-f50ac0c970a1,2023-03-04,7,7
808f23fe-e1b2-419a-9fe7-031b8eb18ef3,2024-04-17,7,7
096e3553-9c93-4841-9f78-0522d02998d6,2024-05-20,1,1
88dd3c93-5a91-4bba-af27-59a4e6979768,2019-11-05,1,1
28e5c19f-99ae-47fa-8ef3-cac0a899313f,2020-11-30,7,7
a3f0708b-433b-4456-b557-cb6021f2cb82,2021-11-08,1,10
5531b1f1-9bf2-4733-a6bb-6e8e33ec6400,2021-12-30,1,10
40ce05dc-135b-403e-a8c3-f40ce7ec685f,2021-12-02,7,10
253db7bf-f13c-4991-aef6-6e752586449f,2022-03-04,1,10
a1b6b784-dfb4-419f-b824-c45f80d45478,2022-06-30,1,10
b1519a55-a534-472c-81cb-9e7895bca87c,2022-06-30,90,90
883d860f-8fb1-45e6-988a-1232b44c3b2f,2022-01-29,10,10
b6f4f9d7-2747-42a7-bf05-82267ca49642,2021-12-02,1,10
01dd0916-38f4-4487-bb75-9e17f50e7c2f,2022-08-06,1,10
371a61b0-4d0f-467a-8f01-407195e0e5de,2022-07-10,1,10
867e5192-05de-408e-bac9-323ff2eb721a,2023-01-12,1,10
cc441520-d720-4101-975d-cf0e1ec7f404,2023-02-24,1,10
b046b132-7179-43b4-b07e-349fb14b93c3,2023-05-18,10,10
75092604-81e3-4f59-a0b5-eca6c20aa6c9,2022-12-16,1,10
e7aa5f19-72d6-4407-87df-c2420bbaafbf,2022-08-25,1,1
cb467090-aea4-44a4-9d29-0b08a242a1eb,2022-09-27,1,10
25634bdc-5ee5-4e94-b8e7-9a4b8aec628a,2022-11-01,1,90
994263c6-bd4c-4695-8ac2-247f04728a85,2022-01-30,1,1
857f08fa-ea2c-4506-947d-1f26526f2db2,2023-02-01,10,10
8a2133c3-f59a-4d02-805d-55ba3f0e2d64,2023-01-29,1,90
12535c3b-bb52-4458-bdbf-29b30a38c158,2023-03-30,10,10
6bd52120-fe59-4977-88ec-197f9721e15f,2023-09-25,10,30
03d063e6-ea8b-4546-9d52-10c751952ab8,2023-12-21,1,1
24a7c02d-f051-4452-92db-e59c83b66d4a,2023-11-21,10,14
8be58773-37c8-43b9-9a79-e6acf6426ce1,2024-01-20,1,1
86d7d8c3-030f-4ddb-91ab-6f7b8ef2235c,2023-02-19,1,10
3ab93a39-ecf0-4f1b-a73c-65a3913bf296,2023-09-10,1,10
df3de0b6-2d1a-47dc-9605-24950f76afb8,2024-01-11,1,90
ce2a7035-1947-4046-b6a6-3cbb8cbec257,2024-03-13,30,30
83b69f01-4e4d-413d-94a0-bb3575b946c7,2024-04-08,1,1
3fdd2539-ac53-46ea-ba9c-39443750b717,2024-01-30,1,7
7bc581e4-9889-464e-a4de-6339aba67617,2023-11-02,1,1
6dd89041-55fd-4d68-aff2-d129da46869f,2024-10-16,10,45
b2d0f588-dc53-4873-8ddc-648fa32b155d,2024-10-26,7,7
57626ee9-ca10-4497-b03e-97d3f49665a7,2023-01-20,1,1
f6c09154-157c-4aa0-afe6-a43eb5dbeda7,2022-11-03,1,1
5cfd70d9-d7ad-438d-8f45-0be3aae83c37,2022-12-29,1,1
7844ed36-03eb-41e3-b522-176ff36c5a26,2023-10-31,7,90
d72b365e-8989-46b5-a407-9b932e31d55c,2023-08-16,1,14
2559e479-1666-4a63-8a81-f3bff5fd388a,2023-03-18,7,7
2cc0bd10-c5ef-4028-90bb-5e91959e85c9,2023-06-24,1,1
072bd6ae-038e-431f-a2e4-95faad019105,2024-01-30,1,1
783cf26c-e415-4d0d-a881-0b2493eec551,2024-05-14,1,1
0a1baa73-23bd-43ed-90bd-da8d60ef98b0,2024-05-24,1,14
ca184648-208c-4818-93f8-2fd4d6cbb8e5,2024-03-21,1,14
f3eda07a-9e3d-41bf-a97d-a6db55b74318,2023-08-05,1,1
35dd1ca5-fd20-4643-bb64-7a7fb8543447,2019-12-03,90,90
dae303e6-670a-4a51-a4dc-89fd249254f8,2024-09-27,1,14
3df09ecb-3ac8-4b99-8498-3aa7723544e8,2024-07-21,10,14
8343bb05-f02b-448e-b8fe-8ac9b0f85f05,2022-06-01,1,1
eff1a0ee-5367-4777-b01e-2ef81c49b8ba,2023-03-31,1,1
b29b472a-67f1-4f3e-acf2-47edb8b441ab,2025-01-06,90,90
855a9db4-7407-4c0e-9ba7-a976c09f3c13,2019-07-08,1,1
dcc437ae-4853-4ebb-88bc-7e6442a0f6c8,2021-01-19,1,7
858159c2-1ac8-4a3e-a9da-9f3f4bf91170,2021-09-16,7,7
81fbc6d6-5b5e-4004-90e9-24fdd3045d1f,2022-04-29,10,90
5f27a255-cf3c-4657-896f-4000b495c849,2022-03-05,1,1
3457a5f6-d425-462d-9916-56562552882e,2022-03-04,1,90
04e815ea-dbd6-4ab7-8824-c516f0d8a234,2022-04-12,10,10
df2bbbdb-f413-49f5-964b-aa9af02c6fef,2022-04-29,1,90
478c487a-5aea-4e14-a364-d3824182aa09,2022-12-06,1,10
38a9febc-439f-4755-9097-babda4238acc,2023-06-29,7,10
c08d18dc-e4a5-4b14-93b8-1d2b6fc0dcf1,2023-06-15,1,1
c44be013-4436-4c22-a95c-b10fbb0c0a16,2023-04-12,90,90
b1bed4fc-6425-4ce1-9e24-fd4865455438,2023-06-27,1,10
56e7d881-1f1f-47e3-b028-a8a393d1b5c5,2023-05-29,1,10
d3895471-2fba-4c72-a11f-b78436c7aafb,2023-08-14,1,1
9b72d7f3-26c3-431e-b0c8-0726a7bca45f,2022-04-14,1,10
59c8457f-77e3-40d5-9572-0df24b6c2b22,2022-10-05,1,10
3b0593d5-765c-4df8-8203-650974f627ac,2022-04-05,1,1
3259b2aa-6661-4ed3-be5d-312b396d85a2,2022-06-05,7,7
eb28eacd-2b36-4a95-b0f5-71fe66abb955,2022-05-30,1,10
4e694452-ad1a-4aca-b98a-2fddf2f3ca70,2023-02-11,1,1
c55f9049-2a68-449d-82c9-2b5a5271f2b0,2022-06-29,7,10
50fc7cb2-f6ec-4c1b-93b1-eef73a607755,2022-06-01,1,1
aa00c22f-e684-4a90-98a3-c4314e8d8770,2024-07-31,60,60
85fc5f28-1a40-4b03-8aaf-eab709934958,2023-10-29,10,14
3df5450d-8412-4532-9d21-052fde74a23c,2023-10-31,14,30
90a20fe5-8025-40a9-ab24-e21a6009b76c,2024-02-24,1,1
3cdb9d42-95af-4cdf-94a9-e86e76a981d4,2023-03-22,1,10
e35d34d3-fe6e-4b56-8944-16decfee2eda,2024-01-28,1,90
da9b5a42-e022-4519-bbba-2918cc1972d4,2023-10-31,14,90
b7b351b6-ccb7-4f0a-9382-b10b1b1c2b53,2024-01-31,14,90
b89ac125-cff1-4651-af0e-5c2f7b6e91f8,2023-09-28,1,1
ed8f6b27-6206-4937-a753-2cc5758245e1,2023-09-28,1,10
4621edb9-83e4-45e5-a6b8-10082acf062e,2024-01-14,1,10
2cd24808-67a7-43cc-bd1c-245d586c41f2,2023-02-01,1,90
36e0ece7-4838-4ed3-8ae3-3a9b140421c3,2023-02-01,10,10
074d5fba-d6bc-4206-aaf5-e0b2d4370c57,2023-05-29,1,1
8ccb816b-7d47-4ef0-8d13-5873ed08c1db,2023-08-07,1,7
ff8a123e-96bb-4d49-81a3-a455fb14d7be,2024-07-27,7,75
5ad36546-03af-4589-9713-9a0f72ff6f7f,2022-08-11,1,1
8039dc1a-721d-428f-b06e-1b6344d468c7,2023-03-30,7,7
e65713d2-4f03-48d4-8213-bfb8bd5a5853,2023-08-28,1,1
e928e2e6-531b-4e23-928e-613c8d622dfd,2024-07-30,10,10
841c0f62-38dd-4ffa-ba68-11401d729ddd,2023-12-25,1,10
82e79b63-dad2-4cfe-afd1-31d886a4968d,2024-06-28,1,14
b6c3ef6e-80ec-4225-b252-47d6bc217ee8,2023-12-26,14,14
7b30811f-4fac-47ed-926c-2e9c96bd60a1,2024-09-27,1,1
95807078-6fa3-44a4-be9f-bbf7d261b86c,2021-06-10,10,10
ca95c8a7-5641-44bd-ad34-1804723517fd,2024-10-27,1,7
29243ce5-69ca-4c86-8535-683e9e8fc418,2022-06-28,10,10
262414d6-82bc-4f0e-a386-071538e6439f,2021-11-14,1,1
d173ee98-1e26-4f5b-bee1-04edeb230a1b,2022-04-14,1,1
bec7c856-ea2a-40c5-a9e6-738ff110b63e,2024-05-07,7,7
6e1647d5-8652-4982-9062-320992026f70,2024-05-24,7,7
a9a18968-6bd4-4e44-bf66-ed01ab286230,2024-05-16,1,1
c17cf1ac-dbba-4b21-804b-f76f3f1afea5,2020-04-02,1,90
2891b801-c418-426e-8e20-8a4e5551aade,2020-10-24,7,7
04a6b9c5-b207-430d-bbc2-992aad2b3dec,2020-07-05,10,10
784a9528-aa0e-47dd-b052-ae00fbd9b879,2021-08-18,10,10
3111d464-2845-47f3-a444-238a1c294fa6,2022-01-20,1,1
3b325ab2-d4f8-40c5-8f90-721cd74fe55c,2022-02-03,1,10
bfa69580-2756-430e-95b7-20d79f435171,2022-02-20,1,1
53b671a8-e0e6-470c-97e5-5beb591d1ca5,2022-07-30,1,10
0a1614c9-dc2e-4d76-99be-287c45edf07e,2022-08-19,10,10
c8adaf0d-5461-46c7-8c42-2719812906ef,2022-03-05,90,90
7ffa979f-fe3e-44e6-83d8-b6706520b0cb,2022-12-10,1,10
3ea9b50f-45d6-4849-9169-4230a80d06bd,2022-06-30,10,10
02305900-ab77-49cb-a791-d8f7e88c887a,2022-12-16,7,10
fd2fdb5c-6948-45e3-9968-4500a48481f4,2022-05-05,1,1
480e44e5-77b7-45c7-bd91-76ac21390c18,2023-04-23,7,10
f9aa63fd-95d5-4a64-a948-3ef88ecba673,2022-09-06,1,1
03b70f62-8cec-435e-a22b-c497cfd1a690,2023-01-23,1,10
84c0cfcd-a2de-4bbf-aa45-fb9f3d25c11c,2022-03-24,1,10
d73c2281-94bc-4fb0-a83f-f73e630afb77,2022-10-30,7,7
9328cfb2-e766-44ca-817c-a908364e12f0,2022-10-28,1,10
2dbea7b6-ae52-466f-a7d2-a0b47d3f5c63,2022-07-28,1,1
1343e7e4-db22-4032-9fba-e89514f43bfb,2022-09-28,1,10
bb9be372-c70c-4d4e-8d55-8ca0db793025,2022-12-28,1,10
29a59c41-2a94-48d8-9ea6-53db48804399,2022-06-04,90,90
32a5efed-63ae-4f7e-bbe2-1636a62700dd,2022-06-30,10,10
cabb9c87-615f-4a50-a390-17ff41d036f9,2022-05-27,1,1
8091458e-0eb2-47be-b527-b7619fe32f50,2024-02-01,14,30
db573b70-7dc5-47e0-a8ee-d564424dd549,2023-10-31,1,14
d4595150-4b0b-42d3-b186-725eca6ac441,2024-05-24,60,60
835121eb-a34a-4049-84d5-21fc5c38241b,2024-06-20,7,14
9eca0213-9b93-48c8-9e25-7f334886fe3e,2024-04-29,1,10
39fd799f-affd-4a69-88e7-f2164a49159f,2024-04-30,1,7
dd7f82a9-2de3-4053-bb69-a9863cd3acb3,2023-05-29,1,10
f7f58874-d03b-4c5e-a379-cee4d2636d8d,2023-03-30,10,10
3d93056e-9c39-49fe-a74c-5081dddc3aaa,2023-04-28,1,10
1201859b-c270-4431-b87f-363c1d802211,2025-02-01,1,7
0219678f-28ee-48b9-8809-fe20b396a261,2024-02-11,1,1
a4e7d161-0aec-492d-96a7-0146a68a4b5d,2024-01-15,1,1
f186fed3-07a5-400b-82af-60610c80b830,2024-09-27,1,14
bc9934c8-bfc4-49b1-84e1-9f8597f59577,2024-06-28,10,10
474404c9-5cbc-44c0-b092-deb9038286f3,2023-03-30,1,10
a16c0e9d-1a82-4942-8fe8-4c34855173c1,2023-05-30,1,10
56e0ed95-f38d-4940-a4bd-8e583cff99cf,2024-11-30,10,10
e7419f3d-6931-4481-9f17-2e6981814062,2022-11-02,1,10
3f36c7a2-b516-420e-9bbe-50d4873cb966,2022-09-27,10,10
e4812fa5-c084-4d2a-b012-490027054a6b,2024-06-26,14,14
1af29658-8622-4b75-8adb-d940d65ea4a1,2022-09-27,1,1
b3d55b4e-7e5c-45e3-8efc-bf36b6a809e0,2024-05-04,7,7
cd18e6b0-6fe7-4840-b4d8-c87d2471b6fb,2022-12-21,1,1
dd336ee7-4efc-493e-8b67-0521a2b26452,2022-02-27,1,10
422f4396-f520-4504-866a-31b6e563318e,2021-12-02,7,10
4d5df8d4-40e6-45e9-b8f5-52a8394bd997,2022-03-03,1,10
90c4ba57-c0f9-4cf4-97e8-a039ee7f9e79,2022-06-04,1,10
2419b308-a6eb-4b45-8b61-19a1f994d1db,2022-06-04,1,1
da4b3e4b-efe2-4906-879e-919d006c819b,2022-07-30,7,7
4d366cf5-1bd6-4a22-bda9-2755a0e0ba4e,2022-08-12,10,10
91c69583-31da-40be-9939-61159b0ea25f,2022-09-27,1,10
027a7db7-aebb-4e48-b243-2fbde0904470,2022-02-27,1,10
50039dc3-1024-4e86-83f8-09bdd44ae7ae,2022-03-27,7,10
2124c910-fcdb-45f3-8f60-2b38124c2411,2022-08-18,1,1
958d194d-7d7b-4784-9a90-0b8776352e3f,2023-02-02,1,1
8f898e8a-833f-4efc-8a02-27f0fb2f6afd,2022-12-25,1,1
5e702bf3-5439-4975-b89e-47eefafcf8c6,2022-12-05,1,10
c9ab21e2-d069-4a5c-872b-db79a49421f1,2022-03-05,1,1
b92b021e-b1aa-4961-aa7e-ee861a2404f2,2022-12-28,1,10
76de849f-afea-4f4a-a623-078863741526,2022-11-02,1,10
9d9bf91f-40a8-4371-a2cf-fe4d96c10d63,2024-08-09,10,14
8dbb944f-aa65-4af7-ba9f-d3e167ebd34e,2024-03-17,14,60
16d8afa5-edf7-4cf1-a679-ec4680dd1a1f,2024-09-21,7,7
d9495716-827a-4c84-8357-23b0c1e69513,2023-10-31,1,10
d66a4bf1-5475-40e3-85f7-65f9de5b2c06,2023-05-25,10,10
bca71e0b-c077-4667-9897-be7289bfa605,2024-01-22,7,7
3f3c4283-734c-4d55-9adf-420968cae5a3,2023-05-29,1,1
16d2e45b-155b-4c0a-8c6b-42cebddc9ccb,2023-12-09,10,10
dc7fc5da-57ea-4ee1-9878-08bc5b2ddd8e,2023-10-22,1,1
c71ae1cd-751d-4eff-abd0-be03fb9f7103,2024-01-31,1,1
8303bc49-6df4-44cf-b383-fa4042c0673d,2023-12-18,1,14
3a6c71a4-af5c-4ac7-bc58-7ba6c66cf730,2024-08-09,1,1
ca6f15be-3c01-4b1d-845e-6edfe46b3ce3,2024-09-27,1,30
aff49b9e-e4a1-4cb2-a9a6-a2a36a7b2a0f,2024-07-01,7,14
3c77f17a-3b93-4b2a-a448-a1872ed49a75,2024-08-01,7,14
8b5b6ebd-7bd8-4a57-a148-52ca74fa23c4,2024-09-27,1,14
0eb43dc0-7a39-4c7f-95cd-40c94bfa6e20,2024-11-08,7,10
713e9ba9-4ec6-4d5e-87e0-79c8f2132c73,2022-12-28,1,10
603df75e-fafd-4b27-a5f9-98539cb09536,2024-01-05,10,10
846133ab-2753-40f0-9df6-2475d04e4208,2023-09-01,1,10
13977f7d-6283-42eb-83df-12bd9c89ad29,2024-10-09,1,1
a868f7c4-1829-4a6a-ada8-512f73a991fa,2023-04-01,10,10
0f9b35d8-9a79-4357-8c2b-028aed0876ec,2023-12-04,7,7
f83f9897-835f-426b-813b-279fc40265f3,2023-02-16,10,10
966e70d5-a53c-45cd-acaa-de8af41011dc,2025-05-19,1,1
0aa0a127-3bea-4d17-88cd-a390ae178269,2022-07-07,1,1
1dd3ec8b-3c24-4f6c-ba67-6bbd4b00de8c,2019-12-09,90,90
2fb7bdcb-ca5e-4815-8db0-6d24ea57e344,2021-05-01,1,10
f3385664-2483-48da-8838-8d55f3391dfe,2021-04-19,10,10
e00f3100-c202-4a8c-94a6-223899cfccd6,2020-11-16,7,7
774878be-42f5-4db2-b3d4-796af00e3ab0,2021-11-15,7,10
ac5704d2-a118-4fa7-a862-020fd2da5a07,2022-03-29,1,1
4dc84798-ad18-4a43-a19a-d362db73567f,2022-04-23,10,10
b5a87f7b-ebb1-4df7-8122-613be3446c30,2022-07-24,1,90
6e520dba-575c-4fa6-bae7-07992021a604,2022-03-16,1,7
8429a882-f6e7-4202-bb6e-52b3d585882b,2023-01-29,1,10
49019561-2d6e-4b53-9b06-6a3da8df3ecc,2022-05-05,10,10
0b9ba04d-3208-43c9-86c1-a981c6af9b45,2023-02-28,1,90
024e0d32-c173-4120-b81e-ff1ab3ff2757,2023-05-17,7,10
d7fe2348-53af-4c5b-aaff-c43cbb0953ff,2023-03-30,7,10
513a718e-faf1-4070-b663-f2bd4c63f988,2022-10-13,7,7
3c5a90b4-dcde-4202-9a5f-7b1a0cb0b7e2,2023-07-08,1,10
dd5adbb1-06a8-405c-b965-da5b5107d76a,2023-01-05,1,10
088753ff-82e8-412e-a04c-77ecb9938eab,2022-02-16,10,10
1f91f9d7-252b-4e13-af61-2dcce78b46b0,2022-06-26,1,10
ea6fbc4d-a1c4-45cc-bf39-da74ea448ca3,2022-06-30,1,10
92beaa03-78fa-43f3-9930-efc524b1bfcc,2022-11-28,1,10
77daf4b4-36b4-411f-bd0e-4dbcc000d484,2022-06-04,7,7
a75a994e-463a-4393-9f76-7e5cb39eebfc,2022-03-05,10,10
cce53e76-b2c9-4c78-9508-b270f8f29c6a,2022-02-05,1,1
f962131a-7faa-4b00-aaaa-83d20c35c1c9,2022-05-09,10,10
8717a936-1bd2-4a52-a838-0eb03251c2e1,2022-11-02,90,90
587cba4d-8132-49c0-84ca-21e18cb46b5a,2022-07-03,1,1
baaf8cdd-9cc3-422c-9459-a4a67b9425e6,2024-03-30,1,30
b4efecc9-87c9-4789-a55d-bdfe57ee5557,2024-03-05,14,90
a2d83a56-20d8-45dd-9b9a-bab90e405718,2024-05-24,1,7
534988ec-5ccb-4c2f-acaf-a876241a9862,2022-12-30,1,1
0c7009e7-a10e-4e0f-82f7-5b5c97567767,2024-05-06,1,7
4fb8e0a0-cd33-482a-a104-f104d6eedba5,2023-04-12,1,1
328da515-0ad6-434b-9da4-f1694a856279,2024-02-02,7,7
53121206-627e-4c97-b89c-8138e2a58d8d,2023-03-07,1,10
d2f2b234-d425-4b09-a563-64d46f0ec889,2024-08-01,7,14
e5a9cef9-9036-41e3-b910-be2975f16519,2023-03-05,1,1
7ccb02ec-e2d8-4826-a321-4d8be7d81918,2024-10-31,1,14
6a7dd1ef-35d9-42d2-a05c-3ad5fe20eab8,2022-12-04,1,10
cec0dd4d-0923-4dd7-8a72-e32e5c4970d2,2024-06-17,1,14
aa70f70f-ff3a-4feb-93f8-e7a4c75c2f07,2023-03-12,1,10
506a56b1-4941-468e-bcee-413ef263f600,2023-02-28,1,1
debc59cf-3558-4a15-9a8b-9de15c8c7c9f,2024-10-28,7,14
b20ea325-bc4e-4b8b-8ba6-f79aea29e078,2021-03-09,1,10
71e431cc-8f05-4afd-98df-3711ff035762,2021-05-27,7,7
2f88c5dc-d7a6-45f6-9526-47910ef56be0,2022-03-05,7,90
b9e057da-ea67-401f-9d5c-a790704b4a0b,2022-06-01,1,10
244bad78-a8b0-40ee-89da-bd2c3c1f300d,2022-03-05,1,10
2b458d5c-b481-4338-873e-f8ec9421dae5,2022-04-11,1,1
f90bde80-4fde-4937-b01a-7151415d30a3,2022-08-11,1,1
3792107f-b1b4-46b2-96ec-3cf9fb593a2e,2022-03-03,1,1
74385e4d-280c-4d51-bdc8-2c949fbc299b,2021-12-01,1,10
d16b6400-9616-44bc-8d85-0095c5c47063,2022-08-21,10,10
6e3c1111-f097-4f9f-8811-1f7c9a9b21e1,2024-03-02,1,14
16c680dd-2ff2-4ce8-bd13-dfee863afd3d,2024-05-03,1,14
9a2879ee-3eca-4b95-9738-cbf2f70d8113,2024-05-24,7,60
842cd93e-29b2-412f-92ba-325e39bafa68,2024-06-22,7,7
11b8cef5-0f11-434e-b994-6b5b032b2e58,2024-05-23,1,14
699330c8-f82c-4f3c-b3ec-ad6f0998d3cf,2023-12-28,7,7
eeb990ee-ac9a-434e-956c-dc8b1a10b3ab,2023-12-29,10,30
f2c613bb-0b2e-4999-b3f9-f322f0dd3086,2024-04-04,7,7
771e2699-93cb-4aa2-a294-b250c684f05b,2023-08-07,1,90
d83475f6-ef9b-42a6-ac17-7f23012b192e,2023-08-26,7,90
b8fea861-280d-4e05-8740-f5b227aedf31,2023-03-30,1,10
b48b780d-05ff-41f4-8329-14442f830ccb,2024-07-31,10,30
aaecd183-a9ff-452e-9211-dcef01b2560d,2023-10-31,14,14
e773207c-6592-4ea0-942f-f8cd536f2ac4,2024-07-08,10,14
ecc9571f-0282-47fa-a405-0a07a092948f,2024-02-12,1,1
e83e16f7-e9cb-4855-9dff-443d7d1a1025,2023-04-23,7,7
401133ed-4f93-4eb8-9afc-50e1bb2065bb,2024-09-16,14,14
1cbe256e-d2ec-49ac-bee2-63dd8945c9b0,2023-05-27,1,1
a926db8f-efed-44db-a3e4-d94714636f7a,2023-12-12,14,14
7d767f37-12b2-46a4-91b6-b86a39f73398,2023-08-02,1,10
b6a9e5ca-9c59-4b4d-9faf-468488fdf067,2024-06-30,1,1
e4731100-7c8d-4293-b30a-cc255e013334,2023-11-21,1,14
e462021c-6c88-427a-bcc1-82384e337af7,2024-03-29,1,1
5149a01f-aba0-411c-a5c9-43cf6451fe2a,2024-03-30,1,1
b277e58f-504a-4844-95d8-7eb9544687d1,2023-04-10,1,10
dfbf1383-5073-46de-954d-8ce6d0f5bbd6,2023-09-28,7,7
9993313e-6668-41a4-b061-03508975e724,2024-01-31,1,14
d32b8223-bd36-480c-8c12-1fc7a15a1db4,2023-07-23,1,1
67a7b5cc-61cd-470e-9189-89d6382aeee7,2023-02-01,7,10
7a39391b-7e47-4253-ac83-fbfcf205fa1e,2024-12-26,1,10
2cb4f37c-6c58-4491-81b5-1b37c953f3aa,2024-09-29,1,14
7b7a3fb2-5ab8-41b4-943a-444ba9637925,2022-12-29,1,1
d3b92b4d-70fc-49dd-a60c-a3a740241675,2024-07-31,10,10
18e3c7b2-9b75-4cc2-9add-45e27b5de830,2022-11-02,10,10
3edfb27f-3ee6-4d24-a43d-ae8d699fd966,2020-06-19,1,1
f8d74ae7-fb0a-4f9c-a5b1-93a2fbdb55ad,2020-01-23,10,10
61c8afb4-e1e4-4bf4-a941-a74e105f75eb,2020-10-19,1,1
b906bc52-13ed-4e2a-a6dd-a01aac1da0b6,2022-02-27,1,10
a27e3e06-d213-452e-90e4-5df8ca076262,2021-09-03,1,10
7dc0f45d-4333-4ed3-ae33-cf37f8e767d4,2025-02-25,1,1
e0a10c07-0b0a-46c8-b9c3-1e62fe58ab91,2020-07-04,1,10
96de08db-3a4d-4ba2-a18c-e9e4d2cf951b,2022-02-27,7,10
26431321-81b7-4f57-b33b-d06c83b0af1c,2022-03-07,7,7
425bfb9c-b32d-4c6e-91b4-cefec2215bb6,2022-06-28,1,7
784ea9a9-3794-48e6-8de1-257322f1a5de,2022-06-04,1,10
901aa22d-dbaf-4b9d-b010-0cc213714d8a,2022-06-04,90,90
9079d6e2-e7a0-4806-9721-d409f037be55,2021-12-12,1,1
c9c3c4fc-c836-4cfd-a9d3-c9e07e2cab3e,2022-08-05,7,10
fb6a6fdc-49de-4b63-86e6-425fd4a1de40,2022-06-22,1,90
5ceb4c9a-d233-40d7-9a81-258ca2328917,2022-04-29,1,10
1e415dc5-874b-4ec8-b877-3d704add11af,2022-09-27,7,10
bcbf7ec7-2a99-42c7-9bfc-f8604d8ddbb0,2022-06-04,7,10
ab728005-4abf-46b9-b4d1-2f5307e77dcf,2022-07-22,10,10
e4bd68c8-2018-4c71-a8d3-7f7fc89f2127,2022-06-03,1,10
44403590-392c-4e7b-aadd-8f6f366ca044,2023-07-20,14,14
517ef4ac-0613-4890-bb74-c015766683f8,2023-05-04,1,10
aaef805f-0286-4884-b739-5a435ff9f4aa,2023-07-29,10,10
06de14d4-2c50-42d9-a2b6-304c358258e2,2023-04-18,7,7
02571c0a-8d31-457c-88f1-0eab3a3d8fbe,2022-07-03,1,10
0caacf96-8bdb-42d1-8b5c-2aa402b5ab66,2022-05-05,1,10
84f3a365-7287-4187-b403-c2b8ea963b91,2022-05-15,1,10
054988b3-ef07-446e-8017-45a157ea3886,2022-12-17,1,10
102386b6-c495-4b85-945b-41096e1ba087,2022-05-21,7,7
ef2a7928-9c2d-439d-aea7-a5b72108631b,2023-10-19,1,1
2731af7e-e646-4c17-94b0-55b0f855eafd,2024-05-24,1,1
6afc5ab1-ee8d-4b10-b342-44cd6c1ed533,2024-09-27,10,30
afff952f-335a-4352-860e-22ea592edf39,2023-03-13,1,1
b0f21026-1f39-42c1-afc2-7dba32a39372,2023-11-05,1,10
695fb6ae-7bc9-46d2-8d16-582e79583cfd,2023-09-08,14,14
6b1f18aa-932f-4857-911b-61ad5b0f9208,2024-05-24,1,14
77eb7b7c-30eb-4a1a-9f5b-3761786dfbfe,2024-01-15,1,1
458552f8-7f05-4d7f-abba-c932e847d461,2023-07-20,1,90
83e9127d-9fc4-436b-ac50-969e08e99e0b,2023-03-23,10,10
29366128-f727-4682-9c33-7ac2b5efc18b,2023-01-17,1,7
4a758183-ed57-43a5-bd7a-2c9a2b45e1cb,2023-04-01,1,7
45f3efaa-014a-4221-a401-55f770eb5a2e,2024-09-27,1,14
0fc53147-cd31-4a1b-8fdb-42c9117b44e7,2024-08-01,10,30
b82fe743-2c28-464e-843f-b7ec1082203c,2024-05-03,1,14
69a47523-a814-4f45-86f6-b402efec3303,2024-01-27,1,90
4f3b42b8-36fe-4103-81ce-438f8ce5dda8,2024-04-15,10,14
6ac078a2-a2aa-4fd1-8d82-dc36226603d3,2025-01-20,1,1
d41b277a-af3f-4066-9ea9-b875e2ebf95d,2024-03-12,7,7
531dd5ce-f054-4507-974d-cf5c411169ee,2024-03-30,1,14
4d044827-e2bd-476c-92b0-0a2b63698bdb,2023-10-03,7,7
7266ebb2-c4eb-425e-aaa5-0b1514259d65,2023-08-02,1,10
e05c7e83-0543-4289-a7df-ba32e4a5c043,2023-10-09,1,1
5f4910ac-8475-49ef-ab4b-dcc608bdadd3,2023-08-02,14,14
0c6f8d9e-0391-4751-a078-b68ca0c488f3,2024-07-29,7,14
54b1765e-b0d1-411d-a816-87e919c93d34,2024-05-03,14,14
4b8fe4ff-b81a-49ee-9024-b90b904b2059,2023-03-05,7,7
cd4e831c-af8b-4aea-b719-4c188683ea30,2024-07-31,1,14
f91446ac-fd9e-4f1f-8e9e-fea9f77e02b5,2024-09-01,7,14
55788748-ca53-4de0-93a6-6de149c71b5f,2024-09-27,1,14
4cee7ed7-fe3a-4dd6-b6da-98b3ad99c092,2022-06-06,1,1
2e58284c-930d-4620-ad24-5a9416125254,2022-06-28,1,1
259a2edd-06b2-4e34-83dd-e3361cad888a,2024-01-31,1,14
2ab4e825-b733-458c-aacf-208641da835a,2022-08-04,1,1
91f95550-59f9-4eea-be8c-a2bae0235d31,2022-09-27,1,10
e0c52af6-52a5-4d30-9dbf-e4f58a151da7,2022-05-20,1,10
6ec302fd-f634-4af8-9514-48005aa0cc33,2024-08-25,14,14
8519552b-7731-455c-9ae3-e24b41bd9c08,2025-04-15,1,7
f40734c0-6aa9-4624-967c-df168fc7def4,2020-09-06,10,10
1019c497-a45e-4224-85eb-4006d94bc786,2021-12-11,1,10
83cd93f4-8dc7-4a6a-98de-e8650c1f4e21,2021-02-12,1,10
08c31589-5ce2-47d7-b1ec-e1bc9bed8887,2020-11-08,1,1
f464f9a0-79f0-49a6-9fe6-d3e48279dc9d,2022-06-28,1,10
ab971367-31eb-4478-95a2-c60dc0f5f557,2022-09-26,7,10
29e15988-0ab5-4889-97ed-9eb9a4f975dd,2022-05-20,10,10
62aae8ea-83f8-4212-8a6c-cc2895222692,2022-12-03,7,10
1ade4f5f-298b-4f36-a417-c0043e09d98f,2022-09-28,1,10
a1d41d52-ab87-476d-b401-a211d08eda16,2023-02-01,7,10
2cef1c1c-6208-443d-868b-f73655b2b82c,2023-07-14,10,10
24ddb151-b168-45c7-adf3-0d416669bf05,2023-03-09,1,10
1a66c3fe-4670-4e9c-8419-dd4a9d6fc088,2023-01-29,90,90
4276df75-8abd-4eb6-9004-35067a5766a6,2023-06-29,10,10
8923076b-4c85-4f10-9e94-3be87b81348e,2022-06-04,1,1
1c4bf434-f920-4a0f-8813-f02431fdf8c1,2022-02-06,1,1
3c7db4c4-271e-4805-9941-929fe2d14ca8,2022-09-26,1,10
bdbcd11c-d948-4ce2-a01f-596edb5a435c,2022-06-01,1,1
bc7f8259-d4be-4dd9-a1b1-a242ea13d0ce,2022-04-19,1,10
e57dae77-ec5d-4cd0-b1ae-d7dc6aa2daa0,2023-12-17,10,10
43e02142-bb55-4621-b2b9-7cd1f17ca2c5,2024-01-29,14,14
13840e04-cf99-4819-b996-2b95b158180f,2024-05-24,10,14
ff0e12eb-45ed-4d5b-8b80-21d76c3399f4,2024-03-31,1,14
bdbad648-a6bc-4889-9cc2-e86ee6ac4a6a,2023-10-11,14,14
4fa97d55-41e6-4e2b-8e84-da22a22a3339,2024-01-31,1,1
69acee3b-89c7-4236-a3e2-731c862f888f,2023-03-17,1,1
c17185c7-e3f1-45d0-a541-c1417035b83f,2023-05-29,1,1
60d6316f-3a5d-4057-970d-f51b72d0be46,2023-11-24,10,90
b66a3784-9307-4ea6-914d-7f60e6462ecc,2023-03-30,1,1
3561bf85-6e68-4032-bd86-7df1636d9d1e,2024-03-30,1,14
e5fe0306-b4ea-436b-8726-d94f87252481,2024-05-23,1,14
fdf6064c-7da9-4f08-9f80-5488d7f76ed1,2024-06-11,1,14
5e55194e-34cb-468b-a338-250867f05ef6,2024-11-11,7,7
9c48c678-1ed5-41cd-9d3c-80e6545ea258,2023-02-22,1,10
5ab19c27-c7f5-47c4-8c82-68d560ebea95,2023-03-27,1,10
ec246014-23ad-4e5d-a123-f09881b935aa,2023-10-10,1,1
86086744-629f-4e1d-b852-9694805ab5f3,2024-05-26,90,90
a6eb22d4-5358-40db-9cfa-1b06c2aec36f,2023-05-29,1,10
2eee9885-71f6-4225-9c0a-07070e7044bf,2023-04-17,1,1
06b22789-dc51-405d-b767-8c840d5ea780,2024-09-15,1,1
324f678d-5cfd-4a53-be46-c3371821ef29,2024-07-29,10,10
010bb394-ff36-4a80-aa70-6f4745ae7fbd,2023-06-29,10,10
3de580f2-a03e-405e-8fb3-0b28ecad183c,2024-10-28,1,7
864fb11a-be15-498c-bb92-1d79b28d6d71,2023-09-24,10,10
520d70c4-eee4-49a4-a944-d42060202b17,2023-09-28,1,1
425447ba-1a41-4176-a73e-6f29e3162bf2,2023-07-30,14,14
02aab020-7165-46a0-9f40-df0a5975f7a1,2023-01-29,1,10
846d6aec-246d-4c64-965b-d35ada2b3a9a,2024-01-30,10,10
b02516c6-0282-49a1-99fe-8d6d11f6f943,2024-06-30,1,14
a0ccb905-3a7d-4d29-b097-c1549e420d51,2024-08-01,1,7
0a9d78ce-fc87-43ca-8d47-5c45b933d307,2023-10-30,1,10
11a835c8-e6b4-454d-acc0-7faefeb09a60,2025-02-03,10,10
1f09e49b-ed90-44a9-b370-1384575e1a34,2025-06-23,90,90
faf207de-3aa8-446c-bbf5-74385af7d7e3,2023-03-21,1,1
9788d573-6575-4303-9de8-72ad923b7d0f,2024-05-04,10,10
1d3c3b06-6f54-4340-8ea1-386c50ab8138,2020-09-03,1,10
fffbdec2-f240-42b7-a014-5106e3fbfa49,2020-12-11,10,10
edf68122-8174-4829-a4c8-dadb8f8b6d97,2020-09-05,1,1
d572e165-ba0a-4e8b-8b04-b5fac07cffe1,2021-10-25,1,10
79feaf2c-2cec-4e3d-b1d0-d77487b7318c,2021-12-28,10,10
8ab04723-7c5a-49e9-816b-8bd772dcb9d2,2021-08-16,1,10
458703d5-c898-4559-a464-0ad188afaeae,2022-05-19,1,10
caaa6b9b-32fa-452a-800f-219282733c9c,2022-03-05,90,90
ccd13b06-6482-428e-8fe3-bf85a5d8e6ff,2022-06-28,1,10
39a3b7af-2848-4cf2-ab3f-c3acf02d3a7e,2021-11-29,7,7
ecaf2f5c-785e-4b82-93f0-b136734e8160,2022-03-07,7,7
423b0c2c-eb7d-4583-a4a7-581d5a367798,2022-03-04,10,10
22fe3dbb-624d-436f-8224-b4d6eafc9e21,2022-03-01,1,1
c9a0c3d7-481f-4771-a0a3-c6a6af23aaeb,2022-06-28,90,90
67897366-f8ad-43d9-a7ee-fca7d28a60f7,2022-09-11,7,10
4156dda5-ce45-41d5-babf-4829394744a7,2022-11-30,1,7
e646c159-87d1-4325-a4d6-b29f090ae45d,2022-05-26,1,10
1e07b2e3-79f8-4ab2-a9f1-427b171a08a2,2023-04-04,1,1
5eecc48e-8704-4e47-94f9-96f94cfce162,2022-08-22,10,10
30ad3334-9848-438d-bffb-8bedb893c457,2022-05-03,1,10
39058c73-b15e-42e9-9c05-cdfcc705760d,2022-10-30,1,10
63242e8e-999b-4af9-9374-de18abcf8fb7,2022-05-21,1,10
0e09eea0-262d-483a-a709-16657f4b1455,2022-06-01,1,1
acb99456-44c7-450c-b972-2a3896917f28,2023-02-28,7,10
d0eea1ea-1739-46ce-8e91-a359236d0b7d,2022-08-19,1,10
0cf044b6-93e1-4e73-9df6-c3732c926ffc,2022-08-09,1,10
c8d84158-a372-4b63-be3b-d561818914c5,2022-06-30,7,7
65e20385-0afd-4a73-a237-cdb178fa92ab,2024-05-18,1,1
41417fdb-c8f0-42b4-889d-5c24f935ae73,2024-05-03,10,90
94cc54b2-086e-4a01-887c-04f9c5d1ccee,2024-05-03,7,30
7091bd5b-31f9-4319-9e3e-a67646da4a7c,2024-06-03,14,14
82428384-1985-4f76-93e6-c43a1d30756a,2023-12-29,7,90
8579daac-8796-43f8-8ff8-dd7f8daabf83,2023-09-28,1,14
3eec9e43-de3c-4d73-b701-5b6010e100a8,2024-03-30,1,30
7481d2d9-0335-4a0b-9528-ee78b87793b8,2024-03-30,1,1
6085909f-c73f-42e4-b5d3-80e38656ae82,2024-06-28,7,60
cea20e1d-83e8-463c-a343-40ab8f80ab08,2023-09-04,1,1
139bb270-c257-4033-8b01-494264f9f88d,2023-12-10,1,14
3258892c-a5b8-4c13-ad00-7f9ba9bf3d20,2024-10-07,7,14
56d552ee-feb5-47b2-9a03-c81841618e44,2024-05-24,1,14
8044c22a-2220-44ae-ba08-0ccbd5c6b7fe,2023-02-01,7,10
bfb1e3be-1ec6-4e8e-9a6e-1c373aeafc0b,2023-01-29,1,7
0575d5a9-090d-45a3-b86d-3597274b38b3,2024-08-20,30,30
0868e6a7-57d4-42ee-8624-01837f6a23d0,2025-01-15,1,10
1da3b1d5-f566-4f60-8310-9d9349283c9f,2023-08-21,1,10
8ed56412-bea1-46f1-91f9-9438baa04ece,2023-05-31,1,10
920380bc-9819-40ff-bc4a-d8a35b97fa33,2023-02-28,1,10
89cb8632-7988-419c-a301-324937fd6906,2023-12-29,14,14
6ac28b7c-1c22-459f-b5eb-af6c2269e6fa,2023-05-30,1,10
58f6fdb9-0e3d-471d-9875-207a7e9ca865,2023-03-27,1,1
79ec2a5d-4dc7-465d-b4ae-c2ca64bd2934,2024-02-15,1,14
c71d8b0c-1d19-45b8-97af-6a566f13da7a,2023-12-09,1,10
f7c9fd28-403e-4e51-b5cf-cbe4428a90eb,2023-12-02,1,1
12243d08-b71e-414a-a3d8-2c56ce7e5f02,2024-09-07,1,1
db37fa88-2625-4d5d-be02-a526f9aaf177,2024-05-24,14,14
ef4cf1f2-e68c-4596-b79f-89781946c0ff,2024-10-05,7,10
39cd36b7-39a5-4f08-9a4b-d822a56cc743,2023-03-30,1,1
06d9c304-365f-44eb-b12d-00498365af18,2025-01-10,1,1
157695b6-5d11-4176-bfb2-b952aedd62fc,2022-04-14,1,1
6e5364a5-8149-4279-ab0b-04ebf4f8e79e,2022-07-19,1,7
3c85fb00-291a-4502-b7a3-b476cb1c9fb9,2022-07-22,1,7
6c62e10f-35b9-4add-bf5c-c3256a2b4e72,2022-06-04,1,10
cc1badd1-2671-4000-aa19-ce08293eefc3,2023-01-03,1,7
262ee2cd-480e-4d32-8938-48d73b523418,2023-03-26,1,1
3e4969cb-1073-4f11-ab6d-32f4c755de19,2022-10-10,1,10
77a70786-86bd-4a51-9441-2f7e766664c8,2023-06-29,1,1
b852551a-8d3a-46d5-963d-7b5c15774217,2023-02-01,1,1
105fe769-dd90-4c43-a33b-f815017ee01b,2019-07-08,1,1
ddfabdf0-027e-4c12-9d9d-87a1297247b1,2021-07-03,10,10
94017106-9d0b-43e8-ad46-9c9d3e703ad2,2021-08-02,7,10
cf1066ba-b279-4532-a49d-1f4e1a3e3d2c,2022-01-31,1,1
a69813a7-7984-49d8-a992-3196120e7dee,2022-06-12,1,1
f2cf2abb-a213-488b-915e-2fd460b9a147,2022-05-03,1,10
2ef14ae8-2cc6-49c5-9230-33c65e55dcb1,2022-07-02,1,10
96b48e1a-07fa-49a2-9f1e-cf6a87a93bd2,2022-11-17,1,10
8814f315-b5d4-4441-bfa4-810eefc429a5,2022-03-01,1,10
f0895e50-4d41-420e-904d-cdafccfda352,2022-06-28,1,7
58299942-95b4-4377-ab5d-5b151a459ae0,2022-12-28,7,90
322905d7-9b35-4667-88c4-050e344e9165,2023-03-30,1,10
b5e112cb-0464-498b-afe0-3d59197654fe,2023-07-17,7,10
0d958af9-c13b-42d9-8cf8-9dd1791cafb5,2023-03-30,1,10
0fc98321-1855-4ed1-8552-ba8a6fb7a656,2022-02-27,1,10
6db8e303-8b4d-4bea-99d9-c778acf7a9d3,2022-02-16,7,10
71a63e87-2cba-4ad0-8da6-0a86106b24f8,2022-07-30,1,1
2778b1a3-f32b-441f-a15a-ccbb284b1d81,2024-03-31,14,14
a8f88da0-b657-423b-968b-b3ece2adc089,2023-10-26,1,10
73f95e79-169d-4bc5-8373-18e6ba79113f,2024-06-30,1,7
17ad387f-1f5c-44ba-97e3-875dc9263f6a,2023-12-26,7,14
8b179f16-93b8-46f2-bc9d-5309007ab1a0,2024-06-12,1,14
62332d84-e120-49d9-a374-329a82161070,2024-05-23,1,14
f5cbddbd-6c22-4ca4-a81b-e49668839034,2023-08-01,14,14
7c438dbc-0628-414d-ae3f-d0b33a179524,2023-09-28,10,30
b6cad3ee-be50-46ee-bebd-9286ee35c4ba,2023-09-28,30,30
decd2dd4-e33e-4b05-acce-f1b17815b0ef,2024-04-16,90,90
5385a991-318a-4400-a407-59b76ba4deda,2024-09-29,1,1
1d996d3c-4beb-4cb5-b4dd-ede4e7ed44c6,2023-08-16,1,7
8f16a131-9b5f-48f1-84ff-d5e63fd6648a,2024-11-26,7,10
5d95c1e7-c1c1-4ad8-acc5-eb140bdd8d7d,2023-07-27,1,1
34cca5b6-4247-4c9f-8edf-b4db8fb65cb4,2024-05-23,1,1
72dd9c61-f0ed-4e85-a7ed-45c49f618f5f,2024-05-24,10,10
19cee540-412b-4af5-b641-87305f840aa8,2023-09-28,7,7
706048fd-a285-464a-867b-0357ca07c040,2023-03-06,1,10
4b94ae9d-bccc-4a04-b963-aff132cc6d94,2023-02-27,90,90
0a4eb058-7aab-4520-a32f-2ec52e6c92f4,2024-07-29,1,1
b5d4ba47-2e0d-4bce-9d85-f5f3674ac419,2023-02-01,1,10
e7cfc013-14b5-4919-8daf-20512baf6e25,2023-03-20,1,10
21ebbe99-146d-4ce5-bc70-5510e8da027a,2024-10-06,1,1
3d497d99-4a86-4c25-823f-dcad37703fbc,2024-10-31,7,7
13cf1f28-6444-42da-8592-8cc11df91250,2022-06-20,7,7
d3b33bff-b3d9-4441-9843-a55b764d4e1a,2023-02-02,10,10
2efa0297-0ea0-43aa-81d3-568f64545b48,2022-11-05,1,1
1ffc57f8-89d6-4101-acbf-fd3a4eddb886,2025-01-26,1,10
3e16d9c0-c0e3-47c3-9a99-7c351f484774,2019-07-08,90,90
77d651f4-1142-4d5a-afb7-f32dbab99e72,2020-05-11,1,10
7492943c-7800-41ee-b5c2-1a25e83173f7,2025-02-05,10,10
ed79b609-cb7d-4b20-972f-4edd0e8a13df,2021-09-06,1,10
7a3591b4-257b-433e-a177-3de1c21d836e,2022-03-05,10,10
bd91ea82-6228-4e15-91cb-d66dd5a5fd27,2022-06-30,1,10
dbd88594-485a-4bd3-9dc1-520b513bb07f,2022-03-14,7,7
2c78f8cf-ae4f-45a1-914d-cafa3be0d7c7,2022-12-29,1,1
14d2602c-af73-4a12-89bb-62172aa3298a,2022-10-06,1,1
699e29d6-9122-4f2f-b327-e234bee1266f,2022-07-23,90,90
d5021034-d723-4c83-a0d6-df154e0ccc95,2023-01-14,1,1
861dc81f-3f29-4972-9361-0430d4ffe8e2,2022-10-12,1,1
cc4b5779-822e-4d05-9661-fc2cd74f75ae,2023-05-29,1,10
15cd852d-ba9d-43de-a862-bb212f994901,2022-09-29,7,10
f99f82b4-ef60-445a-8dc7-7bf2008ec4bd,2023-02-25,1,10
f4e1b47b-c449-4a70-b264-1c4adcc92d03,2023-03-30,7,90
d8de9698-2e8e-430b-97b2-ee5587042eae,2024-08-12,1,14
8fd37668-b973-442b-93e4-422e52ba7510,2024-03-11,10,10
c3393e80-4330-4221-8d45-59fe9d7b0846,2023-10-31,1,7
1b9ecd14-8ba2-4c9b-a3ea-af830a84c14c,2024-01-28,10,14
ee870200-7ddb-4f23-b8af-20584313b844,2024-09-15,1,14
3804e0ce-dc69-4e94-9a4d-601aa07beef4,2024-04-14,14,14
f866e14f-f5d6-4f92-9fcc-42345343de61,2023-06-25,1,10
a5f7c039-37eb-423a-b400-f748df1d47a0,2023-10-16,10,10
cf83f3c2-ffc4-447a-a1fa-6f28fdc1f0d6,2023-07-20,1,10
9be8ed4c-7da0-42ca-b3a3-106c26f2d98e,2024-05-24,10,30
059c5d18-757d-4e10-9805-c2a5cfa4818e,2024-01-20,1,1
cf2570f3-1c58-49ea-8ff0-2406d1170446,2024-05-14,7,7
70937441-3ba1-4247-bb74-f89eca26414f,2024-05-22,1,1
46a2a344-79cc-430b-a353-115fd265ab96,2024-02-13,1,1
ffb38c6f-6587-4549-854b-4cef27e9d23b,2023-05-07,1,1
c50a0845-5aac-49e0-9e93-a087bce02f3f,2022-12-28,1,10
84530b43-7cee-4507-af5f-ae5fc87f7330,2024-09-30,1,14
926f3051-3d17-4d7b-92c6-6b7d4781225a,2024-09-29,10,10
3f2a7a90-e489-4188-9c58-234a6cd16b4b,2023-01-29,7,10
ce9acc72-6010-44f1-91e2-8a5c19fbd0a4,2023-06-29,90,90
ee463895-1f93-47d6-b594-43ac4ad7c1ba,2023-06-03,7,10
411031e9-67d1-4822-8ae8-62c71b609a37,2023-04-01,1,1
9889840a-42c6-485e-afcc-58c5c85f113d,2023-12-04,1,14
cc7425c0-8e15-493a-a601-2353a972ee71,2024-05-12,1,1
fb482cfc-d238-44ba-b141-8f62538d0c00,2023-06-29,1,1
eac4b171-440e-4bd1-852c-038c817542d6,2023-02-22,1,1
d4e444a7-7b56-405e-8749-f40e9ad13318,2024-10-20,1,7
fa4374c5-cb0a-48ff-b968-c90b196ff29f,2020-02-23,1,1
f8d5a442-0e5c-4660-840d-2450c059604a,2022-09-02,1,10
6ad9c1c1-d6f1-447c-be7a-214880207674,2024-08-06,10,10
27661270-7f73-482f-a11d-3b30f47868d1,2024-07-29,7,7
9f1a092b-e954-4a87-afce-ecc05e6e7dcf,2024-05-24,1,1
a0ee9654-963c-4ff5-9910-605bed0fe9e6,2023-01-20,10,10
9c19b11d-9256-4022-b9d9-3ab2d21d4573,2019-07-17,1,90
be8ca729-6e1a-47ca-ac0b-30f5f4f90d7f,2019-09-16,1,1
d3eb9ba7-8b8e-4020-b0d1-d8647843683b,2020-09-05,7,10
57b1ca8a-e44c-4aef-aa94-01d135447b21,2020-09-06,90,90
66b932a0-5f7a-471b-84a3-5cfdbd4ef36d,2021-09-02,1,10
e61ef69b-2ac6-4793-8bea-e3a0ecdef02d,2020-12-02,1,10
308df110-3bab-4b8b-b648-bfc7993d81de,2021-08-30,1,10
125228a6-fb40-4da3-8001-01928e47a565,2022-05-26,1,7
e21bca09-c4e4-4979-9b68-1439885c4255,2023-01-09,1,10
1219560d-d691-42fa-b089-63fdc780030c,2022-04-29,1,7
2a2543ed-0756-4a5f-82ca-436ed20d72e4,2022-02-27,10,10
7fb2cf61-6d17-4e73-a06c-25dbf4c5b139,2022-06-01,1,10
663b25cd-c727-44bd-a04e-5bc5b407d94f,2023-04-03,1,7
a6be4b24-b8b4-4511-9cef-8803f69f5498,2023-02-28,1,7
701c7f56-d368-4512-abb5-4b5a5f19a072,2023-01-29,1,10
daa4c9e3-2855-4f1b-97d8-93730798f354,2022-09-27,7,10
c74e7d7d-8d3d-456b-8bed-ddf0d7651b42,2022-06-04,1,10
4ed2f299-b5a9-4b02-b1b6-7f185f052dd2,2022-05-17,1,10
e904acea-5113-404c-830c-87735a4e489f,2022-10-27,1,10
4392ed07-ffd6-4b6c-8821-1c1f9726a4a7,2023-03-02,1,90
65cba6e5-2d6c-4b88-9aeb-d2cd68e09397,2022-11-02,90,90
968fc7da-37d9-4b34-960b-6c7d2d3b21c7,2024-03-02,1,14
f8f0cea3-5109-4e92-b6e9-332e7e98af7c,2023-09-28,1,30
7e21076c-bd36-49e0-a035-3d0139ff4b8e,2024-01-19,1,1
17328fa4-3cc4-45d8-8928-b57fc0da8162,2024-03-05,1,14
439a008c-860c-476c-b4a2-7a506e20abea,2024-01-12,1,10
9a0acd55-b242-453d-83df-43223a6c14cc,2024-07-18,1,14
36beef7a-5764-4b51-abfd-4ee273b2c839,2024-01-30,1,14
71690808-ca00-4c62-a51e-b384ffcaca41,2024-05-23,7,30
547956dd-52b3-4498-9faf-4ebba019450b,2024-05-06,1,1
409b2147-3536-4917-9267-e2fc9a39a6e2,2024-01-16,1,1
2ceef421-8994-41f5-aadc-b597745b2d8b,2024-07-01,7,14
5a8d5976-e2b2-4f32-83e9-9e94ec03f64e,2024-07-04,14,14
4ff4cd23-7dbb-4d98-9737-da326cf26a73,2022-11-28,10,10
e3220295-c93b-4acb-b675-a3738a2d20d0,2022-12-17,7,7
80494d33-999e-4a75-804c-81c879f30e05,2023-06-29,1,1
1c5d52de-ff27-4bc5-ade3-ba8d87441e49,2024-08-28,7,14
8223a86b-3f19-4cee-9568-642dfc052a3b,2024-01-15,1,14
ff8bdbb8-f4d2-442e-b67b-2d019b185981,2023-10-31,1,14
ce5182ab-8fc2-420d-aabd-b49d06fa7bb4,2024-01-14,1,7
9a4ca3c2-0f81-495f-8146-a55a862855c5,2023-05-29,1,10
002bbf8d-e579-47e0-8aac-7df2e22824d7,2024-01-30,1,10
7e1ddbc2-b8ec-4f4e-b5e4-00eabdbaee39,2024-09-04,1,1
bc03dcc4-7f0d-4ef3-9b40-b3a1ec921bd2,2024-05-24,10,10
06eec7a6-d8e1-4c6c-a726-f4c75018f8f4,2024-06-18,1,1
a8be4d53-1091-438c-98be-b331eb07b01a,2024-11-13,10,10
7cc8694f-d173-48f2-af87-587a08189515,2024-12-11,1,1
38e47dcf-19d5-45f1-a9ea-e800f3daab8f,2024-10-28,10,10
7350b0ec-1f83-4fd1-8e7e-09fdac063c4d,2021-03-04,1,1
fa31ef9d-4722-4d3b-8bec-ffaf7b0d2382,2023-03-30,1,1
385c7c19-ba09-4a49-ab4d-76c380bb2fe2,2022-07-20,1,1
c62151cf-443c-4ed8-b6c3-deb0d6b4d4af,2023-02-01,1,1
9f009934-a610-47df-9801-0d560c2f5223,2021-03-15,7,7
1a99a594-bfef-41f1-8701-76964d08ca10,2021-03-31,1,10
f3b44d8f-514f-4f8d-9b78-ad0b807a145c,2022-02-04,1,10
d3a8e36d-f4c3-4559-b98b-285ca35c0fbe,2022-02-27,1,10
0c971eeb-a737-43cc-97c8-e6e6d8d17898,2022-06-04,10,10
98615bc4-aab3-4f02-9091-5234f6bf9378,2022-02-16,1,10
ed59836a-89fc-45d0-a617-8cc8730e3cde,2022-05-04,1,10
b40b9c9d-d908-42ad-ae41-5b017cac99ff,2022-07-01,1,10
01205ca4-5d23-4e69-9c93-c46163d6222a,2022-06-04,1,10
325ec990-c180-4731-99eb-469bb6d232db,2022-03-24,90,90
908bd43e-a061-4206-88d0-d237c9415d01,2022-10-06,1,1
2d9f2213-0b82-4c40-a84f-08b634be34cf,2023-02-21,1,10
80fca72e-d74b-4260-80fb-24fde8c34466,2022-11-17,1,90
5909cfc2-0155-4d34-95be-3fcb0a886eaf,2023-04-25,1,7
dc085ef6-2817-4568-8188-7a5605c5846d,2022-11-02,1,10
0de53a7b-7213-4df3-a230-bfdd68455687,2022-10-29,1,10
c32be815-2d7e-4110-8174-4a93aab3ec8b,2022-01-29,1,10
101ef623-d18d-481d-a758-eb00db4778a3,2024-05-24,1,30
25470470-885d-41c6-8c5e-d8d7d2ea8fb4,2023-10-04,1,7
ad7947bd-a0b4-4c41-a704-3caf8711574d,2024-09-05,10,10
aba6cfe3-dd01-4372-9246-7b4e91628712,2024-06-30,1,14
91c99aa3-2795-4122-8a98-2b6d96cfcf69,2024-05-24,10,10
389f700d-acec-4fdc-9dc8-86338dc17959,2024-03-31,1,14
2af4011f-dea8-4a05-a8ae-9caad51cd22d,2024-05-23,30,30
dc65b629-c7de-45e6-8d4a-db3e7131dd8e,2023-10-11,1,1
a134e25a-709f-4203-b6f3-d467cfabeb80,2024-05-09,10,10
717b6708-23a8-4de8-be37-ff60b7b90832,2024-06-23,10,14
40a60236-1eff-4167-8042-f0f21d0833cf,2024-06-28,14,14
b654972d-ce89-4459-9782-d0c02c19fd40,2024-09-04,7,10
82066679-8714-4724-82f9-cca6e719b12e,2024-04-24,1,10
4e80187c-3877-4b64-b95f-1bbcb430def8,2024-10-26,80,80
33abddf8-1696-42af-bf25-b8138eb6ca15,2024-05-23,14,14
91cc1d39-3d00-47fa-af83-ecb158b5d839,2024-09-29,7,45
3f4e4f2a-7747-4afc-8e71-36f39f27762c,2023-04-05,7,10
aa3545b9-5efd-4c75-ab72-86e5063267f6,2024-08-01,1,1
45799845-45e7-4865-9dfc-92e6e633fea6,2024-09-13,1,7
cde91d4a-a9ea-4259-acee-991ca6b4f8a9,2023-03-12,1,1
09af0032-7895-4984-90da-a97eeadb12a4,2023-06-29,7,7
d34bfcd1-688b-42da-b60c-b40406426622,2024-03-02,1,7
c878d445-cf5c-4ef7-b581-cc87654d92ed,2023-06-29,7,7
6610d247-50f8-41a2-b3eb-b4d6eb36833a,2024-01-28,1,7
e92f5833-439b-4ef9-a2f1-f7097b8b3157,2023-06-29,1,10
becbd199-0a95-4edb-9520-fdf2d40b6442,2024-06-05,1,14
9025a066-5469-4686-9b7e-8edc2c8dad47,2024-05-24,1,1
184109a8-8508-46a2-9cb2-4e2f353f9873,2024-06-28,1,1
05b93c3a-0248-4590-8b07-351fa3cc8eed,2024-05-23,1,14
3c509c24-fac0-400f-a9f5-73df96a7d331,2024-01-16,1,1
0fe5d5ce-04bd-4d16-8a0e-a60514b2c6a5,2024-08-01,7,7
a0a794e6-6fb1-45d9-8461-92c664153f5b,2024-06-28,7,7
e3e6bc87-ea21-4d3c-81c9-bf768293b663,2024-06-11,7,7
ef33f8e0-dc37-4009-99e9-a1ededd22e4d,2023-01-29,1,10
5cd337cf-b5c3-4fd9-b579-8b4308d4c315,2022-11-16,1,1
08aabac1-0a9b-4c37-ac22-45aea11353f2,2019-07-08,1,10
671eb145-c37c-4326-ba1b-721d4dd49de3,2021-05-31,1,10
81b1aea1-f8b8-49f0-8481-625fa912c19c,2022-03-07,1,7
1250c106-c6ce-4834-846e-f609deec6744,2022-02-14,1,1
eca3306d-3119-4597-a3cb-3aeade3a64bd,2022-06-09,1,10
fe750e76-c0b6-4a8f-8b67-01279b202b25,2022-08-27,90,90
51e6d616-0e25-4166-b576-7a4e9412c790,2022-11-22,1,10
cd8fa861-d52b-4343-810e-82426509c0cc,2022-08-31,7,10
ae872b49-fb89-4ddd-bc01-e4b7c63b4a90,2022-02-22,1,10
f763ea48-d365-43fc-94e0-79b618125b3b,2023-02-06,90,90
12a33758-82fb-43cb-914c-50c47bfcb0b2,2023-02-19,1,1
dc51f9ad-0fe7-43de-acba-668952ac3feb,2022-10-21,1,1
cbb8644f-21f0-4b77-982c-7f8314ce1e22,2022-01-16,10,10
bf531c8c-9301-475e-ab61-e31eec4a7102,2022-08-29,1,1
7320688f-0886-493c-b11c-d1107b8afa24,2024-11-09,1,1
31c3f782-cb2b-41a8-b2d9-a32340a42a12,2022-11-02,1,1
5ee554a2-418b-430c-b4e7-3168e609ad64,2022-03-05,1,1
2e96b2a4-e7e9-47c0-9136-1f3f38a624d8,2022-07-02,1,10
9ecce4bc-c8db-4e6d-b5de-6e988330d2e5,2023-01-16,1,10
2baf1196-88b1-437f-9533-6635e3d4be91,2022-03-04,1,1
b5c07f38-1c8f-4615-b64e-13c46080ca13,2024-03-18,10,10
8415bad5-70cd-4105-bb0c-29d5ad5af912,2023-05-29,1,10
47ad9420-1fe0-4e88-bed1-35b10fa26138,2023-04-29,1,1
40de6c37-740f-4abc-a088-d0e185b59272,2023-07-24,1,10
548bc981-56e8-4703-86fe-5b0ce6fe9936,2023-08-29,30,30
e67acd1b-baee-4811-bff5-ae5485c3b0d0,2023-05-09,1,10
ec27baaf-2ecd-4a31-8bbb-d26dd12d360d,2023-06-29,1,1
7d231152-6a33-4867-9b55-53897d2fb9c4,2021-11-01,10,10
b5f301b3-5671-4418-84bf-86cfc6a85db6,2023-04-25,1,10
200ab101-f518-4455-81d1-da3a5363eaec,2024-09-30,1,1
4611c3bc-fd56-413c-92a6-97ce5cf2d2ea,2024-03-28,1,1
d0a4b160-301b-42fc-9444-db0f6d35b9b0,2023-09-28,1,10
36487d5c-348e-4c92-acb1-618dd321850e,2024-02-02,1,10
be2280d7-f994-4f9c-937d-edcca5d3be14,2023-09-28,1,14
9460cc1e-6ca8-489b-99f4-883b47918ac4,2024-06-30,1,1
d21c31e5-cf91-45b5-8215-de61f4b3f5e8,2024-05-24,1,1
65743706-285f-4746-a543-456829c1b663,2024-07-11,14,14
6f48454a-5a27-4005-b78d-7dde2cea00b8,2023-02-01,1,10
fb714f4f-0c0f-47c8-8068-ae010ec643b6,2023-04-30,7,7
466d7527-5b27-48e7-bc2c-e4391b7730d4,2024-12-27,10,10
75cda2f6-668d-4b7e-bfea-422a1d066f37,2024-10-28,1,1
b0f3aa80-741d-4bf5-ae10-84539c92de2b,2024-08-03,1,1
85e798c0-13b2-4b28-bc13-d6f822186f68,2020-01-20,1,10
88eca20d-c804-4004-879f-aa37865ff3e6,2023-03-01,1,1
cdf0f3d9-245d-479c-9154-1a2b09dcfa73,2022-05-24,1,1
cb27973f-d637-4071-91a2-daed1d596c6b,2022-06-04,1,10
49b3ab8d-5d36-4af3-aa0a-9042774dda6f,2022-07-14,1,1
17a57872-91f0-42bf-b7a5-d4ea70e90970,2024-05-03,10,10
ad75af8a-30df-47fc-98dc-2e750a0f1bce,2023-05-29,1,1
cdeaf0ea-b24e-4937-9349-d7ca27af21e7,2019-07-08,7,10
ab4c4d74-211a-47ca-9ef6-ddea73de8051,2019-08-25,1,1
c33225ac-aa22-4286-b42e-50e0362c735e,2020-09-22,1,7
5b458126-fb50-41b1-a05a-bbdb18058682,2022-02-21,1,7
65531b9b-b90e-4032-bbf3-98a8a81a166c,2022-06-30,1,1
9b18b3ae-cd93-48df-bae2-339b1d6dd4da,2022-06-03,1,90
9eb62476-c80b-4be8-a5bc-3dd16ccb8ae3,2022-01-29,1,7
b18a5e15-c8f0-47a6-8043-953e63636cce,2022-06-23,10,10
86d374fc-bf5a-4921-8224-e11caddb58fa,2022-05-09,1,10
eefb3b5c-29f7-45d6-ba14-8966e0687220,2025-06-26,90,90
b5461357-420f-441d-9d68-4aeee30c49cb,2023-05-29,1,10
0306dbe5-36c5-4e8e-8d1e-64ac3bef7ee0,2023-06-29,7,10
17b8f248-4b93-47d1-99ce-f8dc1879ae2b,2022-10-31,1,1
b6b4a265-bd34-4f62-ae7d-e19b9ef0e3ab,2023-04-30,10,10
0f784bc5-d3b2-4dba-9fc3-e3feeb172696,2022-01-31,7,7
a217190f-ac56-4905-96d8-cf028b8f5b9a,2022-03-05,1,10
bb9eb460-a1b2-47a9-9563-d7a2c1cd1f88,2022-12-30,1,10
6c7054c8-92ce-42be-ab30-5516fff1a75c,2022-12-01,1,1
a410572a-7cc1-43e7-9d65-323734356cf2,2022-08-15,1,1
fdbc258e-9c4d-48fc-bf99-9be58c962471,2023-04-19,1,7
07abcc5d-31c4-46ae-a48c-d03db799b9d6,2024-05-24,1,1
4c55fab0-4053-42a6-8b53-3da4ceb79551,2024-01-15,1,1
151b2ec2-50a6-47dd-8a9e-0f50884ca2f9,2024-08-01,1,30
880e3f23-a581-4168-abfb-f856c99fb48b,2023-09-19,45,45
a6647802-8fd2-4176-aac2-6ccf9d53b02e,2024-05-24,1,14
f4e188db-fde9-4428-ae08-742fc68c2f15,2024-05-24,1,10
55c1c6ff-5ff5-4619-a584-962423fd8c91,2023-10-13,7,14
7736f594-8d01-4176-90ef-183a2ad21cf5,2024-05-24,45,45
f3ad2c58-85a5-4b0e-aa9a-44e366a4ef6e,2024-03-30,7,14
e7487e50-f0ef-4286-9ae0-c14e37c81aa6,2023-06-29,1,1
88102101-cee5-4f2c-a271-5a4138b91e9f,2023-03-10,7,10
d632f817-2b84-4e9c-8ede-d9ae80b01480,2023-05-30,7,10
ca2ce55d-07fa-42f9-abae-e7f28eb0abc0,2024-04-25,1,90
413f3871-9b74-4819-a144-9dd821f713ef,2024-05-24,14,30
6deb658e-2827-4ae8-a449-eebf3f4d2466,2024-06-28,45,45
0d705094-7ef3-4520-a4af-765ac10b2c36,2024-05-24,1,7
1db0d2ad-db88-4fca-9f06-7c3027f5fbfd,2023-05-29,1,10
bf9a7176-2d48-4feb-8339-1cad05f58cf9,2023-05-29,1,10
4c2ee1c6-7e65-4473-b74e-df77a0f119f1,2023-07-14,90,90
d5ffec21-dab6-4f62-a53d-3d64b28f26e6,2023-08-16,1,1
b47ff6fe-21e0-42fc-a4ef-4f9ee4268e15,2024-05-09,7,10
4720bfae-3a19-49fd-9423-767c61010ab5,2024-02-18,1,7
a318cc96-4030-4914-a527-6d04f3422274,2024-03-20,7,10
2c198aa5-16b4-4253-90de-02196e61d4c9,2023-10-31,14,14
9fad67f7-8934-42fc-87d2-efea507fdc40,2024-09-23,45,45
c3ece5aa-f9f7-4299-b1b7-58747c385bb0,2024-08-16,1,1
549c7071-ccb8-4ae1-a6f1-560eb1c72dbb,2025-02-25,1,1
13e178a0-be63-47c8-b46d-a3017c0b96a6,2024-06-30,1,1
0bc169fb-6026-4a48-9b83-f2f0a2731303,2022-06-04,1,10
f99afbca-b68c-4f4a-aa98-aa776652737f,2022-08-28,1,10
e6f11b43-f6e7-4d44-aade-95f99dabcca4,2023-01-23,7,10
7e7ac8ef-be46-4412-a881-b5928b84452e,2020-02-24,1,90
a8e9112e-1506-4e9b-b764-3c3143d3464f,2019-07-08,1,10
66343a90-36f7-4591-bdae-b70d82c62fff,2019-07-08,90,90
70097d3f-6e36-4556-8634-5c1d2ba6bf87,2021-02-02,10,10
4db59512-250e-4424-857c-2b929be41927,2021-03-29,1,10
c7bd9e59-d861-4e00-b439-1c813d527092,2021-11-07,1,1
73928747-c831-4236-8d0a-2ff5acdee01f,2019-12-18,1,10
d78c17bb-2938-4e89-bdf0-65799f44678e,2022-06-04,90,90
4d47d002-8ae5-4f16-abbb-7732516d42a7,2021-12-11,10,90
2114fea1-b0b5-43ee-8004-a455ecff257c,2022-02-17,1,90
a52d7abd-3d11-4c58-b764-d978e659efd0,2021-09-06,10,10
c7049ba1-beb8-498a-a7e9-f466e9e336a9,2022-04-05,1,10
df9dd9bf-467a-44e5-a2b7-a987340188b7,2023-02-01,1,7
ae9c7e3b-5979-4604-96f9-4ed6306217c5,2022-10-13,1,10
520d68be-5a4d-4024-898f-66f879b76b5b,2023-01-12,1,10
5cf64379-21e1-438c-9778-c6080dc478f0,2024-11-21,1,7
6b4f287e-0ea7-4c1b-9cde-b0a28a860b53,2023-07-16,7,10
a5117232-4d40-4b84-ba78-82f6f5f8b9d3,2022-12-09,1,10
b56fdb81-41fd-4a48-a592-9b0d4fa7e731,2023-02-01,1,10
74094cb1-5018-4b4b-880d-9efd2c6dcd9a,2023-03-30,7,7
2da03324-ec8b-4474-a1d8-47b59d2bfdf8,2022-12-29,7,10
292af9bc-6a74-4ac3-8362-ee3eee274278,2023-02-01,1,1
f95738c9-7eaf-494f-9f48-85be618aa674,2022-06-04,1,10
7292597f-c091-4ebf-8640-931d9cc89c6b,2022-06-21,1,10
579508e0-9fdc-4819-b967-c40d5305a44c,2022-06-17,1,10
152e86c1-ea0d-40bb-bd3d-8ced37e54f70,2022-12-09,1,1
ffe1a6db-f925-45f7-8786-0187f98fa502,2022-09-30,10,10
f784b7bc-0751-4a7f-83c8-e73df9c3414d,2022-05-20,10,10
5431016a-9793-4f69-b19f-2840ec69972f,2022-07-11,7,7
3e5364a1-4cf2-4977-9f9c-7b5fb81a1036,2024-01-07,1,14
74a0667c-3f9b-4464-8ffe-2f9775999b2f,2024-04-29,1,14
849fb61a-eceb-408a-911c-4090180b5fe1,2023-09-29,1,1
b78fca29-873f-4f5e-9158-f2ed537da35e,2022-11-02,1,10
033e0ca6-9fb0-4fd7-be87-5719260fc59d,2023-09-28,1,1
a15d6059-a110-4c69-a65e-78c5a0fadcde,2024-03-30,1,1
827e35e0-7eeb-4c34-8dc0-22324728e4d2,2023-07-22,1,14
c16d7985-4fad-41a4-83eb-4ebae26c212d,2023-11-01,1,1
e645a8fd-fb41-438c-b0f1-15a1875e0ddf,2023-04-23,1,10
166a5199-6043-4243-9995-ca20f25906f7,2023-04-30,1,90
7f74a527-5454-4689-8ec5-188560516aef,2023-06-09,1,1
10ebdb5c-336f-470b-87f7-b05f3dfe9ea7,2024-01-09,1,1
51496fd7-6628-4173-a5b6-0f7ae3c24f4a,2024-06-28,1,14
e25bfe34-834c-462b-a9ec-396a20fd0deb,2024-05-23,10,10
984fa285-ba4c-4bf2-b58d-7d8609854d6e,2024-05-03,7,14
771a9c22-32fb-4bd1-a4dd-8edc679dc241,2024-06-28,1,10
ec8519f9-c280-4fc1-9487-bdf9bbfa3c27,2024-06-01,7,7
ebf96cbf-7986-4817-aa14-e478b107b093,2023-02-01,1,10
cc983bd5-5c18-4cc7-9698-f0876dfa57f0,2021-04-15,1,1
fe96d387-2b87-4d4f-a5d2-396b5b32907e,2024-06-28,45,45
14e7ada1-2d06-48e7-b0c3-b7c2c530fe99,2023-03-12,1,7
52700de0-f43a-40d7-abd3-99422856c319,2023-06-25,1,1
28228d7b-4d68-4ee8-b1ed-efa23ce017a3,2025-02-21,7,7
06a446ff-5759-4727-ad5b-a1844be83236,2019-07-08,1,1
6f57c29f-c645-4171-acbd-85d16bc6aa84,2022-01-16,1,1
69f7f96e-2d6a-4385-9c02-2f101aa52f82,2022-01-03,1,1
63ff1895-71f5-4c34-9019-497e61102261,2020-10-16,1,10
f76373f7-a6a2-45f0-aba6-cdb551ae23a8,2021-08-26,1,1
493fe8fd-3e43-4fd4-a0bc-c9a8edf2e263,2022-03-05,1,90
76affec3-97b6-4d59-b32f-d464b7b109b9,2021-11-01,1,1
d873a10f-d5db-47eb-89f5-5274d2f2714d,2022-08-08,1,7
fc90dd18-d6f1-40bd-8f35-6486c7a4bf0b,2022-12-18,1,90
52347eba-907c-4b4a-88b2-9fec8bef7cbf,2022-11-09,7,90
37960b64-132e-4828-8fd3-08e3bb01e887,2022-06-24,1,10
557312dd-91f9-45f7-a861-a33bac0447fd,2022-02-12,1,1
495d9407-6554-427d-8b62-585271c3e026,2023-03-16,1,10
bdae161e-9879-47fb-bd2d-3fbcc6976497,2022-08-23,7,7
f67dc47e-4227-43a6-be62-e7a7d6d97f17,2023-03-13,1,10
af915264-3334-4adb-849c-1145abf953d1,2023-05-29,1,10
77379367-2729-4b39-b898-14492ce3f1c7,2022-06-04,90,90
62d932f2-ac50-48dc-b297-ecb5ed3527f9,2022-12-18,1,10
c5b24851-93cc-40bf-bc25-c6f437a7db78,2022-06-01,1,10
c6d03f91-c57b-485f-b59e-a6fc4405e3e8,2022-10-11,7,90
3266ce6e-e1ac-4e1a-86aa-546bb3f174b5,2022-11-02,1,10
3102f9f0-5738-4711-a336-3741e338ee7a,2022-11-16,1,90
ea851f0e-cf05-427c-9683-bdd33c2b8434,2022-10-02,10,10
11a9c363-617e-438c-8ae1-d3b1bbbec4ca,2023-12-03,1,1
a6b5658e-48a7-4183-adbb-6a05412a4992,2023-05-29,1,10
9139931e-c2f7-4e3a-a822-ef647b3f445c,2023-06-23,1,1
a57255ea-6fc3-4d7d-a23c-2005b3e9fa06,2024-08-01,1,1
2d981cf5-2327-4909-9423-5f3e98781645,2024-04-19,7,14
b4cde642-f585-448d-b56b-370cb40fd38e,2023-01-29,1,1
486cedc9-093b-4b2c-883b-f52fba85d591,2024-09-11,1,30
62354202-e0e5-4fd3-a79a-7dc678b1a5b6,2022-11-15,7,7
73b1c280-60a7-46ca-9bf1-c552cd8e8e90,2023-12-23,1,7
3e731e3d-0cd7-4c48-a6cc-6ea76530e81c,2024-01-13,7,7
a4b36c07-8007-4cc6-8345-2f53ec5fef4c,2023-07-18,1,10
138b52ce-14aa-4647-8ccd-b0a94834fb90,2025-01-27,10,10
95694c4b-2230-460f-94fc-a644cbc0cc5e,2024-10-25,1,1
91206ede-afe6-4118-9d8d-0db1f9acf49e,2024-05-24,1,1
3daa72fb-b3a1-43fc-9d3f-f98182a30403,2023-09-22,1,1
70ff4950-7c14-47d8-bcd2-7d5f32acbafd,2023-06-24,7,7
3a4c3706-3aa2-410d-ae19-9322a21aba69,2023-04-02,1,10
02cd490d-ece1-4b18-b28b-3844ba51d4af,2022-03-14,1,1
3099c429-8915-4fad-b17f-c405b5ff97ba,2022-07-06,1,10
cdc07061-1e79-415c-80b7-bf37a754868f,2022-09-27,1,1
ab07df00-fd6f-47b0-ab5b-e04239ddfc55,2024-10-31,14,14
5778dffa-6e2a-45a4-bcf0-7df75134575a,2019-07-17,1,90
ce46b830-2a2a-48a8-90e5-bd6b296f5514,2020-09-07,120,120
5a2731e6-ab44-4c0f-bb05-8d8d192afc3a,2020-11-09,7,10
1f6a6ce5-80db-48b9-84ac-121b78ea65b7,2021-10-15,7,10
19669326-fd72-4ce1-a671-b04b893addf7,2021-10-11,7,7
4f48cea3-1b20-47e6-a915-6fc09a327413,2022-02-16,1,10
2c2ad908-c928-4f12-920e-3babd635918d,2021-01-05,1,10
498bb86f-a36b-4994-8f57-efdc85c41ff2,2022-01-25,7,7
722ef034-d77e-41cd-ad9b-b554304485c2,2022-02-16,1,10
9f3d4e78-852b-4339-875e-b9c4e2f471e2,2021-11-11,7,7
184819e1-7397-4286-9851-c95dbb295372,2022-07-28,1,10
d39ffa8a-aa64-401e-8457-988f355ecf85,2022-08-01,7,10
4738a7fb-a1d2-4ef1-95c3-d4a491ec7295,2022-02-16,90,90
a483fa1e-3b0c-4ff9-978a-2bef0df9f7aa,2023-01-03,1,10
ceffe406-d2e2-4021-bfef-e7a78e4998ac,2022-12-12,1,1
edbd3236-48b1-43e0-905d-9df44c542906,2023-04-25,1,1
cd57a75b-57b8-49f1-b8b5-8222bf61d922,2022-12-29,1,10
1d0c7dc6-e57b-45ff-b921-afbc6c088cca,2023-05-24,90,90
30d2ffba-b02c-45ba-bee1-4b943df70f12,2023-04-16,1,7
30c55d0a-653c-4273-adc4-9d535de8efa0,2022-10-10,1,1
c66e396a-8d05-4c01-9645-0ef0ffb5b5bd,2022-02-07,1,1
b96cc7bc-d03a-43b3-8bc2-c0eb66c4fd2b,2022-06-03,10,10
4d9d4a4f-9bdf-4ad8-b960-bca6a636caaf,2022-07-24,1,1
f9bb0568-338e-4f3e-a7da-ac647fb7021b,2022-08-13,10,10
e19275f8-ebc5-4ef2-b582-7dd83c2d265b,2022-11-02,10,10
b814f9dc-fa88-4b26-a7d8-b7658e7ca664,2022-07-30,1,10
f0cb23c2-e178-4d10-8dbd-7fe311acbde3,2023-12-14,1,14
c0310d3d-51bf-478f-9772-321247cc9ee2,2023-10-16,1,14
c5673c21-7845-48cc-8797-b4025f70e998,2024-06-28,1,1
79e67f76-6f24-49ad-bdf3-319008f7292b,2024-04-08,1,1
5859bf28-35a0-4836-93e4-4d1b04d0cb69,2023-10-22,1,1
95aba2b7-4c34-4e63-a9b9-c998f78787bc,2024-02-09,1,1
acc299b0-d5b0-4dae-b90b-1802de254db5,2023-03-14,1,1
47f4fe28-6f57-4512-90dc-a775accfcd1a,2024-04-01,10,30
599b3d19-403c-4253-9cc2-29a892c8508e,2024-07-29,7,30
342f7473-3f23-4326-9e23-f98b9bffe957,2024-05-24,1,1
c0a6a94f-0f9c-4401-b197-db9c2b5301bc,2024-09-27,14,30
f533250d-1283-4ed2-8c37-6faa30ca22ef,2024-10-24,7,90
b69e291a-4114-4502-b088-7d39960115d1,2023-02-04,1,10
30b847e7-8e6b-4845-a177-76bfea3b28ba,2024-03-29,30,30
aa2a3491-94d1-4b13-8e37-ba534878a908,2024-08-01,7,30
8eb538cb-6f31-44e5-8270-4b357e908412,2022-04-06,7,7
8a958cfd-2e75-4a91-a7a3-d4355b6323f3,2024-02-26,14,14
1028fc4d-8345-4722-a139-0eb429ea6384,2024-05-12,1,14
f91d2975-f7c5-4a42-85e7-0726c7e594e4,2024-02-19,1,1
d20cc9d8-310e-4bb8-991b-d43654e50244,2023-11-23,1,1
6f0809a5-36ed-49d8-8800-5f03044f561d,2023-11-01,1,1
7483586f-73da-4c90-95a2-92f1677da8a4,2024-09-30,1,14
2b075720-32a7-471a-9d35-470492564792,2023-03-30,1,1
0e5fbfd5-16bc-45fa-bd23-2b12230b4247,2025-02-25,10,10
b1e9546b-0026-49bc-b214-57232e1dc634,2024-09-27,1,1
70ff7692-94cc-4863-b455-c3ba13290361,2022-04-16,1,1
7f482a81-650d-4af6-b43b-e6084d0894a5,2022-12-28,1,10
5e548f09-30df-44d9-93de-e2558b974a16,2022-11-21,1,10
b3b45bac-c1e4-42e8-a111-07cf0488f7d6,2023-07-30,1,1
ecf0a4b0-c0ce-4915-baab-4e586c88194a,2019-07-08,7,7
8e93b8dd-f6c1-424f-be5a-d53f816a8d4c,2025-01-31,1,1
34ed49eb-143d-4038-8828-6f157c5a3e42,2019-07-08,1,10
9907e23a-f080-497c-b501-a6171940134b,2021-02-12,1,1
f6717340-bd8a-40fa-bbfc-1707964c6939,2021-04-01,7,10
6d2dd241-016d-4bc2-ba3c-7c972b46c91e,2021-04-02,1,1
40fabada-b4c1-4ced-a6d1-c1646bfa3845,2021-08-23,1,10
c15b7da4-906a-47c2-89b9-88eeb296540e,2022-03-04,1,10
8ffd1c4e-0a20-4921-b955-862ba70ecada,2022-04-15,1,10
e5a3ad77-a6ae-4362-b0eb-702fc8b35fb1,2022-02-27,1,10
383c9265-5c3a-43dd-89d8-99e51f6a37db,2022-12-11,7,10
cfc0ad09-c5a5-4503-9422-981f0af955dd,2022-11-24,10,10
b0330084-1e6f-4bf1-8042-f6e65742e890,2022-09-27,1,90
d94bdee6-722d-442a-92da-044239069006,2023-06-28,1,7
f8ef5253-5e77-4d81-bf29-d3378bd8ccc6,2023-02-28,90,90
6e778903-e8b1-4044-ba23-d2bdf3765945,2023-07-06,1,7
bc49fe47-4c82-42a4-8154-abc0586dabd6,2022-08-21,7,7
9747cd70-4057-4c38-9230-81d67f6901d7,2022-06-04,1,10
ac6957e6-3b36-48a0-96e3-6acf31c6ef1e,2022-05-21,1,10
d3b7cf83-2d4b-4333-ad11-51751c099233,2023-01-02,1,10
ad719fc9-8d10-4340-9f4f-cd886c44f5fd,2022-10-10,7,7
039dcdca-6d82-48e7-b88d-c5653d98bc5a,2023-10-17,7,60
cb7e943a-b8bc-4c1d-9513-a51dc2f37e8e,2024-05-24,1,10
e2fec0e1-1805-4087-8f05-395147e2bff2,2024-08-17,7,14
eb3bfe77-c9bf-43f9-8e7d-b351555f5fbf,2024-05-20,1,14
2e1da6c7-d6e8-4a5b-9bf2-25804550b9ec,2024-01-06,1,1
c7c181fe-21a6-4b19-9468-c97ea875d3c4,2024-04-13,1,1
8b5b587b-933d-4603-9b44-1c008907cc7b,2023-11-27,1,1
bc05a010-41e8-4e61-bc3d-da14a073b040,2024-04-08,1,14
268fe34e-6e75-4863-ad06-818f38b4e27f,2024-05-20,1,10
2b345f03-0e9e-4b07-9111-592745bb530a,2023-10-27,1,30
3fa3eb8a-c367-4289-93b4-0d318a6e0207,2024-01-02,90,90
89c1b76d-70cf-43c8-ac79-90e59b261ade,2024-05-24,14,14
190eea71-3c01-42a4-af1d-7888eca7a36a,2022-12-27,1,10
83967887-a703-4a21-a8af-3b42662edf0d,2023-05-29,10,10
41327478-c9ce-460d-9f8e-67dce8813ca3,2024-01-15,1,14
59e69af4-0041-4e22-9ed5-fad1a547febe,2023-06-29,1,1
5fc561b1-b852-4187-a60b-51b9caea512b,2023-04-28,7,10
cfa3bbfc-259b-4320-8939-5b7797e58990,2024-07-25,7,14
9285faf8-ccb3-4559-b4b8-baa5545b3688,2023-08-01,1,10
037641f8-80ae-4bd1-8d33-fe71515cb02b,2024-01-12,1,1
e23a97c9-db79-47f4-b657-58d5859d8142,2023-08-01,14,14
6fc231b9-8291-4323-8a1a-3bbd7bd4503d,2023-05-29,1,10
7e35365f-b031-4673-8b1f-62effec0e588,2023-11-04,1,14
b39f9f8c-f78f-4993-abcc-596ad8a0e911,2023-01-27,1,1
63e4da31-e523-4980-b776-8a1f5e8a0493,2022-06-04,1,1
fb5be065-a87b-4a5e-a809-804aa62ff5b3,2022-07-01,1,1
c3b80a3f-341f-41d8-88c8-d0164ab9a42f,2022-06-14,1,10
4985086e-7b74-426c-8360-5cc12de2e70b,2022-06-04,1,1
376351a4-c54d-4b57-8494-e93b351419c8,2022-12-03,1,1
c1533387-5150-4775-b65e-691817d0bf9d,2022-11-02,1,10
3e5a5968-626c-4984-8217-49ecfe027a77,2019-11-30,7,7
8bd6148a-2f35-4360-8fc3-db41757702d6,2020-03-23,1,7
437c4caa-fd94-4d8a-9040-778bbb02b2d7,2021-05-01,7,10
4e287a75-2b13-4448-85ce-fcdb64277606,2020-02-03,1,1
d1ea31d2-dfc0-4954-854d-07d2ee375472,2022-07-21,1,90
a52a9910-f16f-4b61-a5d3-0811ea82b079,2022-07-05,1,10
7069ad27-5db2-48a8-b519-0d3f37726455,2022-05-16,1,10
e1cc6d9f-de94-42db-8acf-6a7a12dcadd9,2022-07-30,1,10
5868b0d0-e47f-4073-88da-a672f6e795e2,2022-06-11,1,10
991c619b-d150-466d-9f97-67eeb9659823,2022-09-27,1,1
45692419-be3a-4dda-bd91-31b8da9be29d,2023-04-09,1,10
4484356c-ca7b-4073-9af2-c44c6df699d3,2023-02-12,1,10
61b0aeee-098d-4380-8d33-54c494ba631a,2023-07-20,14,14
0ec3dd48-2c83-42d3-b6f4-ce653d0e2a27,2022-12-29,1,1
3ab2c38c-1992-4144-b81f-4a6e484da59b,2022-09-23,1,10
8a917755-1048-4c91-aad8-c656fad620a2,2022-07-30,1,1
38ff5ce9-648b-4e55-8d87-b3fb26dba482,2021-11-29,7,7
6c68f1ed-d584-4084-b4e5-aa0ca16d53f6,2022-07-02,10,10
b0982267-7458-4ee7-a13c-b283ad799466,2023-02-02,1,10
13c930f6-9d3e-409b-975a-4f88de67b6a5,2023-04-07,1,1
703df361-7b64-4d08-8b60-04fe0ac4ce8a,2022-12-17,1,1
47f57297-0482-4e60-b54b-244d367ee811,2023-11-26,1,10
dfd38415-68d4-4ba6-bc4f-c5ea9008640d,2024-05-24,1,14
8431f7e7-629a-49e6-810c-d6944a9f3639,2024-09-16,1,14
6eed885f-b246-43ba-a515-0811c3e4bf21,2023-05-30,1,7
ce72ca93-0831-40be-bfc5-8babdf65a850,2024-07-29,10,14
81ddfc83-6145-4e63-b4b1-0e3f35f9aed8,2024-01-22,14,14
deb10d1d-8485-403c-ae20-ef1e2c7b81f1,2023-09-29,1,1
96ec401a-e9cc-482b-899c-7fa8ba7b3b4c,2024-08-28,10,14
40656843-2816-4743-b8d0-9fecd3c51809,2024-09-02,60,60
32fa68be-a4a3-4f5e-ab4b-15e898a376fb,2024-05-24,7,7
d8681903-c578-4b47-bcde-5732d0749b11,2023-05-29,1,10
b963768b-cb96-420f-b002-c299de0cf71e,2023-05-24,7,7
17323fd1-6d39-425a-972b-f16ecc0b70d0,2023-03-22,1,1
0f3dac4d-9a09-465b-915d-bdca24626cb5,2024-07-29,1,10
39d7b268-66e1-4d54-8687-f8d6b95ed1fa,2024-06-20,1,7
d17233be-9609-4ecc-9bcd-0bf292c5ae20,2021-12-27,90,90
1552474f-4700-4394-b802-d99d6995814b,2021-10-01,1,1
df650489-f239-4407-80ea-b52471e95997,2023-03-27,1,1
f1e0a24d-1bc4-4e92-b564-506fb7f6f264,2024-07-14,10,14
794a9461-eec9-4751-958f-6633ba573bfb,2024-10-31,90,90
52634ad9-7658-4e79-b296-8ce6a9867ac5,2023-09-21,1,10
57a06a0d-2c0c-4002-821b-e2083c1266bc,2024-03-18,1,1
ec6afd5f-8cb6-4915-98bf-51bc80080bc3,2023-11-27,1,1
1e482324-1303-4ee1-8783-1b43f621f0f6,2024-05-24,10,14
97fff65b-112b-4148-83b7-6667c407baca,2024-10-16,7,7
c3f7fe0f-4eb9-4bfb-a378-f1689a692244,2024-11-09,1,7
4cee81f4-e7c3-4b67-9f6b-03303c220a1d,2024-08-28,1,14
dd48b7a5-a549-48a5-ab5f-725ff2d01088,2024-07-31,7,7
5f4f8398-f43d-4662-8f99-fb464c8711c5,2020-11-24,1,1
c01e03f5-88f4-49fe-94c6-b93323bc3eeb,2022-07-23,1,7
ba34c03b-c788-4783-a8c2-a8dea5db9013,2024-05-23,1,1
c9fc1ecd-f14f-4a9a-a557-26fee70e3b7a,2024-05-23,10,10
6aa9e248-9f7f-43a5-a819-bbce69a6a183,2023-03-30,1,1
b81f2d7a-02e9-44c2-8e58-5a3aee423553,2022-07-25,10,10
caa287f7-3eb1-4bf5-9898-a49eaa145e14,2024-09-01,1,1
79769878-3a5f-4c19-a6ff-837285e70321,2022-12-18,1,1
2335f558-4840-4aa0-aa15-031bd71d02aa,2019-07-08,10,90
1749e1c6-29e3-4760-8704-fa1cc7d53263,2022-02-14,1,10
720ffda7-754e-4ef8-8302-ad4a4b16a459,2021-07-05,1,1
3d1b8a95-5968-408b-8b31-5cb4c7308288,2022-06-04,1,90
613fe9d9-19f7-4aba-8da9-3d0fa723ebc7,2022-09-08,1,10
80c8b489-c7ef-45c9-b9fe-3e83e1eb8690,2022-12-10,1,10
54916e94-cf50-4cc8-ae53-e3e6cb20d65f,2023-03-04,10,10
4df8331d-6d44-4327-9350-bdd892319407,2023-05-18,1,1
aad607ec-013e-4499-b8ab-9f712329c419,2022-03-05,1,1
8a3837a4-230d-4323-bfe7-31d4b6bc989c,2022-09-27,10,10
54ce7f40-6c45-432b-a9af-bbc63da8ffe6,2022-05-04,10,10
e18c866a-52a6-4dc7-a72d-2407cd5d897c,2022-10-13,1,1
af5c9e0b-752f-4da4-9cb9-01bbf17f8035,2022-01-28,1,10
49db9c8a-26d8-41a8-ad80-70f8328fa0ec,2022-06-30,1,10
922ea9e7-b2a9-46a8-b97d-efecd5214121,2022-05-14,1,1
9536081c-06e2-4a11-ac44-435130c934b0,2024-05-24,10,14
9efb5287-229e-4bf7-a03f-45fabe1be446,2023-10-21,1,90
362baab1-61c3-4936-9270-2c434dea3a34,2023-12-28,1,7
1a1b190a-67f5-4aa6-9c57-fdeb23147b93,2024-07-18,7,10
e2610c9b-f39c-4402-93d7-78530145942d,2024-07-29,14,14
5a90dd21-8782-43fb-8b4a-29c216e95ece,2023-09-28,1,1
866bef2e-1e80-4031-beea-b0a053f26105,2023-03-30,1,1
6f864094-2b87-415e-9077-95315cdcd8dd,2024-01-25,14,14
43094ded-10fc-4bd9-bb60-683da1f86a08,2023-10-09,1,1
def3a5f4-02af-4c39-aaa4-af1b6f543476,2023-05-22,7,7
4cfb0d4c-2723-4ef1-b933-a3db22e4d05e,2023-02-02,1,10
435f2b5d-42c6-4d02-a7f3-9eb3e3e992ac,2023-02-01,7,10
5d5b4913-bb2a-4639-93b0-adbda5c67a24,2024-04-16,1,10
c983573f-c7ca-47f0-a657-c8b49526cccf,2024-05-13,7,10
9a89151b-c733-496f-a816-949030e0f0b3,2024-08-11,1,14
c39484b2-6f5e-4d3b-ad50-fcb73874f09c,2024-07-29,1,14
29a1ee6a-90f0-45ad-ba51-2837057b06a4,2023-06-29,1,1
769c2b2d-7a7a-4264-ae32-029e9526c222,2023-04-10,1,1
2d49a65b-6f2d-4e52-ace4-f486952dc3c9,2024-03-23,14,14
8ef2ac23-9e78-498e-b91d-0dc5027caac4,2023-11-29,1,1
39702dd4-a3f7-456e-b007-13a902a7486b,2025-03-29,90,90
2abe5927-4a56-432d-b10a-66535f959278,2025-03-21,10,10
865dfb07-483d-451f-a9d3-58b36e0de3ff,2023-12-23,1,1
9d7a6d0a-4cf6-43d2-b009-510171c75451,2024-07-31,1,14
f2c26a82-8147-432a-9c5b-ebe2dbff7924,2024-08-01,7,7
f9b5149a-fa2c-42ad-a4ed-449716c29d90,2024-06-19,1,1
00032b3e-4383-4d48-a1d3-d62c6071bc6c,2024-09-26,1,14
2dd9b66e-f699-4e59-aeac-262647c1a8ad,2022-11-02,10,10
e3192dd1-9304-4978-987c-a7d172cea9d1,2024-02-16,1,1
1d2e2086-4883-4107-b1f1-11380c43d710,2024-10-05,1,1
6000313d-0e1a-404e-b698-4349e70ed402,2022-06-04,1,1
98b38d3e-925c-44ab-a335-4c9e18e46d0e,2022-07-14,1,10
25991bd2-d4fb-494c-8710-95a1ea0b160c,2024-08-28,10,10
90f3244f-2d17-4dc3-a2ea-759987a2b9de,2023-02-28,1,1
bf7346f0-d909-4d30-afaa-26f34ac09396,2022-09-27,1,1
047fdb8f-6d3f-4ebd-9279-70ed65f27d25,2024-09-29,1,7
837d7260-7ba1-40ca-bfbb-732ac4c9eb57,2020-08-03,1,10
7bed854c-0de6-4b9f-8ff6-39aef839f10d,2022-01-16,1,1
9f78a885-8c0e-4753-8584-8d77033318e5,2021-04-30,1,1
de63481d-e808-49b9-9bde-1f6cfd2fafd5,2021-02-25,1,1
4ab4ceaa-c0a7-4f43-984c-5dd1ea38c3e2,2022-01-16,10,10
a2fb9197-6d58-4c00-907a-e53ea487bb6c,2022-06-04,1,1
487fc8f5-631f-47d9-ba04-4b5e9a45901b,2022-05-14,1,10
edd26f7b-0f63-4e02-a560-080fa19650e8,2022-09-03,1,1
8c5e316d-5c9b-4c7c-af8c-f3df39e4f854,2022-11-02,1,10
1572789b-d17f-4330-8491-64748d2039f7,2023-02-01,10,10
16ddd6ff-a105-44ed-aa4c-013bcff88ffa,2022-06-04,1,1
5daf1458-dbe5-4ba5-a028-7a22e948ec81,2022-06-02,1,1
71f400a6-5d6f-4840-b8c8-2a2fe06d412c,2023-03-01,1,90
f49a02a0-d974-4717-87d4-d4c24765379d,2023-02-27,10,10
22bee9e4-cda9-4645-bfc1-c7f41a8eb858,2022-08-15,90,90
3d4773ee-5b4c-4ef9-a660-a95e13684f2e,2022-08-19,1,10
572543c7-5b0c-4e5d-acb7-6539fe4a24dc,2022-06-01,1,7
d8acc5c7-1f7d-44ff-b0a9-291b405e1b52,2022-02-27,1,10
a347a622-5a40-451f-a9c3-8ec934663b2f,2022-06-04,1,10
23ed22ec-22a5-45ac-805d-52eea55b2127,2022-09-11,1,1
7b5e7f10-44db-449c-8e10-7ad1bb2b78a9,2022-09-01,1,1
ec8e9e4e-17e7-4193-b6c9-bbaf68cbd927,2022-07-14,1,1
5ce23b77-32be-4980-87cc-db0c28c24083,2022-03-19,1,1
86157f56-a1d4-4772-a5b6-2d7808d5cb78,2022-06-01,1,1
1168c90b-3ecf-4e8c-b2b5-05770ce89a82,2024-04-01,1,10
fad72b01-c632-44d2-bc8a-b25f0397f159,2024-06-28,1,1
7913f2b6-e6fc-4677-8d48-3cfc8b904be6,2024-08-06,1,1
4b2a38cb-f919-41fc-80b3-3bcc81de5ede,2023-02-12,7,7
692bc473-d6bb-4a0f-98ff-4cca9c4919ac,2023-05-29,1,10
00ab8632-6c5e-4cd3-ac58-55abfa30b7db,2024-01-26,1,14
7dec1a5f-960d-44d9-a976-6cf7d41abb77,2023-05-29,1,10
de353c0a-b4e7-46de-ad54-7a17172b6225,2023-07-07,1,90
290bb733-42b3-4144-8e69-e9c937936b1e,2023-05-08,1,10
fb77a819-24e5-46a2-b5cf-f40a0024ecf9,2023-12-03,1,1
b228c547-9ab1-4039-96f0-437fc08e7480,2024-07-31,1,1
88da31ce-1e00-4448-b645-6668cc92fe02,2024-04-30,14,30
17356490-b33a-4881-b2b0-9b401c8dfcf3,2024-03-30,1,30
f2132187-ab6e-4da1-9477-e5901b352647,2023-05-22,1,10
cb3b05fa-c2bb-42fb-9306-53cd98a32a94,2022-12-30,1,10
16b059f1-916e-4fa5-b171-c8f56bed2cab,2024-08-11,7,30
1dbd4655-9ce2-444f-8497-875ebad3d8b2,2024-06-17,1,1
091f7251-7136-4434-942a-e5cec35cea4b,2023-06-29,1,7
fed963bd-996d-464e-9ff6-1d7eb072c2a0,2024-05-03,1,1
46b0381c-0da5-40c8-81ce-a1c6bc45c37c,2023-06-29,1,10
219663bf-37cb-4cef-8798-14f7e38fdf3b,2023-06-05,1,1
0623a4c5-5c9b-49f4-b910-218f62ebf619,2023-08-16,1,10
52ec1af5-616b-4bd8-b123-69c8548b41b9,2024-02-12,1,1
faba437d-9635-4882-bf6b-0f945c7fa78f,2025-02-25,1,10
5623ccea-7c29-42e2-8e8e-4d2bcdf0ef16,2023-12-29,1,14
44af3698-fb19-415d-bcd4-d2c6df5ca342,2024-07-27,14,14
8126628f-535e-4a01-bdf5-e98312c28836,2024-10-21,7,7
5d7168cf-fd2f-4c1f-9031-9553b2d49023,2024-10-28,1,1
b7510d3d-73c7-4b17-a008-9a6fcded52b9,2024-09-27,7,7
ecef4467-ef00-446f-8d8a-41acb1bd996a,2022-12-11,7,7
68bdb24f-d389-4f27-a209-9d1077bd9199,2023-01-12,1,1
76e585d2-9f22-4566-99ea-6f4320ec2212,2024-09-27,1,1
8b4c09c6-fb14-4938-8701-45080aabadef,2024-10-07,1,1
e5af6c5f-642b-4cc0-95e1-33976d74718c,2022-06-26,1,10
40af3ef8-b252-4536-a163-46fb8d15dd81,2019-07-08,1,1
37102d87-7282-4ef1-906f-aa93a928028f,2020-05-03,10,10
6da4d064-ce7b-4f55-8339-a18cf94db58b,2021-09-20,1,10
9ddd67ef-d2a8-4e46-943c-3f67925cdbb2,2022-05-28,7,7
ba569c61-ee5c-41d4-89f5-1c6223f33ac0,2022-07-28,1,10
248a4380-e621-45fa-be2b-753077ae41da,2022-03-04,7,10
7be4b10d-96ff-420e-8331-0b3474d7efc3,2022-03-30,7,10
88704337-3925-4944-b03b-c87126d728a2,2023-02-01,1,10
a066f0fb-f800-4368-bda7-2b719a371fa4,2022-08-19,7,7
131fc091-60f9-4f07-ba5d-d4ce302bdd3d,2022-06-03,1,10
9b9bb291-5659-42bd-a4a9-51d33fc5d79d,2023-05-29,1,10
20a553b4-f993-447d-afa0-f68b4c072b21,2022-11-10,7,7
cf1b00f5-dfb1-4812-96db-afdec273715b,2023-08-02,14,14
f696382a-f02a-4350-8e1c-3444d4fded26,2022-10-30,1,1
c3449cfb-67a0-4854-ad5f-03acfda4ba6c,2022-09-12,1,10
4237c8cd-9671-43c5-a345-b25b85ecf0bb,2022-05-04,1,10
39b0fddc-48f2-46bb-8818-570efd7ae4ae,2022-08-20,1,1
7c9d641e-3caa-4526-8991-177e1bf801b1,2023-10-31,90,90
9326a308-7c71-41dd-bc7a-37e212d13451,2023-11-15,7,14
93f20573-4d04-4feb-9ed5-2264b0782319,2024-01-03,1,14
3949123b-1c6a-47bf-93d5-0b1de5b755e5,2023-10-16,1,1
2cda3019-2a62-4b7d-bf52-b0bfa2d5f631,2024-05-04,1,14
de3f7358-1cf1-486e-9406-b7ed3e54b6a4,2023-11-14,90,90
b477ed45-e006-4e46-8219-737246d0ba72,2023-10-01,7,7
21e89978-faf6-493a-a081-316f71d8c975,2023-08-01,90,90
5b3a5a2f-82c3-4459-9a7e-860186bbfcaf,2023-11-25,1,10
e83ade39-cbd1-42c7-9399-08a009f943ba,2024-05-24,1,10
9f7cac1d-059a-4308-a78e-91e440762c48,2023-12-29,1,14
2e4dd04f-c390-4466-8ea9-a639a5408b09,2023-06-29,7,10
14459865-3133-4e80-bf1c-def98127721c,2022-12-23,1,1
5909c0bd-30d1-4eb8-bd57-16d6fe14cbdc,2024-05-24,1,1
5a59d629-14e4-477a-b364-3abc254f9dd3,2023-02-01,1,1
0d01436e-2885-4db4-8ff5-a6e64948dab9,2023-06-07,7,10
f4a026e7-bbd4-4735-9b4e-8ce072cb65ac,2024-02-26,14,14
58350997-b445-499d-9e48-bda1eedcc1ea,2024-09-29,10,14
1d1e0e55-0b88-4ca4-b9f4-83b624013a14,2024-09-27,10,14
6bf2f60e-a2e9-4f4a-964c-1bfaf7741fda,2023-04-09,1,10
9a621959-fce7-419d-a0f2-d5a58a12f79b,2024-08-01,1,1
0bf28a23-6e68-4231-93a8-5012e62d0cb2,2024-06-28,1,1
3b0d1742-ac17-41bf-b6a0-12622e5bc1dd,2022-06-29,1,10
e71f613b-b1d0-491f-91ab-3da6ae01329a,2024-05-23,1,1
48da6d4f-977f-464b-aa98-8aeaa3b0a041,2019-07-08,7,10
328c78af-a58d-4598-ac0f-2c8934b92bb0,2020-10-11,1,10
4c4f4cf1-a21f-4e0f-85b4-c4ac757fb2a6,2021-07-07,1,10
f247aff3-ef86-4640-9df7-b28069852fd5,2021-12-29,10,10
66ae0fc3-1f45-4285-a5d8-21762cb90c7f,2021-06-09,1,10
878de57d-86c6-4cf5-bb3b-1cd3051933c4,2021-03-25,7,7
8397381e-e465-4394-b706-1763988604ac,2022-03-30,10,90
857592d6-8fad-4df3-9926-8e6d88cdf8b7,2022-05-20,1,10
74d66835-026b-4306-b3dd-56d8b3f55037,2022-01-20,1,10
6ccd48eb-db89-4755-a4cc-e7692c12fd7b,2022-04-02,1,10
252ee290-07f3-4e6b-afa0-dd2f68482d3d,2022-07-12,1,10
b6f92044-ba0d-4b57-9479-8119e5a3f945,2022-09-28,1,1
674431d0-8a07-4cee-a782-f2047eb3b5fa,2022-03-04,90,90
15cf88fd-8914-4f23-beec-be3200e05a0a,2022-12-02,1,10
835ee1b0-b0b4-4326-b280-1aacabbbeb06,2022-09-27,7,7
ab237d4f-d9ab-45e5-b3fb-aae5623542c3,2023-06-29,10,90
e9782494-d223-49ef-9435-14804e8e79a8,2023-04-25,1,1
987a89cc-eb63-4b4f-80f4-4c70786a5eb3,2023-05-29,1,90
e07a3a99-465f-4144-8cbd-c4cf4684eed3,2023-03-30,1,10
2551bda3-0387-465e-b147-24b2c27d595e,2023-04-30,7,90
a6bc1dd3-8474-4654-8797-e4c48e0144a8,2022-12-11,1,1
bd8fbdb1-3bb5-4f3c-83b6-9e3bd648df54,2022-06-04,7,7
75920fd5-4905-4448-b952-9d880e31e90a,2023-01-26,1,10
284e4964-4a18-4614-98a3-5291822402a9,2022-05-31,1,1
f4665e10-c10d-40db-9375-007793f280f0,2022-07-04,1,1
d18126f3-32ae-4ab8-b58a-aa31e299cf04,2024-05-24,10,14
702e58d7-5ed4-4316-aebe-d615208be50f,2023-09-28,1,30
75d521fe-b6d9-42b5-b6a6-80fac228b1ab,2024-05-03,1,90
5336e9cd-764e-42ef-afff-6e7c850648a2,2023-12-30,10,10
744919f0-ca43-4a5a-851e-bf5331bdcdb0,2024-03-04,7,14
e36d925e-a024-42ce-83e0-2c1e693026fa,2023-12-29,1,90
a46d1d55-af5f-42d3-a9bb-74a9fb0293da,2023-10-04,90,90
d948ab4a-881e-496c-8539-3d7924be4f3b,2023-04-21,1,1
e32fff00-72d2-4ee6-8046-2a59801dcffb,2023-05-21,90,90
f8b7a4d1-4217-4c50-b761-541b0a249cdc,2024-04-29,1,14
67303317-f99f-4393-8e0a-729c1cf68d96,2024-05-14,1,14
07d155dc-ea7f-4783-ac44-b9c24108246d,2022-12-28,1,1
0e5d5864-64b3-45f9-bcec-cd75432ade81,2023-02-20,1,1
634b1c3c-0a0a-4cd4-85b1-89b6a7a15651,2024-03-30,7,30
93c2312c-b5d0-457b-b590-63252f51ea8c,2022-12-23,1,10
680062b4-4ffa-4ad8-a142-535fb6a5d7ac,2023-06-05,1,1
237ebd47-c5e6-48ee-9e03-e8e5aa699f76,2023-04-29,1,1
7d5cbddc-3a04-493c-b1af-6a46953f94aa,2024-09-27,7,14
89676db0-cc1e-46f6-a1d5-f33e6b30ef41,2025-02-26,7,7
faecf9f9-b1d6-4b08-a76f-ff083baea1a7,2023-06-14,7,7
d8ca86a7-ba11-42f6-96b7-ddf5dc0c41e1,2023-12-17,1,1
818cf805-a2af-433a-bbca-9e8cf22f6d36,2023-05-10,1,1
bd64a511-e321-4733-8d01-41883c5b8305,2024-06-11,1,14
a89c26c3-4d62-4293-8940-200e31c85853,2023-06-11,1,1
dcad6d40-1c8c-4b09-aa74-78bc359851e9,2022-10-23,1,1
379697dd-e8c4-4a25-8a24-7c17874423ee,2024-08-26,1,7
8bcc00fa-85c3-427f-b036-0c3b6ea452a9,2023-02-01,1,7
af727039-a5d3-4723-a26f-81c3af35f102,2024-05-03,1,1
25bb58aa-6a30-47ac-97ce-613762c21752,2022-05-24,1,1
b18b56ba-c7dd-47ee-9cf5-86bd48187f51,2023-03-23,1,10
1a1c9b49-8c91-4686-853e-078a85ee9141,2022-08-19,1,10
3ae6b6a7-7d09-4bc9-aab4-394b8ed7e8d7,2024-10-22,1,14
a2912dec-52b6-4ae3-8d6a-6004f2226747,2019-07-08,7,10
612bcf0d-d0ae-4d98-8e7c-8da7d0b015f9,2020-12-27,7,10
9d97ae2b-bee1-427e-9d43-a2ea5e1ff038,2022-01-16,7,90
e85b3481-73a7-4f62-a893-8ba38e721705,2022-01-29,1,1
e7babaef-45d6-4e9c-a9d2-10fb4a877ccf,2022-03-02,1,10
abbb72c3-4d99-4667-97ac-fded4159cf8e,2020-07-20,1,10
2aa9746d-2b93-4357-96cf-0b00e6ca982a,2020-03-14,1,1
d56aff87-62ed-4d8c-8905-fcdda88ff638,2022-06-30,1,10
71614eed-2c35-416d-9e01-dde368a87b1c,2022-04-07,1,10
150e4e2f-fe0c-4708-9923-55181d40bb5d,2022-03-05,1,1
e29a9861-be5c-4936-b66c-fc9cdbb078e4,2022-04-29,1,10
80b16115-4c68-425f-947c-51a6edc312c8,2022-11-25,1,1
b930e67e-9da5-48f1-9c94-d68ab8ede836,2022-12-28,1,10
83d6a8b1-5f3b-4b58-899b-362cf50f8f61,2023-02-22,1,10
8f89ee3f-bbd5-4db4-9db1-521c6e0940ae,2023-07-26,1,1
14783bca-b9f7-4cfd-8a9d-250316608c86,2022-06-04,7,10
9673e9a9-4f54-4647-b472-a05e5b515285,2023-04-24,1,1
8495d181-0487-4c6b-9f2a-57f3752f34c8,2023-04-30,10,10
eeed9f64-c187-4b3f-ad37-9cfead9a8034,2022-06-04,7,7
1ef84c5f-5662-437b-8c43-c6eacfa38614,2022-07-27,1,1
cfb46997-8f24-42ec-bf30-a3cd9f2754c0,2024-02-18,1,1
cce77187-752b-4893-8f3a-f11cf71b3000,2024-03-06,1,1
f2d32552-b8fa-47bb-b470-c33c3a530cea,2024-05-02,90,90
08269a07-8245-46f5-bacc-e2a31c1fce8b,2023-07-20,1,10
15a4ffcf-5298-4439-891d-d91a3377b1d1,2023-07-13,7,10
f586f7a1-7744-4ef5-a5b4-78ac8c1105c1,2024-08-24,7,14
26d391ec-da64-47be-b5bb-478c0b574697,2024-09-10,1,10
bb78a47f-36f9-4405-9abf-488bae26b3ed,2024-09-08,1,14
cec25179-b234-4cbe-9e6c-34e8cb13207f,2024-08-01,10,10
57ab36a4-55c2-480a-b135-d02201360985,2023-03-30,1,10
15ece444-6874-47b4-b62b-a9c457f49438,2022-10-17,1,1
84cb6234-b747-4e5e-a4c7-8c8612a8ce6b,2019-09-04,90,90
d5bd1090-7cc1-413b-b6d3-5291fb8d2aa2,2019-07-08,1,1
dd4f77fc-169e-4cf3-8cff-ec5e5dd197c8,2019-07-08,7,10
f20845ee-e51a-4e8d-a297-beda23543b88,2022-03-04,1,7
8d47abd6-ea35-46cf-b824-171d76287554,2022-03-05,1,90
4568f997-944c-42d2-9ff3-23a833a8a056,2022-03-05,90,90
ef2c7ca7-bb57-4991-bc2d-8f67e2e3411d,2022-06-04,90,90
31f66eae-b8f9-4beb-af40-adaa82390cd0,2022-11-02,1,10
17bd4ff3-44b5-437d-be31-2147d5105f45,2022-06-04,1,10
f57e426a-9ab1-4cb5-866a-26d12a1ddd0a,2022-06-04,7,10
e12411df-c6fa-44cd-8c87-05d347f2c7d5,2022-06-27,1,1
7b79e394-2ba4-4eeb-86db-d30c987027b1,2022-11-02,10,10
b3556c79-8dfb-4291-968c-322da5e148e6,2023-06-29,7,10
ca79ff3b-af52-4616-abac-3eadfe5fca62,2022-10-15,1,1
2bf974d3-ee1d-4c5c-8d64-c2cfa5b51256,2022-11-21,1,10
99b4013b-a769-4142-a14a-0463624a3dce,2022-08-23,90,90
8590a81c-974a-49f6-a28c-785278a5bf19,2023-03-21,1,10
ffefb331-3f5b-49d4-b7b2-6a79975e3265,2022-01-29,1,1
77a05c88-8aa4-4e66-8944-c334bbd95c13,2022-03-14,90,90
d9fe9575-5f72-4ece-8836-e0a23f6cc310,2022-06-13,1,1
ea1a93d5-5007-45f4-bb2b-c1279e8149cf,2022-12-03,1,1
fdde17dd-7990-4819-808b-a661c0530d7a,2022-05-20,10,10
a39af13e-6d6f-4885-a5eb-a0f3b84bc055,2023-05-29,10,10
7bc7b0dc-931b-416b-a309-30e8d653467c,2024-05-23,14,14
1fa382a5-d154-4510-a354-61406ef103c3,2023-10-29,1,14
64e36d4b-ae63-4e71-b27d-4172f643b6ab,2023-09-28,10,90
9987c398-b34c-4aa6-b5b5-83192e104526,2024-07-31,1,7
ccf302df-7c41-4426-8041-74900c03056e,2024-04-30,7,30
054a0bda-158c-4268-ab8a-a08225e7c3f7,2023-06-29,7,10
ce181f09-a002-48cb-a379-141cc21af890,2023-05-29,90,90
6fba95a6-0be8-4c67-9f57-657419625661,2023-06-29,1,10
a1bbe267-81d5-49e3-95f9-f6f5138ee87a,2024-04-03,1,1
692f9737-63a6-4275-825e-b6519e93b0ff,2023-08-29,7,10
0d206adf-23b7-4a8f-b73c-49b130dcd559,2024-09-12,1,7
f17b9137-f35d-479d-bf2a-b72e63e00179,2023-12-29,10,10
f9f819f6-bb8e-4607-98b8-d502fb7bd384,2024-11-18,10,10
9020c07c-bc95-4060-89f1-641fc17e60b9,2023-02-01,7,10
cac9ecca-5322-418a-8a63-4fd5b43c4415,2024-11-20,1,1
517d90f1-7e90-4ead-a7ac-ddd87292b4b0,2023-01-29,1,10
03095f20-53b6-4248-93b5-453dc1ac18a6,2023-10-21,1,1
a0a502d9-9958-49ce-80c9-a9078a5d531e,2024-11-06,7,7
33abdf8d-18e5-4701-994e-a9598768b96b,2023-07-20,1,14
1bf84d2f-63d5-47e5-9cb1-64c9584dc2c6,2024-02-09,7,7
b7b23adc-10d7-4d1a-b0aa-98452479bddb,2024-05-23,1,1
289fb0d0-711a-40bf-ba3b-45b5b656038d,2023-03-26,10,10
c2553581-fbaf-4970-823c-0d110bf17dc8,2023-10-11,1,1
5aaf9f40-46b0-4003-baa8-7a319933d9d4,2024-10-22,1,10
82dee9c0-8434-4308-8d0c-40eaf69a9319,2025-04-25,1,1
54665197-c99b-4291-8082-80f4946be4b2,2024-07-31,7,7
08b7d334-5cfe-4364-88ed-e160420f73ea,2020-12-11,1,1
5979130c-d8ef-43b4-ad6b-45acdd12252a,2024-06-30,1,14
4d4122bb-07aa-4e28-9102-212337a3e547,2024-12-04,7,10
5e153e1d-ba1d-4a21-b7e9-f41371b2b502,2024-05-02,10,10
a7f12118-7c50-412f-af73-449179b027bf,2024-05-23,1,1
7ca91c5a-9c81-4d35-872d-a9d1f65da148,2024-08-12,7,7
471cb99d-8cfe-48a5-a7bf-0a9086dc4848,2024-09-27,10,10
0cfaff80-963b-4e64-b14a-4b184c61fdd0,2022-10-14,1,1
f8167bdf-a692-4eb2-b5dd-f8d8e1c270ac,2022-09-30,10,10
290d2cf6-f3b4-4958-bfb9-53c74bd44aea,2024-10-21,14,14
d54f7a18-651f-4f32-b46c-0d4f5cc1d910,2020-04-24,1,10
02d282c3-3d1c-4341-b220-d88f458c1987,2021-12-02,1,7
4576a493-7405-4508-bf38-af1a6b014d32,2022-03-05,10,10
eded500d-1072-4faf-a8c5-8073248c126a,2022-02-08,1,90
14fa8b98-378b-414c-bafb-ccd8c8d4d525,2021-07-17,1,1
dd9f0afd-70c1-4f8c-b7ec-8529bdf31a65,2020-12-02,1,1
d02d9757-ec8e-4aa9-9dac-0b5ea8ff610e,2021-09-04,1,10
7feb478a-9284-4cc1-a09a-aa61c7d3c54b,2022-03-04,1,1
ad174d42-eadb-4f8d-bb70-92aa4e73f013,2022-08-01,90,90
387299c5-d37a-4837-b225-4eb5303377b7,2023-02-11,1,10
459390d6-63d9-4ca4-82f7-233d64ec09b0,2023-02-02,1,1
d51a016b-2f2e-46e0-a11b-10cda747a722,2023-03-20,1,1
682fe680-a4f1-45c4-b60d-c9b8cc10f51c,2022-08-19,10,10
dfd06d96-b187-4b52-8889-6b70c421f795,2022-11-22,90,90
2522072e-2cd1-4b5b-a13f-aee22a8277f5,2023-03-22,1,1
ee321443-c811-4bf4-8b96-7c7ff830ddd4,2023-04-14,1,1
f4e4429b-8925-4a1d-ba56-2aba6b1f7884,2022-11-02,1,1
b8b1c56c-e0d2-4e41-859e-d44324047668,2024-05-03,1,45
8931be71-eac4-44aa-bea7-58be72cf9d3c,2024-05-14,1,1
b699ee47-d359-44dc-891d-8456c9057bc5,2023-10-26,1,14
5900a907-c64f-4210-9dd5-c91171566e95,2023-10-06,7,7
b2fceeb2-cb91-4853-9277-8fc812fa546e,2023-09-25,1,14
bd926f51-dde3-4054-a37b-f9f0de72ad77,2023-07-19,10,10
2bb9f043-1685-4a6e-a569-70014ef052c4,2024-01-22,1,1
9373b176-b026-4035-b4ee-470fbd5ee1cf,2024-05-24,7,30
9775bb23-dd59-4b51-beb6-e276b8e5d0b7,2024-06-18,7,30
390c0bb0-d2e6-4157-b440-ee2e0b91fd07,2022-11-02,1,10
bbf3d4f5-1b0c-407f-8657-1594c28f1ba9,2023-09-28,7,10
82c9c058-5daf-4c59-a29f-7e182f6a18ca,2023-08-21,7,7
65ababb1-0b3e-46d8-96b1-f2d8a6f342a3,2024-04-25,7,10
c16d897f-17f9-4035-afdc-1de77f20b865,2023-12-18,10,90
004e741c-dc44-43a9-ac9b-4e395c09352e,2025-01-01,1,1
a21cf043-bb51-4ed2-a600-09cc6a7de7a3,2023-06-29,7,7
634dd2fc-f655-48d2-90c4-ec6c3d67e326,2024-03-30,10,10
d05b2189-2123-47ee-87d0-a5c18aed5ccb,2023-08-01,14,14
89c39d60-2454-4027-87f1-8c7c0d7ac75e,2023-08-01,14,14
ca5858a3-657c-40c5-94f9-a0ca80f5dc71,2024-05-24,10,14
b2b45559-2478-48e7-a2c1-cad900bb129d,2021-08-02,10,10
9ed8ca87-63ed-4e1d-bbba-d5dd9950bc22,2023-01-30,7,10
db17e227-5403-4227-b2c4-09dc69814a25,2023-12-21,10,10
9906e0ca-1af3-4ccf-a53a-289373257766,2025-03-12,1,1
4a21cfab-2b3a-4c1f-ba9a-758d8e76864e,2024-08-04,1,14
d3744787-773a-438c-8805-10115076323f,2019-07-08,90,90
6d962ef7-516c-4810-9f76-e8d2d6d96520,2022-11-16,1,10
a4a791cb-802c-4c2d-b295-c5a77e505c37,2023-02-27,7,7
ac8694c8-1059-49f1-9edb-53e5dc8233f7,2022-07-20,1,1
05514723-d6d5-43cc-8c51-02e98ead57d9,2019-07-08,1,1
a4d614bb-0695-4dec-9699-f8e2628ed991,2021-06-28,1,1
67acf1c6-6527-4ce5-bbd6-867fb74ed697,2021-04-08,1,10
2fd5a85c-ff40-4454-a6c0-26238f975885,2022-04-29,1,10
ee1232f8-e4ba-4e5e-a971-366757ed415d,2022-06-04,7,7
835f1ad2-b1fc-401f-a261-242ad968ce1d,2023-02-05,1,10
8bdd2143-d993-4f18-a331-b6e2cb2ef3b1,2022-10-19,1,1
eebcd56b-6bc8-40b9-b6a1-433b15b34a4d,2023-05-29,1,90
193d0647-1070-4ae2-9e2a-4ae5b6a53393,2023-03-03,1,10
dbd808c4-ea45-473b-93fc-2600e0ac0085,2023-08-01,7,90
d02e4230-bebc-46ed-9fce-a5a535b3413a,2022-02-27,1,10
d3609339-67c6-46d2-8e6a-6940fe22d70a,2022-06-04,1,10
fdde3152-6365-4bd9-a5c1-caaee379f631,2022-09-30,1,1
c33e6bf8-baf2-4210-a6d6-4203d90c00a2,2022-11-02,1,7
abb3d1d5-467f-4da9-9eeb-a21c7624c7fd,2023-04-26,7,90
33e3d0c8-c0eb-403c-8944-c01e260cc921,2023-01-15,1,1
73fca379-6623-4f3e-8f50-f0594f7c95a9,2024-05-24,1,1
ce7f10b1-57df-40c7-b2b8-0a7c35d0ee8f,2023-10-05,1,10
a2d7cd61-f752-4a3b-bc66-df02e40e4d96,2024-03-30,1,14
27dca4ee-384f-41ac-8733-8e72239da55c,2023-11-18,1,14
f1389e20-9faf-4c13-a5c2-8beb11bd19ec,2023-10-22,14,14
3ac8eb53-e6d6-4797-977b-b8703bcf38b7,2024-01-04,7,14
da7549ef-31f8-492c-95c3-4f6f0ff0e601,2023-04-03,1,1
57369d93-6221-4d56-a7e1-81567bdea77e,2023-06-19,1,7
67385f3e-4687-44db-9d1b-03f358646fa1,2024-05-24,7,30
7f0cafdf-86e5-47fc-8caa-4c7f24e2b945,2023-12-09,10,14
8bd12a8d-91ce-4094-9876-6727ff4547f2,2023-10-11,1,1
05cd9c23-2281-4d84-830c-1bcdc5166c41,2024-10-17,1,1
a4d131d0-56da-4bb3-aeba-92236a730b8f,2022-06-01,1,10
869079fd-7ee3-4736-bfb9-9300db881d6e,2023-05-12,90,90
9f940e4e-ca37-4248-9731-9505a9cf4f70,2024-08-28,45,45
61dde47c-0201-4c73-a220-487bca3b3dd7,2023-10-31,7,10
40fd87a0-7bfb-424b-b786-b53da6c7454b,2024-01-12,1,1
8e25f5ab-ddbc-4a40-83af-c009ab5a202c,2024-01-31,14,14
b198ef58-6b60-4e17-b2f8-ac1bc81ac4e6,2023-09-19,1,1
bc363436-9a72-4ae6-916d-b61aaae90b77,2024-05-24,1,1
66627370-516e-4ff0-869e-5f5cfe5bdb55,2023-02-01,1,1
dedbd99f-3751-46a1-a2b5-078301ba6f7d,2024-10-06,1,1
d53c0d8a-c0f3-4fe9-9c6d-d04b0be86294,2025-01-08,1,10
7cd95cd3-cdaf-46e6-99df-60bb85a35c0d,2024-09-27,14,14
07a4a769-daf6-4f3b-a1ef-6fa6f2f6b21e,2024-09-27,1,14
03a39805-82e1-4233-a606-5e3ce1485e62,2022-07-04,7,7
496879f9-3bfc-4cdd-b91d-5ca999615166,2024-05-24,7,7
73d31a80-bef1-4545-94ad-2462810962a3,2024-01-15,7,7
b109cfea-4017-4cbd-bad6-bcb3799ea48e,2022-06-04,1,10
12c3c3be-4fd4-4b5f-9bd3-9b788aef6721,2023-03-31,1,1
16aa50e8-4b7c-4d76-8137-b935a051728b,2022-10-20,1,10
f70d558f-a35d-4907-a0be-1b474238cffc,2019-07-17,1,1
2bf63e83-2152-4696-a5ae-c91e123669a2,2024-09-04,1,7
20534f71-ef00-4cae-87c1-94a0fb363af7,2021-09-27,1,10
d256034e-84f2-4ffe-90a8-a3a47cb0ec6a,2022-04-11,7,10
08ba4469-f8d4-45fd-af38-e6f05604fbdc,2022-03-05,90,90
c4dc941b-0b2c-4624-8684-e78930c9497d,2022-06-04,1,1
b622f8dd-6652-48cf-95d8-6f4fc90490ab,2022-02-18,90,90
7eaacd4e-befb-442b-bb97-e0c39df6d1c4,2022-07-10,1,1
2b931012-96e2-45cc-a949-196709cdb73e,2022-09-27,1,10
30282232-3ec6-43ea-a5b4-f50d632245c9,2022-10-30,1,10
d543c9ec-27bb-4210-b145-90f8e722fcaf,2022-03-05,1,1
fdab0b23-cdb4-4079-ad92-248c57780f9d,2021-12-11,1,1
4ebf189a-c491-4463-9f0d-745d5772ea5c,2022-07-07,1,1
6d2275ad-b446-4a19-9261-bcdc92de1a3f,2022-09-08,1,10
666e9060-7a6d-41af-98a0-0cfddec28a07,2022-02-27,7,7
3473bd26-0b07-4bc4-a7cf-06a7d2e7193a,2022-12-18,1,10
098c34e8-4b2a-4da0-baa0-3ed1c3c82d19,2022-07-04,1,1
6db27675-659d-46e5-bc29-7be409070715,2022-11-02,1,7
3fd5bb9b-0e25-4c69-87d1-a904d24f4dcc,2024-05-24,1,1
d59d7cb7-37a7-4745-9121-3ff703d6cacc,2024-08-01,7,30
ec878daf-b958-4a86-bd58-94b85a5efbe3,2024-03-28,10,90
83ae1116-6500-495a-8c3c-0ac43951f919,2024-03-25,1,14
111cf726-5206-434e-841e-b52d42803468,2024-03-04,1,30
507a0596-f2af-45d1-800e-d85493cd2136,2023-02-03,10,10
12571058-2a38-462f-ac60-0c1e1bd88cfd,2023-05-12,1,10
61dce715-33ee-456e-9de0-175de5a0b072,2024-07-29,1,30
1abcb16e-b5e3-443a-b81b-a2e9f36f50aa,2024-01-23,1,30
a4bf69c0-f97a-421d-9741-e8212fa5d28a,2024-05-24,1,1
aa78f504-3635-4157-a5e9-83bf5193337b,2023-05-05,1,10
3ccbc808-621b-408f-a65d-32b4fb19a10e,2023-06-17,1,1
12627b16-7aff-4e00-a902-610e6c635f71,2024-01-25,1,14
c940ade6-1a89-490c-9946-a92c8c13e239,2024-05-24,10,14
c2ad20cf-8c18-46a1-a012-6bd7b58c3725,2023-09-25,7,10
d2c042f2-5fb4-4934-b418-0c7b508671fe,2023-09-23,1,1
bef503d7-942a-4aeb-95aa-5ad0dbdd9d4f,2024-07-31,7,14
d2e863d9-ac3d-47c5-a2a8-d9f36d4bba0e,2024-05-24,1,10
612dc4d0-81de-4a60-9164-411838d4a1d0,2023-02-28,1,1
2e042542-f429-4a73-bc9f-23e0b1545dce,2024-10-31,10,14
a6f26afa-ce1c-4508-80a4-d47525fd68d9,2024-07-22,7,7
c4474b09-c173-4be9-8ef1-8b2641d74f07,2024-08-09,1,1
0eb5e515-187f-4027-bf0a-8187ef93b6b9,2022-09-27,1,10
e29a3bca-67c9-4091-a6a4-6153f51748e0,2024-07-31,14,14
87676572-0bd8-4713-8918-01f24debabe5,2024-01-31,10,10
748de586-5797-4ae4-8752-ba83f51fc7bf,2022-10-26,1,1
af9588c5-fef9-4979-95b1-6a3fa90c34de,2024-08-02,1,1
e5600f79-9a04-4e97-ad22-3ca7ca61cecc,2024-09-25,1,1
f461dc57-98a3-4119-9510-30c80c4819ca,2019-07-08,1,10
ae979f7f-71f1-4d04-ae9f-00602c5913b0,2020-12-11,1,10
87429f06-bb68-4abe-b008-d756b7f8d63e,2022-03-30,1,1
1f847601-9610-446e-add7-f2318dd7ba4b,2022-04-07,10,10
56a871f2-2d5f-47eb-9849-ea8a430b059c,2022-03-05,1,7
42709be1-8868-414a-af11-1d8a306edeaa,2023-02-01,1,10
8e98b008-2fbd-494a-8561-8bec2e532591,2023-02-01,1,10
610cf52c-5b77-478d-b3ff-8f18da0a282a,2023-01-31,1,1
4435d0f3-a18f-4337-9837-890299b5c6e5,2023-04-16,1,10
c8d12f41-9732-4c77-9436-36dec057f3e8,2023-06-29,1,10
a638231f-a1db-42d6-a806-431610406f05,2022-12-02,1,1
72ffa9ac-e4b5-4612-8130-9adf3d1207b9,2023-05-07,1,10
c87e983e-be84-4e5b-836d-6de4158384a3,2022-10-15,1,1
3ad794f4-dbcb-43de-8961-59183108e27d,2023-08-23,1,90
194e0b32-608f-4b0d-85f3-386d69589f01,2022-11-01,1,10
477ab003-2fe1-44c5-98f2-1af9d3d95ddc,2022-10-18,10,10
f9416958-c4ca-42cb-a504-40184afd84ea,2024-05-24,1,14
6dfd634f-342e-4d4b-bc6b-d505c21ceccb,2023-11-16,1,14
48df01a4-d09a-4853-9cc9-a2601c09d0cb,2024-05-24,1,30
ab4d3cfa-0173-4be2-94c4-159fc02bfa50,2023-10-31,1,10
e90412a7-1fcb-4a5d-9a6e-05b62aeed45e,2023-07-14,14,90
2e7a1f7a-a0e3-42e7-b932-3a1c0d2a8a87,2023-07-19,1,10
90c6d812-6010-44ae-8520-a720b0e4c72c,2024-05-22,30,30
c5d25420-1a58-468f-bfde-75c40c2d9d10,2023-09-17,1,1
3e8b7341-87a1-4ebe-97f9-a9ed7b6000fa,2024-01-15,30,30
be96f77d-70f8-4add-aad7-641b3eaef675,2024-02-29,10,30
53e0be27-a1c2-4f48-80c0-29ef574162c4,2024-05-29,1,30
a5ef4c80-c65d-4b9b-8a50-1d13be91326e,2023-05-29,1,10
6221410b-949e-4fe6-b564-9a1714e5e2ef,2023-06-29,7,10
4efeb09e-e0ca-4ae7-996f-8606508d8654,2023-07-17,10,10
a19e5a91-5666-4d47-99d2-2d560d92cba1,2023-06-29,7,7
311c5331-8fd6-4d37-a06a-e0befd1dd27f,2024-07-29,1,1
e8f2b73a-85d6-4c2e-bd74-1b601de79c03,2023-09-28,1,14
e9129d01-e44e-4e7a-9748-59af8891ca03,2023-08-15,1,10
8d4ff889-4521-4692-a343-08c35b5cfd92,2023-12-25,1,10
971aa8aa-d54c-4f10-9b4e-d2b24181648b,2023-08-01,7,7
85d63307-56e5-444f-bf75-4b91186efe0f,2024-01-26,1,14
15c676a7-b86f-4965-b4a9-cdebf99ceddf,2024-03-31,1,1
38c11399-85ff-4b07-bacf-244796716191,2024-07-31,1,10
985eee37-e2fb-4fa0-82b7-2c822d0033ee,2024-09-29,1,14
9a41c77d-50f5-4bef-96a1-c2bce0232465,2023-03-12,1,1
4c2781bb-d2d7-49e3-8bdd-da59ba2c2b5e,2023-06-18,1,10
a03403cd-f69f-496f-8a4e-fdba32f2e6ca,2024-08-11,1,1
1d996646-94a8-428f-9698-11b6fd451de4,2023-03-08,1,1
52496333-d811-45e9-8e0f-78e877001b39,2022-11-04,1,7
3c5370b6-bac8-43d9-86f9-a5904db62e5a,2022-05-08,1,10
299aab3e-4750-424c-b230-7dfc1928ec19,2022-03-17,1,10
70ac0581-c14e-4b39-86a9-399707defc33,2019-10-14,1,1
fcb119b5-cff8-41d3-9b3d-1ae5723115a9,2022-10-29,1,1
352dfe63-0372-4671-9eff-8be0bd6793ed,2019-07-08,1,1
f64db01c-d240-4ca4-b775-8f5b100c93ba,2022-03-04,10,10
46130b4f-ae96-489f-a011-995bba01acdc,2022-03-05,1,10
f243bbda-889a-4e99-b640-dbc6857fd90f,2022-03-04,1,10
e44228c5-2142-45df-9b0d-29113123243c,2022-03-19,1,10
43f667ce-630b-4e7c-b1d6-f3a9c8215778,2022-05-24,1,7
6bea44b2-c33e-4303-b658-85745cf20af1,2022-10-18,1,10
b1b0ae42-4e05-4597-8a9d-65cc1d922a1a,2023-04-21,1,10
f43872af-2e98-4004-9ce2-f6e3e40a1ba5,2022-09-01,1,1
cf1d502e-e671-403a-9f5d-d899b2be5dce,2023-07-20,1,10
5e454438-34d3-4092-a619-9a5c4885336e,2022-09-27,1,1
671d4dee-b843-4d9b-80b4-0e57d00e5b0d,2022-06-16,7,10
d9934a02-c6a3-4941-af17-5646c58cb718,2024-01-23,10,10
b16f3d12-fe98-46b6-9537-919c3a29243f,2023-10-31,14,30
0ad094cb-f521-4223-8da5-2f0b205ba9ee,2023-12-29,1,14
7fc35356-b045-4b75-8beb-68840da9fd73,2024-01-18,1,10
79c7bd25-23a5-4869-9999-741ba9a0e3cc,2023-09-28,90,90
a33e320f-25f9-42a3-b05e-4e0854d05729,2023-09-09,1,10
b2ba2f82-c666-4744-861e-c312b3823060,2023-03-15,1,1
9bd37aee-1ab6-4a6a-9897-5fda026deefc,2023-07-27,1,90
2fd0a9d0-935a-494d-a947-4b32f042633b,2024-05-23,1,1
1c35e8c3-720a-469d-8e9a-648f045945c0,2024-03-02,1,30
b9169d1f-63bf-4cfc-833d-615b8398b671,2024-09-27,1,14
be3126b9-66b7-47bd-947b-dfa801eb1826,2024-10-28,14,30
f0d8ef1f-1ff1-44bf-bc3b-cd215a9127ee,2024-01-31,1,14
ff5f1fb5-7687-4dfd-abc8-8a8a9e49d482,2024-02-28,1,1
ec0477e1-4502-4dcf-9758-0b210243aa02,2024-05-24,1,10
a7ef9452-8ffe-40ef-80de-eda64f1288a5,2023-03-26,1,1
074ab938-8f44-4798-b19a-780bd0d05afb,2023-02-21,1,1
94628a28-9fc2-4f92-8556-719b304db9ca,2025-03-03,1,10
96fead67-b4a2-4a40-a169-d243774b12b3,2024-09-24,1,1
57e2fdb8-4fd6-440c-bf93-c9335d8f11c3,2023-08-30,14,14
674b22c2-320d-44cb-8251-a64428f70468,2023-10-15,1,7
d90b95b6-8956-41a3-a4ca-8584adf8b5e3,2023-06-30,7,10
1913042d-c74c-461a-a98b-d86a622e72d0,2023-05-29,1,1
842d9515-58c2-4a8b-96f8-142cd7aad033,2023-10-31,7,7
85974ec5-7d71-4940-a36d-35fa7bc1fcd7,2024-03-27,1,14
3d54c5d4-f298-4bf3-bbf0-b8b08e42d34a,2024-08-26,14,14
a722532c-7027-4a7f-b9ce-660521937476,2024-03-30,1,10
3e6ad595-c9a1-4e23-913f-4eb0a1162966,2023-05-29,90,90
0c03256c-4384-40db-8086-0a991b241329,2024-05-24,1,14
a6e3e62c-4c80-41ab-ad51-e7b9beebfa37,2023-04-09,1,10
8919a30c-4576-46fc-9f03-524057673e59,2024-10-28,7,7
32fa3278-e5fd-42e0-bce5-e799f25712b4,2023-02-17,7,7
01139d82-c1eb-4b47-9473-28dab01d2095,2022-10-29,1,10
a78a22fd-6911-41cd-99fe-398556debb1a,2023-06-05,1,10
a2284c50-e078-43ab-9c07-756c77d7056d,2019-11-11,1,10
dea7694f-a7ea-4271-894c-bd64e6acbbe1,2019-10-14,1,1
f291c734-6da3-414d-a30a-6676196a60b1,2019-07-08,7,10
082bf113-5ce3-4d66-86e7-2609caa59f49,2022-01-01,10,10
a4a5e1a2-2264-4ce2-be92-97cdac8b8e7a,2022-01-01,1,10
5b0e79d9-1cc2-4547-b991-333ffd14e316,2021-10-18,7,10
17308612-3d5a-41f3-b64c-016c962c5a72,2022-06-03,1,10
2b9622e0-5110-41bb-99da-47128ac228bf,2022-06-05,10,10
c8e0d708-0502-4054-8429-d6c6e0efd27b,2022-01-29,1,1
9414f174-b63a-4111-b89a-14b9c03f79c4,2022-03-05,7,7
7a8fbd43-378e-430d-8ac1-d694c5d607e0,2022-07-30,1,10
0bb1bf02-dc11-45bd-9dc4-da7579747648,2022-09-05,1,1
9c8e3326-d45f-46ff-bf4c-331757111ef6,2022-11-16,1,1
56c8741e-5977-4841-869c-36ec8839c28b,2022-12-21,1,90
73b8e658-5d90-426b-b2a9-bf4a188d2656,2023-01-04,1,1
30990ed5-da35-49ee-9bd8-2bb023972de3,2023-01-30,7,7
8a76f495-06aa-4f17-b7d6-2231046020e3,2021-12-11,1,10
5bb1cb85-c93f-4e69-8326-3dd38f30429d,2022-06-04,1,10
b85d905f-795e-4dc1-81ca-34d2784e4f52,2022-04-25,1,1
936dcbc3-cdbc-4e1c-8283-d4aafb544ac9,2022-06-04,1,10
4d9080a7-b1b7-4a1d-8b73-e79bb9d79b5f,2022-12-01,1,10
7f97e1d1-fdb1-437c-a813-b51852f18790,2023-03-17,7,7
15204b05-7dc1-40ec-8d1f-7e49e54aa434,2022-06-29,1,1
f3d37658-e587-43a8-a68b-f31bd343f142,2023-04-27,1,1
ed3120ac-d1ef-43be-ab71-901cb52cf9ab,2024-01-02,1,10
db839715-7361-49a9-9804-cf6c78c2447c,2023-12-30,1,10
363d648b-77e6-4751-b96e-c0cd1c208883,2023-11-19,10,30
cedf9762-f379-431e-9958-a0d3b7b818f9,2023-03-13,7,7
8fa33fae-d633-4588-9ae0-0409cb634c2d,2023-05-06,1,1
7cdfb842-6ad7-45cc-b65f-93a6f09006d1,2023-06-02,7,10
d17fea98-51e3-471c-aba9-10e45b759b5f,2023-02-28,90,90
15a42719-ffdb-4dad-a05a-963ff9cfb717,2023-08-21,7,7
9d26e7fb-6408-4e11-9d50-8b972673b4d8,2023-12-20,1,10
af64cb16-e8d1-4468-ad2d-918b122596c0,2024-07-31,1,1
d0ae4cdf-cf29-4f22-a946-c76539b02c3d,2023-12-25,1,1
9c474c0b-073e-47e1-9c1e-4c2fa2aa91c7,2024-07-01,1,14
71da6faa-c1ec-406b-b83c-15126268dbb7,2024-09-02,1,1
7e7b519f-de64-4046-981e-5675bce670b8,2024-09-29,7,14
767d7427-37b0-4e44-a765-4536472fa683,2022-12-23,7,7
4e7e58e2-9d00-426d-9638-0effa98a27e2,2024-04-18,14,30
abfbe83e-ef16-4ef6-8dba-70b8c5e3cc81,2024-03-24,1,10
9476bc59-76fc-413d-a00f-210ad98408f7,2023-07-14,7,10
95ae0eef-4314-40fb-ba7a-01869a434437,2024-03-30,1,1
14896669-b859-4b2b-b0b7-23e9a6f298d9,2023-10-31,10,10
ce5bccba-5759-4b55-a6cd-b9cf084b0126,2023-07-20,1,14
43c97289-dbb7-4d7a-8540-c2698885a825,2024-07-15,7,14
ff916f77-9f93-4359-983b-782d95012e4a,2023-02-19,10,10
d798af70-496b-49f8-a0fb-0b964f69454c,2024-01-04,14,14
49a12c45-6f41-41ed-b02d-9d39df1c3101,2024-08-22,7,7
691461b3-827a-40e8-88bb-29a5d3f4a934,2024-04-29,1,1
bc822727-9f07-4291-aa48-1b52d6a1723c,2023-03-03,7,7
566ac0b4-d14a-4256-973a-871ca571a163,2024-05-16,1,1
cc83ab27-85ac-4948-b991-8a6565f4e46f,2022-08-25,7,7
57c92930-f228-4ee1-a501-43f9c8785179,2022-11-02,1,10
a9f8e2f3-87f2-42a2-a4c4-fa0c419496b8,2024-05-24,1,1
2c0f25b3-896f-4436-b69c-2663d589e08d,2025-03-05,90,90
4f702292-6036-45e6-9733-7b56e55a1cb5,2020-12-05,7,10
b7a97045-0660-447f-a39f-38b1be726de5,2021-06-29,10,10
e7f27686-b007-4eb7-bbdb-4e457d3cca06,2022-02-27,10,10
103b11a7-f32a-4870-99ff-7378f82c0511,2022-03-04,90,90
3045f066-eb4c-4e3f-9851-ab9f950fc224,2022-02-27,10,10
f323dd0b-6698-4e6b-b8e9-03f6a69a7607,2022-06-01,7,10
d511592e-d446-436a-8e92-79e0b67c885b,2022-05-11,1,1
97cca35c-5d5b-4f3f-aee8-9a61bf9c7552,2022-03-05,1,10
e8df1b63-a51f-4217-807d-bdebd2fd1088,2022-04-06,7,10
af819ae5-f510-4dc8-878c-0c1162f60f68,2023-01-08,1,7
5e78c324-447a-48b2-a8b4-8d3faf9ea0e5,2022-12-17,1,10
89146a26-0730-4303-b08d-134e4e045139,2022-06-09,1,10
0c684e1b-068f-49a2-917d-178340f9d651,2023-03-30,1,90
cbfc76e8-5d34-4a4c-82f7-ff45d8fdd5b2,2023-03-14,1,1
70ecd316-cda5-47b3-aad8-679444cde971,2023-05-29,10,10
24633b5a-392e-4eb0-a7f2-ca54f46eeb09,2022-11-26,7,10
9767af08-e44c-4597-a485-c31f90b4d781,2022-06-15,7,10
caa81a28-6fae-4eb4-ba09-1ce96a78cbb1,2023-01-24,1,10
6026b060-4858-4b42-919a-e987210918bb,2023-10-02,10,10
e099ee85-e653-4ac8-8323-9aced11751ef,2023-10-30,1,10
b71dbc3d-1106-41fe-8193-3dfadb92a257,2024-08-28,7,45
78ad7c07-9a07-4469-8142-81127531e2ea,2024-06-28,1,7
fdf00ecf-0347-4041-8689-1dccc7a094ff,2023-05-29,1,90
7d85e699-589c-417c-ba11-52693bd38cc4,2023-03-07,1,1
4e64a632-4d30-4f12-aba0-707df0b8aa67,2024-01-05,1,10
3ad95f1b-bc39-4f16-9c74-6a779a2dbe6a,2023-03-20,10,10
a9670960-adcb-4b36-927f-204231c44a9d,2023-05-03,1,10
9fa2ebac-aa48-4365-b976-7de3c90bee72,2023-07-23,1,10
086fd586-573f-4c70-a805-1e5b31ddc642,2023-12-12,7,7
2c894a78-78b8-4940-9585-0d73c5f5f93e,2024-01-08,7,10
fed32f6f-d96c-4d67-9aad-f0ba1e9f5288,2024-10-07,7,14
46f68cfc-ab09-485b-a4e8-2252d96bcd74,2023-12-07,1,14
5b0e2ac7-4b09-4fa7-8919-b09048c84b34,2023-11-08,1,14
49ba0223-f7ba-48ff-bd8f-c38ecba6ebb9,2023-05-11,1,1
20ee7a27-6030-458f-90c5-785b6729ebed,2022-12-10,1,10
0d9ab1b9-c7a3-47c0-8be3-868cde48221e,2024-05-23,7,14
1f35afa8-6d10-4b6d-8ba3-dfd661c2f6a4,2023-05-29,1,10
628e96fe-0afe-4292-a0e2-821f24ce9a30,2024-06-28,1,1
18563a96-9574-4fdf-b248-5cc1674d9891,2023-06-11,1,1
2d89e9d3-156e-4f85-aaf6-10d7c3a0d991,2023-05-29,1,1
5f89e9ae-61ab-4058-a9e7-0dc58b97f4a0,2024-05-06,1,1
9e7d7057-1074-45da-9b85-053e46559dc4,2024-05-23,1,1
311f8ed6-81ca-4d06-a22a-0c5dfe1219de,2020-09-19,1,10
189cd752-8612-4522-bb0c-77a3c392b044,2024-05-29,1,1
d5c1feab-a65f-4b28-b96c-c89d0e08695c,2023-07-15,7,7
beeec06e-7368-4708-88a8-5d1e3cd98179,2024-12-24,7,10
ec7f018c-de18-4e39-ac94-ca10bd308e8a,2022-10-15,1,1
043122cb-aa40-4164-8c68-4e41c09eeb5a,2022-10-05,1,10
4d6a1341-d4d7-4244-a460-b0665933c743,2022-12-08,1,10
a47b185a-9ab7-4abd-9cd9-780628e74c77,2020-08-20,90,90
d5fc95c2-646d-42f4-bf76-acfe3dad1d53,2021-05-04,7,7
951437c2-01d4-4c8b-95b9-710f26d16da1,2021-12-28,1,1
65b8abe5-964f-436b-a547-d7dd1892c54d,2022-01-11,1,7
a6a642db-648d-4f45-b550-98a11beb596b,2022-02-28,1,10
270acb85-7b38-421d-9ce8-8519bbc9782c,2022-02-09,1,1
08042fe9-471d-40d4-9407-207ee98e5266,2022-06-04,1,10
e48b1afe-4e73-4c33-b0f9-50587588c835,2022-06-04,1,1
1b4c68dc-2284-4b40-a088-dd3d2e8561d9,2022-05-24,1,10
c1d2e6ae-a3e3-47f9-855a-ffee573b3f8a,2022-01-29,1,10
c8ef05c6-c8b4-4039-9612-578026322347,2022-09-12,1,1
7f10d4be-373c-43d1-9d49-d55921eb150a,2022-05-26,1,1
2c49fa20-8ddd-4255-85ef-630b65049c57,2022-08-19,1,10
182ddfde-ef9e-413b-ab8e-13b260d183f8,2022-10-29,7,10
61d6460d-4b54-4b9d-939c-f4891fefc765,2022-12-28,1,1
7466741b-b0e7-4dda-812f-0385c597f887,2023-04-07,10,10
66bb8794-8a78-41d9-8623-267045e8dfbb,2023-02-01,10,90
fd753c48-3af8-4c95-9942-813c3f20f962,2022-09-27,1,1
63f1366c-3034-4d2e-a021-e33f046317c7,2023-06-29,7,10
d9c2d16a-9033-4b9b-ae16-f584b9bd982d,2023-04-18,10,10
df1356a6-0207-41c2-be22-cbc9eab43535,2022-12-11,1,1
fa20a2e4-219d-43ec-b831-4f18bbcc4dfc,2022-10-30,1,10
332f8455-7e2e-4621-a8b4-5839104c4192,2022-12-28,1,1
511ea59a-4f3a-4ece-9455-d0eb4977578f,2023-03-06,1,90
c96f6799-c39b-4979-8352-b20b86b525d5,2024-09-02,7,30
14dac4f3-0584-4806-bc47-4ad75ff5ccc7,2024-02-08,60,60
831b347c-03c7-4e3d-b455-013e9a618a9b,2024-04-20,10,60
eb4ecd43-7943-4dcc-a885-65192dfad4aa,2023-12-29,1,14
8c408296-21e7-4aa3-be2f-ca9ef8498feb,2023-11-19,1,10
608acce2-6af9-4a38-ad39-7d99c69d079a,2024-04-29,1,14
fc72377f-c169-4d3b-ada5-c7d7a53a44e3,2024-05-24,10,10
397fec4c-e965-466c-a90e-c60ad0772589,2023-12-29,1,1
f16a93d9-80f2-4feb-9fe7-a24bb7de3cf1,2023-09-03,1,1
13704be8-1397-4cba-b120-295af75c3f7d,2023-09-12,1,14
d8aa09ae-f8c1-4d20-9d5e-cdc814907204,2023-12-29,10,14
48d0a835-9270-4597-99c3-03aff8691919,2024-03-30,1,14
4f29bf8b-f431-4f3b-9213-7281707bcdfb,2024-01-31,10,30
ef9e2875-941a-4818-b5e1-049fc44b8854,2024-05-24,7,7
88febc5f-8ae8-43f0-9b45-1fc1037c1342,2023-07-20,1,14
1dbf7d87-600e-48e1-a6e3-b1642343fd9c,2023-10-10,1,10
9eb9b6c1-ad1a-4cf4-907b-eb0a1ebd3641,2024-09-02,10,14
64c59c88-1478-4675-8bde-15b461f4372d,2024-06-23,1,7
5a513b98-b2b2-4f06-8c1d-f4c1070f6a29,2023-06-01,1,7
3d241236-f64b-471a-a296-a88d24792672,2023-08-01,1,10
90f4d36d-a464-4ab0-b8a6-8a8082aa08f6,2024-02-09,10,10
435ed3bf-b9b0-4f81-ab33-c6139cfd9b8f,2024-03-30,1,7
dd28dd1a-4a85-48ce-903f-b6753be4f61f,2024-03-24,1,1
a081c381-7705-4fae-b239-eab9a4a3a7ae,2024-05-24,14,14
6cb9edc8-d082-42c9-9577-642c42239f0e,2023-03-30,1,10
d4ad25fc-439c-4d64-88df-c74ad4b2500d,2022-02-22,1,10
04beaf77-9264-4563-9536-5ae09b356802,2021-06-29,1,10
774731c8-f4e1-46b4-84af-d56481b429f4,2022-06-01,10,10
086860dc-eb03-4ea9-838b-e5b16c6aeb46,2022-06-30,1,1
d9b890a0-b338-4e50-a7ce-069232432005,2025-07-21,90,90
da58c967-2b2f-42d7-826b-a40a33457731,2022-06-30,7,7
92f306cf-1ee9-4a9f-9313-e06a47b03b9b,2024-07-02,1,1
f60d2dc1-c842-4e77-8b5c-227b2e0672b6,2023-05-17,1,1
20a61215-4374-4229-83bd-ebc463a9f500,2024-10-21,7,7
32a4c946-5af9-478f-9e6c-bf53eca81d3e,2019-07-08,10,10
ba479f81-a969-444c-9556-e4d37b2c3880,2019-07-08,90,90
e82aeeb9-2095-40ea-8ece-6f47314bcde5,2019-07-08,10,10
a6883302-f273-4086-84a5-e80d703a2c0e,2021-10-25,1,90
4e198e86-54d6-4a18-80ba-0f90b6d8d72c,2022-01-16,10,10
4a6f8217-0032-4f19-8eb8-f807eae9b22c,2020-12-12,1,10
2f673360-13f7-4e04-9034-77f6c6b5cc65,2022-05-12,1,10
237ffc29-71ab-46ac-a7f7-edd1cd7c52d4,2022-05-16,1,10
f5669511-bfdd-4b42-99e5-a2bce032840c,2022-11-13,1,10
73ba28ae-bbdf-43c0-99eb-f507e81c4f9a,2022-11-13,1,10
a3148b75-6ddc-4288-b9da-263826071b14,2022-02-27,1,10
9c02f587-9fe9-40ca-aee1-09004c9ba8c2,2022-09-30,1,10
eef6830b-d5d3-4088-9674-9b49e20552f5,2022-06-13,1,10
d762b873-4b6c-4a0c-a6f4-4904e34c966d,2022-12-13,1,1
fd36442b-6205-44de-a59c-bbf76c3c10d3,2022-06-08,1,1
4c45c319-6bcf-4199-b1ac-9d2403a3409a,2022-06-01,1,10
4cebb3d4-6e63-4e4b-80e8-bf6bc65e2eb1,2022-06-06,10,10
c930edca-6200-4003-908f-4bdccde73a36,2023-01-09,1,10
02228187-68b9-45e0-86ef-6553cc033ed9,2022-08-13,10,10
0d934c01-f91c-41fe-9ae7-fbef2681f28b,2024-03-07,1,14
c7df0710-6074-41f3-8945-7647c9ce123e,2023-10-21,10,10
d1833879-74ea-4e07-af42-8f4d7780952c,2024-01-13,1,10
8071edd6-2792-4a5c-9d0a-145f1ddfd5e6,2024-01-08,1,14
7b264ce5-c511-4bda-b92b-82da7bdc45fc,2023-06-27,1,10
a5166869-3855-4530-8594-3b41f885448a,2023-12-29,1,1
0cdb24b0-5d72-41c4-a12b-e172a78dda79,2023-10-01,7,7
89b3fec2-3e50-4c06-b6eb-84a7f1daf851,2024-05-17,7,14
837d17d2-3c53-4e41-b306-d3c371445f82,2023-02-07,1,10
0b0eb9b7-8994-426e-b137-7e7bac45aa28,2024-05-03,7,14
fbccaeec-4d6b-4186-8aae-bf63c6c32c32,2022-05-06,10,10
a3d41814-d8d1-4276-9755-fc5eb411e758,2023-07-22,7,7
058b5d11-5a6c-4efb-86eb-d091f19c5a76,2023-08-01,1,10
148012c9-6b0c-418c-b1c4-7e7a3dcd5c96,2023-10-31,1,10
b6375643-f331-4765-aa8b-71488458981a,2023-12-30,1,1
6180a5c5-e1f6-487a-9d83-b52c90dd9e5d,2023-01-29,7,7
26d658c9-6bb9-4854-a0f8-8ee324206a32,2024-08-01,1,1
96fcc1f8-9914-4e27-9ff9-4c8b1272ea5b,2023-03-30,1,10
7341d031-a1a0-4d77-a165-d847786a8f94,2022-12-28,7,7
2a4c8750-f11c-48ec-85e6-2109993e98f8,2024-04-16,1,1
a8a96385-89ca-443f-b2e1-2996a391fb52,2024-10-11,7,7
ea3eca7d-020d-4a28-bd1e-ee9f0ebd2614,2022-12-28,1,10
bb90c371-d085-4d46-bcbd-00c6241de86c,2023-06-16,1,1
7d960f44-e66f-4c3f-8e4a-99742dfe04ab,2023-02-01,7,7
1bf3020b-fe07-429c-9fe8-70913e13d9f0,2022-09-15,1,10
93e7b406-d0cc-43fd-abe4-0c33f6c76d8c,2019-07-08,1,1
4b9bda5b-d32a-4946-ba52-eb5b2897e6b1,2021-06-10,1,10
9a5d85d4-56a8-4ae6-9e4f-09fcb4fabba7,2020-07-22,1,10
ec45d81d-da7c-4f4f-b99f-26d445b1fee4,2021-08-30,7,7
88fc264f-9b28-455e-a438-ad9a141cc020,2021-12-31,1,1
aa01c740-b7ac-4a59-86f6-6500f834420e,2021-05-06,1,10
fdf69916-efe3-49df-b97f-e194e33d1ef7,2024-10-21,7,7
e3e6def7-1519-45af-8cf1-20f91798d730,2022-06-04,1,7
c666dc8a-c2ed-4b7f-83c7-09d0499dd83d,2022-06-04,1,10
31bafb88-4a6f-4f3d-8476-13ff2f658478,2022-07-29,1,10
0c5527a2-caf6-4836-9427-3a873d8d0d58,2022-06-10,1,10
241d3983-3971-4ff2-af0f-9e2f1314d335,2022-01-16,10,10
043b1b5b-23ca-43f8-ac79-d4246f729b16,2022-06-04,1,10
c1c93583-9219-44e9-a2bc-e967345482d0,2023-01-27,1,1
a8f398bf-c666-4e30-8ead-23191c56c776,2022-10-18,1,1
c9bea545-b940-49c6-89ed-a861eed3e652,2022-10-24,1,1
486a89f8-4ce5-4f5a-bf6b-96f4cab2a03a,2023-01-22,1,1
9a0cd35b-357b-4f6b-ae15-012b7cb764d7,2022-11-29,1,10
3e12d408-b872-4286-a94c-bdb790fb7db5,2022-06-01,1,1
4e2c8574-82d0-48f1-8ace-7a8a517e989a,2022-11-28,1,7
0d1227a1-28a7-4c43-bd7d-7611bf6a158a,2023-04-04,1,10
9e9f5872-b0da-4496-af5a-fc0888886068,2023-05-21,1,10
4b7051ec-ebb2-4f55-8c93-f5af62a13931,2023-02-22,1,10
d009ada6-c058-4ba2-834d-e07965477fd1,2023-04-03,1,90
7b7ca0cd-d3c4-4a69-9a79-0ad55a0b31a0,2023-03-30,1,1
ccd65009-2a30-4f5b-b631-c7784ba156a3,2024-07-08,14,14
3cb5c905-a03c-4888-9d27-83916d7d6922,2024-01-26,10,30
eca05ccb-2468-4beb-bfed-253a77ed8538,2024-05-03,14,14
4340d8bd-37c9-4b42-bcbf-f07101bec065,2024-01-30,7,10
8db3cf95-486f-48dc-908c-f32105980fa0,2024-06-13,1,1
d76259f6-d46d-444e-a4d2-abc341fe5a77,2024-09-17,1,1
7aa8a206-e32a-413a-a3d2-0c4bc8fb922e,2023-03-29,1,10
db7705bd-2b64-4b9d-a122-10eb8ebf503e,2023-01-27,1,1
6e5113a7-9958-4326-ae9f-b5991e949e84,2023-02-26,1,10
503e3331-1d09-463a-b764-e3e6b1a236f6,2022-12-28,1,1
1f468309-c189-4213-a2d0-817da0e2386d,2024-04-11,7,7
d03d8294-0629-4651-b1b2-0649a4c22652,2024-09-21,1,14
bfe22d1c-8a98-41eb-824d-2e8947240238,2023-04-23,1,10
f38536b8-06b7-4f11-88bb-08ea9211f242,2022-12-14,1,7
f458987c-afee-4ed4-8c38-f864ca6e50d5,2023-06-20,1,10
60c60840-ea68-4835-bfe9-838773917856,2023-06-13,1,1
0ccdd0ab-86c3-4dbc-bc73-ca808a895e0a,2023-08-01,10,10
98c4d34b-c552-46c9-a859-44689967ef27,2024-06-28,1,14
b873beb5-e094-408b-ab55-f59544bba1fb,2024-04-23,10,10
ffe4506a-3bea-4aef-8779-35beb484742f,2023-08-27,1,1
a973e5aa-afb3-4064-8d65-8a75a9166223,2024-09-22,1,14
53b7d8af-27eb-4b1f-a465-35110730ecb2,2024-09-28,7,7
09c10ff1-5f98-4435-a182-ee1e1652b3d9,2021-03-31,1,1
99f6f428-1203-4fab-b73c-0542ee0604a3,2022-08-07,1,10
8048a47b-9063-4865-a39e-09601534a4e0,2024-06-06,1,14
529faf4a-b3e5-4cdd-b309-a14ec4690831,2024-09-08,1,1
fbb8d922-698a-485e-b7de-544e7ed5768e,2022-05-08,1,1
386e43c8-5716-49ff-974b-3abc11da4456,2022-06-04,7,7
4ead31ec-7a1e-4e30-8363-5aa3ae42155b,2022-08-19,1,10
c31f6d62-5020-4543-9c6f-8e779802b6ba,2023-06-29,1,1
c60f2e4e-4f3e-4ceb-b484-95e09b795e3a,2019-07-08,1,10
92873745-8974-4257-ba78-4882de5c4ebc,2020-11-23,7,7
42620dc2-1596-4d80-8c74-81ccb5a168f2,2021-11-06,1,10
c0bd248c-8016-4b2b-8d3a-008b70ecba25,2022-04-15,10,90
878c546e-9014-4a75-957d-ad330bb40c66,2022-05-01,1,1
a96f0655-28d8-4cac-be06-e9c0cdd2486c,2022-02-01,7,7
0a2795bc-5dd4-4aa3-b45c-0a6b05fd5b69,2022-03-05,10,90
8f9e870b-df81-4791-a7f3-27da35380ddd,2022-11-19,1,1
a8fbe9c4-3760-47fe-9398-3e311f702991,2022-03-04,1,1
4a2b008e-7070-4aea-b5f2-71f3ae13ca23,2023-05-27,10,10
da6081de-641d-4bc3-bdca-a8808999927d,2023-04-26,1,7
47e3b113-7c72-4c2c-9ff8-cb86efc436f3,2023-02-28,1,10
34fc18bc-b5ed-4414-82fd-675397f4cc89,2022-10-01,10,10
a66beb9d-230d-489a-b6f8-3111aff6fed8,2022-10-31,7,10
124c15e1-9a37-474e-b76a-72ffd31339a6,2023-01-07,7,10
4958418d-e80d-4f7b-9edd-2fa9a99e409a,2022-10-29,1,7
81aebc79-58a7-42a0-b38c-dad739ef8aa8,2024-03-01,1,14
d0ef45bf-d9f0-4faa-8f7f-ba29cb4cdb13,2024-02-26,1,10
8098e59f-1eba-48ac-a5dc-ef2da4ca6d4d,2024-04-13,7,7
67262f13-1a99-4c12-acf0-8ee48765d2f3,2023-06-27,1,7
60a9655e-358e-4653-a93e-ef1cd1c6f97a,2023-05-25,10,10
3db52fb0-92c9-4bbc-a410-5f63ba56f562,2023-10-10,7,10
fceb77e5-92c7-483a-ad60-cc7ddf3e1046,2023-06-05,1,10
2efc0b86-c9ba-4e88-b366-ac568e81a891,2024-01-15,1,1
7f6542d8-dbe0-4d6e-91e8-c36d1f25441b,2023-10-06,1,14
6c658d52-bb6b-400e-a409-ee455032a5d9,2024-03-30,30,30
83586214-30b9-4e0c-b546-937f1461f5e4,2024-05-04,30,30
cd692f79-106d-497e-8372-e0872132a341,2024-06-02,7,14
ac8ee196-d92a-4d5e-a6bc-a185273e59f3,2024-08-01,7,14
6ce3b26b-fad9-4512-9c02-a5bd3fa2f75c,2024-09-27,7,10
266cc201-e754-4e9b-b5d5-7c0bddc8c52b,2022-07-06,1,1
c0012e44-15c1-4565-9914-e82de9de3c00,2022-05-11,1,1
6c59b3a5-a759-49c0-abbd-4fdaa682cc11,2024-10-07,10,10
c413fc22-b7c2-46a9-899e-7bf28bf6ca78,2023-05-29,1,10
6d5d4b29-6e5e-4735-a333-4e51df0f7214,2024-05-24,1,14
f9ad8351-50d3-45ac-9564-8361d60b3e7c,2023-11-20,1,1
f7c47663-5859-45b2-8ab0-8a9cffbf514f,2024-05-03,7,7
ef17bd6c-6db4-4505-98fa-ba073fe54704,2023-11-01,7,7
11767d31-5cd9-45d1-b712-5194b904e1ca,2024-03-21,1,1
8ebc7d91-6b39-4fce-a106-154c94f65b39,2024-09-15,7,7
82ae1aaa-a97e-483b-890d-ae06f9c39eb3,2023-05-29,1,10
233d7da4-0e5d-485d-935d-12135e2d68ba,2024-09-24,1,1
430519e3-7d8b-44d9-a2bd-4f8aeb339be6,2024-10-07,1,1
5884fdd4-b783-46f4-925b-1e37cb476118,2022-07-31,90,90
23d90cc2-2b8f-48a1-b05e-df8eb5c755a6,2024-10-31,14,14
69341683-1011-4301-aa83-2d4a0f052253,2024-05-23,1,7
b68749ab-7111-459c-bd1a-81f1c621bd5b,2024-06-30,7,7
56c367cd-5b79-4dca-a1e2-98027752d68e,2024-07-31,7,7
f3dbff49-75cd-42be-ab37-d54e84fc24fb,2022-04-28,1,1
bd745d12-f1eb-473f-9c48-9b8db6fcab1c,2024-05-24,14,14
22bb3b96-09b2-4dd2-99d0-9c455eb774e0,2022-12-31,1,1
4d55aba6-bb4f-4e23-954b-143bfc6d29ac,2019-07-08,7,10
de08f4a9-4f54-4be7-831d-7110b2a0e54c,2020-09-08,1,1
71710a5b-ad6a-4e06-9944-99a608252b0a,2021-05-29,1,10
b970abbf-3139-4b47-987f-99d8fd4910e6,2021-10-25,1,90
60360b49-7d88-4d4b-a87f-1240353d5991,2022-03-07,1,10
6966d275-ca9d-474a-b1e5-d5c59f5f1c8c,2022-05-28,1,10
a5134ed3-8b2a-4f94-8031-3135f1200ad7,2022-04-11,7,10
dac3127c-8267-4008-9e63-2f043e14fb8a,2022-06-03,1,10
fc3c4b0f-4861-4826-8fe4-05aaf6b4c037,2022-12-28,1,1
167833f7-053e-439a-9eac-2a783d7731b0,2022-10-05,1,10
3ac1b33a-45ee-4b19-b050-42e1eaf5b26c,2023-02-28,1,10
20197669-3f20-48f2-8f7a-be2682f8d35a,2023-06-02,1,1
0938650a-557d-430a-b39c-fe07b2a9814b,2022-12-28,10,10
d99c5664-435a-4ed0-99bf-9361070a9dec,2023-04-14,1,1
a7451272-9ccd-4333-b1ab-59cb1de5397c,2023-01-31,1,1
9782993f-e342-47ed-bbcf-b914c8befd9f,2022-10-17,1,1
69bc5da9-8c4f-433b-a158-47754d1d76da,2022-07-27,1,10
8c167695-1935-432a-a639-34dc23d71345,2022-06-15,90,90
5a430e46-179a-4c1a-a3ba-e7d3a6214a15,2022-08-09,1,1
13dcfddf-dd4b-4795-a2b6-d8b8edbee828,2022-06-04,10,10
09ddb41f-da19-4f30-9d29-3d094202ee63,2024-04-08,1,14
2776a28c-091a-41cd-94bd-b1f63d28bb89,2024-03-25,1,60
542af381-099a-4fa5-8032-5168c6f0df3c,2023-10-31,1,90
e50a0a9c-9b1e-4c38-8b80-146a17296d5b,2024-01-29,1,1
8844db96-3dcf-414f-b838-5e57731e66c0,2024-05-24,1,1
1b792151-4905-46ba-9bee-e2b55bca47ce,2023-10-29,1,10
8e631284-7636-4274-bc39-855703597e48,2023-10-19,10,14
3c8d9a84-7b4b-4183-8b30-8c6758698769,2023-04-14,1,10
7e0654f1-9f43-4531-8873-80e2adcc18ca,2023-07-19,1,14
66962665-5091-4716-a527-3d80c346e630,2024-02-06,1,1
cf941706-c53c-465f-9e59-5a88b928fbdc,2024-06-28,14,14
a25334dc-f3a3-41e1-9332-4f3d9f8209b9,2024-05-31,1,14
c84088ba-c52f-428b-a4c2-261a2a7daab7,2024-10-03,10,10
9cf9c5a8-f4b4-4e14-adb7-dfceeb602b4d,2024-01-02,1,1
d427748d-ec6f-4ceb-a3e9-d93ee5393f0c,2023-05-11,1,1
a868b1f8-64f6-412e-9e8d-f56aba056e2b,2022-03-21,1,1
49b04155-dba2-49d2-be09-19068a32555c,2024-04-15,1,1
b1c1533d-cf73-47c2-97e9-451b7fbc5c89,2024-07-26,1,14
b74b6c08-4d00-4b70-9a16-72f91c1689e7,2023-12-29,10,10
a5c55603-72d7-4180-9189-3690783f229e,2024-03-25,10,10
70eefeb5-79dc-4c73-99cc-2936faeac453,2024-05-25,1,1
09d33646-8559-4579-9ef4-e8b2e177d26f,2024-01-15,10,10
2481b00f-6252-4f20-8617-ac4d93950557,2024-06-02,1,1
5791cb36-8e01-4c3a-bad9-cbe9a3d7fbc1,2024-06-17,1,14
59d415d1-102d-416c-afc4-8200120eca93,2024-04-01,1,1
5aadb5e3-08e0-499c-96c1-c4e29a0c6dc3,2024-05-23,1,14
95bc00ef-6660-4645-8f2a-bfa83a357e42,2024-05-27,1,10
b6cb5f0b-9ea1-4b23-a674-bea74ca23911,2023-11-02,1,1
ecf07fe8-9abc-4a80-bf18-3dea9d38f39c,2023-01-13,1,1
14dc2400-d9f6-444e-926d-0972f9c34c7c,2023-09-28,1,10
a893ebf9-809e-44a4-afcb-ad39868372dc,2023-02-01,7,10
b34e44fc-855d-49d9-a144-c5413cf1de2c,2024-10-04,1,1
0b20ceab-17da-4d0c-a009-8f86c1352a77,2024-10-26,7,10
e988f8c5-4d04-4fc2-b421-cdfae3b2e5a9,2024-08-05,1,1
f6b54111-fc13-4095-8bdf-aba7b6e4346a,2020-03-06,90,90
fd1e5162-8bc2-4a8d-86aa-529f887ef1bc,2021-03-08,1,10
16207ba1-b4b3-433c-940c-dfa61bbf4485,2021-02-25,1,10
13ab81c8-b129-4eea-8f99-5ea183fe3bdb,2022-06-04,1,10
aef742cc-294c-4c43-a014-d7813329ea97,2022-03-05,1,1
8bf7388e-a076-4035-8b19-f03eaa8e579d,2022-05-31,1,1
ca9ff81f-06a0-40a1-8110-31e865d3a9c5,2022-10-19,1,10
2cbba19c-d681-4b21-9f5a-17aee4119e57,2022-10-12,1,7
f3ac1abf-4c9c-446c-9a95-1c61b34d8618,2022-06-17,1,1
300d44a9-a5f3-4ae4-82cc-af22092c7e7d,2023-02-01,1,10
9854740f-ca37-41f4-a122-121a1cf9f457,2022-10-19,1,1
22b4919c-9cbf-43d7-8f9a-5490d351e751,2022-11-02,1,10
87ab5898-5e11-4d9b-9ab2-18e6d399c234,2023-07-28,1,10
21343f52-2c4e-4f14-a293-ce46a3298890,2023-02-06,1,10
19d88cca-acf3-4486-9e67-f710da884451,2023-07-20,14,14
4ac72db7-3125-4de9-9a84-d942efd231cf,2022-08-30,1,7
7b953a32-bd29-4e25-9435-efa6429f5281,2022-06-21,10,10
2482fdd9-bcc9-4599-a3a8-88ccbb432338,2022-03-11,1,10
4990f28e-68b0-4dd5-82b3-457f93336e57,2022-02-01,1,1
0ee349fe-6db9-4903-b232-a9df3c8222d0,2022-08-06,1,1
0afd767b-0e82-49d2-908d-aa8f5ba5d1fd,2022-10-21,7,10
5da8d1d1-84a9-4c71-b70b-ddc7aced7e7d,2022-08-14,90,90
ec41419c-36b8-4407-9547-3a76032d8073,2022-11-04,1,1
22200081-0d43-40fe-afcd-2f542c734b36,2023-09-23,1,90
002a02cc-640c-4181-a0d0-bd30117405e3,2023-10-29,7,14
9f08ac43-2e24-404f-80bf-2ecfbd4fbdbf,2024-05-27,1,1
2dbb5510-247a-4e0e-a260-bf0214db3607,2023-03-30,7,7
78efbb4d-2d60-459c-9cd4-3867e403ab1c,2024-05-23,7,14
4aecb3f3-5b3c-4279-96f7-26f97104cabf,2024-03-11,10,14
9b263719-a123-4dbf-98de-4a9e037ce332,2024-10-31,14,14
f2c95308-3e73-446b-9a4f-f984bb41304e,2023-10-11,1,10
7cbb0327-3288-4a69-a449-bc3e9410f6bf,2024-05-24,7,7
ccdf7565-733e-4895-8a53-1457ee4703c6,2024-10-14,14,14
961ecff8-1481-4852-a1a2-cea3cbad9643,2022-12-29,1,1
d44b5f53-3363-48be-85d5-57c21b2bef25,2023-06-18,1,10
3918107a-d5bb-4d97-ab1a-2761c078906b,2024-05-24,1,1
c368c52c-cffc-4757-9484-7690890dacd1,2024-10-14,1,10
b2b1e43c-57e2-4e2d-956b-67f2e8d06bc7,2024-03-30,1,14
9c412982-c77a-464c-8944-cbd64863063d,2023-10-29,7,10
559b2651-9c1d-4533-b477-9308537d1557,2023-10-31,1,14
c15ad155-8804-4b88-a15c-ec848da50300,2023-03-08,1,7
6a394d26-257b-4cfb-a4d7-955581f7498e,2024-01-15,1,14
8e04b2a6-282c-44c1-87f2-e91f5cf27b9c,2024-09-27,1,14
4bdb5074-9ecc-44aa-8044-3092f02d02d6,2023-05-29,7,7
f06f018e-00fd-497e-aee4-6ce08736a11d,2022-07-14,1,10
df02cbd1-4cf8-4747-987e-fc22e80af805,2022-07-02,1,1
9e1ce2b5-65fd-42b1-869b-8d828ac6dc1a,2022-05-26,1,10
6323996a-3d37-4646-8807-4a6f84ed4335,2022-09-17,1,1
38dbdd4f-ecfc-473b-adb1-04e713176375,2023-06-20,1,1
4d3cda55-49f2-4be9-850c-88786c204107,2023-03-07,1,1
a6609a1a-c08f-4f49-b76f-13fe3fce10b1,2019-07-08,90,90
329a46bb-751e-46d2-943a-3aed5e68581d,2022-02-27,1,10
0589be4e-4ec6-4de8-a1be-b5a6a3755615,2022-05-17,1,10
9a7d9f3d-d4cf-4f71-993e-d7f374c94251,2022-03-04,1,1
a5437f27-6689-4cd5-bf8d-59706c7100e5,2022-04-29,1,90
08549595-8fc1-4633-8d01-f071e4a39304,2022-03-05,7,10
86017a42-0b4b-4a90-9ada-49bbbf374bc8,2022-06-25,1,10
f4bb0f38-849a-4dcf-81ca-7ad716dd1c79,2022-09-27,90,90
34252e10-ca13-4b27-93ea-1a1ef33abe6d,2023-02-01,7,10
038c3464-ab7d-4485-947e-d279d8e9c325,2022-09-12,1,10
076945ec-4554-416d-8eaa-852c66e8eb1c,2022-12-22,7,10
e71e8a98-7408-4a0a-9ffb-aa634d49e6a9,2023-08-21,1,90
bf3ab4cb-942d-45b0-8f50-3af7fc50ce25,2022-09-14,10,10
44f2c9b1-a02d-4f45-b4a9-657c78ce373f,2022-08-28,1,10
11a7187c-7713-483f-9e8a-42f7d0d58206,2022-06-04,1,1
f8200fbb-5dae-4137-8751-ffea163ac41e,2022-05-29,10,10
910a9228-804c-45b0-ae4d-54a0f57970ce,2024-05-24,10,14
a5946789-912a-4174-bf9c-20d648d5bb0b,2024-05-21,1,14
a82a02d6-6b25-4227-947f-26811eb114d8,2024-01-29,1,1
5dd709ba-5fc0-405a-a0eb-713a38fc854d,2023-03-09,1,10
1d12f56e-4fb8-4b75-9b90-26a5bea0e629,2023-06-29,1,90
b69b28d9-c2c7-49bc-85ed-25f6f98b023d,2023-03-19,1,7
c3b1dc02-900c-4773-adca-f52114390ed0,2023-10-31,10,30
d7bf812e-b526-406a-824c-0c7e8c0efaf7,2024-03-09,1,10
fa57e6d8-3481-483c-9346-18b443733eb6,2024-01-31,14,14
b2b6c05f-180f-4d5a-9d30-94df4841a835,2024-05-24,10,30
53450d68-4eff-4267-9701-6944a412b883,2024-05-24,7,14
1c9543a4-a1b2-4bce-8413-502c577ccfd7,2024-05-24,7,14
864c41e1-a008-4c38-8e5e-4d3ab723a8c4,2024-05-23,45,45
67fcbad1-6d6f-4833-9cf2-19252a4c4513,2025-02-09,7,10
c07820ad-c61d-4293-8af5-a2b0aed04357,2023-05-29,1,10
392b26ef-6783-4ea3-86c9-25a867144601,2024-10-31,10,10
cf073a78-b158-4b52-92eb-ef3f982f109f,2023-11-24,10,10
cfc3f2ad-a6fa-4c4e-a397-31f40e5e88de,2024-04-18,1,14
2bdf1ed5-581f-4c60-83d0-aa84d60fa2c4,2024-05-24,10,10
4c59cc04-a2a4-4e99-8d0b-f30d77a2755f,2024-09-28,1,14
45ea46c1-f183-465d-b248-ae83e965093f,2024-01-31,1,14
2285d8b2-8761-4016-9a2c-13145f798775,2024-06-17,7,14
af3e7ece-2912-4965-8a6a-0347405d5197,2020-03-18,1,1
9bb62c91-144c-4c51-a995-f1448a99f985,2024-05-24,7,7
30c52c78-d65a-4a32-b376-4bb482c5d9f5,2024-10-18,10,10
bd8dc7c9-1ee0-4a7d-b904-e387802fa8fd,2024-08-20,1,1
b1bee744-2110-4539-8573-000e564ba079,2022-03-30,7,7
ab08f446-b8a8-4f39-99db-fa5826ec7b8f,2024-07-01,14,14
19c4d746-ea21-4c90-982c-a74cde9241ee,2024-04-15,1,7
ca042a35-40c8-4385-9ca9-f9d74ed9d651,2022-12-28,1,1
f89936c6-bed9-4b42-a1d7-0904829c73d7,2020-03-04,1,10
34fac00d-a7bc-40da-b8c8-5e8b6755c35a,2019-07-08,10,90
962116e0-ce2f-4e88-b980-9f089352cbd7,2019-07-08,1,10
6b008649-02b7-4edc-a0b4-aa3cfbe10f89,2019-11-17,1,1
bfd08660-9a06-4db6-a302-6c7ffc1ee41f,2021-02-10,1,1
c5cec31d-9f4b-4a4f-990d-cc10814225a3,2021-05-01,1,10
86c843ca-c195-4635-be54-74e1ac144809,2020-11-14,1,90
b466ce27-9e1d-466b-991d-ed50ddce278e,2021-03-31,10,10
a1468d92-b0e5-40aa-9159-b79b92faac93,2021-03-22,1,10
3d63545f-809a-4046-a5fc-75c91ece4345,2022-03-05,1,10
873ce4de-5267-4c06-9e3a-78878b3abaf4,2021-07-30,7,7
012179ac-6416-42d4-84e9-b4014f16ed67,2022-07-14,7,90
b73fadce-d518-4e16-a832-fc9bdb56be17,2022-06-04,7,10
0ad0e36e-3d3c-450a-b610-b5d22e9e2aaf,2022-06-04,1,10
1327c7c4-b401-4746-92a7-680f2d69b353,2022-09-27,7,10
84d2fe1f-7ec0-4370-8c84-085bcb969ee5,2022-09-04,1,10
c2cbc35e-6379-4a0c-9f08-007452e3b38c,2022-06-01,7,7
19767740-1b59-4fd1-a9f4-fa3e6f7c8d08,2022-03-01,7,7
280cb1f1-e56f-48ef-93fd-92892afcdfc7,2022-04-08,7,7
889b3784-5965-4af2-a445-f1912abe3f9a,2023-02-16,120,120
4768ff4c-f44b-43ca-bbd2-99a88f23601b,2022-11-04,7,10
c0943809-038a-45bc-92a7-527282b54317,2023-03-09,1,1
316a0dc6-e27c-48bf-9e4a-3669ef9e9172,2023-01-24,1,1
01f771e7-08b4-4a53-9fa9-4f4ce0475465,2022-10-18,1,10
74dfbee1-247f-412f-ae23-4f098d0be8f8,2022-10-02,10,10
7abe09d0-db2d-4b16-b524-163298cd35f6,2022-01-12,1,10
3de53dfd-06c4-464f-a155-7cbe3742c71a,2022-03-05,1,1
e952d408-373d-43bf-8a9a-1c9a76731339,2022-11-16,1,90
9119f025-51dd-4ea8-80fb-1f4df5271568,2022-05-26,7,7
9754d9e6-e68c-477f-b2a6-0c548768a7e4,2022-07-16,1,10
89fbdff4-d627-4739-8a21-8f12e392b9e6,2024-04-15,1,10
3e66e2a5-dccd-4869-8536-5ef41d31fa3b,2024-02-01,7,7
9b2386ba-0bcc-4a00-812e-04d7d97dd0a5,2023-10-31,1,1
70e96411-a389-47d4-b536-ce00e5411986,2024-03-30,7,30
549fcd3b-dd4e-4a8f-acf8-c65cf0117f74,2024-05-24,1,30
de0d973b-83b3-4536-b131-13c7fe17cd96,2023-08-30,1,90
6ddd9515-5e08-4827-994d-656285178486,2023-09-02,7,90
d1507d90-6e17-42f3-97b8-4f068590ccc2,2023-12-29,7,14
d56955a6-2fb1-47a0-9ec2-b4f1ea6081e8,2024-04-01,1,10
aec77f84-e81a-4717-a769-4da9411b1807,2023-12-19,1,1
3a90e388-cc49-470d-95b4-f7e268ec4b90,2024-05-24,1,14
592f6ce9-0143-494d-8a80-9dda30140815,2024-03-20,1,10
b2db5233-cb4f-401b-a181-8a34869251b3,2023-06-29,7,90
60ca74d2-4c1b-4d9f-9653-bc57e781bbef,2024-10-14,10,75
9b545c36-bf7d-462d-8920-c9e1f87d280a,2024-02-12,1,1
4ca8d482-98e2-4653-ad8b-44b7d9c6a892,2024-06-28,10,10
2b92d6a6-672c-4cf5-8e09-b2253219b1b7,2022-07-18,1,1
39b31398-ba5a-461a-8780-d00c6b48a9d3,2023-07-30,1,1
ca96db3e-f2aa-4525-a818-6a6369531417,2024-08-01,60,60
0617872c-b658-42e0-9307-2b2a0e1ba748,2024-02-08,1,10
385b2c70-447b-48ca-9869-780b220669cd,2024-04-24,7,7
077fa30a-b46b-49b8-94b7-1848668348b6,2023-03-03,1,1
a4ef4574-120b-4576-b22b-1cd5dfb32f60,2023-02-09,1,10
c34ee71c-c8fe-4a9f-bd73-a4822c2fc5c3,2024-03-30,1,14
a9a64b8a-5dd0-4adf-bc9d-0917c9c9ff89,2024-06-30,1,14
f78b2a6e-83a1-4936-a9fd-048ed198d7e8,2024-05-04,1,1
bdda73f2-bda1-4cbb-a0df-f116ca6a2ab5,2024-09-10,1,1
6bbbdc62-7554-43f4-b7a0-47393586a57e,2022-08-02,1,1
bc9d8937-2602-41e9-a628-8ff2a6ac009d,2024-05-24,1,1
cd75b89d-eb99-4060-b764-8459a5640d1a,2022-11-29,7,7
77e62a6f-aff3-4302-9f35-35d1d9485abc,2022-10-30,1,1
34f9c00e-1d33-49f7-a3d0-1d483bc40a63,2024-10-31,1,14
e60564de-d5e6-4991-8bab-b465f43a5018,2024-07-31,7,7
f14c8095-b289-4b9b-8699-597ef4a65206,2024-10-04,1,1
f211620f-0ea4-4abb-a5c3-b649f7f93b04,2020-05-01,1,1
295c4afb-b716-440f-af9a-d17bc7c782c9,2021-04-12,1,10
f69c4669-e319-4695-91ff-8e089a1d699c,2022-01-16,1,10
9d12c0df-a5fd-4ab7-9d8c-c8d7162e9ea0,2022-06-04,90,90
61543685-15ef-4e8c-b002-ddd6814a3f0f,2022-01-24,1,10
af6e04f1-7c5c-4514-b644-f19da8f1e2fb,2022-06-01,1,1
65f22598-bc8b-4a7a-b04a-6c82e41370b3,2022-05-30,1,10
138495e1-9d86-437f-b74b-6f3fc25219ef,2022-08-12,7,10
c02f8b71-ba54-4744-993e-c7d8867d92ac,2021-12-08,1,10
4b411773-18db-49ae-8f37-9fbd6cc2cfca,2022-08-07,1,10
3e5b0718-be32-41db-a095-29d483926a9d,2022-02-27,1,10
b73f6725-a2ea-4c93-9725-1fd4fa1332df,2022-10-14,1,10
74823454-5ed8-49c6-bae7-8e329f54e5a4,2022-10-12,1,10
e1d03b4c-11ba-44d4-9c12-e14196359074,2022-06-04,90,90
438e8dcf-9845-446c-950a-d8ba704fec85,2022-11-02,1,10
98446244-ef7f-4f79-8e89-e738689a9e6f,2022-08-24,1,1
ca873069-344a-4567-8c37-72cdfbcb6b77,2022-03-05,1,10
40da862d-f370-4fff-962c-5c5d6dc4ec6d,2022-07-20,7,90
d479170f-38ce-447d-986a-b80622a4e51a,2022-06-21,7,7
00a1e05d-3121-4336-b9c0-daee898876cb,2022-09-08,1,10
5d8a3d00-8b1a-4ef6-9329-0fb2c4c9f257,2022-11-02,1,10
52cf6a24-a868-4b99-98ff-7c32d9e777c2,2022-06-02,1,1
bcf65b51-e553-4142-8283-ec73fd508425,2022-06-28,7,7
b411435e-a7a6-41d2-a1ef-db8c3e413838,2022-06-08,1,10
d9216373-1a5e-4416-80a1-7ea2fa5d4012,2022-05-24,7,10
fe70a512-5816-45c9-a05e-b6f2113261f2,2023-10-31,7,10
1535fe2e-d5c4-47e7-bcc7-33cf36ad8f81,2024-07-03,1,1
bbbe7144-5b68-4aed-a1cc-3c40434d3774,2023-11-12,1,1
1970b114-a4b2-40a6-9a77-32b15b803c60,2024-05-24,1,14
ab2c400e-0ffc-43aa-b25d-9dd098414a0c,2023-12-02,1,7
1f68e056-9074-4e34-86cb-10cffe3301fd,2023-10-29,10,30
493df689-81e8-4237-b22d-ad265b03dd12,2023-06-30,10,10
82f5c753-756c-4497-a56a-d474bca92eac,2023-10-15,10,10
5a2bbe9a-7002-4efd-965a-bba83cd27018,2023-10-31,1,30
6d080eaa-659e-4ef4-b526-056cdc557efa,2024-07-15,7,14
d9473deb-044c-4a8b-a1a5-eea712214828,2024-05-11,7,14
07c7bad0-5ca3-4f5f-9ced-f13232675fba,2024-03-02,1,1
92e5f01d-77d8-4702-9ef0-8f3e4874900e,2024-01-19,7,30
af72e97d-8932-4350-b10a-1487d9f37326,2024-02-19,30,30
422f189c-d2fb-4a91-8e45-f5e1647c7662,2024-04-09,1,1
4136763c-c527-4881-a799-c4f8ff99447b,2024-06-28,1,1
5ca72e3d-4e17-468f-be74-333af51e3586,2024-01-01,10,10
dbc386ac-aea9-4bdb-9aa3-d86a3e23123c,2024-04-01,1,14
82e00068-26d0-42bc-b7f4-f94e1f863c6b,2024-06-02,1,1
6bebd92e-ffc0-4d55-84ce-e5f27ed82b3f,2023-07-31,1,14
226a258e-1d4c-42db-a1a1-b268b854e5e2,2023-12-29,1,1
9f55e224-0117-4ee1-b583-10f37715f6d3,2023-09-21,1,1
40deb84e-d951-4e47-b690-cf37ac79fc43,2023-02-14,10,10
8193c1f3-8590-41cf-942b-67e6e2234060,2024-02-18,10,10
7e454dbb-3270-4956-9a61-33ea9d41461c,2023-03-30,10,10
7a6d2d5c-abd8-48f3-9e05-600d2d60c2e6,2023-05-29,10,10
1d7fdfc6-3571-410c-9aa1-6b95221014fe,2022-04-06,1,10
42b8507e-bad4-4e84-875a-da5204a9bafd,2022-04-23,7,7
8263bcd8-517d-4759-a6dd-351af54751da,2022-07-22,10,10
9a023600-9837-49a0-bd66-b57a51c4e207,2024-06-16,1,1
cdfb9e54-e9ae-4fa9-bd44-7adf524aa0fb,2023-02-13,7,7
11be7c0a-6460-414e-902a-75474a66ecb4,2023-08-01,1,10
0c0d0ece-3d71-4832-b4a2-1db47cf946cc,2023-06-29,10,10
18793c6c-e717-42ac-91d5-ecc2741c679d,2022-11-02,7,7
ce1d8f6a-0234-4458-9fe3-5a74b4b1c33d,2019-07-08,90,90
78029ddf-c22d-47c4-93ce-e577d952b55a,2020-06-11,90,90
900761c3-2fdc-402c-8ad6-db411d7a2a89,2024-12-30,120,120
6348c85a-26d6-49d6-babb-e704b1c389ab,2022-03-17,1,10
b075bc9f-1bab-4e88-b4d7-616005f8e49d,2022-02-10,1,10
f9c64e42-3f8e-4814-a0b5-f7fe1584eb3a,2022-04-29,1,7
f7d46826-946b-4d82-ad80-be51b2179023,2022-04-11,7,7
c843ea6a-63af-4933-96ba-55148fb25a84,2022-06-30,7,7
ea4f5268-4da1-42f0-8aae-9fc245caeb07,2022-08-15,90,90
aebc4d9a-5ea5-4b9f-adf8-a4779fd31e5e,2022-07-04,7,10
09ed9b98-17fb-4900-b935-eb5a0798f31d,2023-02-01,1,1
9a8c5a86-1d91-4145-a1ff-f03b4c7a7832,2023-01-06,1,10
90c1fa69-736a-4702-845d-44c64d23c597,2023-01-01,7,7
8240e47e-547c-4afb-974d-b7e4a62718a0,2023-03-06,1,10
b36fd179-ebf5-43cd-88dd-96b7258581c2,2023-03-30,1,10
28cc98e2-31a3-42ed-9a63-39a20ace9419,2022-08-19,1,10
93dcac8e-5a3a-43a0-826b-ce947179199b,2022-10-20,10,10
b42a4a5f-9164-4fe2-b561-8fb3d06ae6f4,2022-03-05,10,10
b61b3ea8-6039-4c9f-90fb-804e4b67d9b0,2022-04-13,120,120
465ce654-3297-4aca-81ac-776ef5328be4,2022-05-19,1,1
71f843c8-fc98-413c-9b71-2dcaab22ff1f,2023-10-08,14,14
4ceeb763-3c27-4e31-9edb-8bc83f0d595b,2024-05-05,10,14
03d02364-f7ce-4e8b-9569-11ac2a81997d,2023-09-20,1,1
f67e2e6a-8af3-42ec-9895-7966649fb336,2023-09-01,7,30
e50efbe7-9ca0-4db9-956e-d26845e1b78b,2023-04-20,1,1
ffafb993-d091-48de-8a01-ae6dd92a35dd,2023-08-03,14,14
073c27d0-6263-44a3-939d-7f33a628ca2e,2024-01-29,1,14
5940af0a-f43e-41b3-b960-da61c4e13a0b,2024-05-23,7,30
68b217db-c285-4368-a6ee-ad3bf59140c8,2024-01-08,1,1
0e1b3131-8b38-4cab-b38c-46dcb06a78e0,2024-07-23,10,14
7bd0b5f5-0fd0-4bc8-94c5-1552f09a5306,2022-02-13,1,10
3c22167f-0fcd-41af-b3a7-2424376c4754,2022-10-10,1,1
129121c7-7aa3-4c28-b140-6b66889f1ddd,2023-06-29,1,1
776d7bdf-984f-46cc-970d-38730b5f19c3,2024-10-06,1,1
ca42d6c9-4135-462c-a363-99f706614b06,2023-10-07,1,10
892e1874-3cb6-44df-8733-80b1fc4d121d,2023-11-19,1,1
5ccd6240-6be2-42e7-bc85-8e12988d0e91,2023-08-02,14,14
ab9546d2-10e1-41f1-acff-8098aaa50849,2025-01-20,1,1
f78323aa-9f07-466e-a701-5facb05ec42e,2024-06-11,1,1
fbddd054-6261-41eb-af5a-c5ea78dcc740,2023-07-20,14,14
608f1d21-64ca-4ba9-9f11-09c2a75cd42a,2019-12-14,7,90
5edd5144-590c-4cca-88df-b7cce15d7e4c,2023-02-01,1,10
a9b7e559-6064-4207-a0cb-a8241ecafdbf,2024-09-07,1,1
3524d53d-01df-435a-b8d9-33c9cd8ae95f,2023-05-29,1,10
3262d0af-d6e9-43cd-9f38-706c50f30835,2024-07-31,14,14
a7d51cea-ffb0-440d-8875-412ed07d96d6,2022-02-25,1,10
ba18075f-7664-4987-8d7f-72c5029d3994,2023-02-01,1,1
53f41bdf-f431-45c0-9cd3-55331b8b0271,2024-05-24,14,14
940d5f0d-68be-42ea-a5ad-1ad4f987073f,2024-02-25,1,1
dc6a70f2-937d-462d-83b4-bc8bbd2f2d26,2022-11-02,7,7
c0ccda86-f71e-4d95-b443-1d6b29b72206,2024-06-26,7,7
09c9de10-192b-4425-8c5d-31ba80488ed1,2022-10-31,1,10
73817178-82ab-4fda-938c-8114282bef0f,2020-09-04,1,10
7f568fe0-3f0a-4781-99c0-af74a1894fad,2021-01-25,1,10
54ad2e27-be79-4e52-b491-a2e41d47e9bd,2021-12-06,1,10
10513afd-6efb-4e5a-9e11-09e0006f53c9,2022-03-23,1,1
d36be0ed-130a-4262-bd36-b1d3cc6440a1,2022-03-26,1,10
cc42790e-8e56-48c0-ab03-fc0f001f652d,2022-04-20,1,10
595689b0-237f-45a6-a75b-17a71baba63c,2022-02-08,1,10
d4c3209c-4c5e-4041-b385-d525bc926938,2022-06-28,1,10
ba8c168f-592b-46d1-9526-08ca8ddc711a,2022-07-06,1,10
10bf685f-3070-4606-bfd2-9dd89bdab133,2022-06-01,1,10
40b57f44-7dcd-4c45-9e4c-097e1409e8af,2022-04-13,1,10
b9ef746e-3ccd-4c79-9e66-14ce5cf3cf52,2023-01-05,1,10
f11ef3f6-40f5-451e-b9fc-e67ac59f28d0,2022-08-28,1,10
d67272bd-87ac-4476-bc37-c2905917b592,2023-02-20,1,10
d9608be7-2ab8-4f02-96c7-a685bbbab117,2023-01-28,1,10
df7a2ebc-2974-4de3-a1e5-649e7c528ef9,2022-12-28,1,90
cdbdc068-320b-470f-a2f4-bc048ff9d8a2,2022-01-17,7,7
7257739f-1409-4c67-a5cd-408c8594c4ee,2022-04-11,1,1
047ea6d4-7e6c-426a-9122-852d61828976,2022-12-19,1,10
6081f472-5dfe-48ea-bb62-eeed59cf6b3b,2022-12-01,1,10
c64af1ce-d226-4646-9e32-b26d31e94f2f,2023-03-30,7,10
8f36af91-8272-43ec-bd63-f7fe041e5502,2024-03-18,1,7
72d6dfab-6388-4334-9857-9fcb66c15c3f,2023-05-29,90,90
fc6fbac0-c0a1-4204-87c2-accea50789d2,2023-05-15,1,10
9cb781ce-8e27-4583-91f4-6c50b069b66c,2023-12-01,10,10
199a15c8-acc4-4af1-8583-4292ad6bd7d3,2023-10-12,1,10
8df109bf-87b4-4ffd-bd31-d29cb746b413,2024-06-28,1,14
2e987be6-57db-4db2-9662-7adfa89a1f08,2024-04-01,7,14
b39959d7-f60e-4220-881d-7f368f61d9a6,2024-05-24,7,30
6f20ed13-e6dd-43be-9aba-160dadca9a07,2024-05-18,7,7
68cae4c4-38bf-458b-9f3d-71d6dbf38ae2,2024-09-20,1,14
b919a7e8-bc20-41ed-8474-50a6fd958a23,2024-10-22,7,10
b6858f03-4075-4b0b-b84a-83e947ff4318,2023-03-25,7,10
533d7733-c405-4f10-8a80-9651188832d9,2024-03-18,7,7
dfb9f56d-a39f-45c4-88fd-f28223c94c67,2024-10-21,7,7
4e60c54e-6ec5-4ba7-a947-06c01e8b9683,2023-10-31,10,14
d32238ba-5337-4813-9789-49bdc7398b3c,2023-05-29,1,10
fcab3a86-2c68-4753-b651-9ecd0c52c8b6,2024-10-30,1,10
fc4707d2-b7b6-4791-970d-982fd43d52cb,2023-02-15,1,1
0edfc5ce-9af3-4302-87ed-c357507d35fe,2024-07-31,7,7
9366f1d5-4208-4389-a90a-ad6fdf832279,2024-01-16,1,1
2ee5f5b3-cc94-4ad3-a1d7-4b65def619b0,2024-08-01,1,1
7d4c0a9b-654e-4106-b3db-a3da3a87e2ee,2024-06-28,1,1
8eba9d71-a79c-4d4f-954a-8588eff852d9,2022-09-27,1,10
6d920796-39c5-46c7-8939-0b30175cd1a7,2020-05-03,10,90
05a9ec70-f9aa-4018-84f3-5351836bb56d,2020-07-27,1,10
06c0b710-daee-4327-a6dd-bc31626fa4fa,2019-07-08,7,7
d8ead701-1e28-4258-8ca1-290327f526e7,2020-07-27,1,10
a72edc2a-d325-4b03-af29-e17f068ac1cb,2021-12-11,1,10
57f76dda-90da-45cd-a4e9-362663cf6b14,2022-01-12,1,90
f97c8364-5130-442a-acac-b0b2ac850368,2021-08-30,1,7
a2c9753e-de62-479c-9957-41a64077de26,2021-05-01,10,90
6915df07-4377-46b2-a502-b0f871b3ee89,2022-04-11,1,1
5616fa3d-1205-462a-93cc-40dc0a9c3e22,2022-03-16,1,10
fb8d8647-b401-4dcf-8fa7-71c47a6dac93,2022-04-01,7,90
d1310d6e-a109-4312-87a3-819ef4aa92bd,2022-05-20,1,10
74be8265-9430-409c-a81e-a1ffd2aacc3e,2022-03-05,7,10
b76399dd-18a7-4854-a422-7d5fb2d2ba55,2022-03-05,7,10
f43aed96-b8f7-46e0-8e19-9d934a7c48b7,2021-11-08,1,1
c4146c42-b8b8-4e5a-9b63-13879b7b1079,2022-06-28,1,10
96c34fcb-b9b8-4380-b3ae-0818e3260a5c,2022-03-03,7,10
e75a4ed9-deba-4e21-b669-1a448a324bfe,2023-02-01,1,10
20856db0-405a-4f93-86a5-d71e2a82a10a,2023-05-30,10,90
efb86b9b-1f8d-4aa4-9ce4-f108fb496a40,2023-03-04,1,1
0e6189b7-9938-4a42-a8cf-c9a9c1b871ed,2022-02-27,1,10
8455682e-f893-444f-8c1a-03cc18c21d1f,2022-06-04,7,7
ea885648-daf3-4101-8f9e-ea8248e0eaf4,2023-03-17,1,10
c4b009c7-36a8-4035-9d53-cc4089946eff,2023-03-30,7,7
dbde19c8-eafa-40ab-a963-c83de40290d5,2023-01-29,1,7
a4ad3798-0210-478c-af40-097f85700d28,2023-04-30,1,10
5f901221-d701-4558-b88f-8c856f74921c,2024-03-30,1,30
2939b459-c7c7-408d-b999-f29c98987b7a,2023-10-10,14,14
eca5eae0-294c-447d-b1a1-d846e588edcc,2024-02-11,1,14
4887fbb2-6cc1-4421-ae64-587e0256096a,2024-03-18,1,1
a21dd967-2791-4cc0-b78c-80b891693cd3,2023-07-11,1,1
733a6f7c-6067-4f49-ba86-4e8a6507c132,2024-02-01,1,10
9005aaef-cea6-48e9-9b07-7fdb0c5be444,2024-05-24,7,45
fa954a72-6d1f-4c1d-b49f-7c9424478ab2,2024-04-15,7,14
7edded92-4464-459c-a29e-6c3aff28ff47,2024-04-02,1,14
c83f4418-c799-46b6-afdc-91f0afe2fb02,2024-05-12,1,7
d1c0a158-c00a-4df7-b540-d00c9fcd89ed,2023-12-18,1,1
7982e669-e6fb-405b-bcd1-5c6c3a0ce0fc,2024-09-29,14,14
61ed1220-b5e4-411a-aca3-11534e52f95b,2024-01-19,14,30
b5353347-a7e6-4163-8420-a9c4b12b09c5,2024-05-23,1,14
5539f053-b9e0-4393-891d-df73416bac80,2023-10-31,14,90
60d0efa0-c5d6-4214-992e-16923bc01783,2023-01-15,7,10
eb274626-5f8a-4354-9c60-b5bc034f608b,2023-02-09,1,1
331462b0-b5b4-4497-ab7e-e0f2a334d355,2024-09-27,45,45
d485f9f0-ce4b-4cc5-9fe2-668806aa5e98,2023-11-30,90,90
2f5fc892-7c5b-4275-854e-07189d75d417,2025-02-27,7,7
3ce660e5-a4d7-4344-8ab5-dcc6f769b30c,2023-07-20,10,10
44962aad-1a0f-4346-9591-6e019770a95f,2023-10-31,1,14
775c2b4d-0cd2-4ba6-9048-78bfcb331baa,2023-12-29,1,1
21462270-dd40-4e61-ac0b-d22f0de497cf,2024-06-30,1,14
b829ab00-c3e1-45fb-ae18-0b0b38adc602,2023-01-27,1,1
034afbb4-bfba-4d41-91de-3f5b56aa6c8f,2024-02-05,10,10
92952927-143d-4eeb-ac02-2b6ea9efa87e,2023-03-30,1,10
a20b5994-add3-47ee-9565-e5c376e1e6cd,2024-09-27,14,14
4c0d41c3-9c2c-4a95-9ff1-a3d99f5ab1f5,2024-07-31,7,7
199e8af9-a228-41ef-8901-c37e3e9d6c01,2020-03-05,1,1
e7092125-d0db-4f6f-ba21-41dc66f50ce6,2022-06-28,1,10
d99785e6-a92e-43f3-baa6-3f6a3edb1611,2022-06-30,1,1
ccf2d3e9-6514-446c-a28d-e30e2c9b7fd4,2024-05-21,1,1
8090e357-b718-4d38-912d-d1281487b8ae,2024-05-03,7,14
c930a477-14cc-4db7-9a56-24dbdabb205d,2022-11-02,10,10
3ea657bf-7091-4e0f-850b-bd32fba5d2b9,2023-06-29,1,1
3bcc1d18-4a42-4df8-b97e-3ff5ecf43659,2019-07-08,1,10
bed39150-1a5d-433f-a65f-37d0ba7729f3,2021-05-09,1,90
02026537-5a40-442e-bd77-edbef2b763ae,2022-01-16,10,10
05424f98-567c-4321-8f52-05b2538b1c30,2021-10-19,1,1
5ab2870e-a21f-4199-a162-1fee448d502b,2021-02-05,1,1
7a53b447-4e9e-4c5f-ac61-0de66e74bd61,2022-04-16,1,10
06414d64-f6e4-4787-8942-6b010e0ceed2,2022-01-20,7,10
55b11184-e0da-48dc-b0b5-fda660af1294,2022-08-29,1,10
be65e397-9dfe-4a30-90b6-c31fdf4b1350,2022-03-05,90,90
4feb39da-4032-441c-a13b-19b6aaae51fe,2022-10-11,1,10
67b78804-6da0-451d-95af-fc18373bfbac,2022-08-02,1,1
077ec446-2513-4a99-931f-f2d502eec902,2022-12-30,1,10
5ee5a86e-6d06-469f-b813-29ca8d0ef65c,2023-04-19,7,7
7c8b4f6b-f44d-4a54-8ce6-bad28776a37b,2022-08-19,10,10
1e42f3a0-60f4-4592-b893-d26c4dfb61cd,2022-08-18,7,7
87f18083-87a5-496d-8077-8ae4609763e8,2023-06-15,1,10
5676b835-7f82-41a4-9a0d-7d09ba919d5b,2023-08-18,7,10
e4359c61-b2d4-4477-8584-82a8f1c4a462,2022-11-28,1,10
b8672868-c509-466e-a7ac-3b5597de140c,2022-10-12,7,7
259f7b1c-3623-47b5-8e94-27e5f0c65812,2022-06-01,10,10
dd702c74-0b0f-4481-97a8-e9e533b76093,2022-04-29,1,1
9850a08c-47e5-433f-b077-97616fe794dc,2022-11-29,1,1
e74b32d4-a830-4a0f-8538-f79ecbcf5b25,2022-06-04,1,10
8d909d58-1279-45f4-9f52-ab32b1c6ddc2,2022-04-29,1,1
97ec1041-b649-4880-8db8-0fe1dbc1933e,2022-11-20,1,1
c6ccfc50-7bfb-4551-b000-15ab113099f5,2024-07-31,7,90
673992df-ea20-4ca4-b2c2-f149c8cc12bb,2023-03-01,1,90
d241be5c-75ce-4064-9778-fd2709636901,2024-06-13,7,14
d9c37dbe-2dc8-4911-a07b-2d2e5c8de095,2024-02-12,1,1
8f7a37e2-ec9d-468e-b213-689a7bacc594,2024-02-07,7,30
1b264cf7-8965-457b-a9f9-39369aa2bcb7,2024-10-21,1,1
2d284133-883c-483c-8f68-ab588ed42072,2023-01-18,7,7
f4584af7-97aa-4b2c-a270-003863bcd20e,2022-11-25,7,10
a8a36285-ba13-4733-9fe9-51979107e374,2024-08-01,1,30
e1d0d548-7e23-44b1-ad1b-02f0e539b706,2024-09-27,7,7
66943f90-79d6-4bc6-b80d-868ce82cd85a,2022-12-25,1,10
d4d294cc-da14-4899-9ffa-382d2ae03925,2023-10-05,7,7
56c54809-e0ac-4b8f-bbf5-5399605ca3ab,2023-08-14,90,90
21a9e930-d362-436b-a526-f04448df0d9d,2023-08-26,1,10
0b9a4ab4-0afc-44a5-a0ea-8a978b1b8179,2024-05-23,7,14
2ead1a39-e092-4abb-9bfd-eb79a28a5651,2024-06-02,1,1
1d2511cd-133e-4e4b-bb59-f66908bcfea0,2024-07-02,1,1
29b1e8ec-ad18-4ff6-86c5-08285f9bc853,2022-06-04,1,10
c9f80c06-a84f-4b04-a832-d11a143a36f0,2022-09-29,1,1
81698777-9be5-4e2a-b0d9-76f6cfe62527,2023-04-17,1,1
8100ee7d-d226-4c08-a677-79735deef863,2025-02-03,1,1
c2ce69e4-4848-47f3-be13-4a6309232bda,2019-07-08,1,1
58617044-c668-4c16-a71c-e7a2eadc5a31,2019-07-08,7,7
abebaa86-e172-4504-9004-c18ec8dd5d4f,2025-02-26,120,120
67b5a4b5-ae42-4a4d-b516-27534ff67f4a,2022-02-17,1,10
ec9baa6b-7638-48f8-b85d-143a579ca8e6,2021-11-02,1,1
10c5e6e2-f674-4009-94d1-f96683ad3825,2022-06-01,90,90
1c8461fc-5e54-4b0a-86e7-016c5c32f97a,2022-06-28,1,1
01b502d4-6eac-4b54-8132-9b47d703c66c,2022-04-24,1,7
d3b8b3de-adb8-433c-9c85-f7c4025a43b3,2022-03-05,1,10
f9104957-959e-4494-8086-fdef17e0d10f,2022-02-21,1,1
4faa5ab8-2906-4eb1-9bb7-5213fac0a58e,2022-06-06,1,10
00ec60fd-cf9a-4efe-b304-08623a8f58b0,2022-12-28,1,1
cd1e0333-cf8a-4234-ab28-58e2ba9a5412,2022-08-19,1,10
96eb931a-17f5-41a0-a1dd-4bfb0697335d,2022-04-04,10,10
9aa4b214-578d-47e1-b975-3468cba883ee,2023-02-11,1,7
cc4f67d0-b976-4713-aa1e-12cfd6cb883d,2023-03-30,1,10
06f47ead-b9d7-449f-8851-cf185e104fbe,2022-10-07,1,10
2723805a-d12f-4b5b-ade7-51cd95ebe153,2022-04-01,1,1
9d6f659d-5495-420e-86cc-f3af0e4c34f3,2022-04-29,1,10
0d62e606-9633-4ebe-b0b1-3bd0c6680508,2021-12-11,7,7
b32be6f6-19bc-4ef5-a28f-092af2c37156,2022-06-04,1,1
91281099-b6f9-4c9b-a4b7-3f867c5a4bdc,2022-11-27,10,10
a8bcc823-2b55-42d9-8a37-cade18531cca,2022-06-04,1,1
80892c29-9e6a-47c4-bc9e-9de590d73e6d,2024-05-23,1,14
341d6456-a9e7-4cff-9cdc-945ace76da3e,2024-02-26,14,60
58efecb5-34bb-4b35-b238-a9d1495248e5,2024-02-23,14,14
edca7ad8-49fb-44cd-99a6-cfb028989c2a,2024-09-16,7,7
f02b3693-35b0-4a4d-89fe-c4db935552e9,2024-03-25,1,7
71ce3f28-89ca-4717-bd74-4214aac3dbe7,2024-02-18,7,7
d8b0e614-261d-422c-95f7-5df280edb3d0,2024-10-28,1,10
b42a1758-14ee-4e6d-9225-f694810e4b9c,2024-05-20,1,1
86a2284f-b6fe-4f5f-b901-fb024e6af546,2024-09-27,10,14
a09226c4-51d4-4089-966c-db102976e790,2022-12-27,1,10
1ad68838-5c20-4b0e-9995-6071206d72d5,2023-11-14,7,10
73f8172b-1f59-49e0-bfc5-ca1357d3d38f,2023-01-09,1,7
33a8c170-ac71-4fd5-a63e-aa368d8147b4,2023-07-12,1,7
f5510b98-18f4-4b53-ad5e-bc19633f1399,2023-06-29,1,10
ba5bba89-07ab-4e63-810b-5e4e0741146b,2023-12-29,7,10
27da08df-ccad-48c1-9704-d217d258b531,2024-01-30,7,14
8dbfb901-9602-4a26-ae33-32c641fc601a,2023-08-02,14,14
9091e3f0-14d9-45ad-b8c4-938610506a9d,2024-06-10,1,1
73484dd6-0729-44ba-973e-e7b18c261096,2023-11-02,1,1
3d7f46bc-3dc9-4ad2-8f7c-708120972429,2024-06-15,1,1
16fc459f-138f-4122-ad9f-50d0dc8a2785,2024-06-27,1,1
27143203-e7d5-45b2-ae4a-55f33b0716c9,2024-03-30,1,1
4ad08b86-e430-4e83-b567-c21b3832f803,2024-03-10,1,14
a7760bfe-b92e-4609-8f55-44a568ae7a5a,2024-01-12,1,14
e3ab5fbd-18b0-42eb-8acd-ae363b4a5280,2023-12-29,1,1
0cd0aeb8-c54b-464f-8545-4ac454fa8998,2019-10-30,1,1
a3e61fd9-97b1-494f-9041-a19448c74265,2022-10-27,7,10
bec7a483-2a23-4c8e-ad11-5dfa43a63903,2023-03-13,7,7
ff396fff-f94b-42b4-a450-c71c0e933a9d,2022-12-11,1,7
da2a5d33-e58b-4123-81a0-5cdc55bbd294,2019-05-27,120,120
62c8e21e-e726-4b99-a1ce-f6e078a71906,2019-07-08,90,90
c3023d2b-65a9-4b07-84aa-17b6704a6b74,2019-07-08,1,10
33bca6c0-c0ef-4a63-b9b9-838ae51f35ee,2022-01-16,1,1
061e8ed4-c6ac-44f0-b616-7d57f5c82f5f,2022-06-03,1,10
4e2727b6-c60d-422e-992b-2652dd38cba5,2022-06-04,1,10
729ec55e-16d7-42d6-ac79-e15f31583f02,2022-06-04,7,10
85ce0657-fa99-4be1-a763-a70661f1bec1,2022-03-05,1,10
fa77ff6d-eeeb-4ef9-ab8b-223d95882fe5,2022-09-07,1,10
c54cf6ac-63fe-4412-88a2-0b6380ca00c4,2022-09-30,1,10
55d9a3e5-f8c7-478b-ae84-a6fd89abcf22,2022-11-14,1,10
3441e0b2-365f-4271-aaa8-9d950f3574ef,2023-05-14,1,90
5d7c59f5-cc44-41a3-8bb3-680e6056e63b,2023-07-07,1,10
c07dec87-cd39-407d-b531-cb238e38c85f,2023-07-05,1,1
1eebd740-d26d-4a1f-b36c-b669fc013f05,2023-05-24,1,10
2d42595f-9323-44bb-801c-33622528193b,2023-03-30,10,10
8f065715-9f5f-4f36-ade3-563ff27d281f,2022-09-16,1,1
72abb85f-0cce-4c60-a5ed-630068b3f240,2022-06-04,10,10
fa077f45-4f53-4ee5-b86c-eceaee58efc2,2022-03-24,1,10
30243d98-3242-48f1-96b7-ff89f9ebfc98,2022-12-30,1,1
9f15bb0c-a031-457f-ae26-b980509c4709,2022-11-15,1,1
677fd19c-10dc-436f-b7dd-a0184194b4f3,2022-06-24,1,10
66a3a9e0-3f77-4a78-8e00-925fcb335a49,2023-01-30,1,1
6342e315-31a6-4c8f-88c4-12b9db03fb1b,2022-10-31,1,10
35923389-af81-4113-8fa0-bdef08267d84,2024-04-30,1,14
95ed8a96-3af1-43ca-81e1-d7f39c11c3b1,2024-01-09,7,14
462c14a5-d7df-4c18-bc77-8b1c7e2891eb,2023-10-16,10,10
d1a87cd0-32e5-4356-8cb6-4e6b60945c2b,2023-06-27,10,10
28f4fc46-9a5f-4dcb-acfd-a34ffd5d40d9,2023-06-26,1,7
7629f19a-142f-42eb-a243-0e611333e74a,2023-05-10,1,1
8ff5ba6b-32e1-4471-a6e3-5d5c21293f07,2024-06-06,10,10
4d3a1e13-2420-4c0d-a977-90a466ab8f78,2024-05-23,1,14
836c9db1-b327-4e50-8fcf-d5e811385c13,2023-12-29,1,30
40b1777d-02d1-4573-bbfa-b236cfc14e1c,2024-03-30,1,1
45df85f7-bbff-4894-b4a3-795e906d5c70,2024-06-20,1,7
10669f8f-03a4-4dcd-bd1b-0f094c2e6450,2023-02-04,1,1
3cba0eac-957f-4ffe-b867-a6da75dbf2f4,2025-01-04,7,10
a2381852-1083-4296-8bb1-851634d35264,2024-05-05,1,14
83c90215-caaf-4e8c-bd65-55c4c0c16b0c,2023-07-02,10,10
862e6e0b-7205-45f4-bfb5-adb0cbe5d628,2023-06-08,1,7
c9fc46e2-e82e-4b7a-8fce-798865333574,2024-09-05,1,1
23a438bc-1274-42e0-a1a1-42f571e1fdf6,2024-01-26,1,7
c4e0595a-0f75-4891-bfa5-280af118f9d4,2023-11-11,7,7
abd4c007-ae43-48d1-94e8-278ded731d76,2023-11-25,1,1
23be54ab-a7ff-4821-aa61-dff26b2d273f,2020-08-17,10,10
1b640fd3-7ce7-4ffd-9563-a9fb20b5d4f9,2023-02-19,1,10
4eb439ca-5694-48aa-b84b-4595b8273fc6,2024-05-24,1,1
7a582c1c-d3fe-4f94-814e-f734dffc8e1b,2023-12-15,7,7
32f3a449-ca91-4c7c-a3a9-43cabc378165,2021-08-24,1,10
7b451ae1-58a3-445b-9b35-fd440c41461b,2023-02-03,1,1
bebf1800-9d41-4a48-91ff-9fd28a083793,2023-06-29,1,10
84e34892-0b40-489f-934f-4b08ccbbf6f7,2022-11-20,1,1
9ba4814a-b9b2-457f-a48e-16418af62ad5,2022-04-13,1,10
da3028b4-8e06-4a70-8e21-99daec1836bb,2023-04-20,10,10
8d2b471c-2b26-42f5-af6a-e03234124883,2024-10-28,7,7
4ac7f582-9a08-4def-bae9-202a144048fc,2022-06-01,1,1
caa7ce07-1307-422b-8242-50c33d5ac445,2022-05-11,1,1
c664cb04-ee8b-42ca-800c-72467ec4a869,2019-07-08,1,1
3a5b1836-a241-413c-8694-a8328911bea2,2022-11-02,1,10
e3e84569-cc9b-40cd-b400-96dd327fe4dc,2023-01-02,1,1
96fe73ef-068d-4dd0-961c-6110fa0c8476,2019-07-08,1,1
f98f3954-af2a-4c04-ab5c-ea4e0d66817a,2019-07-08,1,10
ffc13ea3-1783-4a2c-afd3-26891c494f31,2020-04-18,1,1
2af131b3-68e9-4598-8048-ae8fe77031ed,2020-07-26,1,1
d31ad4d7-d1ab-44fd-b4e6-9c0361962ef0,2022-04-10,1,10
28013c24-0abd-4eb9-b2b7-b7ad25cc61b2,2022-06-02,1,10
cc5d3476-4dec-4f34-a5c2-98ab772b0562,2022-09-20,1,10
a8c7f9a2-4f8e-427e-9a3d-78c45cf47b66,2022-06-04,1,90
df69b297-be47-40db-9594-5f6db3a6e849,2023-06-29,90,90
43cce3cf-c697-4946-b478-19b837146aac,2022-11-02,1,10
3e3d1601-62d2-4459-a747-6220f7dc9eaf,2022-05-20,7,7
e0a7b40a-dc93-42d7-9d20-d5c1f5d5a1a2,2022-09-30,1,1
8a914ab3-95a6-4577-94d1-31fd3ee239e6,2022-02-27,1,1
704dd68e-0921-4eca-88a1-df2c941ea2db,2022-08-23,1,10
1a69c207-7a84-4812-ac38-0b851412c2df,2024-04-07,1,14
a9c0ede6-fd75-44db-ad63-3231199a417a,2024-05-24,1,30
3b109914-0a5e-4679-960c-b59deb509dd3,2023-12-31,1,14
b2402e8e-a287-486a-92c6-ea0052c47d08,2024-05-24,1,14
dc1c268c-0df6-4c61-a363-0dd9246c7f86,2023-02-02,10,10
e231e0cd-b7ff-456c-bbc4-45cdaa2a013b,2023-07-20,1,10
1e54c756-2057-4ccd-9280-774e90122436,2024-02-11,7,30
cd772e84-1e23-44fa-a158-c6386678665d,2024-10-31,1,1
517e1e81-1af5-4ef4-be8b-6c7c30f88da0,2024-09-27,1,1
bdbc8ffb-eb42-4b7b-8053-738bd0368015,2023-05-09,1,10
7abf3393-fa4c-43a6-a571-8db21b071779,2024-03-17,7,10
84566b7d-3a91-492f-a9ab-b85d92b8de20,2023-06-30,7,7
5366f10d-99f4-4d3f-a901-8e91c9eb47b3,2024-03-28,1,10
1c4d6a12-6bd8-485f-9d40-c5a4e7499b94,2023-05-29,7,7
3444198c-208c-4631-90e8-8a0bbe904d6a,2024-08-31,1,14
d235904c-4878-43d5-9daa-4995c4543f5b,2024-02-26,1,14
d610a35b-0d47-483e-914c-c69653edbfe8,2023-10-31,14,14
49e70347-0945-4c12-b18a-28bc95a24495,2023-09-28,14,14
ecef1373-d6bf-4b6a-81e1-c2960ff12672,2023-04-30,1,1
565d7f4b-e16b-4ca2-ab45-5356af8b635d,2024-05-02,1,14
33ca2171-e5b6-45bb-8bf2-9d992b99685e,2024-05-03,1,14
592a0c8d-810d-42ef-8014-da6dcc5a6b70,2024-06-28,1,1
d5927bdd-e396-4277-95a2-46dd00ee57f9,2023-01-29,1,10
5ce08bdf-5e6e-45f0-a914-44ee28bb8bec,2024-10-07,1,10
89d8507b-523b-4055-90ec-742dedf6b7f4,2025-03-06,1,1
a7a7096e-2e04-4e11-8f86-e15e97a5d1a3,2024-07-31,10,14
f726cefa-8992-4081-877c-dc0946594e23,2022-04-13,1,1
9dc6a496-2e32-4938-b0b0-81970534c360,2023-03-14,1,10
050bf7eb-7afb-46ee-9f1c-299965a88f4a,2024-12-21,1,1
f59af9fb-f0e1-4147-b4e6-e886c6ff53fe,2019-07-08,90,90
0aed3f04-dd4e-4ce1-ade2-6151dd71bef8,2021-08-22,1,10
0db3ca00-dd8d-4096-a0be-9eea7cd7edb8,2021-12-02,1,10
2e5766b9-8bd8-4f77-8898-d28a66fd1fee,2022-06-01,1,7
f515211a-9869-45c7-8b77-c07e18b3cc51,2022-06-04,7,7
2502eb5a-6d28-485e-879a-1c0d548fa36b,2022-04-29,1,90
566458b0-c17e-4427-acae-9b1e7c5aacde,2022-08-01,1,10
cfeecb9c-f4bd-4531-9a74-23a73f6cdca6,2022-01-20,7,10
46b7f69b-1ff3-4405-869a-ba87243c8d66,2022-06-30,10,10
377244d0-bf83-44c2-bfc8-1d43deaee0ec,2021-11-15,10,10
308ce9cb-9b85-4184-bf46-7c7edbf40152,2023-05-09,1,7
0b230b8e-20b0-4475-a72b-92c5d49c91d9,2023-04-30,10,10
90027012-9d78-40f3-967a-2b064ad36f1b,2023-06-16,7,7
571849b5-3aed-4d07-b8f8-67ec1293fd42,2022-11-18,1,10
d41a4d7e-f75c-48b0-a768-ce72b9feacdd,2023-04-18,1,7
49d6db6a-8129-4039-bc77-fdee59fdaaa4,2023-03-23,1,1
f30fc861-3c93-4899-a685-427bb3dbf9f8,2022-01-29,1,1
fc0e3eef-4fb7-4888-875a-db51442f6dad,2022-01-16,7,7
d99ae109-26c7-4a30-9003-6d36e307f2f1,2023-01-11,1,10
ed1296ca-e308-4630-92f3-7e5f70d2e300,2022-06-28,1,1
fe802c7c-9271-47a6-a6d8-42d37337731e,2024-03-30,7,14
8246b8ac-fa75-49ce-897a-c69bc2678e52,2024-01-18,1,14
897594d9-4fce-4ef2-8527-931484d53cb4,2024-05-04,7,14
481afa31-8572-49d6-bc47-9ec8f357066b,2024-08-29,1,1
050d9645-f05a-4452-ba5e-a4ddb3804491,2023-03-03,1,10
3015585e-a6e4-445b-8046-fd0b91db3b8b,2023-06-26,1,1
f54730ea-f8c2-43f3-b7be-347647d66ee6,2023-01-29,1,1
fda4fca5-680c-439d-8fcb-2871c9c5d28c,2023-04-28,1,10
4f448f09-c55d-4f4c-aee7-128fd8320b86,2024-09-03,14,14
614ee97d-f347-431a-8ce1-437a2e4304cb,2024-06-30,1,1
cdaf3fcb-0fe4-45e4-aaf3-2411abe6c276,2023-09-28,7,7
9bfd2804-c68a-463d-b3b3-cbbefda1f557,2023-04-14,1,10
8521b743-ae1c-4ed1-90a1-13b41910878d,2024-06-02,10,14
feb029de-be2d-4eb1-8e84-7f5f03820958,2024-10-18,7,14
0b06ed74-b710-4945-a24b-fdc8362a6787,2024-09-27,7,7
40fb1c90-290f-42f2-9759-2b32d1e8c748,2024-07-31,7,7
2b2e101c-91de-4b65-838b-4a9ac44a0101,2020-02-17,1,1
65acdeb3-c6aa-4038-82ee-5458ae39a095,2022-04-11,10,10
23ba7418-9849-42cf-b70e-b05480ccaecc,2022-06-04,1,1
e9001463-e91f-4591-b9f9-4587631c3c56,2022-07-30,10,10
32f58dc1-b7c4-4fcf-b0eb-a0f719deba0d,2024-06-28,10,10
802855db-3f2a-43db-8ed7-e1c03f838863,2022-10-03,1,1
e0f88a66-da0c-41ca-93e1-6c9b376132c7,2024-05-12,14,14
66ac2518-286b-40a2-8d6c-beb4f8216c55,2021-05-01,1,1
f313a789-8f57-4197-adb5-19e72a0a063a,2024-10-10,1,1
47724878-1736-41bc-9d86-078b9bef4717,2022-09-27,7,7
42d2b389-62bd-453d-afad-d22fca42d3ae,2023-02-01,1,10
59f29876-85b2-441c-9c6e-ee932cef7da7,2019-07-17,7,90
eb847b25-410c-4489-8551-b604bee8bed9,2019-07-08,1,90
0c28cf8a-b416-4ea7-b014-0fc2d91037d2,2020-09-21,1,90
ebca8f7c-68b9-4204-96b5-abe4100fec3a,2022-03-04,1,10
17080b12-bf58-41d9-b1e3-52affb609068,2022-03-05,10,10
e929aea2-249a-44df-8e84-7b358c2a8f54,2022-04-29,7,10
38c2a3ea-e7a9-414b-8480-2db7f450b325,2022-11-17,7,10
59d57107-2709-43ef-a771-9cae4c6fd779,2022-07-06,1,1
ef2623bd-30f4-4408-adce-392d0ef326fa,2022-08-25,1,10
b2864b66-fe96-4856-8ffb-e018dc078719,2022-05-29,1,10
9342251b-baea-4d5b-976b-1d22d383a96c,2022-02-28,1,1
7dd3b618-934c-4cba-8c29-a0428c78f2f4,2022-07-02,7,7
c018fcf8-e7f2-4982-9305-bc59dd346d8e,2024-02-05,1,10
a1c7ef1a-068a-4a9f-92a5-daebe84e31b6,2024-05-24,7,14
7d86dd92-6bd2-4845-8d30-af388288e7a1,2024-06-27,7,7
111cde7b-0754-454d-89f0-612d6f6546dc,2023-06-29,90,90
a1f75744-c668-46be-87b4-5372497249ab,2024-07-27,1,45
6c45f377-336f-4beb-abda-cc995ce383ed,2024-02-04,1,1
80a798e1-af44-4fe9-b54b-35e75aeec7e6,2023-01-23,1,10
6edc5959-ad68-4779-b23e-39590324c994,2023-05-11,1,10
baa72e38-2bb9-48f6-808a-77b81314239d,2024-06-02,1,1
480676df-db38-44e0-8024-9a0d6b44d3dd,2022-09-18,1,1
a60cb92e-d72d-45f1-9e11-8947714d64d5,2024-04-01,1,1
fcfae5d8-d219-4a7d-bd51-7baa94972dd3,2024-05-24,10,10
3daf15e9-400e-4509-943b-4581a711fdc2,2023-12-14,1,1
541369a4-c1a9-40e3-ac42-d939e3122d0a,2023-06-29,1,1
de3e5fb8-7467-479f-ac09-fdc9494863ce,2020-09-05,7,90
5df643a8-e470-4e09-93b3-73f1a630a886,2024-04-06,1,1
9a2ff003-e1f7-4827-9f0e-5a283acbfde0,2023-12-01,1,1
1f3bf0e5-3700-4a6b-8bc2-f2f912d5ab63,2023-06-29,1,1
e1ce8549-d832-4d15-ae76-ab885b069c91,2024-08-28,1,7
2d87eb15-8c7b-4b32-ae61-7888247f6cda,2022-11-12,1,1
d0e0c12e-2447-45bf-9201-9ffe15023c05,2022-05-09,1,1
8aa80fc7-60c3-4b2b-8c52-dd40f804e1bd,2022-03-12,7,7
d203d46b-8606-4dfb-b483-4aeb3142abe7,2020-08-10,7,7
63572f3c-eec8-4114-85c2-32c476331801,2021-03-07,1,1
a1100a90-0dab-427d-959d-293a45191d00,2022-08-14,1,10
47965625-42d3-4bda-871a-463357059f9c,2022-06-01,90,90
3067634a-6676-40e0-9999-f2b2440a4d56,2023-05-20,7,10
95d5586f-b584-471a-aa7d-595e7e62bc09,2023-03-04,1,10
0735685b-4588-4b9b-b847-ce4fc815fc47,2023-05-01,1,10
18fbdf25-ea5f-4ee8-b929-d215ae800d0a,2023-05-02,1,1
30418cc2-ba7e-42cd-9b95-9f9e06643db4,2022-05-22,1,10
e107a0d6-8f47-4e0c-8ce7-2263a80b67da,2022-09-18,1,1
17f4f478-001e-4072-a693-a0421d7cfc7c,2022-03-05,1,1
2b144ece-a457-42c3-af33-d21509993405,2023-01-05,1,10
f66d49fa-8977-4f21-aa5b-75a45cbf9057,2022-12-29,1,10
ee3bf7e6-68db-4b97-9db0-a1170510289a,2023-05-12,1,1
ffa1cbc3-e6e9-49b5-bcc3-22a9eee0b3e7,2023-11-12,7,10
724b976e-6d7d-46ff-a907-d865b004f7ed,2023-09-29,1,1
cbc7174f-1092-49f3-9fb0-8c9b7d82f611,2024-06-01,1,14
ed8a4adb-ba7b-44a5-901d-b75bb22e9114,2024-01-31,14,90
32570a84-bbb2-4875-9f3c-fb1b28ea0a5e,2024-03-02,1,10
61f49e5e-89ec-4735-9282-a7bb814b3755,2024-05-13,7,30
427448cd-fd49-4705-a6ea-f89a77510339,2023-02-16,1,1
491ac358-4e74-4d41-aa88-5a7b50b19884,2024-06-02,1,1
2805c8af-6f03-4d58-b16e-0231c341cedf,2022-12-28,90,90
0c9f3639-d33a-4e6b-acfb-21b189256a26,2023-04-05,1,10
f494d431-303e-4434-87ab-8e06bc7b8323,2024-10-04,90,90
4f910fdc-dc2a-4b52-b098-f9f2f9c44df9,2024-10-25,1,1
9d6497b4-1801-43dc-aff0-8bb5de9400bb,2024-05-03,7,14
f3b5955c-b4c7-447c-84c7-4f0c7b54cf13,2023-09-28,1,1
3b8e139a-17fd-4622-ad78-3a5cd5b99cb8,2024-01-16,1,1
54424217-f088-4040-a3bd-cf0e69ee1254,2023-03-22,1,7
a4ca9486-90fb-4098-a662-e005ece33f65,2022-05-20,1,1
0381e807-0846-449e-aeec-3909639e9267,2023-01-30,1,10
4b0d44f1-3671-4bd2-8f5f-2eb105f42216,2021-05-06,1,1
74122cb7-2f79-4610-b24e-f76b29b7a29c,2022-12-03,1,1
00b6673b-5320-461c-a63f-70b1d33dda8b,2022-12-25,10,10
227206f0-bb8f-45c4-a4ac-f749557a6123,2019-07-08,1,1
239829b8-fe61-4c51-bdaa-b2d0ef0f6add,2019-10-22,120,120
37707d7a-e7fa-46c8-82fe-ce0753ddf978,2019-10-14,1,1
11e91df1-a471-459d-9994-b0442f0958ea,2025-01-28,90,90
d5437db3-4411-41d6-9e7e-a071e304af48,2020-09-28,1,10
b605eb83-f32c-4b64-a579-fe3687c147c2,2021-03-31,1,10
d1ae5270-023b-442e-ae82-e8c060031f7c,2022-02-25,1,10
92f770d6-2f8a-422f-9624-637fe66c469b,2022-05-30,1,10
7466b95a-13c1-4c44-9e9a-d784b0955827,2021-10-29,1,10
f11f37f1-41c7-4318-974c-e69d38647e84,2022-06-04,1,90
f339e54f-1bf7-42bf-ae74-ee86ea20221a,2022-06-28,1,1
3d23874c-5129-46dc-91f1-6e510beeb5c7,2022-03-05,7,7
e6fb5d57-53e1-451f-b640-64620b31a5cb,2022-03-05,10,10
fcfb8265-3d16-4f29-b147-269e7d5d50d4,2022-08-23,90,90
ae0e7cf0-f62a-4816-8364-20cfc37a1a0e,2022-09-20,1,10
e5d0aa51-f0c7-440d-a553-73aaad48d6c1,2022-11-29,1,10
5c1ec46b-0d20-4dd9-8d6b-09aec644b5b7,2022-10-08,1,1
97d8e119-82c8-48fd-8d24-06986e6dafa6,2022-10-31,1,1
d173bb64-c9c3-48bc-9294-157db2546c8d,2023-08-14,1,1
a1056bf1-a71a-4d43-ac24-314d447721c4,2022-03-05,10,10
e02ba537-5f60-449c-9645-e94a21d134d8,2022-03-24,1,10
ea49588f-af75-485f-a2c9-fc32c0105f08,2022-05-14,10,10
c002ed6b-9573-4f48-9b2b-d89013a3fa1c,2022-05-11,10,10
468d50ec-3309-42ee-b761-c6565d3013e5,2023-05-08,1,1
86a08470-6680-4c63-bc60-89c6b09088a5,2023-10-11,10,30
cb770528-f5f0-4141-ad01-233c5125e889,2024-03-06,14,30
8c1e3c39-c85e-4981-8c96-0fab82a53dac,2023-12-30,1,14
ca7dbce0-fd12-4a12-98cc-2378c42b4437,2024-02-08,1,14
ca5f9aec-faea-4b09-95ff-6700ebe32c69,2023-12-30,1,1
7ae3b1c8-1996-4139-a173-a52b88ba1cb9,2023-12-14,1,10
73a62895-56a2-40b9-b8a5-0448f4e60b61,2024-01-30,1,30
c5e89efa-7fe6-4e1c-b977-d7224468b3ac,2024-03-02,10,14
6c81ba19-b09e-4654-9dcb-5a1c175619c2,2022-12-30,90,90
08601fc2-1c77-46c8-b049-1a870b10142e,2024-03-11,7,30
54ed0fd7-3ee6-420b-89c6-5a6a46711ba9,2023-06-29,1,1
0a2d0d07-b02a-4deb-af20-2104541e868c,2024-01-16,1,1
6bd28984-932a-4c4a-992d-c2a270ae880f,2024-07-29,7,14
bd43ef77-b3f9-4fbc-9996-adf2a2669aa7,2023-06-17,1,1
eb2919b6-922a-4b9b-a61a-85952e5f24a3,2024-06-28,10,10
b4b6a6b6-0391-49de-a7a5-908c54090172,2024-01-31,1,14
e7fbeda3-5280-48e3-92b7-836ffda99f21,2024-03-30,1,10
808acfad-7b33-41db-b6bc-00ae6a54e1a4,2024-08-05,10,10
6022d4f8-d376-4a8b-9267-cd1cb599a1ac,2024-05-03,7,14
6bd5d40b-f465-4804-b5e5-b95b5c42d327,2022-04-08,7,7
3d02484e-32d6-4e1d-ac2f-aaaf15658321,2023-05-31,1,1
6cf5e5e8-d206-4363-876f-c73b4987ec21,2024-10-31,14,14
141c71fb-7545-4c83-adb7-29c5ba5e45c7,2019-10-31,10,10
2ea3668d-d812-4b70-adba-8dcef660fd2c,2019-07-08,1,90
e34cea1a-3fff-4fad-b4d5-a21299e07e24,2022-02-24,1,1
664fcd64-0fee-425c-a24f-62e6ba8efc3e,2022-06-07,1,10
d81c5807-da6d-4504-80be-8c856ca97b89,2022-03-03,1,10
60fcae4d-a9a8-4cce-93e1-b993c5feaea3,2021-09-04,1,1
7acf3d91-1bbe-4c64-9a28-3e142ebc74ea,2022-11-24,1,1
676dac97-d04f-4b01-8926-5d42726d4f15,2022-08-19,1,10
6e333e7a-1d17-4a60-adc3-6c29833c8b50,2022-05-19,1,10
f1bc3766-c03d-4415-a0cb-881d75cd680a,2022-10-25,1,10
7cac7755-478a-4963-97dc-e74529fa60fa,2022-06-04,1,1
887a7dd3-58f7-4418-9e13-6f9e59133cba,2022-12-29,1,10
54b6434b-63fc-438a-b57a-0544a83b57c5,2023-01-29,10,10
1abc93ca-5dc7-4947-b438-6fb82a3b08e0,2022-06-04,7,7
c9d1d1b6-e7cd-4d64-ad2d-09128ba4330f,2023-02-03,7,10
c4e97dbb-454e-4273-8684-d8d6a32cf918,2022-11-07,1,1
88708ce4-9669-4e6d-8660-1c62764c60a5,2023-04-16,1,7
2e080289-3e55-4c8e-a496-02c7e303d98f,2023-07-12,1,14
d513d670-1218-4fad-b2e5-565a176f57f1,2022-07-30,1,10
254b2966-7ff5-4100-b343-c562015fe819,2022-02-27,10,10
0e5f0c67-716e-4ced-a0b7-fe3407f36305,2022-09-27,1,1
3511db04-22ae-4015-badf-6ff07bcb928a,2022-05-28,1,1
3d670edf-5fe2-4940-8f29-984ced40b6a1,2023-03-13,1,1
caee28bd-4545-46ee-9a74-651ebb368e16,2022-12-28,1,7
c020ae6e-1544-4fd8-9ed3-748b952e9f6e,2024-02-11,1,7
c0782f23-3cbd-4b9f-9e99-d4337a65c470,2024-07-31,1,30
bf88f873-8da4-499e-aa48-1a02d161783a,2024-02-12,1,1
20822247-9e0f-40d7-b3e6-fa43305695bb,2024-08-05,7,10
8c3e0e17-1c89-48d7-b2e6-02c02325a406,2023-05-29,1,10
7052c38d-b7e0-4e2f-8c62-7c82e1f87afb,2023-08-20,1,10
f481e39a-6d4a-4b55-93f4-445cbf820e09,2024-06-11,1,7
7e766c7f-aa4d-4ff8-81cf-38442a77c10e,2024-05-24,10,30
0c88ecc9-1161-43cf-ad35-d094c6b584d9,2022-12-02,1,1
f8f20c34-ee1f-473d-8660-ec903c46e3c9,2024-05-13,7,14
6198be80-abeb-4ef7-9fd7-0f514755a0bf,2023-09-03,1,1
2f1d9593-8fc5-4f1b-9ccc-f4dcce273517,2023-09-28,1,10
41863282-b785-474e-923e-1360c4a950bf,2024-06-28,7,14
4e7516c4-0151-456f-b6af-b7d947d2f4cd,2024-03-11,7,7
5df5c251-7a34-4851-a8bb-c0193adaa9d7,2023-10-17,10,10
dbc811ec-375b-4acc-9cd3-f24a1e0404f0,2023-12-29,7,14
7ce1ad39-e744-4838-9af8-aacc9b662be4,2024-02-16,1,7
a333de34-8dac-40cf-8a85-5a51ddf275fa,2023-11-14,1,1
34283481-c92c-47e8-9942-e12f3307c5a8,2024-06-11,1,1
ccc6fb15-3e25-4c9b-a691-8472169efdbd,2024-06-09,1,7
88615346-34a5-4ee7-b260-adc8a06ce752,2024-01-31,1,14
dcae11c5-f62d-41a4-838e-85af29200fbb,2024-02-11,7,7
66dadc79-ecfe-45da-9862-e3662a9d59bb,2023-01-11,7,7
273687b8-7c17-4239-ab4c-e6f44b3ee222,2024-05-24,1,1
31f154dc-3fe7-4f84-8877-f0fe80ed8106,2022-02-02,1,1
e584ceca-0c77-4905-8934-637daf81b9af,2022-12-22,1,1
248f9b97-22ae-4a58-89a3-63cb768c8c89,2019-07-08,7,10
2d4f84c4-ea35-4446-a092-f57d1fe72ab8,2021-06-28,1,90
3fc4c8e0-e0f1-46a0-9704-8f1df9fb0d91,2021-06-03,7,10
a31eb5a6-fd59-4f13-afd2-4bb0ab264885,2020-08-16,90,90
d98688fb-7673-4053-87fd-8699b46e0230,2022-03-27,1,1
c3f184cc-18ef-4d70-9590-c5d90461a4ad,2021-06-29,10,10
aa028910-1fd6-4a24-bbd7-fabd3e564ebe,2021-05-29,1,1
605cad55-7892-40e8-b57d-80b7f3df81ae,2022-06-04,7,7
30adc348-8711-4772-8af0-72620563a9b0,2022-02-28,1,10
7c177b95-257a-4b6b-9eb3-68e57daf4dff,2022-07-30,1,10
c8359c6d-e541-482c-96fd-98ef583a5d51,2022-05-11,1,10
ba5485a4-9d09-486e-9608-b3c3571c34d6,2022-10-26,1,1
61d330a3-614b-4198-a669-f0e355c01b80,2023-03-30,1,10
176391c6-4499-414f-a647-cb949f4e5ddf,2023-01-24,1,1
edd2ba88-a3d6-4d15-a70c-55bee758a73c,2023-03-27,1,7
a1f11268-06a4-4aaa-87e1-a415127a5133,2022-08-23,1,10
01d7b7b4-f577-415b-8470-20a2380ecce4,2023-06-17,10,10
d8230de3-2875-4afa-a887-6750b7b8aba0,2022-06-04,7,10
f8b840db-b307-48c9-9a64-fc4954618c6c,2022-12-03,10,10
28f088cd-8b70-4949-8ecd-93279811393f,2022-07-13,1,1
02d09c06-0381-4a54-8385-bbbc5f48c595,2022-07-31,7,10
ae03b099-db07-42c4-bd07-9309f310f8f3,2024-03-02,1,14
4c8536cd-f92c-4b76-82da-4928de06b41b,2024-05-24,1,14
703ccd3f-bc2a-49d4-84a9-fa4cee39255d,2023-09-08,1,30
3ba6fca8-97d9-4e3e-8953-f44e24f1c26b,2024-01-04,1,10
06e84ccf-1a9a-4df0-8f41-e97cf9be81cb,2023-12-16,1,10
28df54d4-4862-42bb-88a3-3c6c9da2de95,2023-10-08,1,10
6de58c44-56c5-47ad-a92c-0c2f3adb7679,2023-02-28,1,1
4d6e17d1-99fc-414a-9bf4-96314f083f6c,2023-12-31,1,1
f177efcb-25f0-4438-bed6-bf17ea3c3583,2024-08-12,1,14
bbb46582-4fbf-419b-aa14-9a5b7fa85006,2024-09-02,1,30
7659e228-c4aa-4df5-8816-a8d757a6b581,2024-10-13,10,30
96738db5-5e7e-4324-9552-0994b9bf7262,2023-02-02,7,7
91e158dc-0519-493a-87e7-de00eeb850d7,2022-11-20,1,10
e2d6ae01-0858-4f4a-bdbc-81ad6a35fbe8,2024-07-29,1,14
ade42aaf-cba8-4225-b74d-369f8b027912,2024-03-28,1,10
6599f6cf-ad5e-42bd-be87-94c4e08f574e,2022-11-06,1,7
f95e6b1b-3b38-40f0-bdb0-b36a8ddea596,2023-08-02,1,14
001412de-d22d-4ecc-835e-2196acef1fde,2023-09-29,7,7
76dc4465-e756-46ce-bfa1-74052ebf1f0e,2024-10-07,1,1
bef8cf2c-f210-4a0f-a907-fd57e6234899,2023-07-20,1,1
f7446d93-afdf-4c63-ab2a-7e6f62ce355d,2023-09-28,14,14
c7b54c0d-8b17-4681-b66a-fdb50b8959cf,2023-09-28,1,1
dd63a726-1ac8-4597-81e8-26ca1b97edac,2023-07-31,1,1
2b6a4f31-7a3c-4666-b0ad-ed4ffcd59e96,2024-05-16,14,14
89a2891b-2f06-487e-88c6-8b0e0f46ba7d,2023-10-01,14,14
fba816ea-72a4-47a7-9ded-60095d461a1e,2023-06-02,1,10
c45afa16-1fba-4793-b8fb-7f84a8714081,2023-03-30,1,1
6f498c0c-96a7-4cd2-b49b-bce9a8c8f42e,2023-02-01,7,7
885102c9-c8eb-43d6-9c3a-682e72dcc396,2019-10-26,1,1
0c944c4e-cfa2-49c1-b966-30e1eae96604,2022-03-30,1,1
90ef0ee6-8559-4140-8a8b-6e077fccb11a,2024-06-28,7,14
79fab3a4-d3db-4aba-ab83-11234fc1baa8,2022-05-06,1,1
c1f32583-ccce-47c5-8d5b-5a40e8f6aa4d,2025-05-04,1,1
2d69d1ec-a598-47a7-bab4-4841cf5dd3f0,2023-04-16,1,1
12b6376b-9d9e-4e5a-ab84-c0941795a696,2019-07-08,1,1
0d974e89-77a2-44c9-a9af-574d90426a34,2019-07-11,120,120
8acffe17-b3fd-4eea-9cca-a3fd43529534,2022-01-16,10,10
7393b985-b34f-46ea-9ded-2f8bf756b8e7,2021-08-06,10,10
2a910047-3ce0-49a8-b741-a75cdc220cf8,2021-10-25,1,10
9c5c6950-6655-4702-b149-802cc72c5806,2022-02-27,1,1
97aaf036-55bc-4aed-b281-3a44531ccd9d,2022-01-16,1,10
ed390607-dcd2-4ace-a401-6af38e92ce0e,2022-05-28,1,10
61b08261-edbb-4bac-8937-9ff179951451,2022-02-17,7,10
00bd6750-02ed-47df-bb4c-065e767e0a9d,2022-07-18,1,1
05b9474a-4791-4f90-8433-328b741df0d6,2022-08-17,1,10
3eab31d3-4c3e-455c-bd95-09e0e453104b,2022-01-24,1,10
39fbc030-d8fe-4df5-8626-1b05f763410c,2022-08-25,10,10
62492f49-cc12-49de-9bfd-9a7d4eb4a206,2022-10-13,10,10
20b85917-a686-45f8-a99c-e41d6e42e286,2023-04-03,1,1
2baa7dc9-b599-4e09-99ab-0f0fe64fd6e4,2023-06-29,1,90
3b2fd3d6-a2c5-42ae-a100-24c0a2ccc6ce,2023-04-02,7,7
11ef384a-ac56-4b2f-a01d-3e75ba9639e4,2023-01-29,1,7
1f165308-3e21-4426-9922-17ac8cfbcc00,2022-08-20,1,10
e70d6350-2919-40d9-a77f-30126e8a0e66,2022-11-13,1,1
75e1d198-7e92-4e9a-ba72-0406adadac21,2022-10-10,1,1
522b7495-afbb-4b9f-a8b6-b0d6d1232134,2022-02-14,1,1
ea23bf1b-67c4-4593-9790-5fcec8833bc7,2022-01-30,90,90
aa9d2fec-c3d7-4fcf-9562-d9de26bc229e,2022-06-04,10,10
fe4a3986-c368-439b-9a4c-de34f7d8d694,2022-07-29,7,7
c3c9dafa-a552-4384-8965-e37a21e755e6,2022-11-06,1,10
ac61e895-c564-432b-a337-315f265d5c02,2022-09-30,1,10
3632dc2f-7494-4363-8195-a12e6cbf04a8,2024-05-05,1,14
ff0db259-9487-4171-95b7-99af191816a5,2023-09-15,7,10
a1e6267a-c0b7-4152-9504-351855cf2bc1,2023-10-31,10,14
7863e805-1f74-4a5e-b973-d38c2b93f7aa,2023-10-19,1,1
129fd3f6-26df-4e4b-a3c1-f014b7f37f04,2023-03-23,1,10
ba187105-9408-4ca4-8f36-41b3c8e1f366,2024-04-04,7,7
70345dc5-5cea-42f9-b6d3-123eef884c31,2023-08-28,1,1
fc641620-d96c-4484-a830-78e72a249285,2024-01-31,1,10
15f754e8-6c3b-4b76-851b-aa0628da3e50,2024-08-01,45,45
69e9d5f5-ae94-4f28-8d4a-e59b424790d3,2024-07-31,1,30
023aa3aa-872c-4162-ac4d-91d8e788b477,2023-12-04,1,10
5dee003f-f1ef-4974-a785-fdc7afd99fea,2023-05-28,1,10
fe7f5743-c840-4d71-a69d-8d080a0c89dd,2024-09-27,10,14
74f8ec5c-6fb2-4b3f-b459-ea1916292066,2024-09-27,1,1
76795b91-5e77-406d-8442-4a60fdfbd291,2024-07-31,1,1
59fd4205-c38e-45db-9c60-d44a815ed5ac,2023-01-12,1,10
03ec273f-0f40-4b97-b135-704bc507e735,2023-03-18,1,10
c4cb07fb-dce1-49d7-b949-2253f7d5f459,2022-12-29,1,1
935a8f25-404c-4406-a5ca-4835c9076257,2023-08-01,1,7
c0f73762-7aba-41d0-b3bc-7ead8af0fdc4,2024-09-27,1,7
a8cdd196-21ec-4ce2-a55b-6d9a35ffe9af,2023-05-08,7,7
f5f12268-9032-47cb-aa37-db0739d8a828,2023-12-29,10,10
156d4f0f-8da9-4736-90de-7d5d6db036ef,2024-03-02,1,1
83a40f62-f8cc-4db6-87e5-1d2029c864d4,2024-05-24,1,1
e1a07686-1740-48c4-b49e-7a6b5a9816f1,2024-05-19,7,7
af5d22e6-fd49-4d0b-946f-2062024fc7e5,2024-06-10,7,7
6d2a4d72-29d8-46ff-b315-83ed1e5b447b,2024-10-28,14,14
763e850e-15fd-4008-87e8-046b95fd57c5,2022-06-04,1,1
80ec30f8-6235-4c05-88e6-04c15ba9b3fd,2025-03-25,1,1
0f0b0f22-4b60-49c0-9bb1-a18a9c09d52d,2019-07-08,7,7
7ad26b2a-d6e2-45c3-913c-bd11de29bec9,2019-07-08,1,10
36ab45be-598d-4dd5-a8ac-e86d7bf98915,2021-09-21,1,1
a362325d-12c2-4707-8ab9-20c59aab7dd1,2022-03-05,7,10
4c29115d-5c99-4eb0-a040-f603b7abf634,2022-02-14,1,10
ba75def4-398e-49bd-9f73-ae278523f3dc,2022-03-05,1,10
67834c77-c570-48ec-8343-93c8388e072a,2022-07-30,10,10
351af44d-5938-4d29-929d-258e5e69dc62,2022-11-15,1,120
82b79aab-7628-446e-afac-1eec0e03aa23,2022-06-01,10,10
9af15fcc-b28d-4240-857d-a553374d6e50,2022-10-13,1,1
2448bdd8-beb4-472b-a8ad-bbc1d119db22,2022-12-28,1,1
cbe4f545-03df-4e95-b7b7-aede547707e0,2022-12-25,7,7
f9c42840-c11b-43d1-9c32-beab9626193f,2022-10-21,1,1
490e9b1a-aff5-43c6-896d-45f9a4d57267,2022-11-02,7,10
9822b6a7-0ea3-424e-87aa-e117973d29b5,2022-06-25,7,7
cd443520-b5c9-400a-a84d-3464c09006d6,2022-07-01,1,1
cabcf017-6f0e-44df-93e7-6297e007db6e,2022-02-16,1,10
b677d054-b360-4040-be53-39eceb11d6d5,2022-03-05,1,10
6c87eed5-ab9d-40e4-8dd9-440a939c03a8,2022-03-31,7,10
084d2187-19d8-4e77-8090-283bffff75ec,2022-06-29,1,1
85a4308f-0d1f-4de0-a0a3-4324ae01e364,2022-09-27,1,10
574cef2f-83d0-43b8-8455-04a23039e7fd,2023-09-29,1,90
ce1c2bb1-2c57-4006-8adb-ee9125982b4c,2024-05-24,14,30
f7f3178d-82de-4f0b-99d0-e30f6f22219b,2023-10-31,1,45
b07ebfe0-7094-4c07-a214-aa9925f073b4,2023-09-29,1,14
501e7fe8-5d65-4071-97d7-618c835e11c1,2024-03-06,7,120
cf58c131-7ad9-4302-b839-57cd1c6c3a04,2024-05-24,1,7
aa1b600b-b9a7-4f86-8f11-f6de8a67452b,2024-05-04,1,14
f9b481fa-b189-4e61-9e77-30413c95d051,2023-05-29,10,90
ffc4f3cf-cc63-4c7f-b63b-39027d126717,2023-07-03,10,10
58bf15e2-ee6a-4ef4-b5b1-098ae81562e0,2023-04-24,7,10
f7cb8236-1718-4b39-8a7a-8422546b02b6,2023-06-18,1,7
b91845af-e848-42e5-860a-dc4e07813794,2024-02-21,1,1
5e202f6c-b147-4432-be66-73388f8e3ad9,2024-03-30,1,30
eb768b51-8e78-4558-8748-6babc43b58bc,2024-08-01,1,14
f35f260c-86c1-4a2b-9959-05d8492c3c7a,2024-09-30,1,10
c4423856-bacf-4fce-8048-2fa4130702b1,2024-06-17,7,30
0b2e09fe-1a1f-45ab-8e8c-f24e66825684,2024-03-30,1,10
713e4f5c-2557-4f64-8518-0a667817ca82,2024-09-04,7,7
d6a7538f-cd6c-43e9-85bf-ac2e7de09037,2022-10-09,1,1
4de35e4e-c500-41d2-b45f-ce30e4b0c9e5,2024-01-30,14,14
496826c1-c54b-45b5-81c6-4564672f446a,2023-08-13,1,1
c0429395-ddcc-4a73-af0e-c07aabf8e2d2,2023-07-06,90,90
2074ddd3-154f-42b1-ab26-44d26060542b,2023-07-20,1,14
bfe2ec6c-6829-4903-b060-47d78dc19f45,2023-08-09,1,1
1f0f4fe1-b804-46dc-be91-e23edf4273bf,2023-05-29,1,10
ac29d6d5-6db2-4660-b8a2-1777dd90667c,2024-05-23,7,14
add1d273-c01e-4424-ab6c-9ebc84b55dcf,2024-05-27,1,1
67a42ee8-7df3-4fd0-bccb-33715e9a2995,2024-05-24,7,14
e3f28942-7e06-416b-912d-69ed0527f394,2023-03-19,1,7
f003a775-07fa-4de2-ad00-41ef6bef175d,2023-03-05,1,1
54f50208-bdca-4a10-a2f3-6bcb70214274,2023-02-02,1,10
8723a2e0-da29-40a7-9f87-23fb00b633a8,2022-04-01,1,1
635c9311-e2d4-4b5e-b058-1d4cf95c9f28,2021-07-15,1,1
7a11c779-9293-4a9e-81b0-3e6d599b5044,2024-09-27,7,7
ac3eec6a-1577-4d6a-b451-012abeee8019,2022-08-18,7,7
588a854e-c797-4ab6-a98d-f1b7513d27e0,2023-02-24,7,7
5ee2ac11-8021-4d26-b8b9-791e7f45fe3b,2020-03-04,10,10
4c2db53c-fa0e-4c63-a6a0-925cc457199a,2020-11-23,1,10
a2c3e305-71c9-440a-a05c-2d24c37a0aa6,2021-01-02,1,1
11504334-c584-44d9-ad9d-52e772392ef4,2021-01-02,1,10
dfe39e51-8c79-4ab3-ab91-a761b4b667f4,2022-02-25,1,90
16cb83f5-0d32-4d20-85e6-fb8ab0f43233,2022-04-14,1,1
387186d2-e459-46e4-b793-ef6473a9f286,2022-04-29,10,10
ce533870-a753-4b8f-a0a9-4e1ee52fbb7a,2022-06-27,10,10
3fb0bf81-e805-471c-a622-8efb3f4b0959,2022-04-20,1,1
eac88622-0382-44c1-851e-2f036eec9bea,2022-12-09,1,10
5432fdf2-c818-463b-ae31-ec5c55194306,2023-05-01,1,10
f863984c-b398-4c13-9cad-1099dd03a684,2022-08-13,1,90
9d3717ca-6553-4fcb-ae48-eb240fecfaca,2023-03-21,1,1
3e49ed30-bf36-46ec-96b7-8630cf36903f,2022-12-11,1,10
031315b9-4c21-4d3f-b929-efa6d941d45f,2022-03-05,1,1
ee2f55b0-50de-4aba-ac96-fe9d1de55971,2022-01-12,1,1
76389dee-001e-477f-ba8c-1d70f65fed79,2022-03-05,7,7
5cee516d-bdcd-4aa3-a447-570a16f9019f,2022-11-17,1,10
c7d17420-ebf1-4c2e-bb21-b96e358518dc,2022-10-29,10,10
4073dadc-ce05-4e2e-adfe-f8ce8b8d3657,2022-10-02,1,10
3edf346e-7bc3-45fc-ac02-ada1e52fd3c1,2024-06-30,1,45
4922bc76-d4de-4211-83eb-f2d68493f796,2024-06-03,1,14
5d5f73eb-7c3c-4145-9586-aa40ee795e00,2024-07-27,1,14
186f0ac5-e63f-4886-9f90-375e14d3f568,2023-03-30,1,10
2d81c9d5-ad51-4005-aef5-e26665b1706d,2023-04-15,7,7
3e075a87-41e0-469b-8214-7615cf1693f8,2023-06-06,1,1
3da665a8-fd0d-4bc2-a7a7-caa88868573d,2024-05-13,1,7
200bad07-8a47-4bb4-ac65-17072aba173f,2024-08-19,1,14
0dcefbe3-8b36-47c6-a0cc-474486e5d21e,2024-04-15,45,45
99e56f3e-7c58-490f-969a-b6f28f7bfc0d,2024-07-29,14,14
2d1c22fc-7a6c-4219-87cd-7019744215ab,2024-06-28,1,30
40a28eed-7c9b-47b1-81ec-4a7967eb3558,2023-06-29,1,1
32ba4333-5d93-4642-8316-d16db2784688,2024-07-29,1,10
45c5ccd7-7948-4b6f-a125-b724281d5316,2024-05-24,1,14
4c37e879-24a1-48ae-b9bd-e073a5992047,2023-07-01,90,90
ce1198b7-db4a-472d-a2ec-f2a5ee5abddf,2024-02-05,7,14
bb817902-9b16-4dd7-9c9e-58ba69826b79,2023-04-19,10,10
86ca11ad-9bdd-49a1-adc0-e2bd419a4a9b,2023-12-20,7,7
b9a7f411-37e7-4b25-a92e-2aa4d0e081c7,2023-05-24,1,1
c6c13f9d-f08f-49e8-a6f2-aba5663b77a1,2024-04-12,10,10
d9829c9d-be1c-46a9-bbb8-98116ea98cf5,2024-05-24,45,45
cd199457-69ce-4058-9a44-3c3bdbe0882b,2024-05-23,1,10
0a997909-2f8b-4663-8d41-6a0455b7edaf,2024-07-19,1,1
29cc8b99-a330-4d3c-a42d-8c231c3adeda,2024-07-31,1,14
51049eda-b5bb-475d-825b-d28cff759797,2024-05-04,10,14
9a0d2f89-15ef-4f4d-a758-9369816759a5,2022-12-28,1,10
946fc74e-495b-4e1e-ba4a-7a540a020a1e,2023-03-31,1,10
6b20045a-de16-4535-9863-8d71dfde4294,2019-10-31,10,10
6e710b3a-0148-4e3f-bca4-3a128f859716,2019-09-30,1,1
3e06d995-a9ce-4ea3-81e9-b7fe905abeac,2022-02-17,1,1
16401d0a-d70f-49b2-8f8a-617e75afd68e,2022-02-25,1,7
429cc480-a90b-448d-9fa8-a616132bbbfd,2022-04-15,1,10
e41a4138-9818-457f-b636-d71f925b8eb1,2022-05-22,1,10
a60c0f03-ea45-4346-bdf8-039ebb43b14e,2022-02-08,1,1
69fea7f4-6867-4c9b-b0a3-07954e161e39,2022-07-23,1,10
21b1fc27-b5d3-4ffb-96b9-04462eeb52a3,2022-03-05,7,7
c7fba63f-ab4f-4858-ba57-f263ac992c45,2022-06-04,90,90
f6c8ce5d-71e9-47d9-9b53-2f5dc7885fbe,2022-07-30,7,7
ec20ac18-9170-46ff-a7db-bafb52f4b2e9,2022-12-26,1,7
8299601a-e88d-4c93-a5fe-78d069f677d3,2022-12-29,1,10
ab30b219-5742-46b2-8572-381670bce893,2022-09-27,1,10
1690ad13-1b76-42f0-9385-3a9993abf0bb,2022-06-01,1,1
16fdfc6f-d681-48cf-bdc2-68abd8143db7,2022-11-28,1,1
1776a3af-4dcf-47ef-9b77-8aef1df55b7a,2024-07-31,7,60
7dc9363b-d55c-4f8c-bee1-1e0d3b2e5371,2024-05-20,10,14
a0c1f7e8-b91d-4374-aa4e-127b7d27a966,2023-07-02,1,10
5cdcf45c-29c9-4be6-9ff6-488cd8f20df9,2023-09-04,1,1
de3dea30-ab8e-4179-9498-d1509150fd60,2024-02-09,1,1
69a0ca2f-3c01-4eff-885d-5e9c800e43e1,2024-07-01,1,1
bf29b562-0172-4ff2-9495-f0167f6983ae,2024-03-18,60,60
45e0f0e2-1894-4909-a122-accf37d0246a,2024-01-08,7,7
ba3771ff-f52c-40e2-9af5-2010ae3eb42e,2023-01-06,1,10
7d8a6bca-04cb-4289-80a7-8d9c8b8dfd9b,2023-02-27,1,1
3e81e108-c5c4-405d-8455-a388946fc1c5,2024-04-15,1,1
befdaf2b-27f5-4a32-af40-1b10a2167765,2021-09-06,1,1
288366ca-15f2-4703-90bd-31faaf0ca707,2022-12-28,1,1
c5ed00eb-c4f3-4399-ba90-7375409e0232,2023-06-15,1,1
f340e308-a9db-46c2-a420-480298ac90c7,2023-04-02,7,7
6245f858-2918-4d6b-afd6-7fd7799ae1cf,2023-04-17,10,10
8f790616-c887-43f2-bf22-366a1379d410,2023-10-23,1,14
cbe70477-2f28-40c9-b42f-b253f6e733e7,2024-05-24,1,14
ae0ebe67-55cd-447b-9bb5-79eaa3a70f53,2024-06-17,1,10
66046d5a-abe6-4f2a-a60b-08c855b62128,2024-05-24,14,14
6f88d8e8-1400-486c-8506-a6a45cd36991,2023-05-29,1,10
b2ad44bf-2a9e-431d-ba65-4e486eb3073d,2024-10-28,7,14
e517824e-e2d1-43e0-a400-57ba30231864,2024-06-27,7,7
4e131ffe-1640-4ef2-afec-45d0baed5087,2022-11-02,1,10
df6b1d1b-0012-4631-b115-d32f6fda78c9,2022-05-02,10,10
686e606d-ae41-4bd9-bf17-89de88f97dcb,2022-01-22,1,1
7d82eefd-68c9-4e59-8058-6a2c34fb706a,2024-08-31,1,10
d349d446-f38d-4405-bcc5-58433e76b711,2025-01-04,1,1
6bf955f4-44fc-4a9d-8e1d-c33d8b53682a,2021-10-07,1,10
2237c1a5-7015-46a1-895a-7e33da21a2c1,2021-09-20,1,10
5613ce2e-8dd2-47e6-946f-e439bfa3ac53,2021-09-06,1,10
4da709dd-4f18-4ad5-a53e-e12a2a470bf1,2022-01-16,7,7
fc4d9b2e-ed66-4507-9ce3-f4eeef0e3707,2021-08-30,1,10
3326db9c-bc15-4c6a-8c90-654671028683,2022-02-27,1,1
6a246912-2183-456e-bb48-caa14c4f96ff,2022-03-05,1,10
a70dd679-354f-472a-9b95-4791ad9609b9,2022-06-04,1,7
fbd59eed-46e3-4d7d-97a1-a69247036100,2022-05-09,7,10
1828fb53-1b49-40f3-9316-b123a76ee347,2022-08-23,1,1
9ab9d83f-6a39-40b0-a613-3187cd1bdce4,2022-04-08,7,10
2abc933c-5a23-488e-93d6-62e343cab7c2,2022-06-15,10,10
06be992d-36c0-4911-b592-c4e534b54eef,2022-12-04,1,10
f7a4a113-fc69-446b-8779-699c7fc24f71,2022-05-16,1,1
8afa5cea-83ce-4a3f-9dd5-f57578d9a4df,2022-10-19,1,1
80f42821-2b93-445c-9f84-424f0d6df750,2023-06-14,7,10
f7bddce7-7b90-4194-bf59-2c9ab668cafb,2023-03-03,1,10
85313ba7-58be-40fd-b94b-3e779968866d,2023-05-29,1,90
ac1b704c-f756-4392-b0fb-9b4bd46bba0b,2023-04-11,1,1
36bcf0f4-2fb3-4190-ab44-ebedbec33408,2022-08-24,1,1
edfc6967-68da-4907-b125-6f9899ba54cc,2022-06-04,10,10
2b1b418a-ac5a-44df-b2db-67ba316e190f,2023-02-28,1,1
e7d18d2a-16ac-439f-9b04-d0755b2ff558,2024-07-17,14,45
5233abeb-5acd-470c-bebc-c358ef91a79e,2024-05-04,1,90
a8eabea4-af70-473b-ba9d-1d12f4a86f06,2023-09-28,1,14
17a14f06-63f7-48d2-a6d6-c4cdaada1a7d,2024-08-20,1,7
0a76b883-b3ea-4aba-a79f-47feb484b2a4,2024-02-13,10,10
65c8d25f-2672-4331-b3d3-cb0095c4535c,2024-03-09,1,1
f06a57b3-6fb4-41af-b04f-f99cddc02a87,2024-03-13,1,7
24ada7fe-5c29-4398-a5a1-b188e917cb40,2023-08-07,7,7
6dfdd7cc-6c7c-4066-b26e-afaf98318418,2023-09-29,1,7
d989fde2-37af-4cd7-9a23-fdc4e6ee8e5a,2024-08-26,7,14
60820687-d444-45a4-a0c9-984be605bfb3,2024-09-23,1,1
a8d73aa1-7c3c-4b18-8187-560ab1d28948,2023-02-28,10,10
96a6b4ac-771b-4244-9b57-fe468ca2df47,2024-08-12,1,1
67fb2d5c-cffb-4974-963c-5135d84b31d7,2024-05-24,1,1
ec897678-cd06-4c1f-a814-7fa72bdc8fa1,2024-07-29,14,14
b854d528-ec4b-4e8b-869f-acda7d4e8675,2022-11-10,1,1
10fb619e-afa3-478d-8d73-a57bc4085f78,2024-02-05,1,1
54967ae3-3724-41ed-910c-ee57e9475d1a,2024-07-31,7,10
02c3b03d-531c-44e0-9384-01eb7352969d,2023-03-30,10,10
567127de-a26f-4a0b-959f-3c9fb30f2d64,2025-04-27,10,10
73beca70-3d54-4c34-a53b-17e04df88d4f,2022-04-18,1,10
54b48c2d-1a80-418e-85d1-ab3c2c9f93c3,2024-05-24,10,10
9b2a75a9-62f4-406f-bbe6-74b3beeea301,2025-01-10,1,1
3ef27e13-4b75-4f5f-b50c-8427cfd1659f,2020-01-06,10,10
24833f47-574b-4541-b329-f55f0cef92fa,2020-07-27,1,1
90660831-6e04-4dc6-8fc7-1dc20caaf1fb,2021-09-06,1,10
121ed4da-3b6a-4e6c-9e8f-c152936a70d9,2022-06-02,7,90
ddeb42b8-f7d2-4164-9248-5286b22f7cc1,2022-06-04,1,10
acf6412c-854b-40cb-bc16-86dcddea52d0,2022-06-01,1,10
f45d9e38-bd37-4ddb-9b7c-79959aff3f0f,2022-06-03,1,1
5c230b56-09ca-42b7-9f6c-5f1643ab20cf,2022-11-01,1,10
1f5b30d2-ef90-4097-8e4c-17bc92239655,2022-03-05,90,90
7d845599-d00a-45fd-bb35-82903aaba925,2022-12-25,10,10
c5f83a15-39f5-49d6-a717-0559f4b7e135,2023-04-01,7,7
fc941da8-9d1f-42d1-8f7f-d3f2406fffc6,2023-07-16,1,1
dc666d57-c872-4f10-b4c9-7fa83d3036d8,2023-03-30,10,10
9102c8d1-ae7d-4e4d-a9b8-bbe45ad399c1,2023-04-09,1,10
87318a3f-1110-4ce1-9015-4ed633d6d009,2023-12-01,1,14
5c876bfd-03d5-4542-8cfa-bd48b861a51b,2024-05-24,14,14
b5522d0f-7efb-48a8-9a44-9e21641c3147,2023-11-04,1,1
5f3c031d-65fe-4641-87ec-a4ce132d6c29,2024-05-23,7,14
674a9925-8b05-4a2f-bc9d-f0c01c6066e9,2024-02-05,1,14
5af677e7-b3dd-4b98-a7a5-26a6d17a0b52,2024-02-01,7,14
63a2cec1-b854-4b88-8874-062fc20ad28e,2023-11-03,1,1
8a0ad68f-04ff-4808-9192-dd49145c72d2,2024-06-28,10,14
bc38d01c-cf10-4746-ae2b-58415c746df7,2024-06-28,14,30
fdada811-4853-41f5-ab2d-34181ff457ec,2024-05-24,80,80
24e1abf4-57ba-4e97-a832-21e72307e608,2024-05-03,10,10
cd2b2f44-6c3f-4935-8de8-7004191f422a,2022-11-21,1,1
042234df-f2f8-46ca-9bfe-c659e3452718,2024-03-30,1,14
8ff7bb4b-e82b-4f4e-8adc-01462489264e,2024-07-31,7,75
be1130e1-361d-472c-91ba-dbe39eee357e,2024-03-30,1,1
e772b543-7a5b-48a0-801e-ff3c8ffce93c,2023-06-29,1,10
96439805-e837-493e-bf1a-1b22b5246cd0,2023-07-16,7,7
67135d9a-69a1-4f84-8964-0013247c47d2,2023-02-01,1,10
7c25db8c-ef88-4712-a826-5f63f2f51316,2023-03-30,1,10
6242f465-1df0-47ba-9514-df0b47b88b58,2021-09-06,1,10
e6ac34e2-0251-43e6-8dc0-b7e46a0bcfd7,2023-04-01,1,1
94b82219-9da4-4865-b861-06a90981c3fa,2022-07-30,7,7
a6cdefb0-77fb-4390-9210-9a2574ae1fe4,2022-08-27,1,7
066df0c6-0d0e-4db4-b1bf-3e17c722e4f9,2025-01-07,1,1
b0320902-e092-4213-b217-4b3eebce77ec,2024-10-12,1,1
d1e9feb1-17ac-4bf8-9c65-0eb1a8064979,2019-07-08,1,90
47fbc684-ca88-425d-a370-b0521b338950,2019-07-08,7,7
daa6e1b1-9615-40a0-9227-452110c50cf5,2022-02-13,10,10
f6b2e202-6d5b-40ef-8fb8-7c0c2b87981b,2022-05-09,1,1
9402e611-a390-4390-b20e-78569418b243,2022-06-18,1,1
ef5b9bd0-a5a1-466e-ae19-1abfd8f83134,2022-04-29,1,10
cb741957-7602-4514-9f5d-e5e9d4043c40,2022-05-19,1,10
b9f10259-d5ed-4cd8-9f2a-bcff5769ce9d,2022-04-14,1,10
aac87a68-c8be-4486-a234-a9bf2ea183b5,2022-07-24,1,7
963ef845-39a2-42f0-bfb8-33107ef766e2,2022-07-25,1,7
ef04f09d-b783-4223-9db4-bee106215c56,2022-09-01,1,1
c853e671-307f-40e2-a6f9-523c1bffc36e,2022-08-19,1,90
6b68c44b-ac2f-43f9-80a8-c8a468215900,2022-10-30,1,10
e6a29bca-ab4a-4d74-bdd3-3b902a1f6080,2022-12-28,1,1
5e193120-90a1-41c0-95fb-75d36fc9ad56,2022-05-15,7,7
97e0775d-e534-4791-9260-3d83a2ece4c1,2022-12-11,1,10
2ed4cb82-51bd-44cc-a4dc-81d415ceab3c,2021-12-02,1,10
88e9d965-ffb0-460d-b065-9aedc3841291,2022-12-28,1,10
2f7a6964-f805-47d8-9674-2a90adbd932f,2023-03-30,1,10
74754240-8fcc-4ba2-8dc8-9a3c68512746,2022-06-04,1,1
b3250c5b-a253-4663-a32e-f59b4dc4006a,2023-12-29,14,60
e69392c2-f66a-41bc-bffa-07df682c844e,2024-04-18,14,60
7811afd2-ff64-402a-b311-caf32626870e,2023-12-29,10,14
1a93fab5-33b6-43c9-8f8f-2ac3fac06801,2024-02-22,10,14
ef4d341b-4045-4890-bd08-02644ac4b099,2024-03-02,1,7
5320ab2b-d1d2-4e33-aca3-d0ff05b7635a,2023-04-05,10,10
7d2f02ec-1b21-4e2e-a49a-e53d40c92b31,2023-07-13,10,10
3efdcdd9-17db-417e-a19b-c8c968bc609b,2023-04-02,10,10
9ebc711b-9ced-4d8d-bd2a-718dbfdaa216,2023-06-05,90,90
150abe40-2b8f-4fa9-9679-cd65f805d375,2024-05-03,7,30
86409e22-13fa-44bd-8333-7c5e519a9368,2023-02-01,1,10
720def47-e028-41a6-a04a-e59ebe61f4aa,2024-08-19,1,1
0abcd678-2641-45b6-bd63-1c40cae1b94f,2023-07-20,14,14
18bf73a3-3a1d-444b-aecb-731a071d72e8,2022-11-24,1,1
b586c26c-c6c5-41e8-94f8-5cf9781eaec2,2023-08-31,1,1
618c0954-28bd-457d-a846-19ebba3d7b07,2023-04-15,1,1
9085ec26-926d-40bf-a546-eed96e3a99d3,2023-03-22,1,1
1733719f-873f-4e50-8d11-ecfad381cef8,2022-05-21,7,7
097a2bd4-2452-49dd-bfc0-2fb483dd492a,2023-07-01,10,10
b7fd4b73-b9c4-432e-aaae-266f89683bb0,2022-07-22,1,1
f3a25f74-958c-4508-86a6-27bb50d137ee,2019-07-08,1,1
f1af1b14-9bf8-483e-a019-81ba627608ad,2021-01-04,7,7
da2fcc52-c3f2-491d-821c-8a515a99a1b1,2021-10-16,1,1
ec374534-0cb5-4315-974d-8a95396ba149,2022-04-08,1,10
a5a09348-ab96-491a-bd62-bed9a846b69b,2022-05-05,1,7
c3dfdead-cf62-4935-a650-806b63f0f813,2022-06-29,1,10
43002e86-d152-45a2-8ef4-f9bf68bd865f,2022-04-27,1,1
45882382-aa46-48db-9c82-4e36b63747c6,2022-02-16,1,10
1d385c1c-ca24-4784-b379-d8f3aafa7c31,2021-08-29,1,1
1e2f4b42-fbb6-4ced-8010-c7b48d9788dc,2022-03-05,1,7
17711702-9a79-4814-aa5f-47c50b290812,2022-02-27,1,10
c0cdb16c-023d-449b-8509-ffb0b62a6e71,2022-09-27,1,90
38816400-6e8d-408f-8f69-f9a387b19e32,2022-06-28,1,10
0984c5a8-c134-4500-9ef8-bfaa9137712e,2023-04-06,10,10
5157d97c-2cb1-4e80-b23c-d6ed07c8c020,2022-08-08,90,90
dd415af4-d5b6-425d-8f0f-cb471b08b953,2023-03-30,1,10
abc8d59e-3159-4ab3-a5b4-12e671da60bc,2023-02-05,7,7
b81737ed-b351-4ce4-b668-c5908287894c,2022-01-29,1,1
fcf18df0-40fb-4fe3-ba21-5b4fd68497a8,2022-12-02,1,10
40da723e-993a-474b-bb6b-4797503c5557,2024-05-03,1,14
43266217-40dd-4ff3-a7f6-641087452243,2023-10-31,90,90
64b2b31b-902a-44c8-a0f2-8a7162a4a38b,2023-10-30,7,10
c60afa88-1bb9-4a5f-a11c-c295f7d6e6b1,2023-11-06,1,1
ccfd2918-9403-465e-92b1-3c8b393471ff,2024-01-22,1,14
f688b87f-cc3a-4878-8c8a-5fa8ea6a1740,2023-10-31,1,10
eaabe26f-d587-4024-9a42-4005b152eacc,2024-03-29,1,14
d3b49c02-c2b7-43ab-a970-cbd5ad52c16b,2023-09-24,1,7
f9a1b965-f969-4122-b0f3-3f05dc8557fe,2023-09-16,10,90
07c76cee-8b30-4a8a-8b0d-3615aed63884,2023-04-09,1,10
ab428d68-1f3d-4a5f-9ecc-10d6e6ae6e6b,2024-01-29,7,7
7ee363b9-b35b-4f57-88e0-af02ba2a0b0f,2023-06-29,7,7
65821fc5-e243-4ded-a22c-bfb28ea63efc,2023-09-27,7,7
4e66e465-4dd6-4d03-8965-3a84a45d8790,2023-03-18,1,7
1c3c76ef-6d31-4cec-b7d8-10c746855513,2023-10-31,7,90
954af36d-db46-49c2-a955-230be1309694,2024-03-13,7,10
99ce191d-0833-4815-a2cd-a1dfd84ac5cc,2024-03-04,1,1
d668cf43-8d81-4291-89da-29a6227d1662,2023-12-23,1,10
187a9670-8761-4ad9-98b8-4ff320d10fc0,2023-09-28,7,10
4e2733e2-3e1d-4c11-9129-793ae1ebc34c,2023-09-28,1,10
439d51f7-e29a-475b-a1e1-6b9a77b6ac13,2023-11-14,10,10
05342129-ea1d-4084-87a3-7a92075b4d89,2024-05-24,1,1
55675db6-69a5-43b5-b214-3cc2b058b459,2023-09-05,1,1
b8b9d6f7-85dd-4fcc-a3aa-ca03cf7a65b0,2024-05-24,1,1
fe25e90f-f797-4235-9057-042d8dbb6e68,2024-02-01,1,14
41d6720b-740d-401b-aedd-259a062015c1,2024-05-04,7,14
fece9486-8e8a-4be3-864e-c427aebe3ad1,2024-08-19,1,1
7f32d013-4e76-4279-8c6c-ca18fcb120c7,2023-02-01,1,1
c89585aa-4004-4ee9-b461-8f090ee8b818,2023-02-06,10,10
67706b49-e641-4122-bf37-109c7274371f,2024-07-31,1,1
d0771510-814d-45bd-94f9-520bd581b90c,2024-07-31,1,1
ab17b12f-cc90-4a3d-b6d5-4c9bf256f427,2023-03-13,1,1
3ff68bbe-7e06-4887-b8c5-34d1c1e8a934,2024-05-16,1,1
b40ed73f-85f3-4ade-98de-80a0a1f4054a,2019-07-08,1,90
68904901-b144-43b1-859e-e486b0c63079,2019-07-08,7,10
57d1e4b6-9bb4-452d-a066-9882738ad6f9,2021-12-11,1,7
29bcaea3-f878-464d-87dc-c1a6123404f0,2021-04-08,1,10
0ca7b7c7-f0d2-42c5-aff9-15f8115abd1d,2021-12-02,1,10
29920e0d-aec2-4fe8-920a-95431fb41adf,2022-03-26,7,7
d23b7548-eb1e-4a44-a064-1df731dde6db,2022-03-05,1,1
48cb787f-d547-43f7-b326-0fae389354c8,2022-06-04,10,10
a045ae02-aa4d-416e-9396-842d0a390df6,2022-02-04,90,90
5cdec4eb-eb53-4544-8e13-6c7c89af7439,2022-10-11,10,10
57aa2a10-9ce5-4124-aae0-504fa3ecf3f0,2022-12-26,1,1
aaf42f33-30ee-40cb-9038-19648584bf5e,2022-04-17,1,1
0d8460cd-7389-4ef2-b9e4-5b2bf73f2a75,2022-12-31,1,10
c10da596-2bb6-44b4-986b-4b36f9136a33,2023-01-29,1,10
fddefd6d-0365-41bc-ae4d-4e8a9807372a,2023-06-27,7,10
856dbaea-67a7-4693-8118-75a8d808abad,2023-03-30,1,1
5cccb0b5-7095-4e8c-bf35-a5545331783e,2022-12-07,1,1
ccb73b39-44e0-4739-b6ba-0e875ef6f2c3,2022-05-17,1,1
cd6b8fb6-359b-457f-9fe5-0d9eccc41605,2022-06-04,7,7
2506f042-b703-4e7b-bfd0-b113d0e8c7cf,2022-06-04,1,1
204885a0-ab09-475d-8716-b9a7bc7936d3,2022-06-29,10,10
857b64f7-5f3e-4bbf-8112-3891f3b69f31,2023-03-30,1,1
e24f5cba-5dbc-477e-926b-007b7e7b3bb3,2024-02-20,1,14
af9853b8-64d1-4ac3-bea1-5484524a22ae,2023-12-29,1,14
f8221c0c-9248-4c79-b2ea-557e4c564a9a,2023-12-21,7,7
1350ed8c-22fa-46fb-81a9-b29dbf7c1b1f,2023-11-16,10,10
b39b3c64-1f75-47fc-a1f1-71563193000f,2024-01-15,1,7
ec470e0e-600e-4672-b018-3b6aea95119c,2023-04-03,7,7
5563be5f-1054-49bf-8920-8a9d78a50301,2023-02-20,1,10
13e7d174-ecfb-4849-aad7-4362cf81f8b9,2023-10-01,1,1
64dabc17-c089-4bf3-8f12-4a375d4b0741,2024-06-02,1,30
8ab63ae4-9902-4450-b3b5-f09227f955f1,2024-01-07,1,14
a7c05295-5b61-43e2-92e3-9f248744a157,2024-10-08,1,1
e90d861b-8b1c-42b9-a262-aa6e8a9676a0,2024-03-30,7,30
6776893f-aaf3-4264-81b6-07537d700110,2023-12-29,7,7
5145d6df-9cd9-4ec4-ab75-8bb62e7d47ab,2023-05-29,1,1
e32128c0-6431-41ae-8100-a9b9524866b5,2024-03-08,1,7
48fac26e-b8d7-476b-81f1-5897cf10244c,2024-05-24,1,1
0858de5b-2b8c-429b-9102-ab29e6994772,2024-10-29,14,14
75fb5d6b-3170-4c9e-9434-930a02b52f4f,2023-07-31,1,1
a0e0d42a-2c1c-4b12-94d4-170fd9e166ea,2024-07-31,1,1
c8b5208b-5fc5-4b1d-883f-1ea6176d8a51,2024-09-27,1,1
74431fb7-25e6-401c-93d7-0a81bbe4f297,2023-01-05,1,1
9f9fa122-1244-4a6b-952e-3e2fff5534a5,2025-01-09,7,7
ed890d2a-cc87-4532-b529-9ee7d0c5ecd0,2024-10-28,7,7
ff53c3e8-b8e0-4fa2-a9b1-3046942a5c82,2022-03-12,10,10
1f7a7318-6bd8-4782-8c8a-47d95b1cdc7a,2024-06-20,1,14
63be2e0d-5b5e-44d6-ab4e-e66d7c3fa406,2022-12-28,1,10
3871992d-2069-4526-9c28-5911bc0d8c17,2023-04-30,1,1
42dd5182-c834-45c4-a4f2-fbdcaf54ae15,2019-10-02,1,90
0962e298-a601-458d-8abb-77f8dd9aab02,2019-11-11,1,10
e68f0937-f38c-47f9-8f52-9577723e4c0f,2020-11-07,1,10
0dd9270d-25b3-471e-a797-3f391b56ac0f,2021-07-04,10,10
174926c8-9e5b-4c0f-ba1d-1d618ece7317,2021-12-11,1,1
5e401dce-a653-4de5-bb4a-d097d75d5ba0,2021-08-29,1,10
47f7662e-fbde-4453-8dbf-9ed529a259fb,2022-03-05,1,10
3aa40acd-ab1b-45c1-ba73-9a123b153392,2022-02-27,1,10
d01a4e20-41fd-4975-b985-51018bcbf5f9,2022-05-14,7,7
0e704798-01ae-4806-9328-2efbf474a195,2022-02-23,1,10
989f33cd-e314-4066-9df7-9fee22a7404c,2022-11-20,1,90
034a71af-864b-4d27-840c-88a1c772bb65,2022-11-28,1,120
485b9dd8-2661-46c4-9523-8698f39e5cef,2022-06-29,1,10
1527e305-e4c9-4af5-a1b7-c9b69a2ab419,2023-03-15,1,1
17ec9818-7f51-4b34-b5f1-3426db7503cd,2022-09-27,90,90
dcb8603f-13a1-4dc7-ad83-429a6a136982,2023-02-17,1,10
0b898282-cf7b-4370-9356-d9218ac12dc9,2023-03-30,10,90
09675797-9d74-43c1-a8a3-aeb21aa97fad,2023-02-07,1,10
8061015a-ab47-4e60-a6b7-b66516b058d7,2023-04-19,1,7
2c88a943-d111-4034-8aa2-7048777b46b6,2023-03-30,1,90
8685e2c4-e2ac-4494-aeaa-819c5047a965,2023-05-30,7,10
496575da-9866-4cb8-9653-fcff1b9310ca,2022-10-22,1,1
5f192438-4229-4af6-a08b-e89873f8cea8,2022-02-24,1,10
2759b7f8-9369-477b-abf3-59e7adeb85da,2022-12-28,1,1
bdab5dae-a6ac-4433-a410-3d67b16f3973,2022-08-22,10,10
4547b072-ddbe-4564-825d-e7470470fad2,2022-12-28,1,1
d2725ce0-9ddf-4a2b-bbf9-3e52143f11fb,2024-01-30,7,30
7e4ec4c4-5d69-4d43-a384-24803a0aa82c,2023-09-28,10,14
6df8c4cc-4a22-4985-973d-dc3c8d3a7c85,2024-07-29,10,10
222419f9-b2c8-4ff3-8e2a-44283fa544e4,2024-06-02,10,30
566d9b38-a763-40eb-8879-2d3c1c3a27bf,2024-03-04,1,14
78f5ac65-69e0-4760-903f-624ca3852d69,2023-12-29,10,30
17ef442c-907c-4e37-b8de-4a4193ebf856,2024-05-24,1,10
f68a36e4-ffef-421d-b301-da2ab504bf1b,2024-05-24,1,7
1564a8cd-46cc-4f53-bff3-105f023f0a6c,2023-06-29,1,10
f761e59b-33fa-4987-ac4d-27c9af69af27,2024-05-24,1,10
4207881c-acd7-4915-bb18-75c53893548d,2023-07-25,1,14
74bd9a9e-6c19-4d22-b5f8-1676c5378630,2023-05-12,1,10
b495af05-a691-4089-ad0b-18755bc17dd2,2023-06-29,7,7
ede4403f-7a22-4267-8ec8-04fe138d833f,2023-08-30,1,14
1930dd4c-a402-4097-aa39-24afc3beab85,2023-03-08,1,10
44599cca-7d73-45b7-8be5-dfabb112fee8,2023-03-30,1,1
e669cb5c-aba8-4fe7-ad2e-2075a56682b5,2023-02-28,1,10
8aba4a96-1ded-4ec7-bc22-078614ee8283,2023-03-30,1,1
eba1b79f-1117-41cc-b052-900171d4ce66,2023-01-29,1,1
decae8d9-7728-4e8a-adfd-9faa599f0939,2022-08-01,1,10
8eb0d355-36fb-43af-b57a-dc22fca97ee7,2024-07-22,10,10
548c6474-1c15-4448-8708-bdbcd84431e3,2022-04-12,1,1
38adf4d1-6cf5-46e6-84f0-4b6ead3479bf,2019-07-08,1,1
f9db6673-2dcd-453b-9254-61adb0431424,2024-03-04,7,7
5962eb8d-102e-4e81-a635-7e414a2e2237,2019-07-08,10,90
ed98555f-d044-436e-9fb0-b9d862f47032,2019-07-08,1,1
838378a6-e3ae-4aeb-be4b-6db079bd93dd,2019-07-08,1,1
5533f3ea-c08a-4a84-9a90-b488575623d4,2020-03-26,1,10
e88b35e0-6aeb-4b46-b81f-beb3b578ed56,2022-01-30,1,10
fc6baf37-3c1d-4033-9220-8cd20a51bfc9,2022-02-04,1,10
e3605f96-5283-4137-a955-0089af15c309,2021-11-09,1,7
ea45621f-0ea6-460e-be9b-724bc0019dbc,2021-07-12,1,1
2e662d61-5bae-4818-b23c-b8d65024b3fc,2022-04-11,1,10
2be97f2f-d7d3-4a15-9341-0cc4e72e3efb,2022-03-31,1,10
4f837b93-9482-438e-aed9-25da0e6c2bcc,2022-03-24,7,10
c0840584-26a3-48bf-a851-78677b5a6b62,2022-05-17,1,10
0c197ba1-72f3-4c19-943d-286d2fd80955,2022-06-28,1,1
4a1409e9-1880-4a6a-80c4-dd2a830a953c,2022-12-12,1,10
0075f7ae-3e36-4614-8729-ac3cb4c72018,2022-05-17,1,10
88586200-4139-4714-91b4-67830c6c21e4,2022-10-18,120,120
4746211a-53d3-4cbf-9557-51ce19853f7b,2023-03-19,7,7
3ddeaaa8-8104-42de-9927-5f0b1c0daa1d,2023-03-30,1,7
fbef7c93-3ed8-4038-8986-786ad5a6cd48,2022-06-04,1,1
113c8778-c190-42b7-871d-db8ada8a4996,2024-07-14,10,14
efeed0d3-5f26-44ea-a4ea-9b23e8fa0d0c,2023-12-29,1,90
eb4af058-d45e-452a-a11b-3a8763d265fe,2023-03-30,7,7
a37c92fb-221d-4fee-9596-774d53f841fa,2023-11-17,1,1
75a8a9cf-61ee-4deb-bb44-97c0fe3cb3d0,2023-12-22,1,30
45b6ab1c-e301-4d6c-8a6b-ffcdcad034e5,2024-03-30,7,90
769b17f8-080d-45c1-a9d3-8e4e2cfe57db,2024-08-14,1,7
ab1c9cb8-eaa4-4c30-a800-b48fa5ed1c28,2024-06-28,7,30
d1e025f6-7dfa-4a51-b025-f53b25558947,2024-06-03,7,14
8bdfaf5a-7ac4-4264-a5cf-8cd1dd7818cb,2024-05-23,1,14
ffde7c5c-9bb4-48c3-963e-365f2d356323,2023-05-26,1,1
87b74bf9-9d70-43f6-a8a2-d004e9238fff,2023-05-20,1,1
35819d93-3b56-46cf-87ef-b1f4f9b877b6,2023-09-28,1,1
48c61439-70b3-4dd0-b5f8-c663fa6d24e1,2023-04-27,1,10
4d248606-ff92-47d6-be1b-d05a5163cb2a,2023-10-14,1,1
0dd9536c-bd34-4328-807f-5a873be2faf9,2023-08-28,1,1
cd242f54-0716-46d5-a29c-493637bca5b8,2023-12-21,1,1
9afbd7bb-c200-4d46-a0c8-9531cbd4ea98,2024-09-29,14,14
16ce8297-22c3-4a6b-81de-9b07068abc28,2023-07-04,1,1
1de5481e-face-4a15-a9d2-8127b9003fa7,2021-12-02,1,10
eb3cb808-6879-4f57-b420-8e2b8506df9c,2022-06-04,1,1
1be63f4e-c099-479c-b299-dff8c7179ee1,2024-06-28,1,1
75b08352-b3b2-49a3-97ec-cd386b28d926,2024-07-31,1,14
9eacdd9f-d08b-4694-83b9-507cafc01b38,2024-05-04,7,14
68af4279-8b10-4b63-b9f7-4e35a7d0185b,2022-11-02,7,7
27f806bd-3422-408a-81ba-502f12c6fc98,2022-11-02,1,10
e3ef43a3-fe5e-45b4-aa0a-a14ae4b35dbb,2023-02-24,7,7
21754ee8-dd9b-4d8e-a94b-70f28504f25f,2024-09-09,1,1
58a81f37-cfbc-4eb9-be6f-ed38f0b484d7,2025-08-06,10,10
c5393d22-c09f-42dc-937d-1d0faac35da0,2020-08-15,1,10
cc40b1b8-e317-47d2-be95-93c92abf369b,2021-07-01,7,7
46333ed2-fe7e-4007-bdb3-4105aae7ae18,2021-12-21,1,7
4fb8bec6-969d-4b0f-bf81-e9305d96a177,2022-03-03,1,10
6dfc69c9-97c6-4847-a939-1d9f63497f96,2022-02-20,1,10
26da5719-d8bf-41e4-a51f-665234cf1f7d,2022-04-30,1,1
78f11d5d-43a3-4748-b41e-e8f1beebde89,2022-09-04,1,1
b4f99ca3-18d6-4d4a-afd0-b3b69fbe0cf1,2022-04-25,1,1
65fa4d1a-ea17-4c1f-8625-55ae7a95fe0b,2022-06-26,1,10
8087bbca-d29c-469a-a418-4db948f1ec94,2022-06-01,90,90
2389430a-12a7-4860-a25b-842cd74b9ef1,2022-11-02,1,1
5d33bf7e-25af-464f-874d-28483831f155,2022-09-27,1,10
3c32d975-2f10-4408-9d72-12a52e4b58d2,2022-11-02,1,10
78d0168c-2594-4bc7-8be1-4785c58e67e7,2023-06-09,10,10
8a01dfba-2748-4cac-92c4-9596c1d04d03,2022-12-11,1,1
95e0823b-2531-4a9d-a6bc-f57ad0ffe32b,2022-03-22,7,7
022b11e2-ec4b-4c55-ad26-dacd86878b89,2022-07-18,1,10
a35b0af1-41b8-41cf-ac50-2d1dcdbed0e0,2022-05-31,1,1
8de68ad5-0960-46c9-b970-3fa708bf049d,2022-09-19,10,10
a28960c0-6211-4a2d-abe7-272002c64787,2023-09-28,10,90
8763072b-f7c3-4a69-9e74-e074cfed2f60,2023-12-30,1,1
1b0acfd4-465e-4855-9051-414f06e6c020,2023-12-14,1,1
ce5e3eb9-515f-4e96-a223-f194bb25d0db,2023-03-20,7,10
8d88177c-138b-49cd-b44b-1e547af380c3,2023-09-29,10,30
a5f09a8d-e09c-4390-8275-9739642d80bd,2023-12-22,1,14
fc4b2246-669d-409b-8a9a-cd411e353e20,2024-07-07,1,14
73732a0f-2f20-42a3-a189-8be263e1d99c,2024-07-31,1,14
0b70f523-bc29-4501-9900-65e4544f08ae,2024-10-31,7,14
03fb70b8-600e-439b-9205-c1fe126029ae,2022-12-06,1,10
c5ae841c-a14e-4de4-a251-9aed9f5c49ae,2023-08-20,1,1
2f2265a2-9f63-47e0-a3ee-dbe139111574,2024-01-22,1,1
4c889fc4-53e4-4461-b946-556aa89092d5,2023-04-26,1,10
30f743a0-ea89-4cc2-95ea-0b9c3b085259,2024-05-24,1,14
eb641c3c-7a71-48d0-bc33-d0dbf44c806b,2024-02-01,10,10
27eaa1d8-8d50-4dd1-b11b-3623c2202de0,2024-10-31,1,10
23ef461d-6d3a-443d-a64b-6cf319ba0d5e,2024-09-09,1,14
63ca1b96-daf6-4561-b6d6-0586dcbd92df,2021-07-26,1,1
99c10b31-ebf5-4aac-aa74-31bba8b99053,2022-10-09,1,1
76e12cb6-db0e-4459-9b19-ad3a891f34cb,2022-07-26,1,1
05d37def-f079-47d6-a1b2-34059eb89c78,2023-03-16,1,1
4db882eb-2b50-4fc7-94c9-6235053abee9,2024-03-30,1,1
c7bd4647-1993-4192-a873-38586f9255df,2021-12-28,1,1
09f0b11a-676c-4b6c-b28c-8c78a0b4532d,2023-02-01,1,10
5d76b129-e2f0-4948-a216-74607b34f482,2022-10-16,1,1
6250167a-0c93-433d-87a2-6ae9ae984d7d,2019-09-23,1,1
5fe327d1-ba64-4df8-b7e3-7590777ebcf8,2020-03-29,7,7
d03d0dee-788f-4ee1-9952-93458c5c45e2,2020-09-03,1,1
e690dd97-f274-463d-9bfa-b18a57687914,2020-11-07,7,7
f39330a5-b69b-4ec0-90ee-0288d5bc80ef,2022-03-05,1,7
6fd4007d-e829-4fb5-8272-6b647d719652,2022-05-02,7,10
135d650a-930d-40d9-a4b7-cbfb32e3d14d,2022-06-04,1,10
9abfc238-5414-4b59-9b4c-b8b9a33b2647,2022-05-20,1,10
9646705a-5087-4a44-a5d9-3b1d31da4d97,2021-12-02,1,1
40e648ff-43e4-45b7-9563-a288265ac141,2022-08-12,1,10
cf3fc926-7cb0-49ca-b853-d594ebc0696a,2022-08-07,1,1
ecae5042-3b8e-410c-b591-f830a0535e8b,2022-08-11,1,10
4d17139c-0b60-478d-9b18-164a9ef2815f,2022-09-27,7,7
0d251f60-390c-45df-b856-cf5115ea3df2,2022-02-25,7,10
2ece812f-aae6-492a-a30e-4dd175dbf524,2022-04-29,1,10
6af661a1-4382-4b48-a588-c2b1cb517cc5,2024-04-22,7,14
77f10fe7-4e4b-4d51-8e37-1e8f1c0d9f67,2024-01-22,10,10
d1f758d0-c2d6-47b5-b51a-ffa269c4e538,2024-03-31,1,14
5fa137bd-63ac-41d1-b441-3310e0407240,2024-07-29,1,14
001120e8-1749-462a-8f51-19acb7c23ebc,2024-01-26,7,30
80f1c256-974f-4c0a-9a72-5fc17b32aa07,2023-12-19,1,10
987f0823-8ced-476a-b2a7-6ff2ac5f3b3d,2024-02-12,7,7
2df43d35-0ca8-49b5-a071-f9f1800e4156,2023-09-21,14,14
820ff334-7233-47a6-b923-1b908b877abb,2024-01-07,1,30
6de9c58c-bf66-42f0-8e4f-26616b388446,2024-05-24,1,30
a05e1af5-6fb1-451a-a2aa-0f0f1c99bafb,2024-01-26,7,10
b8a2c285-bd0e-4d87-9a44-cc5bf0e17937,2024-03-30,1,1
6aa9d467-cb53-4fe5-8271-0ad766ad29cd,2022-12-18,1,1
53061f1c-9878-4db0-9dd4-447ccee12f57,2024-10-06,7,7
8d38d29e-f665-48d5-89e8-911a94477138,2022-03-04,1,1
108600a4-4172-4301-8c86-732c4375c237,2024-01-20,1,1
e146404c-e24e-4b23-97c5-5e60fce2b12f,2024-06-28,1,7
1f9aa56b-2c42-4eb8-a950-db82d6ae8ed4,2024-02-01,1,1
66021f0f-5049-4d5e-829e-9022f5e937fd,2023-12-29,1,1
31c1a4c7-87f2-4f3c-98bc-05fd78d5b563,2023-12-29,1,1
ccbdf837-6244-41e0-9e3e-f6cd065efaa0,2024-05-24,1,1
000e8d26-7068-42ac-ad19-fd4c75875e66,2024-09-27,14,14
1ac2d6b2-fad8-4ef1-acfd-ef70e76d9533,2022-01-27,1,1
df33f7f2-569c-4bf5-850c-18393b9dddf6,2022-07-12,7,7
281ca716-f276-4ac1-87ac-ce4d2b0b9e7b,2022-09-24,1,1
ed00c010-7e56-41da-95f0-6a0bad297dee,2022-05-02,1,10
dbfc18d8-2aa1-4ef6-97be-942dfee88f59,2022-06-29,1,10
6772eebb-0dcf-4373-82ed-878323a78b18,2022-10-06,7,7
75b4f49c-f959-4d5e-9c28-97b652504ddf,2024-09-08,1,1
5d872b57-1423-4f08-b519-c79c7be16360,2020-09-30,7,10
e81bfa19-abaf-4f3a-a5e6-98db46c5075e,2021-03-31,7,10
360a2f9d-cb23-420c-980a-f8ecf1f6eb27,2021-08-02,1,10
daab5706-3849-49f0-924b-f41ee4143bdf,2021-12-17,1,7
9405c409-bbca-4204-b252-1dfb2d6bf793,2021-04-14,1,1
2c3fa707-6eb4-40e8-966f-e8dade0231fb,2021-07-01,1,1
118a02a8-34fa-4a9e-93cb-15213cffc406,2020-08-30,10,10
5961f4e1-9f7c-4088-afb2-001e4ab073ef,2025-03-03,120,120
0f6ebb5d-b41d-4672-bd17-a02d842d58ee,2021-07-31,1,1
dba48c28-dd0d-4c94-9aeb-530689ce8c07,2021-09-02,1,10
c33768b4-9321-4f66-afcb-bb5edf0d346d,2022-06-07,10,10
a177fe91-27b5-4bc4-a72c-c11d93d11410,2022-03-05,1,10
2fd6bd70-fc20-4d8b-8749-5588f0176bc6,2022-05-23,1,10
ca267c91-abfa-4cbc-ac53-9f38f7e6bc9a,2022-03-02,1,7
df748563-b60e-4a4a-b79e-968e51ea6270,2022-04-14,1,10
06d214af-d68c-41b9-87fb-386fcf0550d1,2022-07-06,1,1
0548302b-b686-49b1-b19d-2cf9937a69bb,2022-05-27,1,10
b35ee52f-832c-4f5f-9ece-d5f8af9891e3,2022-04-17,1,1
60796d04-578b-47f7-97ae-44cbc59c9faf,2022-06-28,1,7
bf2c6e1b-4e02-4752-84e5-96d45ceac62b,2023-02-05,1,10
f3107be1-26e4-416b-8cf0-54873329773d,2022-04-09,1,1
bb9f8f41-3109-4367-b3de-d9ad9af0e4ac,2022-08-20,90,90
50da0f33-e224-49d6-8ac5-9026cbe1b9f2,2022-10-11,1,1
ac1ab241-b321-487c-9abd-5a07d6cd710c,2023-07-31,7,7
95acfa77-f7fa-4c12-94f1-7802e7fff263,2023-07-04,1,10
ca6a3567-1c68-4d81-8288-21598b060bef,2023-02-01,1,90
12010fd2-7157-4ec3-8206-e6469fe24a59,2022-06-04,1,1
82664b78-b05c-42b2-8bc4-a70ca6e3a02c,2023-03-21,7,10
43db3c83-1ccf-49b3-9223-270611b219fc,2024-03-02,7,30
aec4c672-9296-41f2-a386-b935e232d09a,2023-10-19,14,14
ca011268-14ec-4bad-91e3-396400f5503f,2024-04-06,1,14
95437302-086d-4513-b6fd-043a7ad5355c,2023-12-21,1,7
d1ef87e8-caa8-415f-a9bb-cc89580e44df,2024-09-27,1,30
144a26ab-d877-467b-9063-34bc9f1bfb77,2024-01-31,1,10
4bee6154-7d90-48ca-8aec-ac616d49ee5e,2023-03-20,1,1
3f5ff2fb-792c-4689-b55e-0da25d305842,2023-09-28,1,1
a498cfbe-f748-4fa5-9b7f-1ead32b4bd5e,2024-03-04,7,7
104fae13-f742-4228-a185-570814fb9889,2024-10-28,1,30
e033d8d2-c7d0-42a2-ba5e-e860e520578e,2023-11-19,10,10
76eef91f-d6d3-4c43-a6c9-3aa96a0399ad,2024-09-25,7,10
098d4a67-8009-449d-9f49-b5c490ee4e91,2024-10-06,1,14
597fd813-968e-44ee-8c3c-a44dc92c11a1,2023-06-29,7,90
869bfb2a-5b7d-4157-a2c3-5fca5dfb48a4,2023-07-02,1,1
6c036ce1-d36f-41f6-a5ce-96b240029be9,2023-05-29,10,10
fbaa81da-ca40-4ae5-83e3-d169785d1c74,2024-02-29,1,10
17ec1869-596f-4a6c-8423-97cc70f620c3,2023-06-01,1,7
df0058d8-7922-44e5-a3fe-4369b41d8a1d,2024-06-09,10,10
0fee8a04-a101-4211-a37b-6d7181cf3343,2024-07-06,1,1
2930a1ef-09b7-4ad9-9b1b-38244a467b7a,2024-12-12,7,7
44fadb60-8ad3-4ec3-8beb-12c25f9f7e9a,2025-03-02,1,1
e73e07e7-9681-4cab-bb48-598a65f138e8,2024-05-24,7,14
db845ea3-a719-4542-86a4-b10ac8136732,2024-06-30,7,10
fc8c9a95-7875-4105-ac60-79afd94e1086,2024-02-05,10,10
96bd0844-71f6-4d57-a53d-e271a0562f6a,2022-05-05,1,1
1f4bbb62-e6eb-467a-b384-0a175487cebd,2023-02-04,1,1
a34380bd-d78f-4d29-8df1-2f352da8ebf1,2024-09-29,1,14
ee43e8b5-0ed4-4892-9d1d-0f06fa97a4df,2025-02-26,1,7
ac636bf8-c665-4f2e-bc31-8506e63a7ec3,2019-11-25,1,1
c5934f1f-3da8-440c-9900-375781fb893b,2019-07-08,1,1
46d35588-c569-4a34-bc8e-c043361a7550,2019-07-08,1,10
e2b8d69d-bcf7-4846-8c66-d23d484e4cff,2020-08-06,1,1
e7e1ecc8-8c27-463b-a431-7c3ccda250ed,2022-05-20,1,90
d273b786-f360-4202-83c0-ecae2e6d8b6a,2022-03-20,10,10
bf58c76f-024f-42ad-a61f-cb8c440407ed,2022-02-27,10,10
779ac0de-8b52-4a76-b1ba-a05f756ad0d2,2021-10-05,1,10
0d44447b-c237-4f42-865e-5adf451d1d93,2022-08-19,1,10
360b8602-dad8-4d9f-9298-a13c2b5944d9,2023-02-01,1,10
6c1786b9-d644-4255-8b17-656a49d1cf2e,2022-04-25,1,10
74839266-19e9-438d-a33d-0bbec0c7155f,2022-10-06,1,10
51aba351-5c18-4578-98f3-59c4e212ba29,2022-09-27,1,10
bd66c637-0d18-43d2-9b04-5554a29bcbf4,2022-10-31,1,10
143b2cb2-178b-4a4b-8166-7d20b405f129,2023-03-06,1,10
1f9c24bd-8d03-4456-8014-7325b1008e6f,2022-10-20,1,1
e3b53fdd-ce70-4b57-8252-1bf748c15548,2022-01-02,1,10
6c9df86f-7d8f-4e47-8ae0-d654ee62cd77,2022-01-31,1,1
060115f9-7875-4a0a-9bf9-35f4f4e79874,2023-04-17,1,10
5cc179b5-66d5-4701-80e6-dbe8ed02c49d,2023-03-06,1,10
f885ec4c-e34b-44be-a9a5-e6725708e401,2022-09-27,7,7
8c124caa-bd06-4de5-81df-dbab5619bdd6,2024-05-24,45,45
86c2e37f-089b-440f-a33c-e3cbe35fcce1,2024-05-03,10,30
a1c5a8ef-0eaf-4cc0-b8a3-03d926a37488,2024-06-30,1,30
8d8aad54-2cb0-489e-b297-a5abccd3f881,2023-09-08,1,1
c70874cb-d6bc-4662-b8cd-ab1e7daa3fc7,2023-05-29,90,90
97da9412-f58b-4512-b4dc-cd975a7264cd,2023-03-03,1,10
fd06a2d1-1577-45a0-b809-f8a1356f6f1f,2023-03-05,1,1
8763e37b-0b3a-48dc-bbae-a61e994cbe8a,2023-03-29,1,1
1e341aa1-f345-470f-9728-fce833970ccc,2024-01-29,1,90
74ff3d1e-f75c-48d9-a2e3-fc31ce65fce1,2024-06-28,45,45
d6aa0fa4-8361-4429-8c07-3ff60ec048d4,2023-08-08,1,1
c9fcd62e-6bd2-404d-bff3-376edce7db1d,2024-01-19,1,14
8595c020-8a4a-4167-a16f-5ce7e907f129,2024-05-23,1,14
3806c12d-0d0f-4b47-b51d-f2b7c7be4873,2024-08-20,14,14
f908bb9c-8b43-40e8-847f-4ee2d4fa590c,2024-01-31,1,30
2b01f20b-40df-40eb-a83e-6abe4943cc47,2022-11-27,10,10
b6d7311b-2928-428e-8d8b-a0b51ef31e9a,2022-12-02,90,90
680f869f-0984-4c73-9fa8-2e43dbd818f6,2024-03-31,1,7
31e59cd2-19f5-4c39-b01a-7896fa0c7303,2024-06-23,1,1
699c89e0-4535-4ca8-9905-e2d4fc8e413e,2024-10-18,14,14
26144fcb-7b81-4731-a9bb-34829d6518de,2023-10-31,1,1
ac7c6ba4-3564-46cc-bcca-d36a3f53aa75,2023-09-28,14,14
ed9833e4-c1a6-4111-b21f-5a67d0e75fca,2023-07-01,7,7
3d8380ef-02dc-4ca1-beb3-0ca9ed5a2458,2023-05-03,1,1
95edd019-9186-4aa8-a1b1-9b3e5d142c93,2023-06-07,1,10
c004fcbb-e2e9-4beb-a8d6-bce5743bb56e,2024-03-17,1,1
cc94b730-5fa6-4ce1-8574-5401d8f4e9ec,2024-06-20,1,1
f4b16834-62dc-4cb4-8eb8-2f47793400b6,2023-12-31,7,7
431aa530-98e9-4057-bc17-58a8ff22653a,2024-10-13,1,14
74605661-4d44-47d7-8af7-5892aa624305,2023-03-30,10,10
815d06b0-29c6-4cae-8eb6-229becdf7243,2024-04-23,1,1
a2befe27-13a6-46e5-9314-b58517c2afe5,2022-06-16,7,7
3b3521f8-0db8-4095-afc1-8c081dc02bde,2019-07-08,10,10
8134834c-d42d-4d60-8b97-3e1bdc865e71,2019-07-08,7,7
870ed0e4-76d3-4e89-bb17-b596f96aad83,2022-10-27,1,10
93c3206a-9e8e-48a2-bf8a-eac3df769bbb,2020-08-06,1,7
eea73879-d067-44ee-9473-98392003ae64,2021-07-12,7,10
2c389283-ea9c-45d2-b446-b8a1445489c5,2021-03-06,1,10
dfaac5dd-6bca-4f20-9518-9827149f13de,2022-05-26,1,7
c160a4bd-6d57-426d-961f-367109c167df,2022-06-29,1,10
cd63973c-82d2-4567-986a-e46a1fa153a4,2022-03-17,1,1
b9d977b1-5370-4fb3-a624-7401c6740f30,2022-06-26,1,10
4c36aa02-3ef2-44e1-984f-518097b338cd,2021-11-29,1,1
305d4068-8689-4a06-af78-d76efa72a701,2021-10-06,1,1
3657efc9-0da4-4266-9e67-7d7a06235d3a,2022-05-18,1,10
dcdb72b6-39d1-454d-96c7-a316bf0fa6e4,2022-06-28,1,7
936a70bd-cb0f-49e4-8f90-d6b7472cd477,2022-12-28,90,90
4a3c16e3-bf3d-4618-8460-8a2c28e79040,2022-04-24,7,10
c93425d9-0750-437e-a283-cab267ecad33,2023-02-17,1,10
bd4434da-13a8-4363-9959-d585949c99bd,2023-03-30,1,10
e92643c4-1a16-4aa8-87c3-579326764d58,2022-02-27,10,10
c92889f5-1a23-41be-b9f5-1e68d5eb541e,2022-10-01,1,1
c8f9eeaf-dde8-4ba5-8b35-70931c9e16fb,2022-02-08,1,10
304ca1fb-66c3-4b12-bc85-197e9a7f40f9,2022-10-29,1,10
393aa4cc-5336-4115-91b6-20aee7d579b2,2022-06-04,1,10
60358387-1356-42cf-b311-d31b993832c7,2022-07-28,10,10
fc501f6f-4f53-4f5a-ba23-54ba9880043f,2023-05-29,1,10
353fc6e3-84cc-484a-b264-e76524fc7f6a,2022-11-24,1,1
58eb5bb8-4ad4-41cf-9a48-981eb1dfd60c,2024-02-13,10,10
916e21c4-eaee-41d4-9166-7527c0d728c5,2024-08-01,7,90
4b5dc448-1e1d-4f9c-815b-6d4c70484c3a,2024-03-30,1,14
dc74b79f-ffe1-4949-a020-b2cd93d3c35b,2023-09-28,1,1
974b0bb0-b387-4b2d-9c8a-e06529112dde,2024-02-01,1,14
ccf0ef3c-1849-4c86-aef2-a53766863f6b,2024-06-28,7,14
ee515960-e56f-4f16-ad06-c41d6b27e338,2022-12-03,1,10
9841f08f-80b0-4dda-87a6-e6bda6dabaf2,2024-09-29,1,7
94d57d99-b2c9-41f7-967d-ba956e5036f2,2022-10-30,1,7
5b1ea75c-55b3-4ab6-bc4a-402e26111e27,2024-02-01,7,7
3755725a-fb3a-4715-ba1d-bbcef1ba54f0,2023-05-25,7,10
274436ae-e671-49e1-abc3-443910ef5e27,2023-08-20,1,7
dc4069c4-e394-4612-a2aa-b81a769589d6,2024-10-25,1,1
97541a4b-cd89-4590-9117-307ce9b9e38f,2024-01-22,1,1
5ed379a5-b462-4e9a-b6cb-8fcf51ff7f3a,2023-02-21,7,10
b1310475-5e3b-4f16-977b-c32afd83ba02,2023-03-16,1,10
13ffafa5-23c7-4e84-bfda-b0134a0b40d9,2021-12-02,1,1
830ec65a-238b-46ca-8957-571389e1930a,2022-08-17,1,10
f1fc237e-ca04-44ab-bd1b-fc07d1f6b7eb,2022-04-15,7,7
ca3ad8ac-2654-4185-bd37-8e387d46e948,2025-01-14,7,7
ac158be1-ef21-460d-adc7-5464a4c29256,2021-12-11,7,7
74687e09-9942-495a-9181-9dd9b4da6e51,2019-07-08,90,90
7301ce98-01f6-4dbe-a41b-3e5ebcc8f7e5,2022-03-05,10,10
3be25214-fb03-4dff-9d33-593fc2600a13,2020-12-11,1,1
1d65e6d0-f05a-440c-bbec-2fd206954786,2022-03-04,1,10
7ebc6255-eaa5-4982-bfc5-b3996187a7c9,2022-06-01,1,10
aef2bc69-3121-4e96-ae53-c7fd3b1c4710,2022-05-01,1,1
7810374f-1cfd-41f5-9290-9a6a594c6c94,2022-01-19,10,10
331f2caa-164b-4515-b0cb-351a9ff7a1f3,2022-06-11,7,10
498de1f1-68b3-45ec-b579-164385ac122e,2022-10-05,1,1
aceee629-00a1-45b9-b3d2-409422c13afa,2022-06-28,1,10
3394cb8c-6237-4e00-afd6-6dc976e658f1,2023-05-29,1,7
dd2ef117-6563-43fb-9778-ae1d8b4612c0,2023-05-03,7,10
877dd35a-0dc1-4b00-b46c-f66c064805c1,2022-09-30,1,90
8cebd984-55da-4430-87df-d0b5126a6765,2022-08-18,10,10
0e111dd7-7a6a-4294-be47-701a10d9a740,2023-02-21,10,10
4146abd5-900f-436e-b0f7-16a91203533f,2022-02-07,10,10
01b11f00-bcea-451c-a82e-547cfd7bc0ea,2022-08-28,1,1
c42aed63-7af7-4673-8f72-989afdd875ef,2022-10-07,1,7
69765ade-d581-4d5c-a043-60aac856f8d3,2022-09-21,10,10
1746c320-26d1-4308-b87d-6e7c2d4a1eef,2022-09-19,7,10
d3e47644-dd78-499e-a225-dfa1d0fb28c5,2022-09-04,1,1
c5762270-5330-4011-b517-db6eee51c605,2023-10-31,90,90
2946263d-a184-44e1-81ed-29769e548229,2024-04-14,7,10
4271e28b-2c9d-44a4-81d0-21b958f50681,2023-05-29,1,10
78ac4a30-0b9b-4dac-a415-3a87ca3d7b68,2023-12-29,10,30
8ce008a7-fe74-4bb6-89b5-4715b1cd8aff,2022-12-28,7,7
69ca6f9c-4ec6-4dc2-9844-dc765b411b9a,2024-12-11,7,10
8c8a19e0-6835-4553-b88e-b54f45691e4c,2023-07-17,1,1
98ac5495-74da-4de5-a19b-f609e8b0e8b9,2023-06-11,1,1
8cafc241-ae70-4a19-ab0a-9cfb4db4020d,2023-12-21,1,1
deabe553-14db-4e55-9b1a-7afacbdce37d,2023-05-26,1,7
937eb091-ca5f-444b-8bd9-4793637f4755,2023-06-29,7,7
a8379404-4ab4-4607-968b-5f418e092f5d,2023-06-11,1,10
340415b6-9bcd-4b7e-969f-8bfc6356a05d,2023-12-29,10,10
6de83a2c-6085-4541-b0b1-4cc5fea32e45,2023-09-19,1,1
da40a215-4aa7-4869-8347-25fe4df598ce,2024-05-24,1,1
a70b7723-2551-4520-a66e-1cfe9aa0e6a0,2025-01-02,1,1
a7caab31-faab-45f4-bde5-5a03f8fe10dd,2023-10-19,30,30
e0a22d76-6fee-4ba0-aa54-75bf4b8a38b5,2023-02-01,1,10
1bcb0081-d383-458f-a9c1-d691852db838,2024-08-06,10,10
0e9a6b28-62a5-42c6-8edb-dc3350a3a645,2024-08-01,1,1
eb804f2a-c86e-4719-ade3-e3333c5ee640,2022-04-26,1,10
27fbba75-148f-4aad-bd5a-0cc0940f2ced,2022-07-13,1,1
5688e8a5-18b5-4747-b9df-a634727c035c,2024-09-27,14,14
658a7ec6-673f-4afb-9156-b442da934dd8,2023-04-11,1,1
b26f5a7a-a0da-4fb1-9800-b0c141566b29,2019-07-08,7,10
f0626dd9-0ea6-4a6d-9d4e-c381b7f61873,2021-12-05,1,90
13235ecd-1577-4986-b3f1-377884c87ebb,2021-08-30,1,1
45422790-0441-4574-9687-b3acd2a2b973,2022-05-21,1,7
89e1b2a2-2221-4c64-8b2a-d508b25f0a62,2022-03-05,1,10
af5c1869-a837-4a36-860e-bed04fcb9d49,2022-02-27,1,10
46a6d36e-3354-4860-8c07-b444241d3fe5,2022-03-05,90,90
46e49430-3f35-42a9-880a-ccc017895212,2022-05-01,1,10
4441de44-6e39-4b6c-97ca-43fb30c84a0a,2022-07-19,1,90
53c61ac6-4c73-41e9-a553-88b1b2ead68c,2023-02-01,1,10
6276b3c6-b329-4949-8474-51f960dd22c4,2023-01-26,1,10
b3922532-e27f-4547-a32d-5e5193b05dae,2023-02-01,10,90
bf539065-3969-4902-9d0f-44e0c8ff02c2,2022-10-25,1,10
ab33cbde-7309-4416-897b-9e1444d25ebc,2022-10-18,90,90
1be8334f-37ff-4a47-b910-1f376bd6063e,2023-02-28,1,1
69106dd9-7ea0-4ade-a9dc-d0e1f04d0eb7,2022-03-05,1,10
58092364-73cb-471e-b55d-2f8f952de675,2022-09-19,10,10
4857eeef-fd36-4597-b3af-241c7b7c8412,2022-11-02,7,7
d0a4e84c-c2ef-4c63-8c06-e27a9e51d793,2022-03-01,1,1
5698946b-f024-4083-bb46-a9b359c7676b,2022-06-24,7,7
6bd5e8e5-4ef2-4eff-8f77-a966b009e147,2023-03-06,1,1
a7115ed3-ae18-4995-89ad-9a88b7f5238e,2023-09-14,14,90
31fb7a66-cb06-4411-b58d-42016b74f6f9,2024-05-24,10,30
5013b27b-4d79-41ba-a9ee-ff00a4d66330,2024-08-22,1,1
596671f7-8184-4ed0-b6b3-9f0aabae39d6,2023-11-26,7,7
29555bf1-b4d4-4f5c-b465-70c5bd16baf1,2024-03-02,10,14
971bf957-c888-454a-bfc5-282a8e8d0c04,2023-05-25,1,10
9deb4475-65bc-4fd3-9c5d-5e2ec9e7e30b,2023-07-03,1,1
59cec729-ffa5-4d95-9a81-3d18481ad0a5,2023-09-02,1,1
d2b456b6-58b2-4916-94da-037065ed13c9,2024-04-23,60,60
6d0f49a6-81d3-4daf-9fad-d577c817540c,2023-12-11,1,1
8d97a568-e6b0-45d6-9fa0-89ec6b8d7a0d,2023-09-28,7,7
52c736d1-59f3-4980-ba91-74a3fe578d78,2022-11-18,1,10
3f70f5f6-1bd6-45cd-baa5-78ea6c968694,2023-02-01,1,10
41e90211-8bfb-4af4-8c67-7866f58dabe7,2023-08-02,7,7
71c6f29b-1272-43da-967f-5da0c42576a6,2024-08-15,14,14
84485ed6-ea26-4fdb-bf70-b9cf4ff4e3a4,2024-12-06,7,10
c7f64942-e182-4836-9978-875716b4ab07,2023-08-01,14,14
0a1e31c1-95c9-4bfc-b197-6c2fdeaf5ad6,2023-04-16,1,10
0a743881-1eda-43b5-9c47-992907161bff,2023-09-18,7,10
00a8c936-7ae0-4f8e-8ab9-fc70c97faf5f,2024-10-31,7,10
20806878-0c67-4ebf-ad9f-e32b85115e61,2024-04-28,1,1
c0648459-e823-4427-b12a-e07a77699941,2020-01-05,1,1
41fc3cba-d363-4834-9200-8d33c178b27d,2023-12-27,14,14
c1a2c9c9-cfc0-438f-bd8d-66df1f3261e3,2024-08-21,7,14
1477c2ca-6204-4fc8-8e91-72803d5402e3,2024-04-25,1,1
11cdf47d-0c4a-43c9-bda7-0c998b83cee4,2023-02-01,7,7
8bc9f78d-297e-4e15-8c34-8e4cfb0c7c0b,2022-04-06,7,7
72e9b299-4a57-482c-9fea-2d2b5e535e85,2022-08-14,1,10
d7f6855b-5c7f-455e-937c-541f4d018a76,2022-07-27,1,1
5ceb1514-d9f9-43d2-9cc9-322ff7bf490d,2020-10-24,10,10
3883b9e9-f16f-452c-8433-5271b8a600ba,2020-11-09,1,1
4765a7e0-2921-436b-b78c-19bdae93a0c2,2022-01-29,1,10
de9fbe22-80bc-4e56-9b37-5d9688a1c2f2,2022-02-08,1,10
f60050c5-96df-4bad-a663-1e25c2fb0d8e,2020-11-05,10,10
4abd939c-6d97-4b17-af96-2868536ca50d,2021-08-18,1,1
cde8a73d-2cf6-483e-acb3-49ca90db30ee,2022-06-04,1,10
3cab2300-6e90-48aa-a5f1-1d7352e0577d,2022-05-20,1,10
77cef769-f1ea-4ea9-8000-e1acc5e1c6eb,2021-12-27,1,1
9b0a1ab3-51f1-41b6-9dd7-7283e82dd1fd,2023-02-01,10,10
fa12fbf6-e5a2-4b1a-a405-bd195292a301,2022-06-04,1,90
2cceaa06-0cae-4721-9a15-a65504f2c892,2022-04-07,10,10
3718519a-592a-4dfb-8b89-6ecd0d977414,2022-05-29,1,10
f95c6c7d-c429-4bc3-a84c-49e8e21b0823,2023-05-10,7,7
ae12fe5c-7818-4495-b960-3cf5b55943f6,2022-11-30,1,1
5d58dfde-f1f4-4a91-be75-65685ccea4ef,2023-08-17,10,10
f152da62-dd6c-4dc2-9e96-152707f16532,2022-09-29,7,10
f2f6ddbf-fe62-48d3-a8d2-95f53d622e66,2021-12-11,1,10
5092905e-4e2f-49d4-bcad-a1f17e2ffdca,2022-05-20,7,7
e268a684-c7ef-44d6-a736-04ab618804cf,2022-06-08,1,7
bdc9a076-7115-4deb-9145-6668fa090af5,2022-05-27,90,90
44bdfe75-269b-41bc-a3d8-7a2249bf6378,2023-03-30,1,10
73a76c0d-ef0a-4066-90d8-523c22e2a083,2024-08-28,1,14
68ee33bc-36ed-4db1-a15a-f6b05882b436,2024-06-28,1,10
4dbb8ca1-f267-483b-ad88-f33ef622af2b,2023-12-29,60,60
c6f4b3b2-c404-43c5-85f1-53c1044ca0d5,2024-02-29,1,1
822c7c85-e6b0-409d-ac8d-3c1972b19245,2023-12-29,1,7
79a1136c-294f-42d0-b179-e1efa5caa8e3,2024-01-03,1,7
bc48d1d6-91a5-40f7-87e4-a35de59004d7,2023-07-30,1,10
478337e4-7ed1-430b-9579-64150518c4ae,2023-02-09,7,7
f95dbbd2-644f-4981-832b-ba676163f434,2023-03-30,90,90
a85c4161-2f60-4e5f-bdda-3c3f90fa6d3c,2023-04-13,7,10
d0b61000-4546-455c-bc73-5f07fc2fb005,2024-07-31,1,30
72103546-5572-4942-a3a2-9da30998ace3,2022-11-02,1,10
c5c6f2b2-e5d8-4ec0-97eb-c53c17152e38,2022-11-17,10,10
1c86a44e-f281-4780-b2af-a6613244d99c,2023-03-26,1,1
200b9227-2670-42b9-bb5d-ce0843834558,2023-08-01,90,90
08a8606a-3608-47a8-8524-4caac2dcea99,2024-04-16,1,14
97e10b31-898a-4bd4-8e19-240d6140b8f4,2024-09-25,1,14
693a6eb3-a869-4fee-a147-667a2235b169,2024-12-29,1,1
66461d35-a13d-4dd6-96b1-7a1af627c39f,2023-05-15,10,10
ca7f9089-e9dc-4105-ab64-6ab886cd5571,2023-04-21,1,1
b07648da-2904-42e1-a6a5-acdfc9b0e261,2025-05-26,1,10
adc6060d-8517-4a2c-9766-873517b514a2,2024-07-31,1,14
b566b177-dfe2-4670-8281-dcda566b0c31,2024-03-30,14,14
b27ddcaa-55be-4e83-9457-623c520fc557,2024-01-25,1,1
dab0a8bb-ebc4-45ac-b4c0-5b71f1af68f7,2024-05-24,7,7
861d379a-f09c-4a87-95bc-2558b5145c1a,2023-03-15,1,1
742e92c7-e158-4b6d-8347-d960629c73e9,2024-01-31,7,14
59e95a53-3065-4c47-85ff-6c4d79d12e51,2024-09-27,1,1
035cb758-db76-4016-9999-5329f8568c8d,2024-07-31,7,14
9983d269-f16f-4da6-b241-74889c592dda,2024-08-01,7,14
e0393a1d-c960-4876-9f08-50f7974c711d,2024-06-28,1,10
3dabb9a5-c1d1-4954-b773-020fe86d0da9,2024-08-26,1,1
13561cbd-280e-4bf2-8651-ba438d14a629,2023-01-29,1,10
221bb3ec-ed04-43fd-93d6-d474d33a8526,2024-11-26,1,1
23abc737-66cb-49ed-bc3f-7cdff2558cec,2022-07-06,1,1
35e31d7c-acd9-4085-afa2-a3295f89a1f0,2024-05-03,7,14
dcb49579-392a-4376-aadc-a9b91a089844,2022-05-20,1,1
f5aca204-4f99-4410-95f9-dc261c597fa6,2024-04-25,10,10
98acd2c8-84c1-42a4-af6b-66448350be40,2022-03-31,1,10
8275af64-abac-419a-b19b-a4bd4af1c6fd,2022-03-05,1,10
d9a3fa6f-a79e-408d-bbb5-10d29804501e,2022-06-17,1,10
ae65bbb1-5f98-4d6c-9054-c23f4d2bcefa,2022-04-18,1,10
55f69db9-3248-485f-ba65-3dd9fd4f8b28,2021-12-02,1,1
450f039f-bd38-4034-9b3b-08f3c01173f3,2022-09-27,7,10
a1536aa9-5e48-4a80-9273-63ab5a20467f,2022-12-28,1,1
7bbaf8d5-def1-4859-b824-23f8e0043152,2022-09-01,7,7
3ba0e0e7-deea-4b63-9ec0-c07551afd97b,2022-07-30,1,1
c5b9ce2a-7e0e-42b6-bb33-2d0c26f27c97,2022-12-01,7,90
419887f4-8629-4227-bbee-4f56e4e6c8f8,2022-11-30,1,10
349fcda2-b277-477a-a0d7-701bc5bc0cb0,2022-10-19,7,10
d6e3b5a3-711b-401f-9d6e-7542bfa46ef4,2022-11-14,1,10
3b65702e-f650-45d8-ae38-1a6fbd045d95,2023-03-01,1,10
604176f2-c741-4cc7-a3d9-d3bd04bf001b,2023-06-01,90,90
044efc1b-2f8e-4677-8273-b407ccefa9ee,2022-11-02,1,10
1f042eb0-cc7c-4198-8538-e08ba385b189,2023-01-22,1,10
ab15b3f6-c11b-428d-8bf6-1fe4809e0268,2023-03-30,10,10
d9d6e9ee-0626-4ba7-ba02-c6dca433b3b3,2022-09-13,1,10
ddad2961-cf0d-4c87-8e5e-e75976557d0d,2022-01-29,1,10
0958f40f-3e70-4d1d-941f-04a5bf5c9e4b,2021-11-16,1,1
91eede2a-e943-442d-96f4-fa8c817699dd,2022-03-21,1,1
bf26df54-3ce3-46ee-b7ef-3163a5608b2d,2022-05-13,1,10
1fdeb097-5abd-4ede-95e5-3e70973678d0,2022-12-28,90,90
5a9a619f-8a82-4721-b3b7-2fb52fc7bfd2,2023-03-22,1,10
6ecd9da3-2297-4195-9431-031f52cb979c,2023-12-29,60,60
fd28fb9c-3bbd-40cb-968b-27cd97ba5a44,2023-09-28,7,14
fd268b0a-5fd4-48aa-998f-07ca5af0f75d,2024-05-04,1,30
73ccf2ae-e1f1-479c-9958-da75c1839db5,2024-06-03,1,90
57f26914-47c8-4390-8d34-f5c733daf779,2024-01-15,10,10
a2a5cc08-e8df-4f93-8e2a-7ab1ac4210f8,2024-05-24,1,10
ee402dac-ca20-43a7-80e9-d354aa78c372,2024-01-26,1,14
ec72086a-06bf-4372-957d-c6691eb7bd28,2024-05-24,1,1
f2027270-d87e-48b0-89de-ce7397633392,2023-10-16,1,14
2aef3319-5692-4d54-bfdd-49ce77cf2569,2024-08-12,1,7
904a2830-b75d-4ac1-9610-a4b676ad962e,2023-03-01,1,10
9c4130b1-b86c-4f38-84d1-d17059cc44c9,2023-10-31,1,30
ca741d67-8c30-4b3d-bbf3-94b985e74ecd,2024-05-24,7,7
0a08b35d-7e1a-4956-88e1-8e49a9204bc9,2023-01-09,1,1
2c405b48-c0cb-43f9-b11a-958b3c68a5ee,2023-07-24,1,10
8e60c4d6-19f6-4c1f-827a-af10a8a9ceb0,2023-06-29,1,7
e44157e5-108a-4125-9101-b81042676a1c,2023-03-24,1,10
0d6b2a5c-9ebd-4789-ada5-dc2649a0e652,2024-09-28,1,1
3cbffeeb-b52e-4cfb-9701-1c18362150ca,2023-01-01,1,10
78f2b9d5-b8ee-4d4d-847b-ce0ef882b9f0,2024-08-01,14,14
9f42dccd-5ae6-4834-9f22-7d3f2df117f2,2024-09-27,1,7
a752c12d-bb12-4a34-a39d-dedcded6848e,2024-10-13,1,10
6669f58a-ef21-49bc-af83-9e0991609888,2023-08-03,1,1
8d4f7602-4c1d-4f1c-a395-9a1b1073ce5f,2024-04-11,7,10
6975d20e-e85a-4928-8f41-e0a479ae1f87,2023-12-29,7,7
fca859ad-633e-45ff-b51a-63ffaf97e52a,2024-03-30,1,1
1e517e84-a5d8-4235-8f24-e90d3dfbea93,2023-07-16,1,1
1f257d70-ba93-4210-9806-ab633fbb49e0,2024-05-03,1,14
dfc05ae1-3fcc-4916-b444-2c8726d6d129,2023-03-13,1,10
0f2accec-1928-4652-9ef3-286b7bf68105,2024-10-17,1,1
0148c120-4f20-47e5-80b0-8ad4d90cdd9c,2024-10-30,14,14
b728caa2-1a90-40bb-9541-3a1dbf11960e,2023-02-28,1,10
09043e6d-4977-4434-a314-a8d89846a48b,2022-01-10,10,10
b60ab19d-d7f9-4f9d-80fd-e45513646806,2024-11-26,1,1
cb5f1a7a-9596-4042-90d8-39a16f148a89,2024-07-31,10,10
9d26b02d-64da-4594-95d1-bce61249409b,2025-05-09,1,1
d57a227d-7bf5-4d27-9389-0db663f87f20,2022-01-02,1,7
17d7a844-fa51-4911-b038-91dc10096992,2021-12-13,1,10
b75006a0-b217-4c75-8631-b1c1eff75771,2022-05-10,10,90
a3450e5a-e7b4-4555-8728-96e7202efd27,2022-04-09,1,10
4aa6b46b-d06a-4825-a306-977e6fa6a7eb,2022-06-04,7,10
77368c4c-13a5-46ee-b80b-3fd4315620fa,2022-12-02,1,1
1f0991f1-13bb-4c6f-8cde-20781ac9b19f,2022-04-29,1,10
213eb605-d74c-4bc6-b2be-ea84a0861d4e,2022-05-10,1,10
fcfcc076-2596-4cc1-8910-801831e645b4,2022-11-13,7,10
d474f0aa-c8c8-4afc-af99-c742c08c18ac,2022-06-04,1,1
97b531d0-d1be-4389-a627-92d88109dad9,2023-03-10,1,10
b1cf4be8-fee1-4594-9723-dc90710cfbab,2023-01-24,1,1
61d921c0-d87a-4dbe-bae1-9289f442283d,2022-03-04,1,1
450b16f6-f61a-4b4e-9a4c-72426055b162,2022-12-18,1,10
03b28b15-a515-471f-bf88-d1e8493947bd,2023-02-27,7,10
72738215-09d9-48c2-8697-8511295dd2b2,2023-02-28,1,1
16592cef-b3ed-4433-95aa-3bbe59ab46a0,2024-03-30,1,14
4733b063-0920-4cbb-be45-135c76a6d22c,2023-11-13,1,14
0394e159-96a7-47fa-82a4-5a24bff551aa,2023-09-28,1,1
8d3f8b1b-8cc6-4ae8-a544-768d6025c15e,2024-01-03,1,1
8e2b60e5-7193-4f41-b85b-3f9148108d2b,2023-10-28,1,14
4626925d-d6db-41e3-bb90-2fcfb5ce0c64,2023-03-10,1,10
2950a447-633c-4f94-8f5e-f8ec1d2a5ee4,2024-05-24,1,30
9243f4d6-7524-42d8-9dcb-688a41b946ce,2024-01-20,1,14
e0b4cc51-b250-4257-9f47-764909ae82fb,2024-06-30,7,30
bbf95dd5-225f-4e20-9223-fe977f68d485,2023-12-29,14,14
3e226464-e439-43bd-923b-84697f0fd762,2023-02-01,7,10
e1721290-b94b-426b-a11f-797bd4e4669f,2024-09-16,1,14
98eec8a0-d7a5-43c0-9806-9d6ca0ffe5f5,2023-06-29,1,10
0463575c-ada7-43bd-a95b-ada62c8530f5,2023-03-27,1,10
4bd5fe6d-ed7c-4714-a5b7-d520df65293f,2024-05-24,1,14
b8a24f6a-8fd6-4de6-b716-d9f1ee887f08,2023-07-04,1,10
cd322018-1869-428b-a106-aed786bbc945,2023-10-17,10,10
aee04399-e4b7-4ca5-987c-582ee19b3b68,2024-05-23,1,1
f6f97082-251e-4b25-8357-230c331e3d0c,2021-07-22,1,1
c69dfb67-dad1-4381-b2af-1c7c8da644ec,2023-03-30,10,10
2d53a326-8e96-4db5-8bd0-527e6557eea1,2024-10-07,1,10
793c635f-9b8a-44a3-9fbd-87af486fc4f5,2022-10-21,7,7
e95fbec6-9c7e-4e64-92d9-2638e869ad52,2025-07-16,10,10
bd344895-1e2b-425b-934a-20da8b5c2355,2020-06-15,1,10
4c2fd986-56de-4b89-adca-b1d324f6fe4f,2019-07-08,1,1
b046a508-3465-40c4-8c43-87d88277e807,2021-01-28,7,7
a34635eb-6843-4e5d-ad4d-b26192301d04,2021-07-14,1,10
527178ce-544c-4494-8110-46c2ddf15679,2021-03-26,7,7
6fb9ae1d-295d-4bd3-9dff-771a14ab8f1b,2022-05-19,1,10
73151b0d-950f-4c73-8232-bb6f441a30f2,2022-06-01,1,10
58c56ef7-991d-40b2-a535-6d730c1194a1,2022-02-15,10,10
e2586e3b-67ad-44d8-a9c0-e00e53f1fe93,2022-05-20,7,10
b894e910-8538-4cf9-9d2e-f20251e2a255,2022-09-27,90,90
5627378b-d92e-4a78-9661-bb1745247e78,2023-06-29,90,90
5b1fb04c-af6c-4bd2-9c4e-2818d4ec1212,2022-11-08,1,10
6d9e4599-8471-48ca-9cef-afbbd6cd8354,2023-05-15,1,10
c52c3472-465b-4463-a24e-331bff3f24d2,2023-04-30,1,10
0b01c8be-99dc-4c57-a4f0-740786b926b1,2022-03-14,1,7
441432ed-38f3-4724-a47e-33d4c47bb1bd,2022-06-04,1,10
ad9da877-d977-42c8-ac2a-6919c2ba01f3,2022-09-27,1,10
fa2bb2a4-a851-437a-8616-9cf1343f1e95,2022-01-16,1,10
3d16b273-9a26-4312-a684-c04f0d015751,2022-11-02,1,7
15f2a97a-87cb-45dc-9884-30a4ef6323c7,2022-12-14,1,10
dc067737-20f9-4fa3-8675-8d1b25d19eac,2022-05-31,1,10
e67af844-771a-44dc-b918-b8c2db015031,2022-11-11,7,7
9d6cbf35-a206-4946-ba5c-72832d35c624,2022-05-25,1,10
22dd0d7f-d315-4fac-b905-dc2c83aaf5b3,2023-09-23,1,7
aa65c965-e63d-4412-b957-d636112115c8,2023-12-14,10,90
dfe6d2a0-ecdc-4b35-9584-86acb4da7050,2024-05-23,1,14
ed334511-f1bd-4b35-8e71-9238074ffac8,2024-02-21,1,14
5d444087-1381-46ba-b785-adbcb1fc62a1,2024-05-21,10,14
9694ae8b-5090-42c3-9c14-1e6b6b05bd84,2023-12-25,10,30
8d83b450-9452-4b41-a82b-abf00cab4abf,2023-06-29,7,10
a0675eeb-47fe-4d18-b67b-7d15e06092d0,2024-05-03,10,30
6d074a74-564b-40c8-a6d6-1a6393b8acf0,2024-01-08,14,14
4bfa81b0-6cb3-4f79-af67-3453a46b0787,2023-11-14,1,1
72e08470-0a8c-4d12-9eea-3b339b3b967d,2024-05-27,1,7
181497ef-a6cc-4611-9b56-0073a5a16acf,2023-09-12,1,7
80d82319-9347-443b-9fcd-12b01c2f9521,2024-09-27,60,60
a1552ad6-628c-4442-921d-8b23e276fd5a,2023-12-29,14,14
134fa736-7e65-4ee9-aceb-81a068ce64de,2024-08-27,10,30
e59a840e-bf64-44de-ab54-7ffa0ead4d3e,2022-12-30,1,1
98965a1d-ca1a-4e85-a083-88ebbba862b6,2023-09-10,1,1
5c9a3ee2-bdf7-490e-b33d-73b6434aeb79,2024-10-08,10,10
11c84155-cb53-4ddc-8891-361f33e5136b,2025-01-12,1,1
89e82543-379d-461f-a17c-1b6361a4e780,2024-05-03,10,14
9fbd2db1-0d81-4446-8473-70adea68c963,2022-09-25,1,1
81a71c15-adb1-4e5a-850b-aa96d04f4f91,2023-05-15,1,10
2f5a556c-ffc9-442b-ae2a-889390eba8f0,2023-12-29,1,14
b296ff4f-48f6-43f5-9ea3-d26ba977cbe9,2023-04-30,7,10
bbe00429-6ad4-4028-811c-fe0368a08cb2,2024-09-30,10,10
441a531b-c81a-445e-9228-106c2de8dc70,2024-02-05,14,14
b35409e5-d30c-4972-af1c-fd50e97148eb,2023-10-09,1,1
707adb02-b13c-474f-8063-289f76e8937f,2023-02-01,1,10
12882a8d-bf96-4c13-b5df-ab462d1c7f10,2023-02-01,1,10
adc85cf4-b75b-4992-a94d-8f4c672f221a,2022-02-05,10,10
c7154df7-ab24-4b54-9d7f-ec7e3850153d,2022-05-08,1,1
b1a1d7a4-8b97-42a4-a495-5c11753c501b,2023-05-29,1,10
5ecc3de9-a19e-4b4b-be31-093b536dc464,2024-08-11,7,10
5aa444c1-70c1-4f65-8f69-267b657b5e6e,2022-12-13,1,10
3dd885da-de4f-4f2c-b916-1a2373fd0ea2,2025-03-17,1,1
e7976c6c-f349-4f13-bff6-0789e105a111,2025-08-29,90,90
a4b28410-fa76-4c30-8ba8-27769a10a065,2020-01-30,7,90
206a208d-2f1d-4112-b3f5-79a5e8859e3b,2019-07-08,1,10
8d806ae5-607d-49c3-ae56-40550469137f,2020-11-04,1,10
3ce932ab-6339-415c-a81a-e8dd3a099247,2021-02-16,1,10
b27d1510-22f2-4dd7-9eed-93a4c6fa46db,2021-03-08,1,10
c70a7697-30ca-4e7f-97f2-9f0db9f84f96,2022-02-15,1,10
e025952d-b72e-4ecc-bd9c-221828a079ee,2025-02-27,120,120
ba604745-0306-4a83-bd96-cca7dade17b0,2022-04-27,1,10
b4ac6626-3a56-4ba4-bc94-d32467f81c35,2022-04-07,7,10
918c6173-b8f4-4d90-b94f-647fba59661b,2022-05-20,1,10
8bdaf448-c3cd-48be-af43-1c3216886ad3,2022-03-23,1,10
6fde90dc-d151-447f-a899-0c0c58e608f6,2022-09-20,1,7
c772178c-baa5-4b4b-9334-be933efb0398,2022-06-30,1,10
915f1b41-4d0a-48c8-836e-3de96030891f,2022-10-21,1,10
0ae35994-abab-4621-b0bb-57a8c7ff2b2b,2022-07-30,1,10
975e91a8-b431-411e-9dbf-575e8b6a73cd,2022-12-28,1,90
c9e27ad1-f8a4-4f97-bb19-fd70ec3427bb,2023-04-28,1,90
5093a310-54c5-4ed2-8079-91de4013d53f,2023-05-29,90,90
fa595c99-d1e8-4196-b961-fc686b679a62,2022-11-28,1,1
cb52647e-4089-4b66-9e1e-f91110445807,2022-11-13,1,10
6b170088-3907-461e-8ea0-7526b86c5749,2022-12-04,10,10
651161c1-68c4-444a-9d31-5f893fb83b03,2022-11-24,1,1
852ac32d-d6c1-459b-9a51-c32f9a43c44a,2023-03-22,1,90
197f83c6-48b2-4a5a-b5ab-8fe641e93aee,2023-02-22,1,1
1dc5239f-1cad-4f5f-a4a8-48c4d66e3d00,2023-10-27,1,14
d0044d1e-e106-4dbd-8e37-b619aa27e9ac,2024-01-27,1,1
749f972e-3e28-49aa-9fe0-d6ed4923eb76,2023-12-29,14,14
50015efa-8c22-4cc8-9e05-0ff37ba7268b,2024-01-06,1,10
8d342f17-91df-41d4-b94e-8bb17a7406e2,2023-11-13,1,10
4ff2c08c-dae8-4012-aebf-7d4f87afd77e,2024-02-27,1,14
29eba772-a59f-4e74-91c0-d0816c4f3bbd,2024-02-19,7,7
049d0a13-367c-43cc-9048-a6bdee6cb14d,2023-12-28,1,10
b6e02305-4d03-426d-b538-0bbb71c28433,2024-10-07,14,14
897071a9-76f9-41a0-a7ff-978bf1ef78bd,2024-10-31,1,30
7eea0cbf-7f14-4ce7-a4c1-89404c12fc44,2024-09-12,1,1
943c1a95-0b7c-4822-9a96-853915a1daf1,2022-12-31,1,1
c28707a6-93a1-48c3-9ff0-34fbb765ef90,2024-10-31,10,14
9ee115fd-47c6-4e54-b799-a4e76b7123f7,2024-06-28,1,1
3e4fb8e3-4cb5-40e5-a077-e44b77d06c81,2024-06-28,1,10
44cc6252-6806-4035-ab5b-9b9fcbd4fc9d,2023-05-29,7,7
97ca5bee-c2d0-41d7-ac7d-10a707637e74,2023-02-01,1,10
0657649f-484a-43d5-af87-100ce928f011,2024-01-30,14,14
14e6ca38-dfc5-4861-9652-763543048148,2023-10-15,1,1
7d395052-2be1-4c6c-a5b7-ef7212e086e0,2024-09-05,1,1
44207edb-d22a-4124-ae40-4732ef76fbe3,2023-07-20,14,14
3a000d23-a8bb-4cdd-b0e6-e1c27c1c542e,2024-03-30,10,10
f4a8f6e1-5697-489e-aa81-dfa906691ffe,2024-09-23,10,14
88af64ca-03e5-4922-9a24-2fbced82430d,2022-03-03,1,1
b31916b8-ff28-4b8b-a847-1c0103721153,2022-04-13,1,1
59e15c8d-add2-4b94-bcda-a46eb507be2c,2024-05-23,1,14
70194791-85d4-4407-a07d-ff913e31063f,2024-12-16,1,1
c02061e8-498b-4b8a-8b9f-76e2eb352dae,2022-04-12,1,1
fd1842d5-40ea-4445-9666-b4a63c0d61e6,2022-04-29,1,10
ef168df4-566e-4168-9c38-7414045dc1ac,2024-10-07,1,10
f57adcc8-b466-4c51-84f8-c9a18035dce6,2023-12-27,1,10
ee4f9c2f-343c-49a4-a805-916d5db79137,2022-07-19,1,1
d80fe717-739f-4c6d-9f0a-0f209e3b1b28,2019-09-16,7,7
224784d0-2de2-47e1-b2a5-7c9a2f7a5da8,2021-03-29,1,1
368db943-4bc2-482d-aeb0-ed996275e7e2,2020-12-11,1,10
47776a34-839d-49f8-a886-9d8d3aad2916,2021-10-30,1,7
9e91e844-60f5-4679-8221-7387d1882513,2021-06-09,7,7
9c474f02-c98b-4bf6-8688-b8bd2e4af064,2021-11-01,1,10
45dae6d4-3dfa-4f54-a7ee-e098a0f1183b,2021-09-27,1,10
70d8bfe9-ea2b-4337-bd02-52453e0649cf,2021-06-26,1,1
8a977bb2-04a5-495a-9d8c-e331e8b6d70f,2022-01-24,10,10
657ea426-15c5-4bb9-9750-eff9f04b275d,2022-04-14,90,90
93853c91-183a-4438-8715-a449ad308a03,2022-09-27,7,10
08913a68-7912-4d57-8821-d3c11c9d963a,2022-04-10,90,90
29824914-fb52-42e1-b022-a11243c673d1,2022-04-26,1,10
50b8c91f-293c-4192-955f-9fb9fad5787d,2022-09-21,1,1
d6b5104a-826c-4e6a-a4e8-54b2d4bb2195,2022-09-27,1,10
778381bb-9acc-4faa-a182-4c2842b7c395,2022-12-18,1,10
b68ac9c6-eea1-4ca5-b21f-7ea263d89bbf,2023-06-29,1,10
6e66a847-7ec7-4df6-b7b6-9beb56ea9bd8,2022-12-28,1,10
c2f093ed-b6d2-46e5-a2f0-d0cb247368da,2022-08-19,10,10
5e633a6f-6d5c-4074-ad3b-05e3e82b9c1a,2022-11-22,1,1
b321054e-6255-4cbc-ba6f-9af99424e85a,2022-09-09,1,1
10b089fe-9f49-478e-b07a-259bf7c67a7e,2022-12-28,7,7
9d082e9a-f1e6-4941-a03b-cd2805810523,2021-12-22,1,1
e64e90b4-c7b5-44f6-ba35-58d956e1f8dd,2022-02-27,1,10
88e06191-1b98-496b-b366-9900b1deac75,2022-06-10,1,10
42aebaed-2419-40e7-ba9f-a0475296bad8,2023-09-28,14,14
46b5c54a-1364-4ea4-8bb1-bb1a13bd617b,2023-10-31,1,14
1ef214d2-cecb-4339-8d52-82bb8456582c,2023-02-27,1,10
da8e58c9-2e25-44b1-bf4d-ac0f1aac9c23,2023-04-08,1,10
c18cbaf6-8e88-47e8-8d9c-82955b2a9651,2023-03-06,1,10
124f1e2f-f6cf-473b-bb9e-78372e3cd26f,2024-07-15,10,30
223f1017-9eba-4998-a866-4dabf847f045,2023-12-17,1,1
4e0d9c68-533c-400c-9bc1-d641a109453a,2024-05-03,90,90
cc753b90-2ff9-47a8-a9d4-c929a13d4801,2024-05-21,10,30
c0170d32-691a-4ea9-934a-9ce5311a036d,2024-05-15,14,30
9d2a40d9-e0b1-417b-af43-76725cf6cab9,2024-09-27,7,10
f30def50-03e8-404d-a6e8-2e6223f9e11f,2022-12-28,1,1
0a365210-e9aa-4dd5-8c78-bb0702340e77,2024-05-24,7,14
3845238b-5083-4dec-a196-c3649c96e971,2024-08-14,10,14
e3ee267f-9aa6-4df5-a43a-9d6a481fcade,2024-05-24,30,30
ecea303d-1337-4329-915b-8eaa3dc703ef,2024-04-12,7,7
042283d2-276c-40fe-91b2-c638cba96938,2022-11-03,1,1
49f015b5-eaed-4743-8497-0446bcf5f10d,2023-11-20,90,90
d215b405-1081-4665-8944-551f21216744,2023-11-08,14,14
9bef2b6d-ce34-46e3-a0a1-78488ec7e99d,2023-07-16,1,1
61fdd58c-6aa7-4155-a712-fbf207125684,2023-06-29,1,1
2744b9e0-d7a8-4f80-9a71-0f9fe458f19a,2024-05-29,1,1
2555bbcb-6f2a-4964-930b-322614d4da53,2025-01-08,1,10
8460103c-80e9-4b4b-9a8b-5f51570c8e94,2024-04-16,14,14
39dd0775-26e8-4280-857b-ecf09b873db0,2022-11-13,90,90
e6847184-04b5-4e33-95c7-14f00924a955,2022-12-28,1,1
a1b7c6e5-a11f-488a-af63-5ee2aa816dcf,2022-07-07,7,7
14a9f88c-cfd2-4674-8778-edbef55ab2da,2024-05-23,45,45
04dc95f9-3497-4f58-8679-205341292e00,2024-10-21,7,14
abddc360-87a2-4329-bba6-408e46f8de49,2019-07-08,1,90
ff48214b-4644-45ed-85ad-a785496a9414,2019-07-08,90,90
215070cb-9f9d-4b74-853f-36dd7bcbc665,2021-03-05,90,90
c9ad1cc1-8b92-410f-b641-98159e5647e5,2021-01-29,7,10
49ab9058-e5d3-49c6-962a-1e20a0eb75f8,2021-08-02,10,90
baade5d0-33e7-4d25-877b-e01f12c2c30f,2021-06-11,1,1
25db619b-8201-4ccc-ad50-ea438e1968f9,2022-05-14,1,10
5187a28d-0157-4275-8b71-f2085c73a188,2022-04-15,1,90
5abb48dd-c122-463f-8750-b04947948050,2022-06-04,1,10
64ffbf0c-26e1-4dfd-8932-5d2e85f086ef,2021-08-23,1,1
32b0cb0a-5de7-427e-a803-c3a32134aa70,2022-06-22,1,10
86f672f1-9f46-428c-a710-cba055523d20,2021-12-08,1,1
fd26023f-dcd9-4cb3-a9a8-9668159c6018,2022-07-20,1,7
a2c84406-9de9-434f-bcbb-a4e4532f3e0c,2022-01-16,7,7
929208bb-12fa-44cc-9828-241910d00899,2022-08-09,1,1
faba6eb4-6f20-4bf9-a9c9-ee438cf9604f,2022-12-14,1,10
095e74ac-a1f6-4ca3-bc8d-60d9eacf45d0,2022-12-28,7,10
13f30fbf-ac17-451c-836c-f47c914d92fd,2023-05-29,1,10
6c60279d-ac6c-412b-b734-4f3667e1e933,2022-03-03,1,10
f25b7a81-cfeb-4fdb-b65c-3e1e241eec4c,2022-02-16,1,1
6b44284a-d758-4410-b74e-4e4f951a0a19,2022-03-05,1,10
deb15db3-1b27-48e4-a0e7-2de2edced377,2022-07-08,1,10
da8a1a16-4fb2-4bf1-9e9a-f9c59aabad47,2023-02-17,10,10
442dd39b-b1df-4719-ae16-6df57abd1d3e,2024-05-24,1,1
89fa5a4a-6ef2-41ec-b9f6-66a8aa66f66a,2024-04-29,7,7
5c8bed80-099e-436f-b04a-f3c5a78d3e8b,2023-10-31,1,10
4f1a0606-5557-46bb-ad0a-29c564ce52d3,2024-04-15,10,14
35f79a54-43ff-4592-853a-bf58cf61d90d,2023-08-01,14,14
3a6fa52c-655d-44ce-b73d-a8b3f0dc457b,2023-11-12,1,10
db67241f-bc8b-4efd-83e8-2e8f74f89180,2023-11-17,7,30
9129bf32-d4f9-4fa0-9592-ae62d1963eba,2024-07-18,7,30
6a9480c6-89e7-467a-adcc-bb728cfb5020,2024-06-28,1,1
a9062685-5834-4ed3-830e-279a4bfccd42,2024-05-24,7,10
96c3b359-f73d-4cdd-8b20-ad409344aad8,2023-02-26,1,1
2c919d9b-a248-4491-8d73-040b650355a1,2024-02-16,1,1
46dd86af-9842-49b1-8d1d-274d756948d0,2022-11-28,1,1
d995cc1e-edd2-4cd9-a249-b81cedfec22f,2023-12-29,1,90
2a545893-b745-49a3-9885-0aa7a6496ab5,2023-08-08,1,14
2d4482f2-fdc8-4ee9-a05b-f82aca006162,2024-01-05,1,10
a914a3ed-c50d-48ab-92e4-92311e4fd05e,2024-03-30,7,7
0891faed-f54c-43ae-ac93-0b75d9732819,2023-12-11,14,14
4a0226f3-f569-462d-b407-b1a935c044d2,2023-12-31,10,10
34d7ae99-b794-462e-9316-bc50844c9dc1,2024-04-18,1,14
843c3c80-761b-40be-ae02-25fc691d36b6,2024-05-04,7,14
2dd643c2-7eab-4037-8db5-b675d50d8225,2023-11-25,1,1
da5c3fa4-9193-45cd-a682-6041f1b930fd,2023-03-01,1,1
e362c7ca-cfd6-4dd8-a9e0-1b2173ff5cc8,2024-07-31,7,14
8d1e00ef-3540-4713-bb32-56de59873da8,2024-03-30,1,1
ac50306a-dfdd-4d45-bf66-daa35edfd985,2024-09-27,1,14
b7292c9b-f1a5-45b2-b899-86b258921a32,2024-05-24,10,14
4351e53f-1a59-4ec1-a048-dbe511a4d9d8,2023-06-29,1,1
b8408540-475f-4542-a4a7-6750bbd1cf7c,2024-08-28,7,14
48980c8d-cfc2-4f71-ae92-a3f3ec09e6e6,2024-04-04,1,1
7e363ba5-5954-49bd-9450-5bdbb6c86c7f,2023-05-03,1,1
68d638a1-a93e-46b6-8115-61388059c8fc,2023-10-08,7,7
c505ab56-a796-4c16-9925-ea10ccd460cb,2019-09-04,1,1
3a3ba34e-56e4-4580-957b-fee56b13228b,2019-07-08,1,10
efc6f109-83af-4f13-926c-d71ca079ee4e,2022-01-29,1,10
a366c7d3-8db5-4d23-a19e-a6e2fa07fb6e,2022-08-18,1,120
0bf1690f-c992-4be2-88c0-de597388e407,2022-06-01,1,1
28988ff0-579d-4ae9-979f-973f22c90b52,2022-09-13,1,10
7445b3a1-b4ac-46a8-adce-d4d978d4f611,2022-06-28,1,7
0ce1169a-3bb7-4d7a-a871-57201115def9,2022-09-28,1,1
a9a1d84a-6148-46af-9c8b-ddc8629691be,2023-02-01,1,1
653e6bfd-0a69-40d4-be98-c78eb437f810,2023-03-06,1,7
d2a6ab07-b9c7-4e1c-913a-965664a53fbe,2022-08-10,1,10
21044f96-7084-4232-ba64-17b5a47ccc48,2022-12-18,1,1
884fca91-48e4-4784-8b05-767c8d98544b,2023-06-01,7,7
3e9db8c3-cc36-46b5-b9e3-bd831648915e,2022-08-17,1,1
3a91062b-d2df-4b48-982f-d4d5615c3226,2022-06-30,1,10
fcbc95c3-2e8c-474a-84b8-a5aa6a14134a,2022-02-27,1,10
9dd8687d-4d74-4483-887a-30d2e9982643,2022-10-15,1,10
86df3efa-a508-4e50-9cae-7395564c5111,2023-03-30,1,7
4f77145b-8074-40f9-91b7-f353999fd054,2024-07-31,7,30
a4540a51-44a0-4842-8dd0-48c62a08a148,2023-12-29,10,90
78b6dda8-8e83-49e2-a465-a3dc2d9839e6,2024-03-23,1,1
913ddf61-de7a-460a-a145-c97e574c8cb3,2024-02-25,10,14
2f9f75c0-7575-4d2b-9be0-0196cdddacfa,2024-02-21,1,1
033ea9bc-0bd9-4662-a82d-43e46fcf361b,2024-08-30,7,14
6c6ead1e-c956-4284-a4c7-4c6bb12f5515,2023-07-17,1,14
f84b8d2d-d7c6-4637-910c-e8c041479fd8,2024-01-18,10,30
e8bb491e-38a1-408c-b29d-c4f1d348ca6a,2023-05-05,1,10
fb031489-b462-40cf-80df-a0783d1b567c,2024-01-25,1,7
eb8c4e42-3566-416e-8081-2ab6c70496d6,2023-05-29,7,10
5f98a25e-9c74-4d81-bc82-ebe246c0f299,2023-04-13,1,1
aafb9a22-02d2-404e-990b-1bd7991ef378,2024-01-30,1,14
9f611760-d216-4ff4-90a3-1955e096b47e,2024-04-15,10,14
316dcc78-b514-4003-8c48-58fe17754f20,2023-12-29,14,14
4390a028-a95e-4801-8c0d-7bea3e0a6951,2024-08-11,10,10
1876be27-77eb-4a03-9aea-b19cfcbeb80c,2024-01-12,7,14
f65a906e-dc82-4787-b379-6f8a2b2be7c7,2023-08-02,1,90
614d5229-336b-416c-88b3-28e7efff8349,2023-03-02,1,1
1e75a20f-e4f4-4a3c-99ae-a4d9e558e086,2024-12-09,1,7
3960ef95-6fd0-458a-ae82-78b543c365e2,2023-09-22,1,10
cfba8097-c6fc-4f2d-9c38-c2f129f6969a,2024-07-02,10,14
bb25e20d-67fa-4706-9d20-9b693e67dbbb,2024-05-24,1,14
c68f6a98-b4bb-4d74-811e-26bf2828563f,2024-05-24,10,14
f1640fc2-8ce1-459b-9cb8-3407e869369e,2023-12-29,14,14
fa42f030-ddd3-46c6-bc04-39651859f8e0,2024-04-11,7,7
501632d2-3f48-46af-9bb2-55f38dec870a,2024-05-24,1,14
28d11c74-c516-4187-8420-bc85574db9ac,2023-03-16,1,1
a4bf6682-f4ff-4848-af0a-ffd30230c57b,2024-10-31,7,14
880d7b1c-c9e4-4c5e-84b3-5be5ccce5f90,2022-04-23,1,10
ff66a06d-5801-4e49-8435-944f27cb996d,2022-12-28,1,10
d876d4a4-f775-4aa5-a378-7ec4499b4923,2019-07-08,7,7
a193a926-00f3-44c7-bdc8-15d7e08f83db,2025-01-19,1,10
08d59003-3287-4438-aa0b-f6aefb14640b,2022-04-12,10,10
912a3a7a-9189-46b2-b1cd-4cb61a925b99,2022-05-19,1,10
d61a940f-7bcb-433f-947d-336ed0829dbc,2022-04-29,7,7
64f8ebf5-f572-4394-9916-b72854bf6e29,2022-03-05,1,10
a16c44a5-8dc2-45bb-a608-82fbdb8d80dd,2022-10-18,1,10
75026994-ac03-47ac-9ce0-6ff4678fc296,2022-06-28,10,10
a20beca9-71cf-4a7f-a12d-77befab8d92f,2022-04-27,1,1
fb7bc4f6-dd71-4538-b8d3-cb86d701452f,2022-08-05,1,10
d10abf77-d4c9-408e-9a13-200172d87aa3,2022-10-20,1,10
8ee21183-553f-4491-8a05-7af247eb131d,2022-11-02,1,1
1f532d69-d25d-4208-b5ad-4ffc3e589af1,2024-04-23,1,10
7eeee5fe-ce18-47d3-acae-492fc695df81,2023-09-21,1,10
ef40a23a-bcab-4c20-b650-c0a078068756,2023-04-08,1,10
e80a9eca-a933-4ada-acc9-07ec73f6c0e7,2024-05-23,7,14
eef3b522-dc64-492f-aaa7-6f73923989b8,2023-12-29,14,14
c6198caf-f817-4d2e-9023-e4fabaace25d,2024-05-03,7,30
5b86b53c-2e87-4dfa-a17f-ae5380eff49a,2023-12-29,1,10
628a23c8-ca44-404e-8d61-4d6441f2a080,2024-07-31,7,30
ed4b6c91-b12c-4c21-aa00-e16bb6ff4fa6,2023-06-14,1,7
26df877c-92c5-4936-8354-ee687858f680,2024-02-26,1,10
dc882bf5-6e81-448c-854a-bb8b586fc7ab,2023-12-20,7,7
36ea4d47-3e6b-4ec9-ae07-b5e40a614477,2023-05-29,1,1
8ba3d25a-d971-4806-b7c3-a36878a9e615,2024-01-11,1,1
20eb2ccc-6476-42a1-85e9-89ed9a3e43a8,2022-09-21,1,1
c8a3e069-294a-4bc8-8485-a0212e9693be,2024-04-15,10,14
b6b31736-83c9-47fe-a601-320f64249cc7,2024-05-24,7,7
5a79f947-f833-45e2-a01d-002975d5468f,2025-02-03,1,1
5a092ba3-47cf-4299-ad33-f35b269f9eb0,2022-07-28,1,1
782ea41e-b9f5-4719-8a74-3d0abc05b4c5,2019-07-08,1,1
01f5557d-d298-4668-8a9d-2864735be603,2024-10-31,14,14
93b80b4b-c6f6-441a-8d2d-e0d6674932e3,2020-01-06,1,10
096177b5-1069-4d26-8ec4-105c60f4939c,2021-02-26,1,10
18b119df-c72c-47fd-bdf0-0e917d612d3d,2021-08-08,1,10
dbbaf7f9-8687-4e80-b42a-6b7e6c3c5f47,2021-11-29,10,10
f4247ca1-28a9-4918-ba9e-1fad94ae939a,2022-02-11,1,10
9a4c9563-0fb6-4290-bc41-46f5cda2880a,2021-09-06,1,10
723c21f7-dad3-4e4e-89c3-772a87b94f6f,2022-06-04,1,10
77201d1c-de9c-49bc-b290-01f063ebc1d7,2022-04-29,1,10
5967da28-e473-43fa-89d7-041a4d42f318,2023-02-01,1,90
8a360b01-fcd7-4e2e-a5cc-3fd8cc150b03,2022-12-24,1,10
5009250e-1835-49ae-a00d-6d70bf6f9e6d,2022-12-29,1,10
9b6d8c1f-22f8-4def-9d5f-4ea5fde2fccb,2023-02-01,1,10
9e9603ab-872c-4938-a363-f24ac4788edb,2022-12-28,90,90
8d393c5d-40e9-42a7-bd12-ef8b416e2f9b,2023-02-01,1,10
07ffa2c4-1b34-44b0-b6b9-905739d4dab3,2023-06-17,1,90
7a93aae6-ef98-4cca-a2cd-adaededebac4,2022-09-25,1,10
8a016287-5048-42d8-a5bd-1df8d9adae5c,2023-08-02,10,10
816bcadc-0d6a-44b4-810a-3882e46aaed2,2023-04-01,1,10
5feb6532-acdb-4b05-ac05-6f4ad9964279,2022-06-04,1,10
e800c7cf-9c2f-4cbe-85e5-8585333e39fd,2022-08-19,1,7
60cec74c-ee4a-4c24-82fa-d3bc61b1f99e,2022-01-16,1,1
cdef2251-71ad-4d95-8f06-aae4d003c5ad,2022-03-05,90,90
08e52625-ad6c-44e4-b62c-bf8d939ebf19,2022-11-02,1,10
051c1cdd-1559-4b30-9fb5-7f72277cce76,2023-03-06,1,10
421f8683-433d-4d36-a56d-1bc25fa56b0d,2023-01-21,1,10
0b61180b-4e60-42b4-8ddb-2d156b9f4919,2024-05-23,1,14
6721bcd6-eab6-4d2c-9cb1-5e46dd4e3886,2024-01-11,1,1
a4e0f117-cafc-4089-a321-9b2421c9ddde,2023-11-12,1,7
b86637e8-0a03-4d92-bfe3-3101fcd3682d,2024-09-15,1,7
623cf175-1eeb-49da-9751-f69509cf5052,2023-04-03,1,90
1c72bbac-fdb1-4619-9e85-c772efa17e4f,2023-10-31,14,90
c3ce88d0-aab1-4359-835a-a3ee00c90433,2024-04-16,10,14
651f698f-95be-41cf-b6f8-70888378e331,2023-12-29,14,90
4120bd57-49a0-449d-aac5-455a8cca5179,2024-04-13,10,10
37ed340c-59dc-4951-b647-16952539da11,2024-07-11,7,7
3c293776-62ae-4b1e-9b93-81c5000cf8d1,2024-04-13,1,1
a94aa911-63dc-466f-acb1-3dc5fc3fdd38,2023-05-06,1,10
bf0cef3d-064a-4e0c-99c5-7816304af10c,2023-07-29,1,1
e99f7d7e-4845-4cc3-ae73-ea446843c363,2023-06-13,1,1
ebd3545d-76db-4cfa-932a-becea3caff8d,2025-03-06,1,1
c2cae66b-05e5-4715-be05-be7e168a483f,2024-05-23,1,1
666e2465-7df1-4b6f-9f08-ac9243f0b466,2024-05-24,10,14
140278cc-28b9-4de2-a9ee-6fb6866fb35e,2024-01-05,1,1
58613089-595d-4da0-9d76-d913b9353edd,2023-08-02,14,14
06c95486-a195-4ae7-86a4-af05c04fbc0f,2024-05-14,1,1
ae5fe208-e897-42f2-af7d-d2b31b59691e,2020-08-16,90,90
4137af6b-2ded-4cb3-a5f9-d4ec60e2f67b,2023-03-31,1,1
1390dd6a-9e91-4c8c-b996-5430c81f28b2,2024-08-28,7,7
e73b98a7-701d-43c6-8dce-16e23bd2cfb0,2023-05-15,1,10
fb33a1f0-b99f-497a-a28a-30969e98d32a,2023-02-02,1,1
63461840-13de-4c38-b515-e7bb65250c34,2022-07-30,1,1
94c8c2c7-38c3-4c8f-9a0c-8677a1c35b31,2024-07-29,14,14
b372dccb-5621-4a9c-91a9-13bbc9ce648e,2024-09-08,10,10
65147918-6fe5-495b-ba13-ac5c8830f29e,2021-03-06,1,1
257bb568-7a29-4e1e-ac5d-90291581fdef,2019-07-08,7,7
7ce06105-869c-4bbe-a827-9343cde8e19b,2020-08-24,10,10
30fd595c-053a-445d-91d4-b8ce546ebbd3,2021-12-02,7,7
1fdba910-2d7e-4a13-9121-75f2e7c7c41c,2021-05-08,1,7
57080c94-ac83-422f-9460-8fc3c1bc7968,2021-11-16,10,90
4586db0a-ebec-4a76-aaaf-cace45974634,2021-08-01,1,10
3db4dd5b-fb13-4bf2-80c5-a7a1760ce2e5,2022-01-29,1,1
710c34f8-9311-4688-ab0b-a724d5b56e01,2021-12-02,1,7
cc64c808-24b5-4334-b4cc-f98333db75c5,2022-03-05,10,10
5f639f45-2aa4-4b40-8525-97c8ebbee824,2022-06-04,7,10
f2b09295-326b-4241-a684-6dbafc25b5d2,2022-06-28,1,7
b483e5e8-f953-4d63-89fe-77e4e45679e2,2022-12-28,10,10
a11459c2-cada-4b33-bafd-5142e8d6850e,2022-11-29,10,10
3b927b19-09a6-4eb1-836f-4cd43484cb85,2022-11-28,1,1
de417e02-d177-4f68-bb10-81e94fd3731a,2023-03-01,1,10
b759c3a0-b6dc-4d5f-b7ef-b6ba3582b287,2022-04-16,1,10
3837e44d-4e70-417f-a4ac-0cbc457ae850,2023-04-02,1,1
cced627b-aa74-4c05-a93e-e0700d38e331,2023-05-03,1,1
813d54e9-b497-4b91-8310-132f1538ce89,2023-09-08,1,10
b0a6dbaf-3bfe-4c43-8a03-dc545f181fdc,2024-02-04,1,10
4bee2ee7-ec27-42a8-ba9d-0ec7d3abf529,2024-04-10,1,14
b6a8d2dc-fb95-44b4-bcda-04af73634485,2023-12-29,1,14
bca6cafb-2816-4bcc-a7e1-c53efe1eac3b,2024-05-24,1,10
63b3bdb7-9d6f-4167-ad19-02e015ba97bf,2024-02-03,1,1
036103f2-6e55-4e47-8918-46d43c0fd6fd,2023-05-29,1,90
db4cb31f-108f-42af-8bab-9d388e458e9d,2023-09-28,14,90
a45ad3e4-b86c-4011-bd03-5eb3efc25dec,2023-08-17,1,1
a5b94ca8-cb00-4e87-bd3f-a870a69f1301,2024-04-23,1,30
a5f4d3a8-a7a6-4738-99ac-3def20184ed3,2024-01-26,1,1
5c37ebcb-1368-447b-92f0-ff959315719d,2024-04-11,7,30
93b1e803-4392-4c5c-8875-7711e749e52c,2024-05-03,1,14
71ac3710-1630-412a-ad08-9ef54f0acafa,2024-09-29,1,90
e647583a-f6d3-422e-8154-d5d7c39d2c6b,2024-09-23,10,10
38e52a23-8b41-4346-9592-56b589e07fc6,2023-01-30,1,1
de8df323-1d93-4eea-9938-17087a9dbf9f,2023-06-29,1,10
25f980b2-eba7-4f95-8488-9e493693c300,2023-03-12,1,1
6b6b82ec-b707-4af8-8fac-edbec73f1efb,2024-01-06,1,10
44c4e73f-d955-464e-a8f9-72f024341637,2024-11-22,1,1
f7fe3f74-05e1-472b-b9eb-30a50c68062f,2024-01-31,7,7
24bfe3dd-4668-4c96-a57f-fa79edbc0917,2024-04-04,1,1
ca3e87da-118e-4968-be8f-dbd9f057415f,2023-11-27,1,1
22fb2768-059c-4354-83d4-1510cc2c26f2,2023-08-02,1,1
d3e0fcb3-e143-46dc-95a7-fa618819fb67,2023-04-03,1,1
eb4fb483-c882-4bdb-bdef-f7c691e08c04,2024-06-28,1,1
81c7a2e9-0191-4600-b481-a65435cf014d,2022-04-15,1,1
37d2be3f-4d45-4438-b4de-072cb8eb8cf3,2022-05-02,7,7
f8bc04ea-a94e-48be-a956-df487366fdd6,2024-08-01,1,14
104e2035-87b6-4acf-875e-7d05a500142c,2022-04-29,1,1
7cf50dff-71a0-4d73-ba58-2b202b93acb8,2023-07-06,1,1
c471b980-a9a2-40b3-8d7d-f5f57dd4cc53,2022-09-19,1,1
fc4d50af-ac39-4c75-956a-e7458ae831c5,2019-07-08,1,10
5b50f8a5-f28b-410c-91f3-24bfb24263ef,2019-07-08,1,90
76282dc9-9eca-45e1-9875-dcff7ffe6329,2020-09-05,7,7
77a7a47d-2fa8-46c5-ab02-e9f4bb422cdf,2019-08-17,90,90
c6072e40-d666-4dec-9a68-0eb27d51e3d4,2021-04-15,1,1
94677455-cb1b-4641-8a6f-d1d6c3d4f542,2022-02-16,1,10
701c25bc-7f4c-47aa-a7d1-5984a0cf7d15,2022-01-16,1,10
4332c08b-0dde-41c1-ab41-0fac54db34ef,2022-02-08,10,10
20c9075f-8175-4b10-9bbe-23293d4004db,2022-04-12,1,10
36bcbba9-18e9-4332-82d9-ed813d2ebfc5,2022-07-03,1,1
e7b39d0d-4cdb-4366-8d19-b6f37d40066d,2022-06-04,1,1
b7e132c8-18e3-414f-8829-8fef533c77d4,2022-05-15,1,10
8711cb2f-2d7a-4ebd-ab87-f13706593622,2022-06-04,1,90
ce2a9198-a164-43a6-86b2-2426f2ca3128,2022-06-04,1,10
a4449e94-a012-4d3d-a974-9d5e27a756e5,2022-11-11,1,10
e4313dd1-5d1e-49ea-9b6c-cb4cf6705de6,2023-02-13,1,90
600e3756-ffaf-42a7-8c31-fb5749586e08,2023-06-29,10,10
799ee679-492a-4a1b-be5c-e934f44681fd,2022-08-19,1,10
e4f5193f-2898-4812-bbde-5e59d24ff165,2022-12-10,90,90
7c3f654b-bf34-448d-8f45-d9245f03329f,2023-07-06,1,1
25b0b296-ba35-465e-8143-dfa0abfdd8cd,2022-10-26,1,10
a3172d8d-8662-4c47-a532-9db6f70d65b9,2022-06-04,1,10
8bf298ab-bf7e-4685-837c-97f6300c4d81,2022-02-22,1,10
905754b3-21da-4cc0-8f48-663817e9351e,2022-10-04,1,1
8212a582-7a6d-4ce6-a087-d3096ad5a597,2022-12-28,1,10
178e59a7-c7ea-49c1-ae85-e79b62880d57,2022-08-22,7,10
2d6032d9-583c-4ba9-9e1a-ffcd5032b7b1,2022-11-02,1,10
a41d7d17-5cd6-41aa-8256-747235477110,2022-04-03,1,1
de330f71-0ccc-4bc8-84eb-2edac87a4c2d,2022-09-27,1,10
7db298ba-c097-4835-9132-2e10521bdf8d,2023-01-26,1,1
e9c9003f-24e6-412c-a816-3cd56767d74a,2023-04-19,90,90
f85cf5ea-a658-4bb1-9fae-9f7ac0173c41,2022-06-03,1,10
33dce17d-db43-4ee1-9fc0-bc6882f76595,2024-06-02,1,10
11ded170-fb1c-4fc4-a258-76b7760fe00b,2024-01-19,1,14
a37958bf-ecef-4d99-8030-e1604579e6cb,2024-07-31,1,14
ea8eb473-aa94-4222-8e20-eadcd70fb7de,2024-05-24,1,7
b6967655-366e-42db-81b6-fdbadb47040c,2024-04-23,1,30
ba82872f-9d5a-4a52-b56d-96c43422c37a,2024-02-14,1,30
5de328ea-4dd7-41ed-8a73-5028ee572870,2024-10-21,1,1
fd3817ab-3991-42f8-82e1-e03a8a0c4bf1,2024-09-27,1,7
8d046996-a779-4197-8694-7cf77a772eb8,2024-03-30,1,7
4b9b6acb-dfb4-497c-bf2a-abbf2786377a,2024-10-25,7,7
47f41931-a407-4ccc-b01e-0191efa382d3,2024-05-24,1,1
a58a828e-7cfc-446e-a4c3-ae9f68c1c93a,2024-05-03,7,10
3a4df047-e1a7-4316-b68e-f413fa451715,2023-01-22,1,1
1340f112-e5c0-494c-bbf0-e50a22d7d9ad,2023-08-20,1,1
9fe4e292-d853-4022-ac2a-3acffd23b00f,2024-09-09,7,14
c11b0c14-8af7-4ed0-b7d6-203191c0df85,2024-04-02,10,14
cd34dc65-58b6-494f-9f2c-cd93b9660900,2023-12-27,10,10
81420381-143a-4b0b-bb01-b08aca21ab5e,2023-07-30,1,14
a7cbf184-36c0-4067-8cee-4120c24dd47b,2023-10-15,7,7
a3cb62a6-dbe8-48c4-8d9a-cddc456d20e7,2023-02-02,1,1
adae4673-7293-404f-b777-125a9978763d,2024-05-24,7,10
a5560573-fc4a-4cd7-bbde-95f7c79e3bbb,2024-01-19,1,1
7e59beaa-7989-4152-89c2-087e3306bd66,2023-06-06,1,1
d8cbb4ac-2a35-4cd1-b521-0c975eb4da04,2024-12-18,1,1
8cfafa19-b4e4-4d3c-993b-44917725e5ea,2022-08-12,7,10
48edcc94-ec7c-45f4-8665-b74a5cfc68a4,2022-06-04,10,10
9630e9bc-6cc1-4716-b336-79387d19fa52,2024-05-24,1,14
76bc7e9c-b6b1-4b32-9369-b079b4b0e7d7,2025-07-11,10,10
b3127861-79f3-44aa-b10c-e13634f01eea,2021-01-04,1,1
c6c9edaf-6579-468c-a7ff-b91c65d146b8,2021-10-25,10,10
e9f26fe6-8b54-4973-933f-8d7da9083403,2022-02-14,1,1
1ced25f3-459b-49b6-81c5-78184abfdb24,2021-06-21,10,10
f0d5adbd-41b3-490c-82c2-cccec3f58928,2022-03-05,7,7
a4a6aff4-b7db-4077-b615-1c284946c8a2,2022-05-26,1,10
53657e90-fede-42d9-81c5-740a5f65b12b,2021-12-11,10,10
b07d8491-f0e1-4624-8baa-7325e63c18ff,2022-07-03,1,10
e1f05a70-c6bc-4987-b99b-5db8ea3bd0ab,2022-07-08,1,1
0a4ff013-43ee-4e33-b91b-235ea6542588,2022-05-13,1,10
ad0c6dd6-a120-4173-8ab2-8d19adbdc42c,2022-12-13,1,10
fb022f6d-2164-4b8b-8398-8a73ebe693fb,2022-07-06,1,10
95b25703-6b38-4b61-a372-0bea75ca7dcb,2022-11-02,1,10
d647923e-0b50-4c5c-b519-a114ae1b4050,2022-09-17,90,90
a4353c09-78be-4240-b672-ba2a190b2975,2022-11-20,1,10
ef8f2784-c87f-4c77-9d5d-563662124c01,2023-02-28,10,10
acc1f0ae-55f1-43c6-aa13-a671ddc6306d,2022-08-31,10,10
da2c397c-0065-461e-99c0-718332f63d83,2022-11-05,1,1
0e14d799-d708-4643-ab61-eec09cbb7575,2022-09-27,1,1
79635eb4-512d-4180-8f67-57de793d15bc,2022-08-28,1,10
81c8c556-07b6-4d1e-b8c6-3eedf56c1025,2022-02-27,1,10
12d28664-4226-447d-ac11-f0536937be7f,2022-11-02,1,10
ba51ac25-9d0a-4858-bb13-16fa6deeae0d,2022-03-05,1,10
f54fe8b5-fcd6-4bcc-85b4-cd157f603d74,2022-06-04,1,10
21d6e96a-f70e-45a4-ac95-6ccf3b84305e,2023-02-13,1,10
649c259b-247c-47a6-bcde-a7cf05a11226,2024-01-15,10,60
5ecc88c0-79ea-49a3-b684-973b65e5d7ea,2024-04-01,1,14
f5399b81-6f69-4949-8f78-3b9d7b127d83,2023-09-28,10,90
6a40ffab-3185-4ff9-8767-24e93c265fa1,2023-09-04,14,14
d0d6e129-0de1-4a6a-b572-a2467f235c2e,2023-05-03,7,10
50b5dd7f-03cd-4254-aff3-4ca5f4f071b2,2023-03-09,1,1
59ba2c9e-d82e-4709-951e-4f198041ae31,2023-07-08,1,10
f4d1bd5d-f159-4087-a637-6e4d4c27c16c,2023-08-28,1,7
9ff22c99-05c2-4d57-aba6-1f2ad3395d53,2024-08-01,60,60
37bafc0c-752c-4c33-b9ce-5bbadcf7ffcf,2024-01-13,7,10
2db88862-4ea1-4318-be12-53c5f8ff33a9,2024-06-28,1,10
50c60bb3-916c-489b-bddd-4bb1abfd4abd,2024-07-01,1,14
eb3879db-f3cb-4bad-aad0-073b67607bb5,2024-04-14,10,14
3bdc9912-8460-47b4-b218-6396840db709,2024-07-05,1,1
e35d9737-34a7-4cd3-b0ba-f0d0dd7016a9,2024-09-21,1,10
3846f158-b8a8-4eda-8fa8-122d7ad5f566,2023-09-28,14,14
fe7d0faf-abfd-4406-bce3-fdcd0d188dcc,2023-05-08,1,1
04417bdc-a568-4d7c-ac4c-e724ac126a69,2024-01-15,14,14
6e13275d-62af-4413-ab07-872dd16442b9,2024-07-31,10,14
79a2da91-66a6-4cad-bfb2-e34020bc8413,2022-09-18,1,1
efce566b-c934-48c8-bc78-3a6e74b61c1c,2022-05-04,1,1
336a736d-8fb6-45bd-ae39-111ea3b589f9,2022-05-29,1,10
10bb5daf-3752-49e6-9ca4-cd9ba875f2bc,2024-05-24,1,1
87e8b6e3-b177-4e45-8173-94ada3c680f6,2022-04-07,1,1
80c1c428-7313-4514-adb3-91d27a813b99,2022-11-14,1,1
8218950b-8cad-4d67-a6d8-5db08c5cffd5,2022-09-03,1,1
437b839e-81de-44c0-ae6b-a53e5f86b6f6,2024-04-16,7,7
8086e018-ecd2-4477-980a-12ea0c5f5090,2025-02-07,1,1
947851b4-cc21-4a38-b5f4-3bdac0251137,2019-07-08,1,90
8248a7f7-e69a-466d-99d3-81e6cfb59e55,2020-08-17,1,10
7a8ca90d-60d6-448e-8ad3-2ab60d52c685,2022-06-01,1,90
62ffebdf-f474-4bde-868b-f7a2eeb7c6ca,2022-06-04,10,90
e15f5168-9afc-4cf2-aef1-800b753cf9ad,2022-03-05,1,1
d1064007-7e3c-4c0f-9e36-cf7ba0634926,2022-06-04,10,10
f15aa135-b644-441c-8315-2b4e69bf2a4c,2022-06-04,1,10
e0ba975b-c8eb-4189-9dcc-62017c1b050b,2023-02-01,7,10
86bd21e5-27f7-4127-afdb-f28833d9f239,2022-08-10,1,10
66aa75d5-caa4-4448-80f6-6351b74a196b,2023-02-21,1,1
559dfbd4-989e-41fc-9895-69fd3df0692b,2023-05-05,10,10
72830010-13f3-4bc3-b9ee-92e17ff9fb29,2023-01-29,1,1
fb4978e9-9d3f-449d-a2db-240e2d130425,2022-01-23,7,7
782fa62b-6b82-4cdc-874a-287448f6f44f,2022-11-04,1,1
22566ed7-7cca-4a7f-944b-220654ef2e96,2023-03-30,1,90
0c77db29-5120-4cbc-a960-9eefa248427d,2024-02-18,14,14
39232d85-7e25-49d7-9273-e34c49f96668,2024-01-20,1,10
3d9ee6bf-8d27-4636-8a08-9bf5950b18ee,2023-09-28,1,10
59336dde-c01e-41bc-9b80-60117dfe09f0,2023-11-20,1,7
b68e2592-9f81-43c3-a9c4-c6a98356df3e,2024-05-23,7,14
f20eadb8-61e7-4a0f-b4ac-7be8dbbea9db,2023-06-29,1,1
434112e3-6771-4666-84b0-a65e9e633734,2023-09-28,14,14
32b9a048-2e7e-4a45-ba68-c415a10daa5f,2024-08-12,1,60
919608fd-ced0-40a5-a756-010199f2fa26,2023-02-21,90,90
8636dba6-3fe7-4d32-9624-61e80d463484,2022-12-17,90,90
1d458ad4-58d6-49e8-a88a-2d51783f2a10,2024-10-23,1,10
560b34af-79fc-414e-bcf3-4a346b5ff7f4,2022-11-28,90,90
afe77743-e1ac-49ec-b820-6a2e5ae3f7cf,2023-07-23,1,10
0b2e7dc2-09d7-4978-8a1a-a56263f3518e,2023-07-30,1,14
210e2a19-c827-498a-a5d5-052b7d173e84,2024-04-01,1,14
af28f2e6-d723-482e-939f-d7cc32f974a4,2023-06-29,1,10
c4cccd83-f4c4-4662-b3ef-31774210ce1b,2024-06-28,1,14
5fb6a93c-e7c6-4c59-acc7-bc5a30245aaa,2019-11-30,10,10
fe5afd86-08d2-405f-9cb3-3657d2672d36,2023-03-30,1,7
a4e41a8c-0c66-4188-a581-8680f5ebb5fa,2023-01-21,1,10
96d1e283-beef-4cf2-bf5d-93ccdf41b0d3,2024-10-28,7,7
8f1bb2b6-6fb8-49f0-ae10-d2fd8a9b21e9,2024-07-31,1,14
c22c4ddb-7f43-4cd8-8e36-e84684613be3,2024-07-09,7,7
87f0a342-ee09-4eaa-9fba-582a26ff9406,2022-07-11,1,1
1b451ba6-ce10-4215-8292-8d878e7c3037,2021-07-19,1,1
2d801003-fb84-4fc6-82fc-c25b799ed748,2024-10-14,14,14
cbb61dc9-7713-48b6-b389-876c1c0c797e,2022-11-02,1,1
ddfd4291-3831-44c8-a0c1-a33885dc0e3e,2019-09-16,90,90
b211dd76-2d91-4351-acc1-98f09805eec8,2019-07-08,1,10
44dbfc2d-9fa4-413a-b483-e20417ce91ff,2020-02-08,1,10
be628299-a403-4b2f-be5f-fcb2551e8e50,2021-05-04,1,1
a44f441f-2d83-4684-bd49-dc6dd8cdae86,2021-06-11,10,90
0d2a4c98-f2fe-49b4-b439-d64d6db02b1f,2021-11-15,7,7
7a3499e8-6663-4341-8b28-48c6c5680fdc,2020-11-23,7,7
40016fcb-f5ac-4d4c-a6b1-5b96e7ab7224,2022-05-31,1,10
c715317e-46d3-4712-93b7-0bc6998df37d,2022-03-05,90,90
0007f501-133a-45f8-bf5a-f5f16f1d145b,2022-05-03,1,10
8053f628-484a-4f8b-8944-aa297235bd12,2022-03-05,1,10
7f6e78a6-1c84-4a3d-8b44-243b439719c9,2022-08-24,1,7
1121ff09-05a8-4750-aa34-c7ed3037a9f5,2022-12-01,90,90
77e658f9-e0da-406a-a5c0-b6c933ebd3ad,2022-04-05,1,10
448458fa-6ba1-4cd8-bf51-ff52335c8393,2022-03-05,1,90
8f533e3f-b45f-414b-9182-45b472376530,2022-06-07,1,10
2d3ad721-9d55-4b05-9026-6df7614727b8,2022-08-25,1,10
043adabf-1418-4230-bbef-c20e0212c37a,2023-01-15,1,10
986f06b1-0675-40ad-9893-5dbdf0ecec90,2022-12-14,10,10
174b2363-9456-4573-b5a7-9f0dff8baeef,2022-10-15,1,10
7c5f34a3-e91f-4cc8-8960-0a3384d02065,2023-07-14,7,10
b846dacf-c9ff-47c8-8a79-88807081dfd6,2022-10-09,1,1
bb9a583a-4af5-49a2-886d-daca796d7ef7,2022-02-01,1,7
b10d6854-3ada-4847-908e-41b8f6c566b2,2022-07-30,90,90
4da0c6a3-b45f-40d7-b284-54f2630fd2d6,2022-10-02,7,7
27dd7b17-5eac-4546-a1d6-4a283ee34d31,2022-11-15,1,10
de03301f-6be0-4bc7-bf4f-4239d059d27b,2022-11-02,1,10
5489490a-af2b-48a2-9e82-2e0b046dd230,2022-06-04,1,10
dcde05aa-f000-4ec4-b95f-69177e0e446d,2022-08-19,1,10
2882d015-02fe-4a34-b6ef-755e4d0104e1,2024-05-03,7,14
490f4278-d7b5-4c81-93b8-6ed0eb42a08d,2024-01-30,1,30
6f020135-57ec-4f09-9b92-f0b3d9e9fd6b,2023-12-11,1,10
f02eb362-2490-47ce-bda2-3fa87095bc83,2023-06-10,10,10
3f7a41e0-1efc-414b-ac43-47ddf97afa7c,2023-03-30,7,7
3863ee8a-1272-4d25-92eb-813b6f7222c0,2024-01-29,1,14
2ff87d9c-4974-45a2-95cc-88e94142a8f4,2023-12-29,14,14
1701d428-f8b7-4873-acea-e4a1370f8f90,2024-07-31,10,30
2e215758-6945-4535-96e9-57ce18be2737,2022-12-10,1,10
ac3ee341-d2fe-4943-ba75-f043656e8184,2023-01-22,1,10
c8f888ab-cc9a-46a8-bd27-fc096e6a8b85,2023-05-25,1,1
8e13a882-c484-4716-a2b5-11d5b259f609,2024-06-15,1,1
de0c374a-dec8-4c88-93fe-1787f5703bae,2024-07-15,10,10
8233dc5c-d48d-4f53-9d61-9c9df2a3273e,2024-01-31,1,14
93c497eb-1702-4727-91c0-e0d87614cb62,2023-04-26,1,1
1d19efec-7231-44bc-9080-8025a27d31bc,2024-01-27,1,1
bf7ca9b7-70f9-402e-81a3-fea870ded57c,2024-05-24,1,14
c15c966c-13fc-45bd-8916-cd43d65e6a53,2023-02-01,1,1
340d4f79-8970-4ecf-be1b-b220f8c7b378,2022-07-03,1,7
13f11f98-2c65-4fce-a760-bf5fd947747c,2022-07-02,1,1
f7ee4d0a-f094-4d06-b7cd-c95331e8dc4c,2022-11-08,7,7
bfa2a52a-f486-492f-ae31-111f88386557,2021-08-29,10,10
2993d84a-63ff-40a5-a451-887b5537d8ce,2024-05-24,7,7
7f33125d-b063-41af-ab97-eb7084ebdfd5,2019-07-08,1,1
55677bdc-700a-4e09-8151-b4eeb1d2fe74,2024-09-05,1,1
762257b2-b207-4562-bbe3-22970ac3f7b1,2019-07-17,7,90
1641190b-7246-4c05-8d57-bbcb117614a6,2021-06-10,1,10
c9b98c7a-72a4-4710-97e5-95e292851eb1,2021-08-02,1,10
39cd0acc-11b4-4a5d-9cb9-3fbe81b8e5c2,2021-10-18,1,1
12769aa9-33ee-43c0-b997-6fe9df7af5ac,2021-05-27,10,10
d4d25592-e3a2-4d61-a40a-0244932a1921,2021-09-27,1,7
65f5f019-3c7d-41db-af8c-7b66e3a3e9a0,2021-04-15,1,1
55420092-3a41-4cf2-b1d8-e8a7f3856694,2022-06-01,7,10
356bae99-97c6-4be4-8827-aefa1c52047f,2021-10-15,1,1
d62ddc4f-4ae0-46a2-8ba1-d927fa2172d3,2022-06-04,1,10
56ebfa63-9fd6-4b52-add5-8d784989ec95,2022-03-27,7,10
99a296e9-3f44-4a53-85af-20e99b8b5ac9,2022-07-15,7,10
573a9208-8bd0-4e98-9712-a2cac1f25635,2022-07-24,1,10
e3952ee5-813d-4031-a144-af94c93462e4,2022-06-04,90,90
f5c28f88-eaa3-44f7-a266-6a1dcd7e8833,2022-08-28,1,10
45f0aaaa-498d-4499-bc9b-24afe1c0a978,2022-08-18,1,7
bfea7e14-1541-4b2f-93e9-9a229699015a,2023-02-01,7,10
1569c91d-d675-4a15-8050-fbb5e9d520b7,2022-03-03,7,7
87e741e6-d950-4af5-9976-30abf49f1a36,2022-12-28,90,90
f1c29bda-37ce-4561-af24-54bd3b7adb2d,2022-10-12,7,7
a2d9ba7a-ae2f-4896-955a-58a30dc82173,2023-02-14,1,10
c09512b1-64e9-4586-8036-a6e53621bc1e,2022-05-02,1,1
1f6193cc-3c70-49cb-a4e9-19d766276bcf,2023-02-05,1,10
0edb5263-0b4d-4586-a76a-4fdec7345347,2023-02-22,1,10
389061d1-18f5-4f5c-902d-020378c1246b,2023-04-08,1,7
1b8ba9bd-2632-4bdd-806e-3373b45e0a4d,2023-03-24,1,1
9daa8b7b-303a-446f-9b96-899b9e31e55c,2022-01-21,1,10
513f8bbd-e7f2-4752-97dd-e2a921ee7c75,2022-08-03,1,1
260e5eaf-e161-4822-8f88-7d4232c6c806,2022-04-04,10,10
5e848bf7-3ab2-441f-8f31-005d65b123a3,2021-12-11,7,7
3f04bfe2-866a-45cb-867b-cd6f3f5e1af8,2021-11-22,1,1
c7d4a65c-1cb9-4f5f-a2fb-5a8ce1e06bba,2022-06-04,90,90
2abee515-cd38-4876-b70c-64978fb059f1,2022-03-05,10,10
79c4959c-f676-4753-bc3e-252513fcd90b,2023-03-18,7,10
3518346d-fd0f-4130-8b54-045ba3a9152f,2023-09-19,7,7
7875af57-5829-450b-980e-b3b9ac9766fe,2023-12-29,10,30
9dc7dce3-6794-4ba8-8e49-3819efb4e856,2024-09-07,1,14
55fe7d29-d607-41b9-8687-a586719b5291,2024-03-30,1,7
a69deace-bb85-4f50-82fd-136b16178c39,2024-06-17,1,14
3f6c2740-e6ca-4411-8476-b03e2224d1d6,2023-10-18,1,10
e1f5c0cc-175a-4284-a86d-763f2c74bb79,2023-12-29,10,90
060c55e5-ce97-48f4-97cb-09ae74e6b0ec,2023-02-05,1,10
1ae7e1c1-181b-44a8-967a-401c23a623da,2023-06-05,10,10
000d1162-b663-4b6d-a592-d629477346f2,2023-10-16,1,1
a565b6fd-5aae-49a7-9b0f-3e10e00f4d0f,2023-12-09,1,1
c6c87a24-90fd-4478-8e53-dff1aa16e8ce,2023-04-15,1,1
0af8557c-f33f-4fbc-a7d0-f984fe244fce,2024-01-22,1,1
8f32dfc7-0aa7-498f-8152-6de35e3bfea8,2023-10-31,7,30
4c5d5a29-1f1a-4bb1-bc7e-4f95c329109d,2024-08-28,1,30
629c4c41-cae1-45e9-b100-37808f8d83b9,2024-07-31,10,30
52e74741-4eef-4412-b4aa-83a689888c26,2024-10-07,7,14
bdc78e48-eeaf-41a0-8351-d44a21026a88,2024-09-15,7,7
ba469965-ec34-4689-baea-1c6af82a72ce,2023-02-01,1,10
50a84d86-2062-442b-98cb-0290a7d35b22,2022-06-29,10,10
2deedaa0-709e-4683-a58d-135ba2808979,2023-08-01,1,10
9c2887cc-e80b-4b04-936a-7ede52a72170,2023-08-01,1,1
0cb91386-e79e-4e34-93fe-62ad53c06f90,2023-06-09,7,10
fb938677-016b-4ba1-bf37-f77ded6df306,2024-07-01,1,10
780c310e-d071-4738-a5de-c014a27d4da2,2023-07-14,1,7
87783d6c-1f27-404f-8e27-fe81fd7d9da3,2023-12-26,7,10
9da06ef5-e5b2-409b-9934-6c7f9b856bd5,2022-12-14,1,1
5958a446-ba6c-4847-b6a3-c8275197f59a,2024-09-30,1,1
319e089a-53fc-449a-9f1d-fadb25a7e767,2022-06-25,1,1
c4386baa-1cde-4889-b247-b42c4d57d094,2020-11-01,1,1
38891450-bb8b-437a-b2fd-433b2d3add77,2023-04-18,1,10
8822f508-f36b-48e2-9fe9-29b1218ce1a9,2023-08-31,10,10
c8dce501-d1a8-4911-9741-f466e5930ed1,2023-04-16,1,10
e484f489-e728-4360-864f-14ff9747b1a6,2025-03-05,90,90
41d13768-576f-4896-8f37-3bf4568986a6,2022-01-16,1,10
4dfb4857-3682-4e5a-8fe4-e354f462ae16,2022-04-14,1,1
dd527ba3-588c-4149-88ad-0c210d00fcab,2021-12-11,1,1
002db6ae-b411-4527-8d46-4966c3e5a7ab,2022-03-25,10,10
4b6965b9-c267-42dd-9403-ef6ed786a1b5,2022-04-27,1,90
45ad3385-2a9e-4b62-8aa5-71df8e62d7ea,2022-05-20,1,10
825d158d-527c-4e1f-b18e-205b816b99bf,2022-06-30,1,90
738c0838-5321-45b1-bd49-11a6574b3106,2021-10-10,7,10
1a963cf0-d9d6-4b40-8913-3b9bb6e6c4c2,2022-04-14,10,10
5470ff35-06af-45e1-8db0-c5ead1193053,2023-01-27,1,10
fef23fbe-7cab-4c73-a572-761d5e230ff0,2022-08-19,1,10
212b8e8e-6701-44eb-918e-baf4d7c6ec62,2022-08-18,1,7
7c2f340c-3e66-469c-a53e-d03bab188f4a,2023-01-22,7,7
82426304-5410-4ba4-9c5e-0f490ae3b597,2023-06-07,1,10
4c06e1c4-f9fd-4dba-b21c-574014953054,2022-10-26,1,7
8132b766-8d6d-4177-9dbf-b0085e703ee6,2022-06-04,90,90
9bcce610-82e4-478d-bf42-237b6629b6ed,2022-07-30,7,10
ba8615c2-6781-4865-9530-855fcb9f0405,2022-05-08,1,10
97534537-1099-4c46-851d-ce0f6b33dc48,2023-03-25,7,10
e2b9190f-4757-4fa0-91ad-097d0ed171f5,2022-07-24,1,1
6ad9b24e-7044-4d90-921c-6138071c5182,2022-08-24,1,1
2e0a470c-f79c-48da-8592-da80702dc930,2024-07-31,1,90
e0432937-8d9c-4e47-a6ea-8a17ce4689f1,2024-01-06,10,14
281b4386-f28d-4632-89af-1c8b1424c54e,2023-12-19,1,7
4bfe7ffc-cf52-4c19-bb94-d9cc785c1ad3,2023-11-30,7,10
c3bdd341-c248-47f9-ab86-09d1dff240ea,2023-08-01,1,14
6110967b-77d1-486e-a4b9-79fdbd478b9d,2024-02-04,1,7
915ad65a-5d8b-4145-a7f1-1f3188185671,2023-11-25,7,7
82cb8711-58d1-427c-bd3f-471320494c97,2024-03-20,1,10
0b10f5a9-d0d3-4b8b-a4bc-78652d255056,2024-10-28,1,7
878b4218-d5cc-4873-9689-6cb37aff55ae,2022-11-02,1,10
590c8868-f6f2-4347-9472-19c18ccc153a,2023-11-06,1,90
8e31d3f3-3fd8-402b-8ab6-04d742b4c92d,2023-03-22,1,1
75b27d52-b9ce-4458-9689-7a058e2b6762,2024-09-27,1,14
31db983c-2f72-4ff9-a37e-854d83c17ad5,2023-03-30,10,10
ed226f03-4868-48a8-ba29-4e25c0819432,2024-01-10,1,1
8f98ef77-4c17-4a38-a4b9-6a1f077d9971,2023-04-14,1,1
4dc382c6-d318-46e0-92ec-4eb65534d3da,2024-10-28,7,7
51bad210-9227-4bdb-a02d-5e5a925fa8ec,2025-02-08,1,1
8b1448a5-94de-49ae-ac96-f93e2c0d5380,2023-06-17,1,10
82d28ec2-b5fa-426e-9532-e6e0c70bae07,2023-10-17,10,10
43d62d52-e7af-4a9f-bedf-7928d947cba1,2024-08-01,1,14
5fa6cb1f-4a3c-46aa-b904-fcb861913027,2024-01-02,1,1
310dc6d2-ec2b-4831-b2ed-04f212ce128b,2024-11-03,1,1
701543fb-d2df-4f32-9eae-b596daf43765,2024-10-31,1,14
941bf1c7-d62b-4bbc-bbbc-f1cbd20b23aa,2021-08-05,1,1
4f79b6f8-1adb-4a53-9b5c-8736bb8d4d9f,2024-02-09,1,1
937a9633-ca7d-4412-a986-f16744e5477d,2022-01-31,1,1
6e560600-3296-44b4-b2e3-1e29994f4b7a,2023-02-02,10,10
77250c3c-d938-4640-bcf2-27bc7faa9285,2024-10-11,14,14
d822598c-cc5d-442e-afa1-b1e1236de53e,2021-12-03,1,10
97383c62-e2b8-4b09-a0bb-6bfe03d82554,2021-09-27,7,10
ebce7d63-0c1c-4443-bd92-5fff91df5f60,2021-11-29,1,1
8a2dad2b-2542-4358-9546-085b4856dd89,2022-06-04,1,10
5bd3e561-b21d-4caa-99c0-b467a9d37184,2022-02-09,1,10
2126f158-4dd4-40ac-a994-826db1a54696,2022-05-25,1,1
b83d53e0-2c6b-44c9-85c2-030edd091976,2021-11-29,1,10
22119ee6-2d46-4180-bece-af9559fac644,2022-02-16,1,10
26c5b3dc-e99e-457f-82ab-3cbe73fd40a0,2022-06-05,1,10
ba82cbbc-7da3-4847-b899-ad98f1950ca6,2022-11-19,1,10
704f5595-6b2f-4d60-b456-6cde8f0bc0df,2023-06-29,1,10
9dacd990-f1a4-4f5d-aebf-a74875f0765b,2023-03-22,1,10
e67b47c3-a504-4632-b555-a8fbc80df332,2022-10-05,1,10
4aa7149c-2d13-4f8f-90e3-c2f6ee8f3b54,2023-01-05,1,1
174c18e9-9d79-402b-a2c8-31682c329ea0,2023-02-01,7,10
95c06ea0-0955-414b-b8e7-4b99353f3e06,2021-12-11,7,7
c4be47b6-7488-4ac0-8b5f-0af20adfec65,2022-07-30,1,10
030a765b-38bc-4eea-91b4-138c1b979188,2022-11-02,1,1
3c35d99b-1d24-41b8-8857-b679203287a9,2023-04-08,1,1
b79fbda7-2837-41c8-bf19-1bed7a20f2a7,2022-06-04,7,7
c1351bb1-e222-4f28-847f-bac4fbeaef23,2024-05-24,1,1
7406910b-b0b2-4d6a-8476-eb6bf748eb37,2024-05-23,7,10
4b6f069c-bbd8-46a4-b738-a61dd37d281f,2024-01-09,1,1
ab670696-06d9-41fa-8859-d905312a7795,2024-06-04,7,30
cd1e62ae-f804-41e4-be22-8c1c2e2f4fdb,2022-11-02,1,10
e3198ef6-0530-43d6-aab8-9c83f8011a55,2023-05-29,1,10
770742b9-7dd8-4e8a-a0b7-e7094b8e9a1f,2024-08-12,1,14
f2e2bd4d-0323-443c-bf5e-46c7abfceeb2,2025-02-20,1,10
fe07e8a5-50fd-4f7a-b2b3-03b01362387c,2023-05-15,1,1
7f80171c-d04a-4558-a0f2-77ded6e0f842,2024-11-23,7,10
849317cc-ac00-4875-9ad5-09a351b36d5f,2025-02-20,1,1
011b9e21-5d56-4007-a8a1-0225d2f84a52,2024-01-14,1,7
019adff1-0cb3-4340-b55c-1ab1db011d5b,2025-04-07,1,10
14cc8a4a-10b7-4935-92f4-00e5251eea46,2024-08-28,7,14
9bfb2b9f-f7be-4895-b2d7-b389567af020,2022-06-26,1,1
d6276e2c-eac1-4513-92c0-522f62757882,2024-09-27,10,14
69a7fd2b-a99c-444c-8c83-2292cc0f6bac,2022-01-29,7,7
41a1fc24-6b46-408e-8c0e-ba281513682f,2023-03-25,1,1
254230a9-1cf8-4c7f-8886-23e4d82afa40,2022-10-21,1,1
4b47af4f-2948-4135-810f-860098c5567b,2020-09-01,7,10
a946e0ab-64dc-4b7a-bc32-1b3bb9906839,2022-01-17,1,10
1dc7f6d6-a6cd-4565-81e2-8254d3d3abeb,2021-04-10,7,10
82f5db62-b4a0-43c6-89e3-704d3848f0fc,2022-05-27,1,7
e6cdfeb8-f237-4b73-a2e6-97b6beba7438,2022-04-28,1,1
25451171-0609-4846-b182-c2cc907ee4f4,2023-06-29,10,10
8c75aafe-bb03-4e8d-97ea-bf94dfb1fe37,2022-08-28,1,1
f312c5eb-f992-4f37-9965-6fdec323a69b,2022-03-03,1,10
59253716-bd05-4628-8bfa-0d1d37f590a3,2022-03-05,1,1
44ec59c4-a60c-4644-87e1-265168a19944,2022-09-02,1,1
2ee323ac-1b49-4d45-be1c-3a707138313d,2022-10-23,1,90
5bbeb834-a0cc-4de1-971f-f35f3fc3b046,2022-06-04,1,1
5bd04aef-7108-484e-a160-e0f029bf8d81,2022-02-01,1,1
b06dbb56-e535-42af-8b46-e7ed642eef82,2024-07-02,10,10
8f5b0bb5-fbf1-4a6d-b17d-a42ebb6efb42,2023-09-28,10,10
4d7dbca9-82da-4d6f-b2da-84a7ab34f27b,2023-11-25,1,7
97f87570-3d11-405c-83a7-bf7f0fa404ba,2024-02-25,1,10
d0fefc7c-f5d0-4eb9-8fb0-6d8e42c3b62a,2024-03-04,1,14
400fb143-631c-480e-adf1-4d6562d03a2b,2023-11-28,1,14
290f0c57-e5c6-417f-83d2-4e2a3288cf97,2023-11-01,7,90
8bf5a95d-1172-4abc-bf48-7be7f51566ef,2024-08-29,1,10
c6a07c47-f2ea-4aa6-a98d-49965ae1d89c,2024-05-03,1,14
16ff0948-2bea-43ec-870a-f4c87835aef4,2024-06-19,1,1
06e415d7-113d-4ee7-bd66-445362141239,2022-04-10,1,10
f2099421-19dd-4040-98a3-c4b9cde86669,2023-09-28,1,14
b510adfc-ad85-48b2-8854-19c13b565ec4,2024-06-28,1,1
6fb280f2-d8a1-4dc8-aa93-968e98161a57,2023-02-02,1,7
b16c8c6e-ab48-4f4b-b959-d6acd09d170f,2023-03-23,10,10
26e76e55-2bac-4442-9a61-b902eb6ab531,2024-07-31,10,10
ef306b03-5df2-4dee-b11c-19a8d3f772f8,2022-04-29,1,1
e698e5c7-b945-4e3c-a29c-673049299e78,2022-11-06,1,1
96d297ce-42ce-4ff2-b0eb-3369821d86fa,2022-10-29,1,10
c5cb52aa-a7e7-4bd9-b6f6-d84be61fe56e,2021-03-15,1,1
9501f6d0-e9a6-408f-9c2a-5382a73b18a8,2021-07-01,7,10
a81e3590-b893-4689-a874-146bbd067d17,2022-06-01,1,10
3ba5ceee-356c-4fd6-b986-7dc24746deef,2022-02-27,1,10
4263629b-152a-422e-ac15-cee73331c75f,2022-06-28,1,1
6ea50c05-3dca-4542-9f8f-bb03227773ab,2022-06-15,7,10
b7a12591-b574-4986-a0a3-8ddfd4c6fab5,2022-12-30,10,10
b4941d0a-1d3f-4df0-ad49-f710170af18b,2023-05-11,1,7
3dbd379a-c2e0-4d44-bb26-02d738f603fa,2022-03-05,1,10
86153452-89cd-4404-b313-157d4bbb029c,2022-03-05,1,10
c7ea88c2-889f-4809-95a5-86771e91a71c,2022-07-31,1,1
71947575-9ead-49d1-905a-c28b117da64c,2022-02-13,7,7
b980abe2-9a3c-474c-8147-0f5bceab37fb,2023-03-30,90,90
8e504cbf-a8fe-445b-b117-3db520f3c5bc,2023-05-24,1,1
c40c2af9-d464-4789-a270-1852838e2fc0,2024-04-23,1,7
24491f7c-12bf-471d-9246-09115716b84a,2024-05-03,90,90
f8da8e10-22a9-4a7c-83dd-d2fcecd49684,2023-09-29,1,10
548c9f15-8baa-42dc-b81d-be9288541654,2023-07-10,1,10
24af26da-3035-43cc-aedb-b8bf70379a1e,2023-11-30,1,7
e0b21399-239a-4ac4-acc6-37256ae40886,2024-05-24,7,30
43134506-161f-458c-8c26-f5444791054f,2024-09-29,1,14
1be03db9-dff0-458c-ba93-ac26340ad787,2023-06-14,1,10
1e10c8bc-2b9b-4684-9dd5-86ffb5d0d547,2023-10-08,1,7
cd995d9a-8eb8-4bdc-b5c0-ce6d3ad05755,2024-04-04,14,14
4d0cbdca-df98-4b71-8cf4-7ef99363cdd0,2023-07-15,10,10
9f5ccd12-4d15-469e-b225-2ac86c2d493e,2023-03-30,1,10
c123e196-6e77-41f0-8e2a-67d1409c5a78,2024-09-27,14,14
b4d89768-5b3b-470d-8595-16f0a625c3d2,2022-07-22,7,10
b63e205c-1ac9-47fb-aa11-61286dca6890,2022-07-22,7,7
728b5309-88fa-4e23-acaf-d37cf5116736,2022-01-20,1,1
b422c002-b946-435b-a2f4-2defaf147213,2024-05-01,1,1
e09bdb49-fa7e-4d8b-818b-6c66d4d1705b,2020-11-16,1,10
afd8c961-df27-4f96-a7bb-fda9a378ab57,2022-05-18,7,10
856da014-e8c6-43e7-b3c7-54699c58413c,2022-06-01,1,1
e51ebf72-7fbe-40d9-ac38-464658222abe,2022-06-01,1,10
ed80a698-d279-4ac2-a313-735aad8251eb,2022-03-01,1,10
8287c316-7f23-4935-b32a-f82b2ba87382,2022-06-02,1,1
150c1821-458d-4889-a4a3-edf4b4809e20,2022-05-20,1,1
dedcc557-9639-4b1c-ac30-ae65f1e0e362,2023-01-23,1,7
843ed446-f0f0-4bc6-b073-c09de34efbfc,2022-04-12,1,1
a19bae42-821b-495f-9ab6-a4ca5bfeccfa,2022-06-01,7,10
877ea4e3-c793-460a-abf3-c6c4f09b11cb,2022-11-02,1,10
cc0e36e0-f1b7-48b2-b4ec-4d7b36ebd2ee,2022-09-29,1,7
c9b0c1da-66e3-4fbe-b318-73188590e576,2023-06-27,1,10
f75c4703-1e78-4e93-b0ff-f6ad762df7d5,2022-11-29,1,1
4da69346-ea54-4614-b606-1e52e59bd078,2022-03-05,7,7
b32550b4-8492-497a-9a70-4ce1917b7473,2022-05-12,1,10
3cb8c9a9-1c77-482e-99e9-96569e1e241e,2023-04-16,1,1
28fc5f62-1306-4b68-bddf-bb59e48975b6,2023-10-15,10,30
6ec30293-7c89-46ed-9a20-d61a48bb1fe9,2023-11-21,10,90
e7cd4dd0-7bf2-459a-8601-1ad612fe2774,2023-05-01,1,10
c7012fac-8f18-4ecb-82d5-58d656eb5687,2023-08-17,1,30
39df5d26-1b32-4c7c-943b-1297cc163e45,2023-05-15,1,1
eee5a798-d29e-4032-80c9-e463fc5bbb30,2023-10-30,1,10
446fb4c3-1477-470c-9aa1-f0beceb54d3d,2023-11-18,1,7
7c84d5c9-8a84-47bf-80d4-b371df93b13f,2024-05-23,1,14
b5996225-5618-4b5d-85a9-82d65687b69e,2024-11-12,10,10
afba0d29-58c4-4039-89e0-fabeb20d5e81,2024-10-12,7,14
8fc62550-dfc3-4176-a55c-7dcaa45e6d63,2023-07-17,10,10
dce223b5-bbd8-4a01-99ca-22f42e37a46b,2023-10-23,1,10
c31a89b0-73e8-4d00-a4fc-a4ff1d030f6d,2024-04-01,1,10
179dda33-7b47-48f6-b584-2a5e27967a34,2023-08-01,90,90
34040d0c-5a21-441c-8b55-83b79ba48bef,2023-06-08,1,10
7e55d060-d85a-45a5-82f9-673be02af30b,2023-10-02,1,1
0f28c280-f0a4-4401-99cd-a813b69e195f,2023-09-09,7,10
93f5076b-ddde-49f3-a734-9327ba411c7d,2023-11-25,1,10
be5284de-21dc-42a0-9bb2-a05f47659b08,2023-08-23,1,1
d1ffeb5b-a9f3-411a-ab10-3a8226388b2f,2023-04-06,1,1
714eee9f-fbad-4c12-947d-5588e5bc4afe,2024-08-01,1,14
abd38a0e-a9ee-4ff0-98ef-051e4ac781bd,2021-12-11,1,10
0c3627c7-3ba4-4911-9b17-39e10892591e,2023-03-26,1,1
ef00f71b-2759-4079-9033-537b1c7d5286,2022-08-19,1,10
a4b4be82-6cb8-4a51-bc8a-a4534bd8c8b2,2022-07-31,10,10
4542131b-fe09-4672-9efa-518e85dca203,2019-07-08,90,90
f56200d8-82c6-4744-9de0-f2a10a1d89ae,2019-07-16,7,7
cda7a3cb-7ddc-48f4-86f4-d1908fa2dd03,2020-11-30,1,10
1d98dde8-451e-4346-bce5-e6d9dc080fd0,2021-03-06,10,10
c46191a5-1740-4f59-9b86-71a2895e58fd,2021-05-31,1,10
5af8f199-f5e7-4ebe-9765-83fe1293428b,2021-04-26,1,1
81dc862b-9e74-4627-90ba-25f6b5db20da,2021-08-29,1,10
1c149097-2852-4f7f-b8d1-04a474f5e0ed,2022-03-05,1,7
f33d94a3-f5e9-4843-8672-9e7446890b39,2022-02-24,90,90
8e9d95b9-28fd-441f-a65d-2a4f2a4e98d8,2022-02-16,1,10
01b065f0-7013-4515-88a4-486b9d308dfe,2022-12-29,1,10
4e77dc4c-ca7a-4cae-87f9-fddb95845651,2022-05-06,1,10
5f1424bf-124d-483e-a4cc-15f62568a084,2022-03-19,1,1
c1d72b15-344b-405a-83d0-8b0a9891bea3,2023-01-17,10,10
d556ac57-92c8-499f-ad27-49afc84afc91,2022-03-02,1,10
720d9d2c-0c35-4258-9517-42958958db86,2023-03-01,1,1
6fb6d828-8155-43b8-afbf-18f773dddb55,2022-08-03,1,1
01ee1d9e-7fc3-447d-8c54-c6bcaba540ec,2023-02-13,90,90
06c3eace-6fb7-440a-aed5-dedeffee3daf,2023-03-30,1,1
ddb47c05-464b-4939-a940-8f3c94aee3af,2023-03-01,10,10
a7d462af-b3ae-4bd3-881e-47952cd09e76,2022-07-19,1,1
c16f8574-ebe1-4412-b410-e2ac097bff66,2022-03-07,1,1
608c0cd8-763f-4c3d-aaf9-a9c6ea0876f4,2022-04-21,7,7
7d743823-91a3-4386-a1cc-a35c07b0d7dd,2022-07-06,10,10
eaf461a8-0b0c-4989-ba74-22eb953f83ca,2023-01-06,1,1
c4dd7871-e4c8-4bd8-bab3-5741f3a261c8,2022-07-09,1,10
f23e0c7c-0d19-43ef-9534-415746502e96,2023-09-08,1,30
45c245b8-c467-49ee-9054-f53ba85ba846,2023-06-18,1,7
24aef9da-62fb-4381-b3b6-df3c01d03562,2023-07-31,1,14
a9193757-6ce1-462e-bddb-2e8dc46475fb,2023-04-14,1,1
13eb5e04-d3ab-4f49-80f7-065c09dd7087,2023-12-31,1,1
9203d4dd-aa4b-4da6-9c71-daa4c0fd58f8,2024-03-30,14,14
dede62dd-4d0a-404f-ad3f-58a4b85abcab,2024-03-04,1,7
5e2b79b9-6acc-454f-a14f-1a7304ea4853,2024-06-28,14,30
25225bb8-3492-4ffb-ad79-38bfcf99c228,2023-12-29,1,7
8f6e109a-9d22-4183-b5ab-9166ffbc0422,2024-07-01,1,1
c074b9c6-e0f5-4a63-b4e1-e9def50dcbb9,2024-07-31,1,14
304be20b-a762-478b-9908-141e7ccf581c,2024-01-15,1,14
ac7766a2-4cde-419c-bcc0-56a87137e966,2024-08-03,1,1
46af9ba6-6da2-408b-8de8-38250a895d90,2024-07-29,1,1
f2e21a90-ce75-4a94-b5d8-350365c09f34,2022-05-20,10,10
fabd1b73-30c7-4438-b242-1d377cb9b529,2023-03-04,1,1
a229aaf6-3cf6-4ee4-a781-bbc1620f2bf4,2023-02-01,1,10
f3a0b074-ff17-465b-9ff9-77707decfc76,2022-12-28,1,10
6ee2ae60-02fe-4f60-9ba7-b30391139891,2022-11-01,1,10
fd7d7a39-6358-436c-a8a7-c87044e11198,2023-01-02,1,1
d94432c1-c866-4c9d-a082-7a3f90fbfb23,2023-03-30,7,7
2f4c7eb7-95db-43c3-819f-2c9f0aea16d0,2022-08-27,1,1
