user_id,reference_date,dn__recent_action,dn__max_action_level
26251e18-85d5-4a32-b606-b7ee8bd211bb,2026-02-28,1,14
2b6ef72c-c088-456f-b361-ab3daf3bfa7f,2026-02-28,1,10
577fcc99-d1c1-4893-87a1-fa7029aa0271,2026-02-28,1,1
61ed1220-b5e4-411a-aca3-11534e52f95b,2026-02-28,1,1
75905e8b-2ecc-4c02-9a38-75936a3411bb,2026-02-28,14,14
a37a4f62-9d63-4e1c-88fd-5a65831c3fe3,2026-02-28,7,7
a8129155-524f-45d3-92e7-79bd001482ba,2026-02-28,45,45
a9f3422f-e8a6-41ad-a52f-6f8bd8017550,2026-02-28,10,10
e3229b4b-8ca8-456b-847d-09331760b09b,2026-02-28,1,1
14b446f7-b70d-49a2-9f03-39fdb695846d,2026-02-28,1,1
4c49d5dc-0293-45fc-a813-183e51535237,2026-02-28,1,14
86abc574-833b-4502-a33b-7346c0ec684a,2026-02-28,14,14
936a70bd-cb0f-49e4-8f90-d6b7472cd477,2026-02-28,45,45
c3ddefea-3b4c-400b-936f-fafe9c4b8407,2026-02-28,45,45
e46b451b-330e-4162-8524-1da03ab89277,2026-02-28,7,10
e57450b7-b09c-4b86-ba6b-d1ff84a5534a,2026-02-28,1,1
4d824a0a-c7c1-45f5-bb54-095f6f528390,2026-02-28,1,1
6a958963-fa5f-4bec-b4f6-1d21b48ee539,2026-02-28,10,10
b1b88a48-10b8-4cec-8c2b-f9b4b4afd1aa,2026-02-28,10,10
326cc82c-d99e-4694-a0f1-660c0dbd1d06,2026-02-28,1,1
6d5e0d68-3330-449a-b7ae-81365c53dfc3,2026-02-28,60,60
802a59d9-ce2f-4735-9118-cf4dda82e91d,2026-02-28,1,1
dfd81f3b-5cca-4c25-a610-d45ce1d9b591,2026-02-28,14,14
019a2ee1-847a-4a10-a649-fe7b7474a917,2026-02-28,1,1
1cc96b3d-551b-4e17-955b-ffed36eb4966,2026-02-28,45,45
2117f6a6-46e9-4f8e-911c-15843d096049,2026-02-28,30,30
338b3721-e46e-45cd-8902-99c25faa55a5,2026-02-28,10,10
3f5ee1df-ac17-4e51-9e5b-f04b9c175c99,2026-02-28,14,14
82b8dbb3-6907-49f5-bd82-c6bfa78fffc8,2026-02-28,1,1
860cbac0-0238-4721-bc64-230d564ba3f0,2026-02-28,1,1
9903ca78-d74c-4b1f-8375-f591f8273078,2026-02-28,7,7
f4fc5d98-96b6-480e-a22b-ff3a143b2fde,2026-02-28,1,1
184e4763-0c69-435f-a857-aa158c666353,2026-02-28,1,1
dc0fbac3-8de2-4642-809c-4fd42d959d4c,2026-02-28,45,45
f3f0a5a3-8044-4ed1-9da3-a01e1ca85f31,2026-02-28,10,10
2247e24f-4618-4d72-8a5d-83dd1568ccdd,2026-02-28,10,10
59a52bcf-3e57-4c8a-abae-92161ac2631b,2026-02-28,1,1
abf948d1-d3aa-4db0-93d1-25c0e8d798e8,2026-02-28,14,14
dd0a57ad-ac15-49ec-aa5d-48abf844cddf,2026-02-28,30,30
f4e8b155-a44e-420e-8c46-ba4b3f57148f,2026-02-28,1,1
6dbddc06-1a65-41a2-bae9-f53c8f19aeab,2026-02-28,7,7
73ef40dc-006a-4bf7-8fff-b983e603d97a,2026-02-28,1,1
75b35111-a851-47f1-8d96-2a4ffa528daf,2026-02-28,1,1
8f618c09-fbae-4525-8dcb-dccc1fbf3c24,2026-02-28,10,10
b42df13f-38d6-4f60-a443-f7e90b831329,2026-02-28,10,10
422b34c7-db86-4d6d-b015-7dad706b3b2f,2026-02-28,1,1
44977595-c524-4cce-b8ff-d0b6cc25a90d,2026-02-28,1,1
4e9c4b68-47d3-4a55-9049-2fe640593beb,2026-02-28,1,10
cb4e9195-e2f3-4d3e-9466-a82f8e6d8603,2026-02-28,7,7
05df6726-5d04-463d-806e-7be252f3b344,2026-02-28,7,7
14c18d0e-010e-43ba-ba5a-785046bb87d3,2026-02-28,30,30
46bf2e5b-20ae-4bd7-b050-5a9523bfb807,2026-02-28,1,1
531d01ed-90f2-40ba-a44c-f32acc0aa524,2026-02-28,1,1
6c35e12c-0311-4787-a6af-0369165bac4f,2026-02-28,1,30
944b5f44-d091-4149-a59e-7c3ee19578c0,2026-02-28,14,14
b4e0d5b9-9ba0-409e-8cec-8ae6f315c290,2026-02-28,14,14
ceebb1f6-a69a-4f43-85af-fcf8ab65e182,2026-02-28,1,1
21276e04-15aa-4628-961a-5c46fce8086d,2026-02-28,7,10
2ef1f5ed-e31e-47f7-b1d5-66d3126bfa7a,2026-02-28,10,10
2ef9293e-b3f4-40d8-89b8-bbfa76096631,2026-02-28,1,1
3824dadd-8f20-44db-92b4-f2abb1e4262b,2026-02-28,1,1
51c594cd-363d-4a9f-a0ae-25cb0adc7ad8,2026-02-28,1,1
5c72ad34-73fa-4a14-8efd-e15285cf6528,2026-02-28,30,30
76221e83-8128-4fcd-a4ed-fabc9b8fa546,2026-02-28,10,10
90df9e99-3a9d-4454-86d9-2960e77c7e17,2026-02-28,45,45
e7c590b6-637e-44bb-8fc8-8f9e05f99952,2026-02-28,1,1
f83a56f8-1e71-45de-bb53-641f9052d303,2026-02-28,14,14
fdbfb619-0986-4aee-a7cf-f147346ca43f,2026-02-28,1,1
10605e4a-fafe-46b6-ae81-2122c9ae6dc3,2026-02-28,1,1
4a4ad9b9-9857-4d6f-9bb7-562736ea4fa0,2026-02-28,1,1
4d7a9f5f-7b9b-47b1-ae2b-6bdf616ed3ea,2026-02-28,7,7
5975d630-b625-4582-87b5-7037c7c69aec,2026-02-28,1,7
6817a82e-032f-4f61-9723-683ac0ba024e,2026-02-28,1,1
ec1a57b4-bb5f-4374-9c6b-a66cbe4b7362,2026-02-28,80,80
03426b5e-5892-4350-b866-ab461aadb6a7,2026-02-28,7,7
5d3b4975-a1c1-4ed5-bca1-9d6ff6e4e845,2026-02-28,1,1
65c1a401-130e-478f-bd24-bb29f9f61ff9,2026-02-28,1,10
a21a7e77-a067-4f7b-92b4-51d12ed71821,2026-02-28,7,7
7748dd1b-737c-476d-ab6c-cb0a5d355d13,2026-02-28,10,10
c3045d56-45c0-4af0-a06c-7179a49e2dfe,2026-02-28,1,1
cb58f2ef-d2bc-4801-8b4a-5087b608ca34,2026-02-28,30,30
f8f4a469-e0b6-43ed-b267-ba7fb213979d,2026-02-28,1,10
f9053b82-6246-42c7-99b5-24c7ef8fa2fe,2026-02-28,1,1
fe751254-4e59-4895-b8f2-bd1afdef1ad0,2026-02-28,14,14
1c3973d1-751f-4c1e-a372-ee8dc35bebe9,2026-02-28,10,10
477cc9fc-2d04-4fe2-b4b4-4246c2f68cc5,2026-02-28,45,45
7dec2085-ad03-4d60-b706-ae723ab04ac3,2026-02-28,10,10
a2a642e1-78b4-466d-bc51-16f3d0986e17,2026-02-28,10,10
d8eaf54e-b61b-4290-b3b5-73a5ee58f6df,2026-02-28,1,1
daee89e0-4b40-4de6-b8c7-ebd591ecce20,2026-02-28,14,14
2f8bf92f-6043-4ba9-85d1-59deba29d728,2026-02-28,14,30
3c87a5fc-bfc7-44a9-bee0-84fb8258754b,2026-02-28,14,14
572539cf-6f2e-44fc-b36f-beb765159e47,2026-02-28,45,45
96562405-a216-456d-b4d2-153553a19ed5,2026-02-28,1,1
cade4613-7b58-444c-8523-6029d671a026,2026-02-28,14,14
a26d71e9-34af-415b-afd9-1b04af6d08f2,2026-02-28,7,7
a7cd8e6e-ac6f-4f12-8435-25e48f0601f1,2026-02-28,1,1
b8268257-80c5-4b96-82d4-95c5c7b44d59,2026-02-28,45,45
f05dcec9-903b-4194-a372-34864f01bde0,2026-02-28,10,10
2299bfa6-5f40-4b26-84c1-9cda4cf6f569,2026-02-28,1,1
39e39746-a4bc-4e02-b45f-ae20ead961b9,2026-02-28,10,10
3f788a9a-f592-4ef2-9d6f-f4efa7773ad7,2026-02-28,7,7
44ba4f2a-5d69-4f9f-aa0d-6806f867a9cd,2026-02-28,1,1
6ea2a738-599a-4b43-9272-507580cf589b,2026-02-28,1,1
7e4f51d3-8f55-4f7b-817c-52bcb4894765,2026-02-28,7,7
88cff2f9-54fc-4ac6-9f92-bc73ae9b802c,2026-02-28,14,14
baa1d1fd-f3b6-43f4-b597-ac3690333a5c,2026-02-28,14,14
21f0b450-9019-483c-97e5-c1d9b5127eb8,2026-02-28,14,14
39784364-c0d4-487e-a61b-4f3701ed3230,2026-02-28,1,1
adde07da-bcdc-46b8-9f45-580a11e7175d,2026-02-28,1,1
b19bf513-10a1-49e0-b074-02eb7e493bb6,2026-02-28,7,7
0723304c-262d-4673-8485-c2b475b331b3,2026-02-28,14,14
1161efd0-bc9f-4480-9bca-0f2bad6de5f8,2026-02-28,1,1
16069bf8-b4dd-49bf-812c-3858cf6f7649,2026-02-28,1,1
323a86e2-bbb2-47c4-9e88-9faee84a3d0e,2026-02-28,1,1
61230577-2625-4238-8d6d-8c8377b60a30,2026-02-28,14,14
94ee9de8-bfd1-43fe-a3d3-4544713ffaed,2026-02-28,1,1
d8b955ad-38a9-4d3e-9dec-c1ed21fa98dd,2026-02-28,1,1
02caf4ed-1a3b-4a2b-b6db-5392c11f6479,2026-02-28,1,1
10e6130a-c7f1-4e18-a75b-8efbf44342c9,2026-02-28,1,1
25cf69b0-354d-4ea4-9f11-7e3c171fc56d,2026-02-28,10,45
51fa7766-d234-4fdd-acc0-1d547bfd371e,2026-02-28,14,14
6001ff92-e83b-4586-be10-19504e13c7ca,2026-02-28,10,10
6961cb3d-9065-43d3-8352-a1dc864fab86,2026-02-28,1,1
a7b87ec9-0779-488b-9001-069d85cc6cdf,2026-02-28,1,1
cf5e4477-2d80-4fcc-82e7-aea931f0ac5b,2026-02-28,1,10
e40d6dbc-4bcc-4932-8ce0-f2de026ea655,2026-02-28,1,10
0c55e907-fbd3-46bf-9ea7-61f08be4c4b4,2026-02-28,14,14
1b7c7b14-5625-4214-952f-877dd3005e8f,2026-02-28,10,80
217ab572-3104-48b6-af9b-4aab6ec71f04,2026-02-28,1,1
2d906dea-767f-476a-a267-7ce5cf0d9955,2026-02-28,1,1
8158f390-143f-4c1c-9590-ffeaa95b8ba2,2026-02-28,14,14
83a5eb63-f916-4c10-9643-df5cde70f2de,2026-02-28,7,7
c21c3063-b279-4642-be4d-85349305c260,2026-02-28,1,1
0ab589b0-87a5-452b-a837-0e3486cc0ac6,2026-02-28,30,30
20606822-a299-4eea-aef6-35b053cc6308,2026-02-28,1,1
78f7a424-4732-4f17-9f6f-457c7e9b7412,2026-02-28,1,1
9b1e1221-8b5f-438c-b3d7-4da50c55e44f,2026-02-28,14,14
c3fe5415-e73d-47c8-93f3-eb94f2ac3cfd,2026-02-28,1,1
eeb1f0d9-8be1-4e10-91d5-5d20da8a89ad,2026-02-28,1,7
124391e1-e171-4ff0-898d-a46ac0018077,2026-02-28,7,10
b23c0a14-a151-4231-83f5-b886bc5def50,2026-02-28,45,45
b941dba0-10b0-42d8-940e-4ada878f3004,2026-02-28,1,1
c4b650d5-ddfa-4170-b25b-cc724fb7d6c7,2026-02-28,14,14
da315cfa-36b6-471c-8bc0-53cfb2ad6322,2026-02-28,14,14
de9fbe8f-4553-49f4-a63c-fb3ffe32a4d5,2026-02-28,1,1
12243d08-b71e-414a-a3d8-2c56ce7e5f02,2026-02-28,7,7
1beb5f69-43ec-49a5-b1d1-3936e9b5d6ed,2026-02-28,30,90
6a2d2572-5d4b-42dd-8bb8-705d27bea58a,2026-02-28,14,14
867e435d-65e4-4435-8a4a-c206d25bd5f2,2026-02-28,10,45
df7a2455-0cfd-4943-9216-760e4aa81d84,2026-02-28,1,1
7597a7ea-ad7e-4c40-8c83-07bd79638fc9,2026-02-28,1,1
8190fd19-3699-491a-bf02-2983e391c1a4,2026-02-28,45,45
b0bc57d7-2d66-46c7-9e43-9a1308f26fb5,2026-02-28,7,7
e3a29f35-3a41-4be4-ab5e-1e81a8dd07c6,2026-02-28,80,80
38ec03c4-7bdd-40a6-a1a0-b03eb0147aa4,2026-02-28,14,14
7a08959e-6620-473b-9b8a-c6ba550ce5bf,2026-02-28,1,1
98baddcd-e9ab-4e94-a60b-cdc3058c5948,2026-02-28,10,10
b302f996-c502-4afe-9fe9-2361bbe0c5f4,2026-02-28,1,14
bfac49eb-d1ea-41a3-ab1a-2eab57ed125f,2026-02-28,1,1
d41b277a-af3f-4066-9ea9-b875e2ebf95d,2026-02-28,1,1
216eca67-3593-47d7-9db6-8bd8f5e04207,2026-02-28,14,14
604ba61d-7dc6-4d6d-bf82-49b528f5aab0,2026-02-28,7,7
7b72f3b4-7aa8-44bd-8805-c708f5b1a605,2026-02-28,1,10
9d15e469-0c83-458d-9e23-292770076730,2026-02-28,1,60
9e9bbebe-1269-48fe-a198-2e52698e091c,2026-02-28,14,14
cc39bdd1-921b-4962-acf6-7da6edd19989,2026-02-28,14,14
d15e784e-a644-48c6-a16a-7e5ac39dea3e,2026-02-28,14,14
dd845318-8e54-4d63-ae54-aa7b0049f3d8,2026-02-28,1,1
836fd9fd-fdb2-40e2-9226-58bb6f2a125a,2026-02-28,1,1
8b588f54-3c91-4862-9c91-308e1a4b3fba,2026-02-28,1,1
9de6ad3b-8414-4af4-8044-3a8e86f36ba0,2026-02-28,45,45
bbeadd9e-1009-4685-a2d3-091e08f857c9,2026-02-28,14,14
145435ec-aceb-431e-9823-364b71240fd2,2026-02-28,1,1
215e65ac-571d-4744-848a-cd39499a92ef,2026-02-28,1,1
3084bfc5-f549-4adc-9367-9ad2df11fbb3,2026-02-28,7,7
4f415179-04de-4e2a-89f2-730fa4ec01f4,2026-02-28,1,14
a8a2840a-b98f-4fdc-969e-7c34b714409a,2026-02-28,14,45
0ab15d37-b2a5-4ed1-ad45-6515426fd1cf,2026-02-28,10,10
1230ccea-f242-4b85-bec6-03b89feafe15,2026-02-28,1,1
653787f4-4063-434b-b014-fbff8fa8d3c5,2026-02-28,1,1
701ae2bf-cc6b-4e51-8e9e-ead5614ed985,2026-02-28,45,45
ddae9a57-74dc-41f0-a07e-12be95a5f98f,2026-02-28,10,14
fb4ea2d5-d849-493a-a061-6611a33eac7f,2026-02-28,1,1
05b93c3a-0248-4590-8b07-351fa3cc8eed,2026-02-28,1,14
2154e931-a0d8-4a7c-9a2a-38819c518514,2026-02-28,1,1
6d698022-46e4-4576-9b25-9b460238f287,2026-02-28,30,30
a421dcb9-4bc1-40a3-9d22-99b4a18ebc2f,2026-02-28,45,45
bdb9bab1-ed96-4320-b35b-5dc67ba6c84a,2026-02-28,90,90
fa27f2d1-424b-4b78-af3f-a206d24538c1,2026-02-28,1,1
1c92914b-415a-40fc-97e6-e680a2bfbcb2,2026-02-28,1,10
4f92982c-8a8b-4f62-9cfc-c1082cc51b4f,2026-02-28,14,30
5a619842-f78a-4595-96f5-0684ef82f933,2026-02-28,10,10
5cbf0b6e-41df-4d18-8ef7-de5eb1ab72a5,2026-02-28,10,14
6c2dc965-c648-4da3-ac7a-13f34541bfa3,2026-02-28,1,1
942aa4a0-8851-4384-a8d4-33f8402298e8,2026-02-28,7,7
9b39b55c-c76c-4216-9841-964774012ff9,2026-02-28,1,1
b7275cef-3fca-4d41-b954-7ed1e3eec150,2026-02-28,45,45
e25ceda3-639e-4a28-8497-78ea12f21875,2026-02-28,1,1
e8080e50-002a-4e5e-a592-163d7cf9a0d5,2026-02-28,10,10
16fc41ff-88ac-44f6-941a-4a230f9d52b7,2026-02-28,10,10
20427426-8052-48c8-8c27-711691aa5c76,2026-02-28,14,14
a883b3f4-41d5-4458-9ab8-ca33e2ad3971,2026-02-28,45,45
ad39fe89-d691-4330-92c3-5ae17133c298,2026-02-28,10,10
ccc1375b-eee4-4341-94ae-9a755d4743a2,2026-02-28,7,7
fa086626-bffb-40bd-8080-85b66b36046b,2026-02-28,1,14
fd940950-0448-4b49-b4f0-0ccaf950b995,2026-02-28,60,60
a06edb46-ab65-4a60-a7a3-2bda0040c3ea,2026-02-28,1,14
a3b388f4-1418-41d4-953a-ae21df169894,2026-02-28,14,14
0cf1804f-37db-40bc-9dc9-36b4745365d5,2026-02-28,1,1
2dbb1d82-6f2e-4dba-b968-93ce409bac50,2026-02-28,1,10
81df0146-6a8d-47cd-b93f-36106da450c1,2026-02-28,30,30
83d8547f-6ec0-49f4-903e-143cfbc10d27,2026-02-28,1,1
9510b651-90e7-4e59-9649-fdd43e31ab2d,2026-02-28,1,1
a9b20c62-5660-45f8-8a7a-5e85e1a3f5a6,2026-02-28,1,1
dc1ab580-ab8f-41a0-9023-d86e306eb940,2026-02-28,14,14
2af62f80-2708-4c85-89bb-292a7048e9a7,2026-02-28,14,14
6033ce1f-7874-48f4-975d-c087cd8e31a7,2026-02-28,14,14
853c49f7-de10-43f2-ac2e-c47fdd7d0122,2026-02-28,1,1
afd2ba91-eb37-4225-ab0f-956b34aea947,2026-02-28,14,14
dfab862e-4070-41b9-9bd4-899d271e64a7,2026-02-28,10,10
414b959b-dbe7-48a5-9fe9-04ee04a653a1,2026-02-28,7,10
4643ae72-3fe8-455f-bf48-c5ef349fbe44,2026-02-28,10,10
88ea957f-0919-4424-afb7-7c4356bc8960,2026-02-28,1,1
9275aaf0-8619-44aa-92dd-48a711034076,2026-02-28,1,1
9a318758-2b1a-4d8a-9cf1-764e5b404bf7,2026-02-28,1,1
0710f315-a137-4d1c-b61c-5f4fbecd0c9a,2026-02-28,45,45
29930e04-49aa-47fe-b1b1-1dbba04204be,2026-02-28,14,14
2ca05443-a6f7-4a0c-8bd8-4ca2e3077b57,2026-02-28,1,1
4cbc5735-e2ad-47e1-8c6e-0170547b8508,2026-02-28,7,7
7bbc0c21-6a19-4e48-acac-c79edc76cbd8,2026-02-28,14,14
9bca1eed-7f14-4664-a2b5-c140bdd3d343,2026-02-28,7,14
c05b5b2a-e192-478a-87dc-741559a0733c,2026-02-28,14,90
c7f850b9-dc92-4421-9e0f-99a0e06a22ec,2026-02-28,7,7
cd522b00-241a-48a0-9463-bc47b259ba5d,2026-02-28,7,7
f1880135-c6b6-4b51-b55c-b29700edbd99,2026-02-28,1,1
02684b86-4cd1-4e22-9b11-4ea2b5b69e9a,2026-02-28,45,45
09f49254-6713-444d-8635-a4502b19f9df,2026-02-28,30,30
342c60ea-a227-4dc6-8cfb-28eb528eaa84,2026-02-28,10,30
3e5ccecb-55ad-4bf3-a614-d7cc509039fb,2026-02-28,1,1
4f855b69-a219-48a5-8383-e58b6f4a4243,2026-02-28,1,7
52fa4e9b-ab2c-45f4-914e-49965a549bab,2026-02-28,1,1
a0b55c09-30b0-41d2-b7a0-9c7bbb1093ec,2026-02-28,14,14
e5f8ee6b-38d1-41ac-b95a-3c43c2a3d6b0,2026-02-28,7,7
235d9593-4647-4ccd-a9ed-e3320931a3fe,2026-02-28,1,10
2a5f4c1b-7fd0-4a6d-8aae-ee4ff3d554f1,2026-02-28,1,1
6261c239-347d-4a00-9eb8-106c976a1ab6,2026-02-28,1,1
991422a7-9230-4f6b-85d8-d4af3236619f,2026-02-28,45,45
b206d3b9-639d-469a-90f9-63fdf16bbde5,2026-02-28,1,14
e0870fee-afa0-44bf-bacb-9e59de0b18b3,2026-02-28,1,1
f14be57f-58b4-4988-8a65-c66f571c337a,2026-02-28,45,60
08562f0b-7470-4a65-9d22-625743fe1120,2026-02-28,7,7
11e9e0cf-9d81-4862-b764-bf6393a3949e,2026-02-28,1,1
8283ef12-cbc7-4bd3-b209-ab48f771db9a,2026-02-28,60,90
a953c67b-a8cf-40ef-9fcc-a22563fe11b7,2026-02-28,30,30
ac885840-bd77-4f5e-be0b-c36b543d5099,2026-02-28,1,1
efb7f99a-fd6b-47b5-ab21-ac1f4a4757ca,2026-02-28,14,14
815440ce-03e3-40e7-b300-2f826d9818fe,2026-02-28,45,45
96700475-6eeb-462b-a55d-ca7e53db26d1,2026-02-28,1,1
fae03bea-9168-4826-82d1-525a895a12ab,2026-02-28,45,60
193e5f67-4efd-4114-8af4-778ba276164a,2026-02-28,1,7
2dac5d75-9a2d-4e71-af4c-95a6fb01f89b,2026-02-28,7,7
40b3768f-0052-45ec-af96-72e4983e0a38,2026-02-28,7,7
4ae6a15e-3593-41fd-83b2-c095e3b753ac,2026-02-28,14,14
8fdec3c9-cc85-4f09-b361-b05621a93915,2026-02-28,10,10
ab6bb6b2-3ac3-4ffa-a8bc-3507721b605a,2026-02-28,1,1
be611d48-e434-4fd4-824a-81d35fbcb3b7,2026-02-28,10,10
c60b5ca8-0e39-4949-bfbd-abd30c040439,2026-02-28,1,1
e1360426-ebf5-497b-89eb-a20fb4198f4d,2026-02-28,1,1
f2ed8adb-d0f2-461e-a861-8d967c5ea8bd,2026-02-28,14,14
5ad81f34-5030-4e3b-a31a-63ddb5ca1317,2026-02-28,14,14
a69ef54f-a588-4463-8917-a39d5ee60f47,2026-02-28,1,1
bd5f03e7-4a08-4810-9289-a28cf42b2526,2026-02-28,10,10
8b523fe2-22cd-4333-9fcc-ddad6f420e5f,2026-02-28,1,1
8d762434-043b-406a-9f70-62c5a360038c,2026-02-28,10,10
ab277345-bf6b-408e-a26b-4bb3c48369e7,2026-02-28,1,1
bc4ddaca-3fd9-4bed-9208-f55d8e390382,2026-02-28,7,7
cd199457-69ce-4058-9a44-3c3bdbe0882b,2026-02-28,10,14
ebf52155-4b2f-4374-84a8-f7190ab4872c,2026-02-28,1,1
f086e596-a6c0-4eab-9b58-7fcccb8625f3,2026-02-28,14,14
f0a6c103-4e2c-4af5-95ee-a2136aa7d0f2,2026-02-28,7,45
77b9907c-c307-4739-8978-12627a3b73b2,2026-02-28,1,10
86779343-9f6c-4dee-9035-c49f03879000,2026-02-28,60,90
970e2664-b4d1-458a-be70-e653bf91f9dc,2026-02-28,7,14
9b885999-18e9-43bf-b64d-e6d907916228,2026-02-28,1,14
fbfb53e2-cf78-4003-8a2d-d8cc7a6dfdaa,2026-02-28,1,1
04c88940-125f-4938-99c0-258f837871c8,2026-02-28,14,14
1e1dc632-1103-4e89-aec2-d291b557be71,2026-02-28,14,14
1f9fd461-1b7c-4ad9-a11b-f0917916b5c2,2026-02-28,1,1
29555bf1-b4d4-4f5c-b465-70c5bd16baf1,2026-02-28,1,14
3c3a571a-dfd8-4de8-944f-f55c2c85a78f,2026-02-28,1,1
830100a0-f6de-4af0-96c6-d8bd2218776a,2026-02-28,10,10
c2374519-63ea-4301-b7cb-9e26e86b0061,2026-02-28,45,45
f40701c1-5903-4490-a58f-71733c80d43e,2026-02-28,7,7
278346a9-6686-4246-9eb7-1cebb3a6965a,2026-02-28,14,14
3205403d-57a3-4028-b5f6-39d73ced82d0,2026-02-28,1,1
349f281c-f972-4894-b9fa-34f5f7fc5cfa,2026-02-28,1,1
4b2792cb-ba8b-47f3-bda2-78f34688e1e9,2026-02-28,60,60
7aa33de5-f294-4431-b11c-7941cb18d608,2026-02-28,7,10
9ccd75b9-2651-4ca2-8cdc-476e3198c8b5,2026-02-28,1,1
beb2ef04-46a9-44d1-9056-d25f243d79f6,2026-02-28,90,90
d6278ff7-14ef-45a1-b5fa-04666e0dc576,2026-02-28,14,14
bbca04ab-675f-4e62-8e37-0f47b81cf7c1,2026-02-28,30,30
c672a8b8-d6f7-46c3-8ff7-c0065ce523d8,2026-02-28,14,30
d5805d33-c9a3-481f-b4bb-8e2d02d805cc,2026-02-28,10,10
dd76d5da-9c96-43b3-be3c-4fd6addcfe6b,2026-02-28,1,30
e05c1fe3-4b25-42c2-8733-ec5a7db6e096,2026-02-28,10,10
112889d7-d81e-4195-a23e-c0dc008f6286,2026-02-28,14,30
7cb1752c-0c93-4252-8ab2-f82d9296b13f,2026-02-28,7,7
ed25f1a9-0c14-4d11-ae0f-517438915820,2026-02-28,1,14
15cc6c01-4e27-4177-8134-b1b09fdb030a,2026-02-28,14,14
1d8337ed-2086-4fa1-a416-481b8009ae24,2026-02-28,14,14
2ce51bb7-a2af-41e9-a93a-1c2d2a57c623,2026-02-28,1,1
3d0d0880-759c-49f5-8072-e04e5af498c3,2026-02-28,30,30
4af1f7a5-ace6-440a-812c-0a7c66ba9a94,2026-02-28,10,14
5dfb62a7-31a5-441d-a3b7-bc00620da195,2026-02-28,10,10
627474b6-310a-4975-898f-136800c2e4cb,2026-02-28,1,14
bbb35cac-c509-4e9a-9808-e1b2d35d8c04,2026-02-28,7,7
c1c8c056-127a-4d80-9b41-0c2fb0cb39c8,2026-02-28,1,14
e59a840e-bf64-44de-ab54-7ffa0ead4d3e,2026-02-28,7,7
2cfad650-819d-4538-ae61-ada316311156,2026-02-28,1,1
534abd29-ce1d-49ba-bacf-7e81a6e34c7d,2026-02-28,1,1
5a10ddcf-b026-4b4b-aa01-7075461325bc,2026-02-28,7,7
62a5a496-e674-4bcf-95af-3b96c68000ca,2026-02-28,1,1
cb3c16d5-8945-4938-b7ca-cc6ae3e2678c,2026-02-28,1,1
22310a00-c948-4631-b599-eb809b867e71,2026-02-28,1,1
487c9bba-92de-4d11-b5fd-18ed70cb6bbf,2026-02-28,10,10
58478cf8-9682-4b29-b4af-ba736a257995,2026-02-28,1,1
720fde58-af37-4b32-bb52-7756d63eadca,2026-02-28,1,1
8edcb6e6-cff6-4949-9806-96b2c874e892,2026-02-28,14,14
93354e2e-a994-4603-b97f-29c6cf7e190e,2026-02-28,14,14
55c4ea71-586d-4d1d-b006-5a9de9dab04b,2026-02-28,1,1
5bbe882b-7fee-45ae-ac28-1de2e309e25b,2026-02-28,14,14
ae2faf0a-91b8-48e2-bb26-dca8496248d1,2026-02-28,7,7
be502bb5-2ba8-4921-aae7-336c9c94f8b8,2026-02-28,14,14
ed27611e-7a26-4284-80e6-4a7469f46423,2026-02-28,1,1
2994761d-5053-4556-9ad3-cd4b8459cf47,2026-02-28,14,14
3df2f482-2797-45b2-b095-8a64191b72ad,2026-02-28,1,1
523f740f-f392-4c5d-b530-f9ee71ba51d6,2026-02-28,1,1
98f68da5-4053-49a5-b0e6-56ada7ba2d05,2026-02-28,14,14
c54c0c17-0cee-4b30-a15e-b8677c3905da,2026-02-28,14,14
54c9e735-e424-4fe0-bcee-a3214ca0bdd2,2026-02-28,1,1
67e54e17-ccf9-40f5-bcaf-62d991c9458d,2026-02-28,1,1
6ce8f5c1-7410-4abe-818a-e211b7026491,2026-02-28,14,14
982c2464-48df-4b08-bcdd-d8a0dd47563d,2026-02-28,1,1
0a7c7966-c788-4aad-8065-b6a9ad95c782,2026-02-28,1,1
287ad2f7-9595-4130-b5b4-879aadf2eb26,2026-02-28,1,1
3097c6ee-1fba-4af6-9569-2048964d0fd6,2026-02-28,7,7
43e1fe0c-d5c2-4e64-a361-bd6072cba428,2026-02-28,1,1
579ab3f4-e102-4f0d-ae63-edfdb8e16103,2026-02-28,1,1
6310d4fc-0161-4d14-8d5b-bd638770a876,2026-02-28,1,1
6890b5f1-fea2-4db8-a430-ddbcace02989,2026-02-28,14,14
7625d310-3a1b-4b5d-8259-22fe3b8ff530,2026-02-28,1,1
9da6ea60-e93b-41ae-b5d7-c220ceb401b4,2026-02-28,1,1
9eab1900-61e9-4f92-ab7c-5f34fb19589e,2026-02-28,7,7
fa45fbd6-f4f1-429a-9a82-2e3e33fa5224,2026-02-28,14,14
478343c3-e13f-4a0e-97b4-26ae04fee8cf,2026-02-28,7,7
6fe45ebc-d7b7-4883-9c68-bf7d1649b143,2026-02-28,1,1
a058e097-c90f-45de-8af2-bd8fc36e3e5f,2026-02-28,10,14
aad8a16a-7ebf-4ac4-bc6f-6f59f4bf0d04,2026-02-28,14,14
cc7039dc-9960-49d0-b308-b3dd8e896f4e,2026-02-28,1,1
13314ea9-fc57-4636-99d8-9bced277e337,2026-02-28,45,45
2176a676-c89a-45f2-94f4-a86201971938,2026-02-28,10,10
a9353535-b158-4d7c-aacc-17b6b64d7632,2026-02-28,1,7
bd9bf5f8-d1aa-4370-80bd-b2b63941b403,2026-02-28,1,1
c5cff25c-ee2f-4988-8676-3f4c81062290,2026-02-28,1,14
18a6eeb2-ad8a-459f-8bb2-a593d5e69ecf,2026-02-28,7,7
1f920aa0-744b-40cb-a542-90f1c0cab7c7,2026-02-28,1,14
4d688062-3284-4f20-a4ec-37a7e5f00c0d,2026-02-28,1,1
5d5c19de-94a2-4aaa-8196-09d4d49b6f07,2026-02-28,14,14
cfc0f274-bc4a-483b-bc0a-00e73c37421c,2026-02-28,14,14
5542b585-e1a4-4c82-9324-2c722d32a968,2026-02-28,1,1
d449464a-333a-4b6c-a7e7-b79be25576f4,2026-02-28,1,1
0a21f498-21a9-406d-b588-9cd17f938b15,2026-02-28,14,14
545c3b48-fb73-4da9-9e46-3c23c0dd48f5,2026-02-28,1,1
638ecfe9-72b2-4cdb-823a-0d721626237c,2026-02-28,7,7
91648f77-2881-4539-b2c1-9c0d60986ef3,2026-02-28,1,1
aeb15651-772a-49ba-80e8-b64d7155e6c1,2026-02-28,1,1
c8166588-03b2-4fa4-801c-6af7b314e97a,2026-02-28,1,1
e9985215-8751-4a06-9759-26e6f318b8b1,2026-02-28,10,30
ff965358-e905-429b-810c-155aa4876eba,2026-02-28,1,1
17b1464b-d502-49cb-9a44-636ab987a617,2026-02-28,7,10
8f3e5669-0ad4-4045-841b-e1848c69923c,2026-02-28,1,1
b1b3421b-ca23-4e8c-b12d-c867bdca919a,2026-02-28,1,1
f506723c-3524-4659-8a01-7318c0897b14,2026-02-28,1,1
fa3482bc-991f-4198-97d0-9eabf80cd3db,2026-02-28,7,7
fb13f20b-85e6-4652-8635-c4f2ff6a350a,2026-02-28,14,60
150159e2-c4a1-4ab0-9801-0ea3eb43f363,2026-02-28,1,1
21b2752f-fe88-4b9d-8d14-ee956f6c10d6,2026-02-28,1,1
2e788b50-d4a8-44c3-ba40-b953c81f3ace,2026-02-28,30,30
834435c8-d821-4c6a-bd2c-3063ad09310b,2026-02-28,1,1
83c56b2e-12c8-49b5-8fc8-29ab607d3a3d,2026-02-28,1,14
124286c9-706c-42bd-a4e3-8a2e96bbcd5c,2026-02-28,14,14
7b1a5b4c-090b-4248-aecf-e32e04732e4a,2026-02-28,30,45
85a1106c-cf0d-4d9f-9106-f03987559193,2026-02-28,1,1
230db3ba-e9ef-4a91-9ac5-3a90beb82d49,2026-02-28,14,14
272b9b5f-56c5-4274-9ef5-c542750bf19b,2026-02-28,10,10
8895ce86-2d85-406f-9e22-b438b62cc06d,2026-02-28,30,30
ab884251-989e-4d47-bf7b-66a0cdec3c12,2026-02-28,14,14
c10fe5e7-ea13-46e1-a0f0-2c10c49ad133,2026-02-28,1,1
eaa523d0-b155-4e62-adbd-cfd25ce743cd,2026-02-28,7,7
ec9b7622-1272-4e12-ad91-288e2b1ff091,2026-02-28,7,7
0a6a2b23-dbf5-483f-8b6d-c2bd86f7ac3c,2026-02-28,14,14
1d48ec51-2504-48f1-8cbe-f41de5904fd2,2026-02-28,1,1
632f28a5-a000-4f33-9327-a726e052077c,2026-02-28,14,14
88414a99-3a5a-4958-ae99-5324e20ef4b7,2026-02-28,10,30
f02eb362-2490-47ce-bda2-3fa87095bc83,2026-02-28,14,14
62b3a10d-543b-41a2-b057-dc59e89254be,2026-02-28,1,1
85045c2a-e70b-4ea1-90ce-78197d662944,2026-02-28,1,1
e7dca9b4-813d-466d-a11a-f1498d476f38,2026-02-28,14,14
fd8ab984-8ad7-42b6-9c15-c7b4cf241188,2026-02-28,14,14
77185015-3c36-4419-bb1e-553cecef06d3,2026-02-28,1,1
eaf92f5a-a20b-4b48-950e-88a83304f56a,2026-02-28,1,14
fae63967-3439-4c26-b4a6-ccf1e72a6df4,2026-02-28,14,14
040592f8-f115-4628-b142-ec996d4428ff,2026-02-28,1,1
46d0544f-9b25-45f9-b40e-6ec0af0521bd,2026-02-28,1,1
8453d2e4-d546-4070-8c51-6f8c4aa867be,2026-02-28,14,75
9521ecce-c56c-4ca7-b757-480110ebdd89,2026-02-28,1,7
ca079144-32f1-4f09-ad95-9b8d75b6c812,2026-02-28,7,7
db56b789-2f0f-4e26-b988-8a88f217bc3d,2026-02-28,1,1
e423b881-04ca-442e-b5f4-c6117b3610e7,2026-02-28,14,14
f4c14e1f-13c1-470c-8733-03ae0611bf40,2026-02-28,14,14
0fbd3c77-714a-4ff1-a404-51b008f8b257,2026-02-28,7,7
1ff86cbd-407b-4dcd-8ecc-eb554e5364d8,2026-02-28,10,10
3cbb2405-1994-4257-9e58-ed8c00a27e42,2026-02-28,120,120
f27ea34f-866f-4b0a-b043-000b5250aa1e,2026-02-28,1,1
2acf433d-b5b1-4f13-8efa-f2b11a5babf2,2026-02-28,14,14
564ca552-7623-4199-a1f6-748438d583c6,2026-02-28,7,7
9377322c-70c3-4b10-9733-ad44e6f86e6a,2026-02-28,1,1
a699df84-312b-4481-a148-5e1b5daf7b9a,2026-02-28,10,10
bc7adff6-28d2-4820-9b74-1ae1f749ba0e,2026-02-28,1,1
bfa7b8c1-d078-40ac-b0fb-9b1dfe41eddb,2026-02-28,1,1
d31145f8-0472-428e-aa51-0f42161834eb,2026-02-28,1,1
d891ee1e-7278-490e-bd57-574338872a21,2026-02-28,10,10
18466849-21d3-4d2c-8ea1-e33a35781f7a,2026-02-28,45,45
460592df-6dd0-4c19-b01a-023c2affdf75,2026-02-28,45,45
4f9b0178-07bb-4acf-b07a-7fef1839ddde,2026-02-28,14,14
74d9e000-214c-40b3-9ef4-4e82fda86eb8,2026-02-28,1,7
77535e83-7eb3-4b9a-9161-7972a837cbe2,2026-02-28,7,7
93c1076e-63e2-4487-9cb0-7a99bc42e59c,2026-02-28,10,10
8a0faa83-84b8-44be-bb64-99eddc475a96,2026-02-28,14,14
9feffa4d-0aa4-4abf-bdef-f02cd8d6b69f,2026-02-28,7,14
baa31914-b821-4d19-8628-76556b86aa94,2026-02-28,1,1
c07e68b5-22c8-4ad9-9c39-93b6894febc1,2026-02-28,1,1
cd9e7419-e82f-4c74-89a3-9528559666b4,2026-02-28,1,1
d8a9572d-3fe3-414a-a8d7-e153b6840e34,2026-02-28,7,7
e5510224-4f10-42c7-8e12-26fc578f65a7,2026-02-28,7,7
0e670c11-ddb3-41e4-85e6-634305d02c40,2026-02-28,1,1
32924d52-8e3f-4d9b-9cd4-37c5489f2b9e,2026-02-28,1,1
3658d4bb-4712-4ea2-9345-dc736cf8bffc,2026-02-28,1,1
3e321515-e5a8-4f12-87bf-59ba4d578640,2026-02-28,7,60
881681f1-5b4e-4386-adaa-deab7406f73d,2026-02-28,1,1
bbf3b8bf-5979-4a54-99b3-95357f1d7faf,2026-02-28,1,1
c7a3b118-0400-48e3-880c-3def73df822c,2026-02-28,1,1
f6fa6618-a129-4449-adf6-ddca161dbf0e,2026-02-28,1,7
043d479c-1df2-440f-bb14-1164e1a0e208,2026-02-28,1,1
070d61d3-d37b-4a5e-9dee-329cd21cb09e,2026-02-28,14,14
b0c58942-85bd-456c-8070-a74ac75b0b2d,2026-02-28,45,45
bceb4bdf-3636-4f7d-b4dc-f9f926e53b17,2026-02-28,1,1
e23b1b1f-d471-4401-af62-c841e0d3ef27,2026-02-28,1,10
f6a48cbc-0e97-4473-9e58-0425176188da,2026-02-28,1,1
104e07bd-45d8-4d1b-8dd3-1bc2b816bda7,2026-02-28,14,14
69f83ca0-734e-4ae2-a472-1e83ec62b063,2026-02-28,14,14
72aef457-cb70-4d1f-b134-9b947dc04aa4,2026-02-28,10,10
895abbcb-13ce-4f38-b140-e07f94a2c89f,2026-02-28,1,1
9feca214-e8d6-4850-9fbc-738f743c6855,2026-02-28,14,14
b2450372-cfa2-4e0b-a232-df5726b9bd1f,2026-02-28,45,45
f7041c4a-511f-45d5-8e89-f0d9ad953ec0,2026-02-28,10,80
f9664ba2-e4c2-4f7f-9798-f4eb1e66b8dd,2026-02-28,7,7
0771e319-1d39-4c8f-861a-f6caca8a271e,2026-02-28,1,1
216b3a39-1a45-4169-88f6-519e8b10a91e,2026-02-28,75,75
46a4aa58-da4e-4c6f-93bd-10796dc45da0,2026-02-28,1,1
7bb7eaf9-0671-481e-8cc0-4866f3c8b2bb,2026-02-28,1,1
901aca4b-4a8d-4819-95cf-e906df5e5ca1,2026-02-28,14,14
a87f469b-c677-4e81-9189-d7381effddae,2026-02-28,10,10
0d4b2a6e-a46d-4821-86d8-4d70b2bee23f,2026-02-28,1,1
342b5229-1e95-4753-b9d1-aafac121b983,2026-02-28,7,7
53f87094-a0e0-4ebe-b1ce-138bfc24487f,2026-02-28,10,10
6bc74511-a93e-4824-8391-7438419d3000,2026-02-28,14,14
7d3d3ed3-fbde-4b4d-854d-5f7d3cd11356,2026-02-28,14,14
80c9f71e-d7ed-4945-9eb3-40d94add27c5,2026-02-28,1,1
b2faf8ef-a75e-4a60-ae14-065a16ce6cca,2026-02-28,1,1
b8056d65-1cdb-4571-aa6a-128bb5370961,2026-02-28,14,14
d1c42f35-df1f-444c-a117-4b4fcabc2cc1,2026-02-28,1,1
dd2f3d08-8f9d-4077-8107-d8b02b2e97e5,2026-02-28,14,14
15258b93-c7e7-4cb1-9a11-43e70d6a24a8,2026-02-28,1,1
2906e76c-3e6f-4eeb-8fc5-7dec333c5135,2026-02-28,1,1
cf64a0e0-6a81-4478-93dc-baefeba3684c,2026-02-28,1,1
d6a6dabf-562f-4ca2-b921-ce346e940081,2026-02-28,80,80
54b24be7-09c5-4801-9547-56ec76978b82,2026-02-28,14,14
75964f5a-8144-48a7-8f1e-366e5c6e3171,2026-02-28,1,14
f92b8a4c-0bbb-44af-a846-d4b019ac02a2,2026-02-28,1,14
3554d84e-f96e-4359-9dc9-c1551cc494c8,2026-02-28,1,1
518d77bd-5065-425d-97b3-72a3f5ee67ce,2026-02-28,1,1
6ba496cd-3330-43c4-95be-bac649d37e08,2026-02-28,10,10
8499cdce-b83f-4bb7-bb37-c782f956a167,2026-02-28,10,10
940d495e-e5e0-4911-9e60-4a0e4f9271db,2026-02-28,30,30
a5ca21b8-6a3a-4b93-9237-a5fce7acfd79,2026-02-28,14,14
d63769bd-98d0-4bb6-8456-76419b4c1886,2026-02-28,1,14
ed3db987-95e1-44f9-9618-13f55680016a,2026-02-28,1,1
08601fc2-1c77-46c8-b049-1a870b10142e,2026-02-28,45,80
10c44ab2-858f-461f-820f-91a21eb69086,2026-02-28,7,7
19465abc-6e57-4e0e-bd66-85cb26c8c9cd,2026-02-28,10,10
236c8751-a7da-4e6d-9c63-a279460c9005,2026-02-28,1,1
6019885d-d673-4476-af69-838ed9253a6c,2026-02-28,7,14
9602ff11-067d-4bce-8a43-1c55d05c9cdb,2026-02-28,45,45
b7a97045-0660-447f-a39f-38b1be726de5,2026-02-28,1,1
c55e39a8-b58a-4062-ae2b-d965f4ba027f,2026-02-28,90,90
c8681a11-dce5-4f98-8050-837a61f11c20,2026-02-28,1,1
cb172e4d-dd75-4d80-9a69-02d0e3996a38,2026-02-28,1,1
df9baa51-0687-42be-accd-eeda39608235,2026-02-28,1,1
6b127aa5-12ca-4598-ba73-b0c3ec5c9f80,2026-02-28,45,45
6bc89772-d1dc-4b94-93dd-09402692923a,2026-02-28,14,14
d384318d-b192-4e2a-af90-fecd35edeef2,2026-02-28,1,7
f0d1c924-8475-45f8-b877-3475cbf0f2e0,2026-02-28,14,14
2d9b1f01-60d4-4bbf-9873-8f31039c35d4,2026-02-28,7,7
2ef71833-8fc7-4a77-8d37-a3ea4db277e1,2026-02-28,7,7
3a3d89f8-cf25-464c-a4d7-9396e71cd27c,2026-02-28,1,10
5d548fc3-2633-467c-be77-e4f9af189220,2026-02-28,7,14
78fa1121-fd87-4c95-8137-8c395d623c3a,2026-02-28,1,7
83166944-6aba-440d-8970-6f3fe4d0aa45,2026-02-28,1,1
8f840055-bfd8-4aff-bc90-0f88c25c5ed8,2026-02-28,45,45
9f4cd6c3-a9a7-4b58-81fb-710350923cf1,2026-02-28,14,14
b9571403-f962-4a0b-8db2-7b8db2e0f311,2026-02-28,14,14
d9448f5f-2ad9-47ee-9a7d-65cd93fcf185,2026-02-28,1,1
18977806-f251-447c-84f5-f26c311be293,2026-02-28,7,7
42710091-7917-4f26-aff0-780635f483c8,2026-02-28,1,1
4338c85b-ff6b-400b-a567-a267a2b40bcd,2026-02-28,7,7
4cef35b4-14a5-4d05-bdf6-38e61cb590cd,2026-02-28,10,14
5d6ef7a9-284d-4915-9ca7-0c6e4a4389e0,2026-02-28,1,1
cce287f4-daf8-4091-acc5-0480a748066f,2026-02-28,14,14
0725a2c3-bc9e-476b-b3ee-1028ae2c5911,2026-02-28,1,1
1ac2d6b2-fad8-4ef1-acfd-ef70e76d9533,2026-02-28,45,45
8d81dd29-4c69-41f1-a232-0df4a6b16afc,2026-02-28,30,30
8fa6aa68-120d-41ff-8fc0-fd6eaf57bd84,2026-02-28,7,10
92c3b6db-f4cf-4874-a5cd-86871ddcbc36,2026-02-28,7,7
ae5113fb-3e6d-45b5-a48a-e2a4162f1567,2026-02-28,1,10
c9abd127-3d01-476d-8d0d-ab74898abf89,2026-02-28,1,1
ca04bf6d-bf21-49b5-89a4-e9e845fef711,2026-02-28,45,80
d890b4ad-1a2b-4322-bcd2-1001b4eae32e,2026-02-28,90,90
e2feb6d0-8562-4e65-a363-9fc1d01b1fdb,2026-02-28,45,45
131fd951-e647-443b-b504-470fcf3d8f41,2026-02-28,1,1
4d0cec0a-6b64-4b0a-b23a-332316c7e893,2026-02-28,7,7
807b8894-53aa-4063-8762-6e9627dad428,2026-02-28,14,14
86def388-cea4-420c-84de-4ea092a9acac,2026-02-28,14,14
f699ea55-89f7-4e1c-a332-e90f009dc835,2026-02-28,1,1
39bf3161-42e9-450b-9279-05378467b152,2026-02-28,7,7
45892650-9e0a-4b06-bcfe-5e3fbef29b57,2026-02-28,30,30
4fa040d5-a02d-4cbf-b1ec-0a00eb80817c,2026-02-28,14,14
66b4fb26-db93-4aec-a6eb-c95950d2662f,2026-02-28,1,1
692973b9-f385-493c-9cc0-0b7da434dbb2,2026-02-28,1,1
b2514121-aff0-4ede-a881-f0f263185b9f,2026-02-28,45,45
e1fc31cf-979d-4bec-af54-4e76ce49954b,2026-02-28,1,14
ec2e1be3-0a8c-40ce-bd8a-dd8786ea143e,2026-02-28,14,14
ee4ad2d6-aa75-497e-b96a-f85b97c5f999,2026-02-28,45,45
ef675a53-d42c-49f1-8312-1448b551a863,2026-02-28,1,1
39dd23a3-668f-49a4-a583-a79f049091cd,2026-02-28,1,10
578df68a-3cf3-4498-b6e6-19ce550c063b,2026-02-28,10,10
6a06136c-7870-4227-85a7-57715ebdbafb,2026-02-28,14,14
89929cf8-633d-4ed1-ba82-e6c448774a4d,2026-02-28,14,14
8cd0e9f9-e3fa-46e4-aa44-323eb86f59a2,2026-02-28,45,45
b5291f15-6df5-4066-9496-28de1bd84db6,2026-02-28,1,1
e8ec681c-e848-428b-81f0-625bc5d910b7,2026-02-28,30,30
4de8da13-a1db-4119-8b5f-24387ae75afe,2026-02-28,10,10
a33bdf53-276f-487b-9ece-ed341f64ce33,2026-02-28,14,14
e4346ecf-dae2-47d7-bfb4-f79b84d0f784,2026-02-28,7,7
18629e49-152c-4e86-a60e-58842d0a8998,2026-02-28,45,45
4224450b-55d6-45e9-97a5-6493886123b4,2026-02-28,1,10
58f483d9-bc6f-425f-a9bb-36724c4d2ba4,2026-02-28,10,10
7d4fe636-9270-476f-afe8-49f3f11de710,2026-02-28,1,1
a8198537-0905-402b-9a80-ebbfbf26f124,2026-02-28,10,10
bd9aec00-dc42-439f-8a8f-ab7481e0ed43,2026-02-28,1,1
eaf54c28-c71d-4c15-b206-66389fd173b3,2026-02-28,14,14
eee6f67b-cbda-4483-9d13-86bc3328f133,2026-02-28,1,1
ef3786aa-1916-42be-9c31-e45380284534,2026-02-28,7,7
6ec1b3ac-dc4c-4292-a933-7603ab149811,2026-02-28,14,14
18743eda-4c45-4e50-9a04-d13267d55982,2026-02-28,1,1
1b44873d-4338-475a-b50f-e313c1250933,2026-02-28,1,1
705058cb-7f78-4593-ac2e-aa1334f21602,2026-02-28,14,14
828b0d66-d43e-4bf4-95a6-9263c2e1c557,2026-02-28,10,10
adb14861-7ccc-4f77-aee4-001d30afc89a,2026-02-28,14,14
db9e95b0-1bdb-4ea5-920a-4e9ed9178a76,2026-02-28,10,45
e6f35b77-d019-4c98-a0dc-043e5eda9264,2026-02-28,1,1
0dab44c0-a9a8-4626-b655-1a2d53027a9a,2026-02-28,14,14
2c160811-075a-4027-8ba8-904a376fc1e1,2026-02-28,1,1
69544c80-0614-4524-85af-e492e5466804,2026-02-28,14,45
77107ce7-5bd7-4585-81d3-eb7b0d8bdbcf,2026-02-28,1,1
7b3380b2-419e-476e-a141-326e0f08203f,2026-02-28,10,10
916b7bf7-43dc-4374-b6d3-18a8902d8316,2026-02-28,1,1
944d72ac-9f7a-4b97-93fc-49aba0f7daad,2026-02-28,45,45
9b516909-32b3-46f8-8945-4b754d103f9e,2026-02-28,90,90
9b994604-dd4b-40b9-9c5a-14c58faff6df,2026-02-28,10,10
d4743338-75f1-481e-ba66-4be2f14d7830,2026-02-28,1,1
ddd9d293-8801-4b86-909d-692a1d5d8f8f,2026-02-28,1,14
0f74f381-9590-40e4-8872-5fc1c1e0e77f,2026-02-28,1,1
1061a21a-1e0b-4caa-85d3-fd38e8d488a1,2026-02-28,1,1
2d7d3d87-6fa8-4d99-8817-bf1597de6022,2026-02-28,14,14
3666186f-af1d-4696-84bf-1413680af2a8,2026-02-28,45,45
706d789a-8747-441b-9a2f-9c76fda78172,2026-02-28,1,1
7a814268-137b-4a73-a273-0b85af8fbdd7,2026-02-28,1,1
80dc003f-36e3-424f-8f04-4ec07aadf4c5,2026-02-28,1,10
e28a2762-65b0-4974-8685-bcc6e3cde37b,2026-02-28,14,14
f98092b9-be8b-4b34-8368-2bc47cabbea0,2026-02-28,1,1
fedc47cc-d6e0-4244-b789-27ea0fb633dc,2026-02-28,14,14
592b0bfa-3130-4a65-a8b9-9280db1fed0e,2026-02-28,1,14
030fdda2-7bd6-4ea3-92ae-ec3b55a57bb3,2026-02-28,14,14
15dd5381-d7ae-4329-adfe-94bd2c66286a,2026-02-28,1,1
25e725de-fd4d-42ef-9451-cf231cd87ec0,2026-02-28,1,1
48c6cb21-e700-4856-9476-558813e062b0,2026-02-28,1,1
4c940719-d61b-4d71-ad39-825cb247bac5,2026-02-28,45,45
6e76a1de-3003-42cc-a45b-3499ca198666,2026-02-28,1,1
84099116-4c6c-44c8-bac8-0d7d5ff9d663,2026-02-28,1,7
bae8fcdb-9074-470d-956e-81542dedc2fd,2026-02-28,10,10
f9ed7258-6fbb-4351-aa44-6094c84cf659,2026-02-28,7,7
1e629a48-65cb-4d74-b909-b37fffc9ae3e,2026-02-28,7,7
5842e7eb-cb37-4b91-801f-397e3308da1c,2026-02-28,1,14
bed78092-9a06-44b4-b1fb-ca88b1be512c,2026-02-28,1,1
cc1cb260-addf-4679-b403-48a9b793f520,2026-02-28,1,1
f02904a3-b2ac-4f0a-96dd-ab602aa3cf64,2026-02-28,30,30
003eb5af-6f64-4241-a187-fd569be94c50,2026-02-28,1,1
2c581276-a8c2-49eb-b03e-b33e3c96e0a2,2026-02-28,45,45
3123538c-1add-46ea-aa3d-c511e3f337e5,2026-02-28,1,1
44fdf555-3b0b-4bc1-8e08-7115e6cbf95c,2026-02-28,10,10
5c1eb55c-437c-417c-ba83-0f5ec64666c2,2026-02-28,1,1
7c454d62-27c4-4b7d-bb2a-444c4cec8ab1,2026-02-28,10,14
2ac9ebe4-0e46-4336-b1d1-aa4d47b53aa5,2026-02-28,14,14
4b7eb39a-1674-441b-b31d-e5b4cb1048e5,2026-02-28,30,90
4c1a7f96-5a2b-44c2-9941-c3502bc4ebd9,2026-02-28,1,1
d36ed081-042e-4ea1-b5bb-bcddd249547a,2026-02-28,30,30
f4bc74f6-bd2c-4d43-a201-d1263de77af2,2026-02-28,1,1
3a8b0991-a5dc-45d3-92da-bfa2d94db749,2026-02-28,1,1
52271b42-3d33-478c-b179-f1be2b0ee390,2026-02-28,1,1
6a16865d-9b4e-4802-b424-629b0de5f7d6,2026-02-28,14,14
706ffe68-4f2f-4a12-84f0-bc4aea13171f,2026-02-28,1,1
983e0e00-7f5b-4c1b-b77e-26cc2f9cfb29,2026-02-28,60,60
98d92d73-5dc1-48a0-bf25-e58b0be48fc7,2026-02-28,1,14
d199cc99-eb78-4d3f-bd98-3044a8e7b85e,2026-02-28,14,14
eb57fd18-e028-4665-ae42-e3e0b1c966a1,2026-02-28,1,1
1e72d3f6-483f-4feb-8d56-ddb31d41ca12,2026-02-28,10,10
1f526572-981c-4bb8-b337-bc3d585ac791,2026-02-28,1,1
bd79025e-7b77-489e-85f4-0ec4b7c59b39,2026-02-28,1,1
1fbae3fc-bbba-4c0d-ac30-6ae1bb7dfce7,2026-02-28,7,7
24a205ab-35cc-4666-88a3-893636c80aed,2026-02-28,10,10
453ee540-2464-4855-8852-6ed54bc8b7e5,2026-02-28,10,10
48de088a-e883-4462-a2ab-f18c95a3f5ef,2026-02-28,14,14
4f0af1e6-7cd6-4e99-8f71-f3bb7a71130e,2026-02-28,14,14
f513facb-1138-4cab-a427-3ee101dff9cd,2026-02-28,7,7
58f34945-e8da-4dfe-ba3e-27ff57e35644,2026-02-28,7,7
6fa5f81c-e669-4fd5-b324-c0fdc8d344f0,2026-02-28,10,10
e5fb5021-6444-430f-8784-6f8512f607ec,2026-02-28,1,1
09fc48b7-9d38-48fa-ad4e-f94a1ca903dc,2026-02-28,1,1
6115fd48-5563-4793-b73f-2064d6a9211c,2026-02-28,45,45
8fdc5c09-5427-4ef9-bbfa-21af2bcd9dae,2026-02-28,1,1
ec246893-a641-42e0-a877-257170e45e74,2026-02-28,1,1
fd2a5615-1b69-48ec-aff7-0fe1e9ef558c,2026-02-28,10,10
29365962-c6c3-4728-9dcd-20b2947da5ea,2026-02-28,1,10
8fa628bc-1b38-4bb0-b65f-45ed78cc07fa,2026-02-28,1,1
aa43b2bf-a860-4156-8ab0-8a7c31922e28,2026-02-28,10,10
31dbf9c0-4a3a-473c-86bc-0b90118675e6,2026-02-28,14,14
64d9e550-aa3f-4163-b309-cd265ab19a9b,2026-02-28,1,1
71e8dba1-c0fa-4aa5-9ebe-2b1149d45ea9,2026-02-28,1,1
7a66ecbc-5cb4-42dc-85f7-802d77b6d63a,2026-02-28,1,1
83ad2002-335e-4e0f-9de0-f9ca98fec300,2026-02-28,1,1
92efd0d4-67b7-431c-97c8-fb5a91b8f397,2026-02-28,14,14
54014bb7-b5fa-40d0-821f-b5d86f6bf6d0,2026-02-28,1,1
83eb7cc2-24c6-4972-854d-8394469b4da4,2026-02-28,7,7
9e9e200f-d94a-4123-b1c1-047a7d79757d,2026-02-28,14,14
a2d26b06-c4e2-4c4c-a9ab-d3e13902c390,2026-02-28,1,1
cf925701-f8ff-4942-b6dc-daa695e99d79,2026-02-28,10,14
0b9e8419-d9ea-4f9a-b64f-3885cfba1a8f,2026-02-28,1,7
1ef2d908-5b05-488b-bf77-3e15a8b43657,2026-02-28,14,14
64ab9bbc-49e6-4b1e-a49a-40ce5af89442,2026-02-28,14,14
7beeeafb-7dcd-4297-929e-5b6a00f2ad6a,2026-02-28,14,60
bd1ef1ed-f08b-4e4d-a947-a5c2e3681be6,2026-02-28,1,7
cd397d7f-970c-4eac-bff1-1fa0c7271120,2026-02-28,1,7
031d3a03-ea9c-4d15-a03e-0e0e910831a8,2026-02-28,60,60
2ab8669d-b672-43c6-855e-bb8edd34e780,2026-02-28,30,30
714a8b2f-8b03-46d4-bc73-db2515ae6441,2026-02-28,1,1
a573d5a6-9772-495f-8845-cd152a3bdf37,2026-02-28,10,30
b4a8c2d9-06f2-4507-8b96-7a33a0eddcf3,2026-02-28,1,14
d7c2481a-77b5-43dd-8e3a-ba0e9110f0a5,2026-02-28,45,45
e29cec35-0713-41de-ae4d-64c8ebf02e17,2026-02-28,1,1
ed010993-5194-4f38-8efb-20d9823a9f0f,2026-02-28,90,90
545850a5-9bd2-4caa-bc85-afac0c4910af,2026-02-28,1,1
890e0c48-4343-42cd-8cd3-81528576ed35,2026-02-28,1,1
b3b54391-22c8-4de5-8650-b81168562a4c,2026-02-28,7,7
d44a2471-8cc5-4a23-8062-fad16cbd60b7,2026-02-28,1,1
e3849fb2-c7c4-4e2d-bf91-12fe1c820a39,2026-02-28,14,14
ffd41ad7-f326-4a39-b758-661ed04a214f,2026-02-28,1,1
1b64f003-4842-4c5f-9f5e-8c687bbb0700,2026-02-28,14,14
30a94ab2-a3dc-4ccc-9234-74e39c5252eb,2026-02-28,7,7
35911a6d-0114-4ac0-9eb3-2e4b528dc24b,2026-02-28,1,1
440469e7-4e5b-4ef2-a2db-376fcd6d0199,2026-02-28,14,14
4546ac5b-6ddc-4320-8ff5-c27cc1d26282,2026-02-28,7,7
50c1f3f3-128d-4157-b817-e0b91338811e,2026-02-28,14,14
6e7d3be0-2b4e-4dae-b878-2c5d84c58606,2026-02-28,14,14
70f81a32-f612-4dec-bc4d-65b17a504569,2026-02-28,1,1
9b46aae9-6285-42fb-bb86-92deb5d5a336,2026-02-28,14,14
e81aac0a-3387-462a-9f8e-e07e4926f45b,2026-02-28,1,1
f9fb3b9f-eff5-4fc2-b36c-1461dcd0f72c,2026-02-28,10,10
7702194e-641b-43ef-82d6-7497c48366ec,2026-02-28,14,30
cfccbdc1-59bf-4691-baa9-1e5127b6757a,2026-02-28,1,30
f5e77770-5712-463a-b9e5-67f6e9d4595d,2026-02-28,1,1
21ac1e33-db6a-41e8-86bc-92afdf6c4638,2026-02-28,10,10
c4ebaa77-8626-4546-8536-8b7119046a6a,2026-02-28,1,1
3787dfd0-c756-4147-a7ed-30afd90fef01,2026-02-28,14,14
484e47ef-edc9-4dbc-bbc5-4e6166b9489b,2026-02-28,1,1
a4b24345-599a-4357-bc4a-36640e5919e5,2026-02-28,1,10
0e316c40-3f83-4120-a3f6-1f49ba089f48,2026-02-28,1,1
4f15c62e-1f85-44ae-98eb-d8964021190f,2026-02-28,1,1
7091fae4-7362-48bf-ac2e-59b976bb694b,2026-02-28,1,1
726347f1-8334-4c73-baab-aba6b2c592f8,2026-02-28,7,7
d587a481-5fb5-4cb9-b5ae-cc610e5226bc,2026-02-28,1,14
f8d94ac0-0a6d-4f04-98ac-7f03f047b5a7,2026-02-28,45,45
fa3ea640-6d37-40fa-9269-66e77ac1af72,2026-02-28,1,1
008795a2-c4fd-4151-a753-201f7878b701,2026-02-28,10,10
11ac9c14-9c02-44fc-9808-c1c181a673f6,2026-02-28,1,1
6f020135-57ec-4f09-9b92-f0b3d9e9fd6b,2026-02-28,7,7
79706d5d-1efe-4168-9ac4-7141fdb8201a,2026-02-28,90,90
904264f6-2dc9-4daa-9ce4-bd554f6b6938,2026-02-28,1,1
98da0def-d9a2-4e2c-aeee-1d664719dffd,2026-02-28,1,7
d3099b3d-3bf8-4a2e-a617-0db37053c44a,2026-02-28,1,1
f42c31a5-e717-4b2c-b5bb-2d230a4ba484,2026-02-28,1,1
02fe4324-8e2d-4c78-9148-b22f4f39766b,2026-02-28,45,75
0304eebc-6bcc-4a7b-b511-ad498bb456f5,2026-02-28,14,14
1d91c02f-38e6-4149-9045-6994f375e517,2026-02-28,10,10
3aa480d1-6d5b-4c60-b90b-2eaa588b72c9,2026-02-28,1,1
3ea0d80e-a613-434a-8e9d-fc3fce089df5,2026-02-28,1,1
c58112a1-971b-48c7-ba2a-5c071a69c80a,2026-02-28,1,14
f4dd9048-db2d-4b58-b755-e68a0193f889,2026-02-28,7,7
343d3d54-1915-4a2c-b393-647b41a7b420,2026-02-28,30,30
6092175a-a8ee-470b-a008-349f2b13b649,2026-02-28,7,10
66067c2e-0389-420b-99a4-47e575398776,2026-02-28,1,1
ada622ee-f146-43bd-a7cf-b0dada205f3e,2026-02-28,1,1
b524735f-2217-440d-b5bd-ba503a4398ed,2026-02-28,1,1
b6ab8a8a-27e1-43c1-973e-8d52ebebdb78,2026-02-28,45,60
c0449742-a23d-4ee5-be57-08fde50ea4fb,2026-02-28,1,10
c7752521-a9a7-4867-8a70-5f7e68d2a2fb,2026-02-28,14,60
d5baa3d6-aa37-4e5c-80d2-0bd4038e679f,2026-02-28,1,1
0a1eb7ef-537a-4d94-b89a-6dbdbc8480ac,2026-02-28,10,14
2ba13459-37e4-47b7-bded-de6b6a3bc16d,2026-02-28,45,90
4b0c8d7c-7581-4fc1-aa69-c1ba15ce385b,2026-02-28,1,1
6b66086d-cdce-4d07-a96b-cff9c2eb7b89,2026-02-28,1,1
6f88f27d-5dbe-4014-b0ec-73c7d2804431,2026-02-28,14,14
7cff50b3-7c90-4dc4-8eb7-b645aab7ddec,2026-02-28,1,1
fc9a1b02-308f-4825-9a75-40a7787d9686,2026-02-28,7,10
114bbdce-84c2-4b31-bf5a-9ca3fd8e5ed2,2026-02-28,1,1
21ac30bf-479b-43c7-93b8-6ea3e417f5b4,2026-02-28,45,60
f4be26cf-e442-4d32-88df-b974d7ce230b,2026-02-28,7,7
174e2d3d-458a-4aea-a98a-7bdee968255b,2026-02-28,10,10
4d42ce11-4c65-44e5-905b-c6fa5a132ff8,2026-02-28,45,45
98a490a1-b30f-4426-988c-149265167072,2026-02-28,14,14
bd6edad5-f4ad-4750-9480-65c1eb82d8ad,2026-02-28,14,14
caa00fac-72c5-47bb-85f1-f38a2754b3b0,2026-02-28,1,1
ed62b98f-f5d0-4182-8b1b-4851de137a31,2026-02-28,14,14
549d530c-be99-464e-bdf1-d1bae07e6a9f,2026-02-28,1,1
60092311-c236-4da2-830e-9a15ca44730e,2026-02-28,1,1
9dc11ed1-eb75-4b51-bce7-e13d19a1e6a6,2026-02-28,1,1
a0d2a215-85e9-40c3-8828-2b2df31d89fd,2026-02-28,1,1
a6f26afa-ce1c-4508-80a4-d47525fd68d9,2026-02-28,1,1
f40ff83c-7e14-4460-a01c-a1b4f6a79ed3,2026-02-28,1,1
2fde2cb5-da31-4b03-8db4-5f62fca73208,2026-02-28,14,14
b716b2c0-593e-4849-b701-41b27d4f5730,2026-02-28,1,1
d1ce8400-1b5e-4d8c-adc5-9b5f3b38493e,2026-02-28,1,1
12e631e4-67a4-47f0-89a0-1004f8dff246,2026-02-28,7,7
297be99e-5f03-4838-a936-aa913ca95fee,2026-02-28,45,45
45808bdc-5d1d-4eb9-9278-f0f97b3f2a6f,2026-02-28,1,1
84eb80f4-49c8-45aa-aa3f-c4ed7828e6bb,2026-02-28,14,14
8c1ad627-5a41-4c70-8398-a09a4aabba0a,2026-02-28,14,14
9ed86726-c44a-478f-903f-8c5dd381e0cb,2026-02-28,1,1
a6de6e9c-ea30-4376-95eb-cbf3bf14a4ab,2026-02-28,1,1
adda7a57-27fb-4d06-a036-a332d4521c06,2026-02-28,14,14
d393da2e-f3bb-43fa-8467-8eacd496e3a7,2026-02-28,1,1
dad2066c-17b5-4aac-a658-364f19a8ee55,2026-02-28,7,7
070733ee-1962-496e-a617-6564159248bf,2026-02-28,1,1
695bd77f-f812-4973-8a5e-6fd482758dc4,2026-02-28,1,1
8b01cb48-bb48-4c0a-bc64-74a5b281601e,2026-02-28,14,14
512ab782-f08d-4d82-aceb-75d0f0e78af8,2026-02-28,10,10
6196d80e-2f27-49b2-8b35-84e49e7a71d8,2026-02-28,14,14
6ec407ad-c846-4d0a-bd6d-a51ffe0e7a43,2026-02-28,30,30
a35089c0-82dc-4aee-807a-02af64358543,2026-02-28,14,14
a6bbf6a4-ff25-4fcc-b1f5-d6d9cd8fa9c4,2026-02-28,1,1
b2d2dee9-90ec-4352-91cb-57b4a4464c0f,2026-02-28,1,1
c5bb3c38-9c81-4489-ae00-847ba7502bd8,2026-02-28,1,1
d32226ff-2895-4f13-a1ed-2742f5630c1e,2026-02-28,1,1
d372db27-17ac-440b-ade2-c8825753f057,2026-02-28,7,7
d5f89c5f-800d-48b5-9fec-2fb565128b0d,2026-02-28,1,1
fab0b260-69b4-4646-badb-b4185c13de33,2026-02-28,1,1
015f3ea9-b101-4462-9c9a-597947b294e5,2026-02-28,1,1
70acd456-e59f-407b-ad10-9221be5ecafd,2026-02-28,45,45
780219ac-6a38-4125-8643-2102d5aeb02a,2026-02-28,1,1
7eee0d1d-3bff-4cdd-a3ef-0622a4c54c69,2026-02-28,1,1
a1bce7c7-47aa-482a-a5c4-86519b31c00f,2026-02-28,1,10
472e07bb-1d13-4b1f-82a1-79aeca316b52,2026-02-28,1,1
5a6c669f-59b4-4ec4-b468-f9a468f44927,2026-02-28,1,1
5aabc733-6e03-4f99-b881-474614021526,2026-02-28,10,60
a0a35d48-c473-405d-a973-82c25fa623f7,2026-02-28,1,14
188f88b5-e035-4b17-8ed9-342467817912,2026-02-28,7,7
2a58c8de-942d-4768-af06-cf81ca361edd,2026-02-28,1,1
d9f278c3-fa00-4faa-8534-3bd7581b7bc9,2026-02-28,14,14
ff7168a2-d947-4f70-a71b-4a60c2175796,2026-02-28,14,14
62403afa-e418-4442-89ec-615bacb3f169,2026-02-28,1,7
e2537415-da96-4906-9425-fe009dbc981d,2026-02-28,30,30
e643c78a-989e-4a60-8fd1-442a3bb2c502,2026-02-28,10,10
115b37ac-9540-45d5-8ebb-df8759dc3b27,2026-02-28,1,1
148c5537-bac2-425b-a451-fc3f389fb516,2026-02-28,14,45
26b0434d-218b-4a53-bda5-b2184cd23000,2026-02-28,1,1
44ee7106-0af3-4a0a-9586-ba3befc8c9d4,2026-02-28,14,14
7c406243-1dc1-4031-ace9-12720dc4e167,2026-02-28,1,1
a0462add-cc64-4c12-bbf1-bed73a008f84,2026-02-28,1,1
bdb48e83-e5da-43db-a49a-6423df693c75,2026-02-28,14,14
dbe05f1d-1612-4c43-8c6f-852477864d79,2026-02-28,45,45
f6452204-ecb4-4960-b5c1-933065febec3,2026-02-28,10,10
268a809c-5864-495f-9516-10c31fb1bff8,2026-02-28,1,7
35a5f20d-e61d-4af4-bb2c-fe66814e336b,2026-02-28,1,7
46c12975-d9ed-4816-a0af-3a3e1970fcdd,2026-02-28,10,10
ebbf4719-1182-4f2f-bd6e-5546de19d499,2026-02-28,45,45
f5d601b5-94cc-4479-bf5e-e4d9adc9deaf,2026-02-28,1,10
01f39a80-716e-481b-85bc-2658ca3ada21,2026-02-28,1,1
10792517-1ee7-4647-87dd-1591f9d3e08f,2026-02-28,10,10
27143203-e7d5-45b2-ae4a-55f33b0716c9,2026-02-28,1,120
27f166d2-04c6-4961-a2b7-a5a5ce471da0,2026-02-28,30,30
3d3dc7d1-e803-415f-9555-8285351590c7,2026-02-28,45,45
3d57bc91-1a14-4c94-824e-80399e77510b,2026-02-28,1,1
422eee47-7c92-4e2d-a402-551723a3d032,2026-02-28,1,1
50cda25b-3e43-45c0-8ff0-e93176e07984,2026-02-28,90,90
81655bad-b6da-4c42-86ca-77d87b37eca5,2026-02-28,10,10
8b4ba48d-a10e-4bd0-94fa-a8ea40a417d6,2026-02-28,45,60
8f98465a-9176-4653-a46b-55cea78c31dd,2026-02-28,14,45
cb5d004d-16e5-481f-9db4-1f0987bfc566,2026-02-28,45,45
d7972001-899d-4505-94ae-2cee65405443,2026-02-28,14,14
e94311da-5588-46df-8092-9fb0e3e703b3,2026-02-28,1,7
053bfd4c-fe17-41e3-8c87-2f36c594fbdc,2026-02-28,1,1
0dd13b09-32fe-4963-9b6d-e87dacb1a283,2026-02-28,1,1
69fe2f78-9d65-4e3f-8783-ce8ab06aa8f3,2026-02-28,30,30
87582c24-4b94-4c12-b5b5-8a3a050ac102,2026-02-28,1,1
8d75b8c5-0f5a-45c5-9dd4-eae81c22ccd5,2026-02-28,14,14
d0a36b97-7e77-4bda-941a-9bccd5fc03d8,2026-02-28,1,1
f86bd379-6285-4647-96b5-07a4d1fdbf19,2026-02-28,10,10
203a6d7b-e4cc-446d-ba22-459d617df8a1,2026-02-28,1,1
2ddca952-ad7f-4924-a12d-7222362676f8,2026-02-28,14,45
2e6bf9f2-2a1a-4da5-8338-a76fb57a5e7c,2026-02-28,7,7
61046fe3-5ce1-4fa9-aa55-8453f5b55422,2026-02-28,1,1
7bc85bd2-b929-4b11-84b3-86b12876f7e6,2026-02-28,10,14
f36b3880-e120-4359-ae2c-aa2e2f2e4b56,2026-02-28,14,14
1498ca09-83be-473e-9081-7eb9248b9ec1,2026-02-28,30,90
32394514-d0ab-434c-ba5f-0a007c15eeaa,2026-02-28,45,45
72d392de-420c-4d72-8710-5e65560debce,2026-02-28,1,1
881c1043-698c-4a47-bd98-651fcb3098ff,2026-02-28,14,14
9a83f32e-4032-480f-aa1a-448639efaad0,2026-02-28,10,10
a76ba3c4-60d8-446c-b8ba-b1240f3f1772,2026-02-28,7,7
05eca3f1-95ed-4356-8b6e-9104de70c9ad,2026-02-28,1,1
53f27b9e-9c9a-43b7-8137-81504310cd79,2026-02-28,10,10
b5287fd0-3ec5-4f06-80a0-a4daa3f15e0f,2026-02-28,1,1
09301e27-86d5-4ea6-b4e9-6511d6d5d9d4,2026-02-28,1,1
395c9596-dc87-476e-9516-e806177d18b3,2026-02-28,30,30
59a5cb73-2a04-4288-9cac-930403eda171,2026-02-28,45,45
7c1f2928-dc15-4e37-a906-9194b105ada6,2026-02-28,7,14
80dbc1b4-bf27-4e3f-86ac-fb5fb6ba4b00,2026-02-28,1,1
d01c5ddb-e17c-4de9-adfb-4304ecabe3d3,2026-02-28,1,1
d8c5a986-f712-4b4e-aa8d-0b0d7bf12d20,2026-02-28,14,14
09c3d49e-224f-422a-b130-7130c5a99a48,2026-02-28,1,1
13f2610a-38a6-43f8-9e52-b98ca1aa5403,2026-02-28,14,14
6a1e877d-045b-4d2d-af5c-6b635bb5a985,2026-02-28,1,1
a83da2ba-e32f-47ab-ba6a-48fa1e9e91ba,2026-02-28,1,1
df8393e3-4b52-455d-83f1-3500b94a06a6,2026-02-28,1,1
358669c1-f971-4b5b-b845-a2dde12d86bc,2026-02-28,1,1
6a2f2c4d-b01d-46d6-bfe6-fe3823b07c36,2026-02-28,1,1
891502eb-2f7a-492c-9fb9-c25a2e63d558,2026-02-28,1,1
999270eb-704d-4461-a85d-50aac3124768,2026-02-28,1,1
e3be766d-409d-4841-81a8-4a9e4a47bd6e,2026-02-28,1,1
ecf9f617-3b08-4f6a-bfe2-1fe3a6733ff7,2026-02-28,1,14
1237f1d8-8c66-4598-8bc6-1f627cca18e1,2026-02-28,1,1
358276fd-cb62-4f12-8b89-6678c8857898,2026-02-28,14,30
784dff93-d223-4a6d-880f-db241ea9003c,2026-02-28,1,10
7ebb6659-21af-45d7-8de8-cf0019a4fc40,2026-02-28,1,1
c2855dc6-126d-425f-a4cd-f00b3de11548,2026-02-28,7,7
fa932040-43d1-4af1-9840-7c09ac2497b0,2026-02-28,10,10
2e421a13-1df4-4dd3-855a-b4af4421b3c9,2026-02-28,1,45
450b16f6-f61a-4b4e-9a4c-72426055b162,2026-02-28,1,60
a66d69bd-d2d3-4059-bfbb-af732e6236cb,2026-02-28,10,10
acdb5e4b-791c-4201-b9ed-429d8e30fb30,2026-02-28,30,75
0bf9f4a1-5407-491c-82de-be28430081dc,2026-02-28,14,45
23cdd92a-101f-45e1-b3e1-9c2dd65d48c0,2026-02-28,60,60
30e2844f-9d83-4770-84cb-a4f5a8748bd4,2026-02-28,1,1
7d8b8d3d-9323-4efd-ac0f-465cc06fcde8,2026-02-28,1,1
941bace8-c283-4977-8a6d-c0476733787f,2026-02-28,7,60
c3bc13e6-4c2b-4be8-849f-439d1b24f57f,2026-02-28,45,45
d05f0efd-0560-41b7-a5fb-7acecd4e0b71,2026-02-28,1,1
eb2139ec-f91c-4084-b183-ab2ef3688078,2026-02-28,14,14
f07bf6ec-9f4b-4e10-a214-b217615067f2,2026-02-28,10,30
f9f9d104-5452-4e01-8165-5927b88a9dab,2026-02-28,1,1
16c725b6-ef8f-44e7-8c53-3cb31e2d1015,2026-02-28,10,10
50f0a121-013a-4832-931b-c103c008ac1f,2026-02-28,1,1
8e44ca7a-452a-4089-aa17-25f17ffbdf9f,2026-02-28,1,1
a08c4934-f0a6-4905-8530-d24fc2f08c3e,2026-02-28,1,14
b3e0792d-d04d-4154-adeb-10c211d20bb7,2026-02-28,10,14
e20a9e83-7823-449a-932c-ed8357bd1bbc,2026-02-28,1,1
e99a4912-14c3-4b25-88b8-aadafc96244f,2026-02-28,1,1
ee3c4d05-d760-419d-9c24-cf60fd33bd02,2026-02-28,1,1
eed1023c-7025-4e7b-8f2b-bbb0a254d326,2026-02-28,7,14
10bd056e-f5b5-438e-bc0b-f087fd5c3512,2026-02-28,7,7
25470470-885d-41c6-8c5e-d8d7d2ea8fb4,2026-02-28,1,1
4c2de61d-3674-4a20-81ed-3ba8b637b095,2026-02-28,1,1
548ac90e-9c53-4396-92d1-aa48f2b7529b,2026-02-28,1,1
5b948b7d-6279-4666-a715-f44149d840da,2026-02-28,1,1
9ae8d4e1-d8f0-4249-872a-823e2edeed0f,2026-02-28,1,14
a33e320f-25f9-42a3-b05e-4e0854d05729,2026-02-28,1,7
b6050ebe-0a89-4a33-94ff-b524934e4b99,2026-02-28,10,10
d321bd9e-497e-4568-abba-b9ea7081037e,2026-02-28,1,1
d61b9268-4ce8-4f1f-9758-4fc016c91091,2026-02-28,14,14
0604f9fa-62f2-400d-86e0-9d87eaeec6fa,2026-02-28,14,14
dbe6493d-a879-4702-87cc-87d223a51d70,2026-02-28,1,1
f6bf4f64-5255-4f57-b108-b84e1065b890,2026-02-28,10,10
f9affe18-a31a-4604-8f84-d3ff0f718bc5,2026-02-28,1,14
2061ef65-4bc4-41a3-9e6d-3fb06da3b7e6,2026-02-28,1,7
27aafd0c-72ec-483b-874e-28c404bddcea,2026-02-28,1,7
35b62dd6-de74-4508-9c98-76902d18d448,2026-02-28,7,10
4c04f317-63f1-4aa8-9347-e6d778976fee,2026-02-28,1,1
13fe0322-39f8-4061-bdd5-5d283d1cdd38,2026-02-28,10,14
20467b33-7d75-48e2-9b68-bb1ecd3b8b98,2026-02-28,1,1
6cdf589e-f109-4478-a143-2d42a88e4ad1,2026-02-28,1,1
716ce0c3-4071-43f1-ac07-3d042bc098dc,2026-02-28,90,90
a68d7b6c-d2e9-4df4-99c1-1892b2e24dd9,2026-02-28,10,30
d9c45e41-4e58-4011-bd1f-8a6a66493469,2026-02-28,1,1
ff02a722-f691-45ce-8d07-d757fd74d6cd,2026-02-28,7,7
6cefd480-fadd-47ad-8f15-ce1a41eae2fb,2026-02-28,10,14
b8cf5c5e-c9ae-4f38-981d-5558252a1a88,2026-02-28,14,14
fd9182fb-e3b2-49ea-ac31-e47ba1d6ce89,2026-02-28,1,30
41a450fd-9213-45e7-b2e4-42ff9ad85d8d,2026-02-28,1,7
7c704058-0ab1-4fe3-858a-2ecf4e46aa99,2026-02-28,7,14
a9c9f2cb-ce4e-4282-a3a8-aeb17f9b52d8,2026-02-28,7,7
d6e3c99e-3c9b-4035-9b76-3b0a7258bca4,2026-02-28,75,75
dfb7d434-bcf5-45e1-8e62-0a6e616d36b6,2026-02-28,1,1
49f8e7f2-4678-49fb-8e69-0b6f0a921cc9,2026-02-28,14,14
6fc496f0-ce9b-4e86-80c9-8186be4138b3,2026-02-28,1,30
7a88eee1-7732-4c46-a5d0-59a354ad77de,2026-02-28,1,1
ab2a339a-097f-45d1-b416-39e7d8dc8c02,2026-02-28,1,1
20a17864-fc5a-4d0e-97e3-500d02c28c78,2026-02-28,14,14
57cafa41-ec03-4d3f-b942-3040902ff6f4,2026-02-28,1,14
7abb89f8-b5d3-4d06-90db-e41da30426d5,2026-02-28,7,30
820db638-9a53-44f5-99f1-7aeeae67fc73,2026-02-28,10,10
bf50e6cc-6b8d-4e50-bfc0-ce2f9d57c7e7,2026-02-28,60,60
e10fc220-9b54-4e19-a142-d5b647e4075b,2026-02-28,1,7
f4146212-9ae4-48e6-8a49-b9042fec12eb,2026-02-28,7,7
4b323d0e-1427-4bbd-bda2-e00c989a4798,2026-02-28,30,30
5e1d039b-f57f-4a94-aef6-210b682898e5,2026-02-28,10,10
638e01a5-cf65-4d37-9052-f4ddb1c97df2,2026-02-28,10,10
77545767-1bfd-4419-b319-d672424516a0,2026-02-28,14,14
c331d31c-f84b-477a-9c24-5913468e934c,2026-02-28,1,1
d344d971-06e8-424f-8ad6-d9f1672c3b0d,2026-02-28,1,7
26c2dba4-4e03-4061-812c-99b8fc74a97a,2026-02-28,14,14
3b1a3729-5288-46dc-a730-d5eaa7a4bc04,2026-02-28,14,14
893244b2-7464-48eb-a743-f678b439e9af,2026-02-28,1,1
bb9223b7-3912-421e-b107-d36ac82c725e,2026-02-28,1,1
ee4d1881-f6b2-4923-9269-e4f088b3cd6c,2026-02-28,10,10
01326087-cfac-43e4-8cfc-a2702260fc2f,2026-02-28,14,14
0f236f0e-4201-46b0-beae-7aa67bc02819,2026-02-28,10,10
39f709d6-cf88-4ebf-8864-d7f4d8fcf45e,2026-02-28,14,45
66ac2518-286b-40a2-8d6c-beb4f8216c55,2026-02-28,14,14
2ee323ac-1b49-4d45-be1c-3a707138313d,2026-02-28,14,14
671c493a-c610-4043-bade-0b5456125c66,2026-02-28,14,14
784b4c6b-2178-442e-991f-3a699b642ff3,2026-02-28,1,14
833868ae-22c5-4593-b768-55253f15353a,2026-02-28,1,1
d7d24f4a-7ad8-433a-9feb-1723ae46859c,2026-02-28,45,45
ea8eb473-aa94-4222-8e20-eadcd70fb7de,2026-02-28,1,14
ede123f5-b83a-4aac-aab7-ea1762d37da7,2026-02-28,14,60
b8f7b48c-f080-48f5-9a93-65f2ee7946c8,2026-02-28,1,7
eaa926f1-00ca-4f70-b6e7-cbaf877fab27,2026-02-28,30,30
feba6def-2351-4d07-8b1f-8e992272109c,2026-02-28,10,10
3863ee8a-1272-4d25-92eb-813b6f7222c0,2026-02-28,14,30
75c16332-63f1-4674-a0e3-f8cbe55542fb,2026-02-28,14,14
8edbfe91-2096-4107-b906-b4be44dd1032,2026-02-28,14,14
c07623d8-45da-4e97-9d5e-f73683342914,2026-02-28,1,1
d4625b84-3e3d-4b71-9f66-3d6be3acc7ac,2026-02-28,14,30
d749d5a1-ee3c-44bd-9f63-4a6eb4ac5800,2026-02-28,14,14
e4e69b90-0643-4230-90f0-9816140093b5,2026-02-28,1,1
f576fdb4-26ab-4f7c-b23b-28b8e0ab278d,2026-02-28,14,14
fd34531a-952a-4147-97f5-bc2dd9c8bebe,2026-02-28,1,1
3ff3b6ec-2f67-4b74-9b84-2a8cf34d0374,2026-02-28,7,7
5af236f3-10ae-4030-8e03-3a6561c09323,2026-02-28,1,1
5bbbddd0-cf18-45a1-8a53-d60bfd9cc082,2026-02-28,7,7
65093500-2e65-4d9e-9b76-6754703ede67,2026-02-28,90,90
8a92efef-d93b-4d52-85ff-950aaef7db6e,2026-02-28,7,7
96f22da9-79e0-4e87-9211-51308d2483fb,2026-02-28,7,14
cbad1606-617b-4d45-bb77-0ab4996b340d,2026-02-28,1,1
faa27c94-3489-48f0-96d8-cb8fcf394373,2026-02-28,14,14
ffc566ff-60f2-4f2c-b0bb-d0ca5c44c110,2026-02-28,1,1
72b8fac8-36cb-4fe8-a1e2-0e07a247977b,2026-02-28,1,1
91d3dd5f-bd65-4f92-b5b3-fba5fd6ea851,2026-02-28,14,14
b5ec8bde-eef6-43cf-8a73-9fe2df5c0a4e,2026-02-28,1,10
b7f3d358-af9a-430b-b3fb-6090492e0f57,2026-02-28,10,10
c831c9cf-e681-46cd-bebd-923b33e03ce9,2026-02-28,1,1
cdcb3f8e-1ad0-45ce-b25d-da2f6814a851,2026-02-28,45,60
e1a1c7a8-cab9-4e3f-add7-8aa46f3301b8,2026-02-28,1,10
e209986c-0200-4262-9e9b-c4ec2e557c57,2026-02-28,1,1
0e1e937f-57f4-48f1-8b49-cc32b2e44ff9,2026-02-28,1,1
59e35b3f-970c-4011-9b6c-56f58f23c338,2026-02-28,1,1
a1429fd4-7554-4753-b8b7-dcff7c99ec34,2026-02-28,7,7
eef0bcdf-9f54-4a4c-b6ef-277a0d73259a,2026-02-28,1,1
ff528ad3-7e2f-4cdd-9a75-976e4e24926b,2026-02-28,7,7
dfec7382-e0b9-4b31-aad3-26b690f15395,2026-02-28,10,14
bd3c6369-e5e0-487b-aef4-d2828c731643,2026-02-28,1,1
bf61a034-544c-432b-8257-df8ebf9ba00a,2026-02-28,1,45
cc00980f-44f5-40b9-8bfa-cf3816c19a91,2026-02-28,1,1
f52916f3-56f7-4921-a2e7-e93eb2f150c9,2026-02-28,1,1
6ce8f53c-9eaa-41df-8f18-b900faba3a80,2026-02-28,45,45
71550c94-a89f-4cfa-8448-61c7829da893,2026-02-28,1,1
bfd192a9-be64-4ab3-b5c9-b8a448dcf278,2026-02-28,1,7
c0ae7985-5f1b-43f6-96da-28dd7867a30d,2026-02-28,1,7
c9896132-844b-4ed5-aa07-4a9f40549d94,2026-02-28,1,1
cfead52d-395e-4993-a8c4-0c05c24d1a7b,2026-02-28,1,10
49ad81d4-7bee-4560-b8e8-ff80ed87e4fb,2026-02-28,45,45
9b7e4fb1-4b85-4860-be02-ea78d8be97c7,2026-02-28,7,7
a8c7426a-33ea-437c-ae3b-c7f6885c125f,2026-02-28,1,7
bb332a84-54b8-490b-826a-dc04bcd20679,2026-02-28,1,1
da5dfe2d-9b8c-47e9-89be-9664c3d79b06,2026-02-28,14,14
e6f6aa84-b103-463f-ad11-5cee8bfc750e,2026-02-28,1,7
f53aa7db-978f-4da2-835a-0dbfd2b901b4,2026-02-28,1,1
03d44c24-df19-4b8d-9c9f-3996137fd8e7,2026-02-28,1,1
adb5327c-83c8-41dc-8052-b12a872f1793,2026-02-28,14,14
e87eae52-4756-4e39-96bd-25ddb5b3d2c1,2026-02-28,7,10
ec4c0607-f6cb-445a-b95a-f1d42552cc15,2026-02-28,7,7
0ffc4cba-b44f-4a20-8d95-6d3ae3e04536,2026-02-28,1,1
5a5d8601-f46a-4147-bbfa-ff5811f031c7,2026-02-28,90,90
5f4d3f89-d997-43d0-9811-421427b31f70,2026-02-28,14,14
5f74f903-0afe-49f1-823d-19feb1bf6800,2026-02-28,14,14
80ad7b5a-a3cb-4479-a119-80bac390caf5,2026-02-28,10,10
811a93aa-975f-42ad-9224-3f1da67b5809,2026-02-28,1,1
888c74a1-b8ca-4864-b23c-c03f69b99c0d,2026-02-28,1,1
8e946ca7-e683-4d28-8b98-a03ecc679383,2026-02-28,1,1
c4a4fe9c-eec8-4e79-acd2-85c24b1e69fc,2026-02-28,14,14
db44ed24-8d86-4b34-9647-2b60f776036f,2026-02-28,10,10
4728a5bf-9e27-4452-8dff-8446e59bd99d,2026-02-28,1,1
9682fe29-6a0c-45bc-8bc8-537887002192,2026-02-28,14,14
9b036378-29d5-453b-834a-0cc00014a761,2026-02-28,10,10
b14f109f-77ff-42c8-9994-f586e3819a71,2026-02-28,7,10
bb644aee-ca41-4780-89da-0b1edc8d92b3,2026-02-28,1,1
c4e32be2-6dd2-4767-8d13-c54bfb1b91ac,2026-02-28,1,1
03913970-34d0-4e0a-a81a-846ac8e7bdf2,2026-02-28,1,1
108d8177-6a14-4845-ac79-7e0b102fefac,2026-02-28,1,1
1589dcde-9f57-47ef-96e2-9b2acfe8b1d3,2026-02-28,1,1
2a5515b9-a7fa-40af-a729-61fadedbee9f,2026-02-28,80,80
64764f19-8f44-4b43-a087-b9fe1bbd80a2,2026-02-28,14,14
79e19486-72c4-4c91-9f76-2da4eafeafd3,2026-02-28,7,7
a483fa1e-3b0c-4ff9-978a-2bef0df9f7aa,2026-02-28,1,30
b3a16c81-70db-4647-bb34-938df7cbcfff,2026-02-28,1,1
db270af4-9e52-4bbb-853b-6aa8d6a52cf7,2026-02-28,10,10
ed226f03-4868-48a8-ba29-4e25c0819432,2026-02-28,45,45
f0be42d5-bc95-475d-91a2-5081c4224785,2026-02-28,7,7
24ce4952-4d46-4149-8af6-7a3b029a9ee8,2026-02-28,45,90
594f9e31-dc74-4d0f-9761-4a6f6675111e,2026-02-28,1,1
8ff85ab3-9d7b-4292-9091-bb048f682541,2026-02-28,1,7
90f19b8c-0612-48a0-a7fa-9617123ab7c1,2026-02-28,1,1
dcbcbb3f-43e7-450a-80d1-09e522436976,2026-02-28,1,1
17814d16-98e7-4908-858c-1f590c10db9f,2026-02-28,1,1
2b144854-0a51-4ec3-83cc-056aded1c755,2026-02-28,45,45
d47004e3-ac8d-451d-bbe5-347a4cd8fa8b,2026-02-28,45,45
fb8d4fa7-fa72-4b9e-8d9f-1f99b7ae4bbc,2026-02-28,1,1
fbb86ab5-0437-48b4-a617-c2f0c91ebcbb,2026-02-28,14,14
0c883438-82c3-42a5-8db6-52adc19d5c1e,2026-02-28,14,14
1478a74d-fb24-4af6-a909-464127f500de,2026-02-28,14,45
16a5ffc6-9e3c-422b-b863-2d2fa235e7c3,2026-02-28,7,7
1df0d50d-649c-4b90-9e6e-050c7c9a20fd,2026-02-28,7,7
19488498-fe6e-403f-8f53-3d3e8307889d,2026-02-28,14,14
2859afa0-703f-42e6-9aa8-0f716dcb629e,2026-02-28,1,1
56936b56-7fe2-456b-bf78-f47cb484c07d,2026-02-28,7,7
a6fdc9b6-5f21-42b2-b9c2-fe9097760b8f,2026-02-28,7,7
aa584d20-02c3-4a9d-83e6-a265f32b735a,2026-02-28,1,1
cf969880-1859-49a1-ae58-fa1718e696e4,2026-02-28,1,10
0e2b44f0-5bc2-4a55-b4cf-4b1f7656c536,2026-02-28,1,1
573226ec-587e-42aa-9bf0-fd551d78134f,2026-02-28,1,1
7436a417-dce9-4638-99ed-64c91182a64f,2026-02-28,1,14
8099dbf7-cb80-4c39-bde1-4e84fd2b1ba0,2026-02-28,45,45
8e314244-d975-49b4-93fb-15c1c4dfd3c1,2026-02-28,1,14
37d17fcd-229e-47cd-bfc8-acb356d6bd19,2026-02-28,45,75
556d781a-9ae1-4e3b-9e86-ff6466e17427,2026-02-28,7,10
b6d0c51c-04b3-4e87-9025-406ec17bc8f1,2026-02-28,7,7
d09014b8-2417-4bc6-8919-c11e5ef95c35,2026-02-28,10,10
1716e814-0b2e-4f70-84ad-9aa32cfcf12a,2026-02-28,1,1
4e1bd748-8413-4813-af14-7e2dbb95cf08,2026-02-28,1,1
6c1f5457-d614-45b3-b9b2-e63928704a07,2026-02-28,1,1
725c8523-8a41-4686-9332-8d3bdb12b4e4,2026-02-28,7,7
b7debc16-69e4-43de-8b79-8a20fa218e9e,2026-02-28,14,14
bb0f4e39-e331-4a3d-8a0a-c18082a9257e,2026-02-28,7,7
d7d6f1e8-9d86-4246-9562-9d77b4602d0d,2026-02-28,10,10
da75227e-1cc4-4115-a2a4-e611c460f1c3,2026-02-28,1,1
fabfc88c-9978-4489-b69a-37e1c2161126,2026-02-28,7,7
33312467-27bd-45e2-9f76-2abb24253906,2026-02-28,1,1
47e1b936-556c-4094-9e85-3d6d34b43fd4,2026-02-28,14,14
7ae531b4-662b-4a0d-820a-6208dfef6d33,2026-02-28,1,1
a4547a82-ff64-43aa-b330-1f20fc1b5f4d,2026-02-28,45,45
efb028e3-0a5a-4cf9-95e7-9c2d12267eed,2026-02-28,10,10
1ff49fee-4fd2-4906-9115-b3f8374a392b,2026-02-28,14,60
2f961628-099c-4629-8a34-eb0ebf32c38e,2026-02-28,1,1
44440925-156e-4d5c-9168-c1dff82600ab,2026-02-28,1,1
4476c17e-18fd-4495-a583-0b95c2d15c4f,2026-02-28,1,1
90caa5a3-671c-4f54-8de9-ac268eb15b01,2026-02-28,14,45
9a2e46a4-ec21-44a6-a11d-82ae6989466b,2026-02-28,1,1
abbf7f72-c0be-4ebc-bc9c-293fd93591c0,2026-02-28,7,7
d589502f-22a5-49bd-80b7-186c7b181a98,2026-02-28,14,60
dc481afc-167b-4900-bfcc-f831eca5a406,2026-02-28,1,1
fe5b8363-b230-4b52-a586-e5020d56242d,2026-02-28,1,1
0c4e7932-cfb3-4765-a7b8-1d2993316a5f,2026-02-28,1,1
19b63198-895c-432c-bd19-15ea26b1e6e2,2026-02-28,1,1
46af9ba6-6da2-408b-8de8-38250a895d90,2026-02-28,10,10
4b40f2ce-60a5-4e49-9f7c-d02992c846c2,2026-02-28,1,1
62781b36-c221-456f-87e7-ebf4f18ea3e7,2026-02-28,1,14
ae40259c-6d92-4744-b047-59349a3c26e4,2026-02-28,90,90
d803ce5d-a359-403f-b196-1149943adf50,2026-02-28,1,7
f0e7968e-5a15-4bca-b32a-4ba3f8a26069,2026-02-28,14,14
f126436a-4e8e-4063-9adc-7358f913b93b,2026-02-28,14,14
1dc12a5b-2abe-44dd-a2b7-3dcdb3d5892a,2026-02-28,1,1
0ace13a0-dec8-4ed5-ab0a-b8cabd016b05,2026-02-28,30,30
1033bc69-c50a-40e2-92b5-5c99312115f0,2026-02-28,1,14
7276a92f-dd9b-446f-8c3d-ace68b3df60e,2026-02-28,14,14
8a941253-18f2-4806-95b9-f6cdbf503755,2026-02-28,1,1
ec1e9427-3688-4a77-a89c-932874ce58b9,2026-02-28,1,1
14aa2ed1-86be-4c93-b726-e9062213f83f,2026-02-28,1,7
1f375b19-eb8c-4f30-b849-0ab1dc92030c,2026-02-28,1,1
6975a6fb-6411-4cc9-947a-66fbf375a225,2026-02-28,1,1
e11ee0f0-234c-4043-a86d-9b79c33ee43b,2026-02-28,14,14
e72fcf68-2695-4d17-b414-cf8d6fe6af4d,2026-02-28,7,7
f60455ba-8924-4bd5-ad50-45110f3f13e0,2026-02-28,14,14
b2d3e377-bee2-407a-8ffb-d4254d26b610,2026-02-28,10,10
c2db2935-2ce9-43c2-bef9-f647286c7eb5,2026-02-28,1,45
f1eea4dd-6b19-4844-abd9-ec4ef3282c4f,2026-02-28,14,14
f63dfe34-780d-4b9e-adc7-5dda2f6db39e,2026-02-28,1,10
27cc67ce-c6a5-4301-acd4-2ee429bd3b8d,2026-02-28,1,1
6126d9c1-0381-4419-be91-a427ba6a53a6,2026-02-28,7,7
91062b5d-5c79-4741-adf7-b4ff69ed222a,2026-02-28,30,30
9ecce4bc-c8db-4e6d-b5de-6e988330d2e5,2026-02-28,10,10
d1b2263d-6511-4221-9fe8-719993398a4e,2026-02-28,10,10
d6510a18-89ab-4bbb-af77-965243269dde,2026-02-28,10,14
e0ee2d1b-8315-4d1c-9f4d-1aecda6018ad,2026-02-28,14,14
114bf4f3-8206-4a41-9b21-171ad1fac655,2026-02-28,14,14
69db8889-2166-4cc1-8bf3-d60b448347a0,2026-02-28,45,45
47c2068a-f4ae-4800-be9b-2ab833b16172,2026-02-28,1,1
94c2f013-725c-48fe-9d99-30b3cdb72392,2026-02-28,30,30
add2fc06-d3d5-4eb7-9f92-b2bc410561f1,2026-02-28,1,1
c1c865fd-3a62-44d0-94cf-5b1402abf080,2026-02-28,14,14
d50c1909-78fd-472c-986b-fc69659f072f,2026-02-28,1,1
ef741fcd-9555-469c-b4c1-d87ba9c30406,2026-02-28,7,7
39b59282-b8b3-4bc0-bef9-e63f61a78105,2026-02-28,1,1
5e00b47e-ec6e-44be-9533-358a6b64f16b,2026-02-28,7,7
89918fc3-37cb-47e4-9c08-6d40e0578086,2026-02-28,14,14
b6da3d39-b136-4ddf-bada-e91130eb6b70,2026-02-28,1,1
c47c2f23-d5ca-4940-bde2-b8c4e9850731,2026-02-28,1,1
3b7f63c7-3251-4117-8340-61ad739f667f,2026-02-28,1,1
4a212ba9-ff1b-48b3-8ea2-76a3f63a42ca,2026-02-28,10,10
4ee0b930-969b-4fb5-a9bf-1a3f88f84692,2026-02-28,45,45
58103162-bfe1-4f48-a6f9-0c949a7cd8e8,2026-02-28,10,120
6afeb87b-ab53-4fba-831a-82ac61b4dedf,2026-02-28,14,14
c648b215-f938-4802-b161-5844b5a787af,2026-02-28,1,1
e2aaef21-abdb-4ef7-bb2f-f9866e824e62,2026-02-28,45,45
fd49fffc-d889-4688-a79d-521dd8fb77f8,2026-02-28,1,1
1a5e84c5-f8de-4688-be0b-4a0ccece1814,2026-02-28,1,1
30cc64b9-d0c3-49ae-95b7-91b50bf76d12,2026-02-28,7,7
a2f0856f-bdfd-43f3-9e1f-82c692a7139f,2026-02-28,1,1
b83dddf0-6e11-4562-b776-18359836e7a3,2026-02-28,14,14
c35976ec-cbd2-45a1-8f24-55d2837e55c0,2026-02-28,10,10
38eaaa55-9f09-4ebf-baff-2023d06cd95b,2026-02-28,1,1
46bea3b3-7877-45ef-a120-e205f2341241,2026-02-28,1,1
5497eba4-cbfc-4f24-b4d9-ec0b01d319ea,2026-02-28,30,30
666a56b2-66b3-49dd-8385-948092ca19b6,2026-02-28,7,7
7e369e42-42c7-460c-bdfa-f1b26173d3c0,2026-02-28,7,7
7f1d9e0d-658b-497c-ad63-2ab67cc0b3f5,2026-02-28,14,45
9a956b31-74f8-45a6-95a7-58bae7da4c07,2026-02-28,10,10
dd8e6db0-6187-4631-9bf7-6b734178c649,2026-02-28,1,7
305a37c0-dc6f-460a-b2b6-84a373bdc6bb,2026-02-28,7,7
896933b0-13b3-45ee-ae6e-d4717993326c,2026-02-28,7,30
09ee9665-4134-468f-bf68-576fabcc141d,2026-02-28,1,14
32726c26-eaf7-4dc9-9993-a66580c29515,2026-02-28,1,1
368a0776-2c58-4563-b7f2-94f391f81e4d,2026-02-28,7,14
c8a259ae-d065-43c0-a976-7dcfcbfca1cb,2026-02-28,10,10
d698273c-3fcd-40b5-b423-228a18e7208c,2026-02-28,1,10
6673f1c6-0461-45b5-8bbf-3c2cdd188879,2026-02-28,45,45
957503b1-ab7f-4bde-a39d-2e0c1e5b477b,2026-02-28,14,14
9779f999-0bd8-42eb-bb1b-c3e920a44b57,2026-02-28,10,10
9ae0949d-7dd8-477a-ac29-81dac138b8b6,2026-02-28,1,14
ca95e4ba-1ede-46ef-abae-a145c4d6012a,2026-02-28,45,60
f8d1520e-86ee-4f6b-8a3e-9b6188eefd60,2026-02-28,1,1
3ee8049b-064a-4f41-8d51-43baceb39364,2026-02-28,1,1
92c7f9f8-ec6a-4d7d-b867-ab23f6fb6534,2026-02-28,1,1
a64713f9-3d82-4742-8445-f69e454b10e3,2026-02-28,1,10
c58d3444-d34c-4a4b-a17f-891dc20464e5,2026-02-28,90,90
d62f847d-8251-4910-9a5d-ee2a8f5bda56,2026-02-28,7,7
f8f64837-270d-4a02-b81b-2b26562bd89f,2026-02-28,1,1
ff2d7329-8711-4df4-8e86-8bd0249e4a98,2026-02-28,1,1
08f86a91-6c08-4d7e-b26e-019d1569c410,2026-02-28,1,1
a8bd0ac0-53db-4808-a788-95bbc7cfe816,2026-02-28,1,14
be174098-4059-4659-b110-bc433c913808,2026-02-28,14,14
2ca4d902-5b4d-48f8-a4f4-78ae59be4457,2026-02-28,1,1
61903af0-19b9-4984-a107-7a42cec22bed,2026-02-28,45,80
764f296d-7282-4ea9-b00b-ace7944981a0,2026-02-28,14,14
ab128feb-863e-4a26-bd5a-58900a738914,2026-02-28,14,14
e7f8b515-5eea-412f-a3c1-1ec4b040e6dd,2026-02-28,45,45
107dece4-a8f3-48ee-993c-ef69c58ae7c2,2026-02-28,1,14
757d6afd-b0d9-40bb-9814-26708c41ebfb,2026-02-28,10,14
87b3b9bd-f7bb-422c-b835-7c7e00b6ca09,2026-02-28,1,1
a21d18c6-8509-4b55-a934-dbdc0eb834d3,2026-02-28,1,1
0a7a4704-b869-4874-b9e4-b761b0ef4246,2026-02-28,14,14
1251ba30-d0d1-4807-90f4-1331ae1bd5cb,2026-02-28,1,1
e8abeb51-3470-4607-9b90-d6034bbfb104,2026-02-28,1,1
0eb5d21d-938c-48af-9d6c-7bd30aa6419c,2026-02-28,1,1
5eaae5e8-21ca-4e1d-9003-29867046b11d,2026-02-28,14,14
96f01e14-26c5-4cba-9723-28f8d3c9c395,2026-02-28,1,1
9cea540e-bc0c-4966-af57-3314b9299530,2026-02-28,1,1
a6920db7-f186-4295-b563-cd047acdd18d,2026-02-28,10,10
a968e6ba-6325-4442-90cc-df9bcaf2a6fa,2026-02-28,1,1
227fc7dd-dd4a-42fb-9301-81cb5417e08c,2026-02-28,10,10
3c5cbebb-50a3-4815-8de8-beaf02507855,2026-02-28,1,1
56b26a87-5a91-40d9-a1b6-b017aa2140d5,2026-02-28,7,7
68d6a832-e5b7-4b20-9a25-1fa966dfa518,2026-02-28,1,1
7a29aef2-6f3e-4ea8-bd46-87ab1bc090be,2026-02-28,1,7
86733a33-7109-4f40-a784-fe6ab7b18014,2026-02-28,1,1
b377cd83-25a5-44e9-bbc5-cb1ea0c54126,2026-02-28,1,1
02e166c7-692f-42a8-be6a-e7f37df63dc8,2026-02-28,1,1
3049a672-e9da-48d8-b3ac-bd5ce2edb3ca,2026-02-28,1,1
31431ab3-413f-4dd3-b49e-7d6276436a17,2026-02-28,1,7
7533bafa-b6c6-4e49-9a3b-b326a755d753,2026-02-28,45,45
7ac297d9-3277-40c4-8fbd-c5818634e350,2026-02-28,1,1
6d9bfe40-c3dd-4141-9404-21cbc0ce6a1a,2026-02-28,14,14
b519872d-f853-4a84-b17d-0f914d4b634f,2026-02-28,1,1
c454cdfc-ace6-4ee6-8645-4d52b2dd89b0,2026-02-28,1,1
ed7f0254-66e1-4f91-ad27-c0c98eb1177e,2026-02-28,1,1
0e162312-cfae-4354-8c6d-bd31b341f73a,2026-02-28,1,1
454a78a2-a728-4135-bf52-e3bb61f09131,2026-02-28,1,1
67854e0c-fc92-40bc-a972-65bf9921062b,2026-02-28,1,14
fb8c4a83-f8cf-45b8-97ea-2bce103d6c25,2026-02-28,1,1
3f80736e-f9fd-4d48-ba52-8d6f33f96389,2026-02-28,1,1
553c9438-4970-49eb-b5a0-aea7bbbb4128,2026-02-28,1,1
7461bd4f-0e3c-4f2b-99e7-ac5efb0b1938,2026-02-28,14,14
c7ce88ef-ecd2-4f1c-84a6-7cffb7c4202d,2026-02-28,1,1
cb62e6ad-392e-49d9-8835-bd8b8f69d06a,2026-02-28,45,45
f35c59ad-4974-4b84-86d7-685ab2be81b2,2026-02-28,7,7
2d969c69-aa4d-4d64-8897-51f85bf573fa,2026-02-28,1,1
38e59ecc-ba25-4fac-95fd-d1f5f4227607,2026-02-28,60,60
39c33755-f8c1-4ac6-b6a2-a1338cde1bc2,2026-02-28,7,10
85955ddd-a37e-4e2d-bcff-dd179bc4f06c,2026-02-28,1,1
ccdd0fad-262a-421d-bb41-6225b9d9bbd5,2026-02-28,1,1
e6d28e4c-b61c-4591-8041-539975a6b0ca,2026-02-28,1,1
2049ed6a-314f-4152-9cda-b5692cdd3a8c,2026-02-28,7,14
ec38186c-d9eb-4f09-b6e4-64a03291d0c6,2026-02-28,60,90
ff5dbd0f-4261-4e6e-bc76-073b33ea5e87,2026-02-28,10,10
0222b6b2-4089-4a59-95d8-082583f4fe7c,2026-02-28,1,1
375ff5cd-3168-4e8b-a21d-fe9f40cfc53b,2026-02-28,1,1
ad8bb710-68a0-41b8-bc50-f1af89b575c1,2026-02-28,14,30
c2836d0c-11df-4301-9a5b-9e3b59ec3090,2026-02-28,7,7
ca85be53-34d6-4c96-80d6-967d8d75ea6f,2026-02-28,14,14
edab8344-0242-4571-8410-7dff7de28e5f,2026-02-28,10,10
ec08f905-e543-4fe1-800d-68e592b981d4,2026-02-28,1,1
1a209c0a-a521-4867-8a85-f2cce1bc93fc,2026-02-28,14,14
25946294-50fc-49e2-b57d-07f11bd6249d,2026-02-28,60,60
53d6a294-8b71-40e2-8bfb-2b6fc1dd1bfd,2026-02-28,14,14
696512fb-c330-43cf-aab4-28d9f6754f20,2026-02-28,10,10
83e79a5f-42db-43c3-8524-24aaa6b971b5,2026-02-28,1,1
8a48117c-d549-419a-b688-d6e66de22a34,2026-02-28,1,1
99d9440f-c9ae-40e3-9997-184c4fd070a6,2026-02-28,7,10
a223e99c-510a-4d0d-9f25-ac970e5b0bb1,2026-02-28,1,1
b24c0e8e-2796-4c23-982a-d511690d5d0d,2026-02-28,1,10
2c2ad143-a7a9-4366-9c13-cc078cd98395,2026-02-28,10,10
35431422-f815-4106-9bc4-97d6c709cb9e,2026-02-28,1,1
43ba01cc-82ad-4dea-9dfb-e05827f0dae5,2026-02-28,1,14
d5276014-fe2b-44c7-aa6b-4cfdc6bb816a,2026-02-28,7,7
eed2d7d7-4e78-440f-af65-bb42b7d3b0a5,2026-02-28,45,45
5ae7954e-19da-4138-81d1-2b809c0b6dc1,2026-02-28,1,14
b04c2668-c840-44d8-80c9-6e86a92e6e74,2026-02-28,1,1
e2133ecf-dc0c-445b-b8f4-43642695b39b,2026-02-28,1,1
e7d0f3ae-f265-46d0-9eb4-afcf276f36cc,2026-02-28,10,10
1d2786cd-da65-4a77-a72c-45a2d43f2e32,2026-02-28,1,14
4b067e40-a905-4f44-9b11-b5db45720006,2026-02-28,1,1
57fff3d9-dc4e-4129-b2a0-7bc0e0efc367,2026-02-28,14,14
72c1d710-a395-4648-99e8-390e757f8820,2026-02-28,45,45
91158ad2-7ac1-45cc-af17-b543e6464fac,2026-02-28,1,10
9da50b7a-d24c-40b1-9a20-dc8262118af1,2026-02-28,7,7
b3b31daf-ae73-4319-8d34-8608d5ad262e,2026-02-28,1,1
e774500d-683e-4a1b-9334-8fc6db35a600,2026-02-28,7,7
24d665a8-b86d-474d-8b36-30d3b84efca0,2026-02-28,1,1
2f49e977-0e98-4894-a358-3a45343c4758,2026-02-28,45,45
34033154-0ef9-4090-b5b0-504566d7cbac,2026-02-28,30,30
610cae5f-a229-4c4d-8a42-a05b7a85a120,2026-02-28,10,10
8496c101-046f-4c4b-a457-f19dfdc36e2f,2026-02-28,14,80
b81900c4-2167-4c02-b42f-59ddaee6867d,2026-02-28,45,45
d3b13f93-0e15-42c7-bd72-0dd739d05e83,2026-02-28,7,7
dd1eca82-c528-4761-864d-458b179ca113,2026-02-28,90,90
fb288b4e-0e3d-4f40-953c-4128c3a5f8ad,2026-02-28,1,10
1d6e6b76-206a-43c9-9122-29df44139f08,2026-02-28,45,45
2d87b1ef-3af1-45e3-a7bf-717deb09500e,2026-02-28,10,30
508fcae1-457d-4637-9175-19d7965ac2fd,2026-02-28,10,45
3a4d05c5-43b6-47dc-9f91-3b83a6ccf95c,2026-02-28,14,14
46419a42-7a48-43ad-8e50-04e5a87c46bb,2026-02-28,1,1
52b20986-504b-48e5-b6de-0d4a3181278e,2026-02-28,10,60
689839e7-e5c1-435b-ad84-74782bbd5ce2,2026-02-28,1,1
c8f10802-45dc-46e8-b20e-be667261c5ca,2026-02-28,45,45
dfa77e0c-c70a-4803-8431-add0a645129f,2026-02-28,10,10
5341b46f-e915-45dd-8f6f-e8759485fbd5,2026-02-28,10,10
f4fe7b30-6c1a-499d-a6b5-d3e37ae957b8,2026-02-28,14,14
f8b791f7-578e-48e9-9dd0-e2ee3215efbb,2026-02-28,1,1
fd90932f-a33c-4833-89c3-42df3a8b656e,2026-02-28,1,1
0a2eae2f-55d1-45f4-8e70-34dd20d8648c,2026-02-28,14,14
0c05715e-dd38-4a36-8550-25658a2c81bd,2026-02-28,1,10
1a6912f5-c28f-4d94-b6a2-ad6ab55535b3,2026-02-28,1,7
1e0b8ada-81e4-46b5-a8b1-a56117c2c4d0,2026-02-28,1,1
3767fe18-8088-4fc6-91ff-9f3ea9b119d7,2026-02-28,1,7
4ea6fc02-1460-4424-a28e-f493eeecf9dd,2026-02-28,1,1
572b2ef0-b06f-4007-b5c6-5991e1ccf00e,2026-02-28,14,14
7a650e96-8a6f-46e6-af87-970fd8b8a065,2026-02-28,1,1
141f7c46-373b-4059-b79f-4b1f8d2129d7,2026-02-28,1,10
15d67173-036c-4cb8-b585-720874094680,2026-02-28,10,10
4ac58386-cf3a-4051-8981-8bd1b762f167,2026-02-28,1,10
6e63bdc1-84c3-40e1-96ac-afce335e6715,2026-02-28,7,7
7132c186-51c7-440d-87cd-b69d00e6fb00,2026-02-28,10,10
d85e63ff-c82e-40ba-9872-cebbd10cd5a8,2026-02-28,10,10
e549c505-a5ea-4ee0-bf20-64fcc2b2fc28,2026-02-28,1,1
0e8b5104-08c9-4540-9603-7324bc022f7c,2026-02-28,14,30
38ecefa5-f036-4d64-8627-47df1e88d1ab,2026-02-28,7,7
4bd217b4-26af-42de-9413-fd5feb22d569,2026-02-28,1,1
4d165faa-8669-4f4f-9dd8-f531df748099,2026-02-28,1,1
87c1558b-6049-4c1c-beff-e8f1825a39f3,2026-02-28,10,10
8faafa67-c360-4ba5-b3da-5e4489fb72e2,2026-02-28,14,14
a81cdf99-a0a0-4ba4-a201-fcc9d2354137,2026-02-28,1,1
db7f7c7e-83e3-44a2-8e2e-26e721713a60,2026-02-28,1,1
09b122e7-7a95-4dbc-ae53-8b3bb283acb6,2026-02-28,1,1
26a95863-16ba-482c-9a58-6bfbcc7afa4d,2026-02-28,1,14
2f6a0116-8ec3-40c2-b89e-3a14c0875353,2026-02-28,10,10
4c4d68d0-3abb-419f-b418-9030698000ef,2026-02-28,1,1
aea71180-7516-499b-898c-c362f57ae450,2026-02-28,1,1
ccc86474-fc2d-4a9e-8b8e-d270f0be8cb5,2026-02-28,1,1
e84defd3-934c-443e-9afb-d52c2402c321,2026-02-28,1,1
f1a1efe5-b05f-49b4-9e97-f145043d5589,2026-02-28,10,10
235d0846-d9d9-4b78-abc6-97d8725375cb,2026-02-28,1,1
3e7f5f94-a2b4-4894-a442-dc3cddfce4ae,2026-02-28,1,1
461ab5cd-4746-47fb-8591-b366ad329f46,2026-02-28,1,1
554564ef-ea8f-4e7c-af6b-bbb208d4eba0,2026-02-28,1,1
98943c06-6d2c-4906-9acd-60b7fba8e49e,2026-02-28,10,10
a0eb3017-7b94-44eb-9a4a-c8d00df506e1,2026-02-28,30,30
ba0531e5-1030-42e1-baf9-dc1970338b1c,2026-02-28,1,1
00c2cf96-0673-4e2c-9ab6-cfeccece5ab1,2026-02-28,7,7
3ec21f4c-a7aa-4420-af44-f2cfb777a59e,2026-02-28,1,1
6a5f1dd8-4d00-4535-866a-6c1343f53486,2026-02-28,1,1
7d481ab2-de0b-4dab-b6d8-b82c68ab891f,2026-02-28,7,14
842b2cbb-9719-437c-87d9-b158911493e6,2026-02-28,45,45
9e4da6a3-ef5e-444a-abc2-3f07c5aba2ec,2026-02-28,45,60
a48d5724-cdbf-431a-a3cf-ba6832a5e854,2026-02-28,45,45
c246063b-7c1e-45f2-ae56-280451ba292c,2026-02-28,10,14
0dbac610-ddca-4a10-80cf-803084041a4f,2026-02-28,1,1
c7922c25-02e3-4da0-8213-089e05411ef9,2026-02-28,1,1
deae3c49-98de-454b-8946-6992b7045227,2026-02-28,1,1
e0e17049-97f1-4253-9100-9e6ceec12bb9,2026-02-28,1,120
aaf7dca5-4749-4c08-a02c-32eb3905b438,2026-02-28,14,14
c1e813a4-2695-4b5a-a183-8283732e95d2,2026-02-28,7,7
ecdf1d47-2733-49ac-a173-4475e479c747,2026-02-28,1,7
f214a9db-e915-4099-a1c5-f732ea8d1520,2026-02-28,14,14
3a96c962-4953-4b60-a215-925b2d33c648,2026-02-28,1,1
912411f6-6443-4824-aa9b-99bfadb6b9ce,2026-02-28,45,45
9ebc651d-3d44-4077-8324-0e90369c96e5,2026-02-28,1,1
af2960d7-7113-486e-b542-95046ebbfa2b,2026-02-28,1,1
83b29e01-4b7f-417f-b587-3d19f5f40b74,2026-02-28,1,1
aad6cc39-3d3c-40fa-a4db-fcce69842292,2026-02-28,14,14
c5e28266-b7c2-46a8-a7a6-28f729368fa9,2026-02-28,1,1
c83cc1de-167a-427a-80fb-7368f603ff5d,2026-02-28,45,90
e1e912dc-0db9-4de4-8ec5-ff3339ca7946,2026-02-28,1,1
27445243-8544-44cf-8b39-133810d7b86c,2026-02-28,1,1
2de1b565-8ac1-425a-a82f-fa0e64c4974f,2026-02-28,45,45
629e2e2e-ce16-4bd6-ac6f-62e38d96be7c,2026-02-28,45,45
69182b89-0a46-4041-a7a1-665e5d75019f,2026-02-28,1,1
6a9d0772-e5e2-496a-8369-5673cb82bcf0,2026-02-28,1,1
64384791-9249-4e35-9381-3b7f4c0e59c4,2026-02-28,7,10
64e91dcc-069d-4dfe-a392-792e438813db,2026-02-28,10,10
243a9050-0577-4963-8cc7-fd3f90761549,2026-02-28,1,1
31b50948-41b1-49c2-a1b1-fea1150e70a2,2026-02-28,7,7
40aeed02-b2ce-4eae-99cf-97aefc4a06c9,2026-02-28,30,30
450b51cc-9be3-4fef-8d65-74813f361a73,2026-02-28,7,10
7c152378-3e49-4cbf-a426-c222a06f4e40,2026-02-28,1,1
d1102acb-a47f-4d1b-a66d-7565fa465e82,2026-02-28,7,7
15e7aaed-b0a0-4112-a1b9-e12c47b18be7,2026-02-28,14,14
295c481c-4327-44b8-80dc-5e918a15b10e,2026-02-28,14,14
6dc30b76-0c44-4cac-a8d8-ac42ac732e80,2026-02-28,10,10
af64cf54-3e8e-413d-b19e-15b077bcac55,2026-02-28,1,1
25e25781-2680-4d20-ac72-6182bb4585bf,2026-02-28,1,1
3af187e0-3611-44db-8f09-a51317e4b7fa,2026-02-28,7,10
9179770a-888a-485a-bee7-b06349ae716f,2026-02-28,1,1
9d6ea7d0-e631-4a59-9757-29350c9e6732,2026-02-28,1,1
aad167bf-4881-4336-949a-715c60a2a9fb,2026-02-28,1,7
c98fc49d-c6cf-4881-8918-247f2d755a60,2026-02-28,1,14
e341b916-15ef-4e2c-87da-196bf579b6c9,2026-02-28,7,7
f7b55496-4ff7-4f64-83cb-ac1829486dec,2026-02-28,14,14
1f47c759-6f32-4f60-9cc8-b16fa1e0ea70,2026-02-28,1,1
579103d6-3559-4f59-bfb3-7b8949d0d484,2026-02-28,1,1
58c6b223-d03f-4ab6-a07d-724e75ab870f,2026-02-28,10,10
69a25711-6d23-4501-ac15-780ae828a8b5,2026-02-28,14,45
d4ec0631-37eb-4353-8d4b-5292745582bc,2026-02-28,30,30
f4d838ac-a0e3-48fc-ac7a-05c8c2786a83,2026-02-28,60,60
0bf54430-03bf-428f-b712-bf1c3d561db4,2026-02-28,10,80
42a7a32a-4a0a-4b49-876a-00832f4c8308,2026-02-28,10,10
7de57bd4-7122-4424-ae2b-70ede524157d,2026-02-28,10,10
a946e87d-6cdc-4e59-bfc2-97d502d76242,2026-02-28,1,1
bbaf3fdd-7146-4db9-8ad6-e850e875ac19,2026-02-28,1,90
ed4d9f8a-5c04-4dc2-843e-8d1778546da0,2026-02-28,1,1
f76b9542-38a9-4355-b01e-065b473eee03,2026-02-28,7,7
41874b4d-b382-4cd3-b78b-114a47972215,2026-02-28,1,1
46a6d36e-3354-4860-8c07-b444241d3fe5,2026-02-28,1,14
46df75f7-d05b-4500-b3a2-c75b83cbc3f3,2026-02-28,1,1
6100d11c-5dc6-4928-b6c8-73069c06d674,2026-02-28,1,1
81152749-ebd3-4779-a996-9f45c6d52f06,2026-02-28,1,1
a8557010-1cc9-4e9c-827e-f7808cffeb2d,2026-02-28,10,10
f67d704a-95bd-4b78-8392-dc2c7985139c,2026-02-28,10,10
31717ab1-20f8-49dd-96c7-9ad80d797ed6,2026-02-28,1,1
36807d48-165d-4c9d-b571-d5c0050ea01a,2026-02-28,1,1
4a7ad688-1c4c-4b2b-8019-a14a276dc94e,2026-02-28,1,1
7e250f51-f046-49fd-a82b-c87192d5943c,2026-02-28,1,1
9001884d-62de-4b12-ad80-a8d8e0d2d9f9,2026-02-28,10,14
97ce3468-7395-40e9-becf-cc4849386049,2026-02-28,60,60
f9ce64ea-ed4d-4143-bef8-11648f302967,2026-02-28,7,7
1bfe5627-2566-4d4e-a781-4127f9714420,2026-02-28,45,45
3861c732-ad20-411e-b24b-d2bd89c70ff4,2026-02-28,14,14
502711c2-97b8-435b-b9b1-352a61826948,2026-02-28,7,30
8d5df64c-c8f6-4ff2-b5bf-1f7e0e34ac66,2026-02-28,10,10
a5888480-7d4b-4cb8-a11d-a645991a0486,2026-02-28,7,7
d14544f4-c13f-4f0a-a32f-baad3d73fa29,2026-02-28,30,30
248f9eb9-f01d-4b5d-8adb-09c4c7152527,2026-02-28,1,1
3b67c001-1257-4406-b2f0-2b426e9d1798,2026-02-28,1,1
8ad086ed-7060-4ae5-b3e2-95811434fe20,2026-02-28,10,10
96d1c2e6-27b3-4634-aad8-800e980ab6db,2026-02-28,1,1
21e0dff3-6057-4f09-8862-956bc5c5eb0c,2026-02-28,45,45
2611ea7d-18f9-43bd-b54f-6d9a89fe3d32,2026-02-28,1,1
32e0a44a-e6c7-4c0a-8890-80ec1b75b321,2026-02-28,1,1
3601cb7d-642f-4a02-8bea-3504a2532a05,2026-02-28,1,14
93c07606-a54b-470b-b6d1-5ecd0ceb22cb,2026-02-28,45,45
9437e723-dac2-4d6a-a32f-789c211028b7,2026-02-28,45,45
b56ca838-46ef-4cf2-821e-9327b3d135f1,2026-02-28,14,14
b7da906f-22c9-4706-a9ee-4b812de887f2,2026-02-28,14,14
57c0878b-7c59-4ab0-900f-751bd3d992c8,2026-02-28,1,1
64fa4122-33c1-4fbe-891a-b08e4d4b79a8,2026-02-28,14,14
cd888815-a962-44d2-b572-dcfe199013a9,2026-02-28,90,90
06b0be3e-a029-4007-8c2a-cc0ee6f0d001,2026-02-28,14,14
0d1ff5da-355a-4d99-b7c6-5f57f6ea4c52,2026-02-28,1,7
45124dc7-69e7-4f6a-a78f-f46f1e4aa6e9,2026-02-28,7,7
4c4f4cf1-a21f-4e0f-85b4-c4ac757fb2a6,2026-02-28,1,14
5ec7d133-2134-43c7-aee6-9b5c1801c32d,2026-02-28,1,1
5ecb2f44-b7ae-49a9-9429-d796cd18b677,2026-02-28,1,1
f3c862e2-165f-4557-9c48-6943252919c1,2026-02-28,1,1
327eb011-bd37-4442-ae2b-e6b49af1675f,2026-02-28,14,14
47b666a4-2393-4a1c-8965-7b329893c559,2026-02-28,1,1
56a5000a-5e6e-474c-8a4d-2a07b44db336,2026-02-28,1,10
5ca29092-9c2f-4bba-b21d-4fe8b034597a,2026-02-28,7,7
7071d18f-2c27-49de-b1ff-11bc0595969f,2026-02-28,10,10
76322f5b-c51e-4a9f-b8f4-a5e8e4cf8052,2026-02-28,1,10
1808fa3c-609a-4e7b-97d6-83c32db5f3bc,2026-02-28,1,1
3fb314e0-ad80-4716-9c11-6b43f6eff3b3,2026-02-28,1,1
8c5ba890-5aa0-473b-a4db-1a81296b6770,2026-02-28,10,10
dc833955-b7bf-49a0-beff-54d8387ce3a1,2026-02-28,1,1
ed7203d7-2313-4017-a982-de895a59d474,2026-02-28,10,10
0190408c-d78b-43fc-8ba1-5d163a089395,2026-02-28,1,7
147ec19b-5ac9-49db-9ac0-ee495273ffbd,2026-02-28,1,1
1dbe9b74-929d-44e5-a45c-68b17ad6e911,2026-02-28,1,1
38f5d900-1d85-4e59-b4ec-f7469affc307,2026-02-28,1,1
43f2008a-519f-4928-b4a0-3fe0a70c5c54,2026-02-28,14,14
47f9b5eb-85eb-4b87-baae-4c6fd2c9715b,2026-02-28,14,14
90fbf9bb-0acc-436e-8b4d-3c18a4523cdf,2026-02-28,14,14
278bb1ee-ee5e-4a57-9cc7-beaf702b7c72,2026-02-28,14,14
3f38b5f0-24e3-4559-bdd8-94af9d1194d4,2026-02-28,1,1
e831b145-b68f-495d-bf89-d9ba4953ddc8,2026-02-28,7,7
08b3e474-fda7-47e4-812d-8f7e1ecb8ea9,2026-02-28,7,7
10f85c4a-c020-44ee-af92-dc6294acf4a0,2026-02-28,14,14
114442ef-4630-4cd9-a992-c688ef16fe22,2026-02-28,10,10
698ae387-1191-4b3e-a0a6-2be263687957,2026-02-28,10,10
a19f2d7b-63ae-4650-a2ca-482eceafe5dc,2026-02-28,1,1
c8f68d5d-6e78-4d1b-b327-aa1e1f480360,2026-02-28,1,1
d322a3f1-ecf3-4579-95af-4a4418e7a288,2026-02-28,1,1
e9d2121a-6dd6-447c-9489-88aff68dab81,2026-02-28,14,14
09008981-2e25-4b38-abe7-7b897546d22d,2026-02-28,14,14
19a33a32-10bc-49cb-9476-19bdfeccaebb,2026-02-28,7,7
280eb882-9672-44bb-b577-0baf4703546e,2026-02-28,1,1
53b855cc-957b-45d7-bafb-f71f8dc75001,2026-02-28,7,7
9546823f-aa40-4b78-841a-a8c9b0fbdfd4,2026-02-28,7,7
c72d4d56-5588-4cb7-b2c2-fa0ffd51836a,2026-02-28,10,10
c8f79442-aaba-41c8-b2ab-e00523b8c74f,2026-02-28,7,7
e17a3d51-252c-436a-95c3-d523caebc896,2026-02-28,45,45
fa7f332a-a655-473c-b0fc-740e4051a359,2026-02-28,1,80
024465a7-3a05-4966-a5fa-3c2092d5258d,2026-02-28,1,1
0acb8cb2-2a31-49b7-b7ce-9c561d455390,2026-02-28,7,7
679568cf-ac13-42bd-b6bb-34e75c524103,2026-02-28,1,1
6cc7a361-0bf5-46e8-a59c-e463271cd71d,2026-02-28,14,14
80d59d57-0edd-4e8b-b9d3-fef5c368343c,2026-02-28,45,45
b7eb7b3d-69a2-46ab-86e0-6609729289b6,2026-02-28,7,10
faca6ebd-b900-47d7-854a-00ce25ee307b,2026-02-28,14,14
4e57af00-ea15-4265-a5cb-832e59932fdd,2026-02-28,1,1
8991fcf9-b0df-4535-b482-a64247b5b467,2026-02-28,14,14
8c4027e6-9338-46a4-b7c1-38cb6c57b863,2026-02-28,14,14
ba823c56-a131-4207-b9c2-7194790da5c7,2026-02-28,90,90
2c8398b2-980a-4f90-9f19-33f085c89ea1,2026-02-28,14,14
3f320326-9661-4df6-821d-e219eeb13189,2026-02-28,60,60
628e94a4-ea6c-447c-a24d-390b766dc33d,2026-02-28,45,45
6edc327a-76ed-43db-8f66-687a24137d42,2026-02-28,14,14
df1518cc-6b7a-429e-a3cc-f6b02f636386,2026-02-28,10,10
23d94ee3-a452-4629-a3e1-fc5c6d1380a1,2026-02-28,14,14
a165cb80-7cb1-4ece-9152-7672ce0e9078,2026-02-28,1,14
be48de55-119d-4619-9aaf-d3f86d5bdb4b,2026-02-28,1,1
e2af3d2d-f148-41a6-9fe2-50ad518eb753,2026-02-28,7,7
d0f6bb9f-383f-4fe7-936e-9087e4ff5b92,2026-02-28,80,80
2c8bf41e-bac4-4389-ab33-f96085b7e6db,2026-02-28,14,14
406bc59d-070c-4570-8b8c-b63f5138d510,2026-02-28,1,1
5b992df5-90c5-4987-8378-fdcb506059b9,2026-02-28,7,7
7f338278-c712-4211-9446-f337e1724192,2026-02-28,1,14
8a83e111-c307-46e4-9580-1c4e251320b9,2026-02-28,7,7
bebcffb3-844a-4628-891f-078cbd1be9bb,2026-02-28,1,1
c2261b1e-2629-492c-af60-fe95d509d485,2026-02-28,1,1
c8882b4f-ad30-49f5-8555-f4679ca29f71,2026-02-28,45,45
de429afa-664e-480e-aeba-3caf3b3e256d,2026-02-28,1,1
f7dd2ceb-9993-4e3a-ad58-6e0c2bd1879f,2026-02-28,14,14
03dedc2b-c292-404e-b4d9-8949181043e1,2026-02-28,1,1
0a3c0854-b36a-4ef6-ab66-d7a6c07b17d1,2026-02-28,1,1
4baab231-3742-41e7-b1ff-2b2f02f2490f,2026-02-28,45,45
61880080-6980-4e35-ba4c-27cd37f3d729,2026-02-28,1,1
7002cb47-928f-4fcb-a7e3-2cad66914144,2026-02-28,45,45
7bc0ab18-6231-4021-90b6-6026c4185d83,2026-02-28,1,1
af2975f8-29b5-4ae6-8baa-338bb00e387d,2026-02-28,14,14
d1040fd9-3d36-494d-9545-2ab1b8342144,2026-02-28,14,14
de190c6d-2793-4e35-a1dd-ae4453c30cd3,2026-02-28,1,1
ee6a1ec0-b89c-4b2c-95c3-ba19169b8b1e,2026-02-28,1,1
7914ad89-7a22-4b66-8e23-33fcd8058fe1,2026-02-28,1,1
8aa9a3f1-c807-4102-8c96-af0b5343e4fc,2026-02-28,1,1
95e42958-7aba-4625-a8c1-7d212615f1f0,2026-02-28,1,1
bab07d95-4910-427a-8176-8e4107f52445,2026-02-28,1,1
d6b98c8e-fd32-4966-8804-5849f9ab54ce,2026-02-28,10,10
e7c3340c-f729-4f97-8d5e-5dceba713cae,2026-02-28,1,7
1953120d-5b18-4a4a-a222-633cc72c90e3,2026-02-28,1,1
208f0a68-a557-4ca6-8289-b85e675fa7bf,2026-02-28,7,10
7afdf0c2-1e2b-46c3-a2d5-e0a8a9109b16,2026-02-28,7,7
9ee8b542-f063-4f30-a1b5-56d9805d84ec,2026-02-28,1,30
ae48dcde-d0cf-492a-ac6f-ab1690df2dbc,2026-02-28,1,1
aef07ebb-07f7-485a-a1c2-0c8eb76658b7,2026-02-28,14,14
78d149f7-e61e-401a-9421-c2d94fea2185,2026-02-28,7,7
cc5d7431-5bfd-4a79-946d-f33e8ff6be76,2026-02-28,1,14
cfb0b0e9-73cb-42a9-b56d-1123ad8e29de,2026-02-28,1,1
4464580c-a604-4201-aeff-396e9e82bde3,2026-02-28,7,30
64a6d81b-c552-497e-bcc5-f25fa29bedf7,2026-02-28,30,30
b96b92a9-98c9-4363-b8c9-95cd5574489a,2026-02-28,10,10
da66a28b-71ef-4db6-b267-6ac369bd6970,2026-02-28,1,1
e410a38a-21b3-4fc1-a439-3a9bc0affe1b,2026-02-28,45,45
3436299d-952a-44c0-8704-97e578a29ead,2026-02-28,14,14
63668c04-6a91-47d8-985a-541b1bf9db34,2026-02-28,1,1
7f279e5f-9337-408b-98b6-80dd640b9c24,2026-02-28,1,7
c68df9fc-7081-4ab2-ad05-42be889361f1,2026-02-28,1,1
df4ed3fc-4127-41d2-ab1f-fefccc209619,2026-02-28,1,1
0fdd90f4-d5da-4384-83bc-e6aa869c0b34,2026-02-28,1,1
3918107a-d5bb-4d97-ab1a-2761c078906b,2026-02-28,1,1
678a1bbd-c6c4-49c9-9af4-24eade48e964,2026-02-28,14,14
a8b2287e-54db-4abd-8c73-5cc5f5cf1f88,2026-02-28,1,1
78f4eae8-b8b3-478e-9684-90533500271f,2026-02-28,45,45
9128d395-2372-4227-9df8-bbe112758d21,2026-02-28,1,1
986d820b-9d3a-4506-a676-4a61ac90672d,2026-02-28,1,1
a757cf5a-ee9f-4bf3-b534-505fffa008cf,2026-02-28,1,1
5c456523-6146-4aba-9726-1214ca4b143f,2026-02-28,7,7
6d3284d9-4877-48e0-a33f-15cede3e8532,2026-02-28,1,1
8d27d8e4-d6de-4b97-b85a-7f6b78c3456a,2026-02-28,1,1
c2d18c7f-29aa-4faf-bf9c-1d5d72f5947e,2026-02-28,1,1
dc3eb01d-1788-4eec-8766-c4d76c63fbba,2026-02-28,7,14
f69e4e36-46a8-415e-a9be-9be88ff67be5,2026-02-28,1,1
1ad2afca-165d-4d57-9565-156fee83d8e5,2026-02-28,14,45
2c282210-0444-4ff0-ac33-9dd61f2380d2,2026-02-28,1,30
59217391-1b03-48e8-b259-a8b9fcf3beb0,2026-02-28,7,30
d215b405-1081-4665-8944-551f21216744,2026-02-28,14,45
0f7073b2-f23f-434e-8cd2-2aeab0e5a464,2026-02-28,1,30
7f2912f2-66ab-4bb4-bb89-76db353f9f71,2026-02-28,14,14
bb3ca9f4-eeeb-4c4b-b5a9-706cde1508b8,2026-02-28,1,7
c1a3c0e6-f9dc-43c0-8597-4b6503e8f1d8,2026-02-28,7,80
d67a30cc-7317-40fb-b2f7-bb0cf63301d7,2026-02-28,14,14
ff8a123e-96bb-4d49-81a3-a455fb14d7be,2026-02-28,45,90
10b66d6f-e131-41dc-b762-eece9edacbca,2026-02-28,10,10
634481c9-1303-4a1e-9d2b-063b365cd8dc,2026-02-28,1,7
647025f5-8660-40ea-a3ec-120493b6d7b1,2026-02-28,1,1
89673e6b-0816-4f84-a126-7a30008ca54c,2026-02-28,14,14
a8930615-bb11-4826-bdfc-06f572409612,2026-02-28,1,1
abed1f23-a5cf-42e1-8c0e-25d24e867012,2026-02-28,45,60
13dc5fa7-7f55-4572-a314-f0221b14fe26,2026-02-28,30,30
20de8dbc-c3e3-418b-b844-9295ab15a0d2,2026-02-28,1,1
7bd587c5-a115-4f70-bc5c-0d00f2b87fe2,2026-02-28,10,10
b20d7001-8045-4e74-84e4-a181173d917f,2026-02-28,90,90
b943f49b-fd22-4b5a-be24-a7739660ba51,2026-02-28,7,10
c1427728-8299-47a8-819b-97618ae8a34c,2026-02-28,1,1
c75ed0bc-44d9-49b6-b1ed-51c19775048f,2026-02-28,45,75
ff1c8f82-7383-4b5d-b198-495a57bc49df,2026-02-28,1,1
000d1162-b663-4b6d-a592-d629477346f2,2026-02-28,1,7
13cc900f-236d-44da-91de-9917796218ba,2026-02-28,10,10
304b9869-6309-47c8-9e27-35c2fea6d578,2026-02-28,7,10
7b41f02f-601e-4cfe-bf0c-b9562bd8bbb2,2026-02-28,45,45
aea3d385-ef48-46eb-aa97-a1ab8db71891,2026-02-28,1,7
cc58078c-1010-44a4-9a62-e1f88bface75,2026-02-28,30,30
d8ea88f1-b68a-42d8-bbb5-57a9a9677ebe,2026-02-28,1,1
f17fd567-4f2e-4ce5-ab56-837c67e62885,2026-02-28,1,1
f43386a5-b330-428f-9efc-705a7cb5a758,2026-02-28,1,1
0d6c5567-d854-460d-a8a7-472017e53692,2026-02-28,1,1
34ed7d2b-44c0-499d-8456-e84a4daa2671,2026-02-28,1,1
3f172c29-cd02-4442-865b-55713fed697a,2026-02-28,14,14
5240c27e-b79e-4b36-994d-8b5ca09db786,2026-02-28,10,10
68d46afd-a37b-4f26-a3d1-67f04a7a3df7,2026-02-28,14,14
9210031a-b92f-459d-acb7-6bdadcbd1483,2026-02-28,1,1
bf7f3d4b-7d03-496f-a6a8-2007a13f65b3,2026-02-28,10,10
cc4b76ea-4885-4035-88ab-0686368218df,2026-02-28,1,1
d0a0929e-f804-4cec-b5eb-8410bb02dfa7,2026-02-28,14,14
ead7d65e-1568-4429-9068-267ceb5c4f13,2026-02-28,1,1
4e46e518-9c3b-4126-b56d-ababb7152984,2026-02-28,1,1
c00fc00f-cc35-4d06-a603-1c3b6f74ae4e,2026-02-28,1,7
da5930a2-97e8-467b-9693-3cf3fb19e820,2026-02-28,7,7
e54fb8dd-ea91-4f36-8dc9-32ed8f03f497,2026-02-28,7,7
0c92815d-33b2-4455-ad56-6984197a6649,2026-02-28,1,10
22521f2f-67dd-47c2-92c5-67197b69a9c2,2026-02-28,30,30
4053ecaa-2657-4ea1-a3d5-d16550c26e6c,2026-02-28,10,10
470007bc-23e8-4b15-9592-f3e0bd4b01bb,2026-02-28,14,14
96162f5d-80ad-493b-9244-ed54149bb9aa,2026-02-28,14,14
a5d3affc-2e6f-42c1-82bc-d54020e3324a,2026-02-28,10,10
a7acc319-168d-46e2-b488-ff79cb6aceaf,2026-02-28,1,1
ac56fd34-a3cd-49f1-bfce-929d79ff7e09,2026-02-28,1,1
db72397d-0435-461c-a138-538d206c4426,2026-02-28,10,14
1e279543-f63c-4e49-a5d2-c7f03ce15668,2026-02-28,1,7
2382bcc5-0b32-4a35-91b3-2ccd6c3bd03c,2026-02-28,1,45
3c44805c-0374-47b7-a8da-fab58ed263c4,2026-02-28,7,7
853293f4-dbd2-4f8b-b762-ec0a04e01166,2026-02-28,10,10
b7bd3a72-99e5-4dbf-b1b2-c38a012d4bc6,2026-02-28,1,10
bb484ee9-9615-4e0d-af6b-f727151d45a4,2026-02-28,10,10
edfedc27-d438-4837-9255-9d828bcbd192,2026-02-28,14,14
036aa382-510e-4849-b293-7a3c8aa4c386,2026-02-28,7,10
608dbc61-ba90-46ef-80e4-526cb5feef9e,2026-02-28,14,14
65d77823-cb36-4347-854c-e251c8f12034,2026-02-28,1,1
81cf090b-7257-473c-bbb5-b41984281788,2026-02-28,1,1
8cd7ad1b-2e24-443f-af7f-dae28264d4a0,2026-02-28,10,10
0a4ce34d-0cc4-436b-8e15-2585c5a56553,2026-02-28,1,7
85089ef9-d6d7-4239-ac0d-ff0356820a42,2026-02-28,1,1
a2e1e784-476d-48bd-a6bb-dfb2d4d63ade,2026-02-28,1,7
a66379d6-2dd1-4cc7-983f-df87e7120d83,2026-02-28,1,14
da69159e-4c1e-4a4b-8efd-2c32f4c4b954,2026-02-28,14,14
e03032bc-614f-43b8-b5f6-8331dc04f432,2026-02-28,30,30
140df0f6-81ab-431d-b5ee-0eea9e1c0760,2026-02-28,7,10
42bd0ed2-9c88-4610-81d0-372a4b6e91f6,2026-02-28,45,45
4e06a110-78d9-4319-8d85-178588377347,2026-02-28,14,14
804ba401-5f97-4aa1-94f7-9f6140e6906b,2026-02-28,7,7
978124a1-aedd-4b6c-a692-9942855a6777,2026-02-28,1,1
ac8a47dc-25fc-4b4a-b715-9c93ea3d3063,2026-02-28,45,45
d8df82a8-b69c-4bd5-88ea-6e39cdec7604,2026-02-28,1,1
d97ef41f-428c-4c0d-8116-a7721550258d,2026-02-28,30,30
f97a57a4-055d-421f-9247-156f1bc60880,2026-02-28,14,45
e219bd42-2a7e-47e8-bf7c-15b1e3c48da1,2026-02-28,45,45
e9829ba0-0cf0-459f-bb16-b413faee6a26,2026-02-28,1,1
eaf32c72-c509-4375-8c87-e4cc618c0079,2026-02-28,7,7
059c5d18-757d-4e10-9805-c2a5cfa4818e,2026-02-28,45,45
136caf31-f612-44a9-8f35-b6aed420c6c6,2026-02-28,90,90
17de0055-3798-415d-af6a-b5753b29b30d,2026-02-28,14,14
3d400bc7-18af-4a48-93ce-64bdaae2497f,2026-02-28,1,1
42556254-8f72-40af-9eef-9bb0b47a1cb6,2026-02-28,1,7
87ac9819-81cd-48e1-bdb0-3e4bbfc166b6,2026-02-28,1,1
a184f357-68f2-4eb5-bae6-27e4d834ff10,2026-02-28,1,1
e0424d25-7888-4f5b-bc42-1a04d636c2a7,2026-02-28,10,10
2d7e2413-ca34-455b-88ae-2cdf217d3201,2026-02-28,1,1
ab04c03d-827a-4cd0-8e88-7cbac6395d01,2026-02-28,1,1
e0d92025-eef9-49eb-a2a1-5984495744b3,2026-02-28,1,1
ede78c90-d7c8-4dfe-9890-6c68b40e9428,2026-02-28,1,1
0c52af8c-b488-4e97-b2c5-0f2f6ac6168a,2026-02-28,1,1
12826048-88c1-497b-bf32-a33e6e0d6a6c,2026-02-28,14,14
42ea85e3-8a48-455e-92c9-adf93d959948,2026-02-28,7,7
b359b846-8bc6-47f5-a3b2-a2d1c4ecd14c,2026-02-28,10,10
fad5ca40-0b94-453f-9f5f-3c2fc5238957,2026-02-28,14,14
096166b7-43ea-4a9e-80b8-bb04d719412b,2026-02-28,7,7
96ec401a-e9cc-482b-899c-7fa8ba7b3b4c,2026-02-28,14,14
e37390a3-527b-4634-8f7a-6773ddee50e7,2026-02-28,1,1
f11057e7-075a-45c3-bb8d-eb0e1fdb74ae,2026-02-28,14,30
b704ad49-0b60-4fac-b62a-62aef1254d8d,2026-02-28,10,10
09ecdb83-99b5-4ff9-ba96-377cc0471598,2026-02-28,1,1
1608aadb-1086-4c05-81f3-f4b43c9407e5,2026-02-28,80,80
2e16b120-6e6e-4022-b836-2466fc786524,2026-02-28,10,30
309e73dd-44fa-4c7a-8a29-d9b3490ca3ef,2026-02-28,1,1
3da07d19-aa94-4394-bcab-1193991ec4ec,2026-02-28,7,7
513322b2-dc10-4a4b-a8dd-bef7f2aef974,2026-02-28,1,1
6f2ef90a-5b20-4893-918a-b612888ba1d7,2026-02-28,1,1
85933f58-dc6f-4c91-87a5-173967f8ac5f,2026-02-28,1,1
88b6aa3b-a959-40b8-be73-1eee7a0fe459,2026-02-28,10,14
9cbbc0b1-63fa-453e-9ff8-3ceb4ab5b82e,2026-02-28,10,14
b889727e-98f3-4c99-b2c7-5d82f4e4fbfc,2026-02-28,30,30
fef2fd56-2e90-4a04-872a-b74d21f0208d,2026-02-28,1,1
01dea39b-5316-44b3-a929-87417b4049c8,2026-02-28,1,1
0d53e39d-350f-4faf-8119-0272f5a8f946,2026-02-28,14,14
2ca20212-ce88-49ba-ac09-1f239c7199dd,2026-02-28,1,10
4477ee96-94cd-4c24-bf33-c8beb6e45591,2026-02-28,14,14
b07a4b5b-6614-4ce2-89c7-9737e2bf3a72,2026-02-28,7,7
dd3189be-cd6a-48b0-9c75-a4ac6277d6f0,2026-02-28,1,14
0ef0d564-39cf-4793-aa98-ffbc20e80587,2026-02-28,1,1
18620b2e-6a37-435f-932d-c295926e4f62,2026-02-28,1,1
2829790f-8c4e-4f40-8637-7e197eb8708d,2026-02-28,7,10
2c940d09-c665-4bee-8849-65fc2b5fb747,2026-02-28,1,1
832d8c31-da53-4201-92f8-aec35a2ccaaf,2026-02-28,1,1
892a4df9-257e-4657-a632-3f2514b4ae9f,2026-02-28,45,60
c1284c6c-51f4-4ee1-8877-f0ea3e259040,2026-02-28,1,1
d893af5c-4b5d-408d-8519-5fa47e3f0d7a,2026-02-28,1,1
f985e377-4625-42fc-8682-ceee9e227786,2026-02-28,14,14
0271e267-2375-40e8-a12d-73d28b47d178,2026-02-28,14,14
04754e8a-ef47-4a8b-a296-71a4d7a52c20,2026-02-28,14,14
11b8cef5-0f11-434e-b994-6b5b032b2e58,2026-02-28,7,7
26290a02-af34-4094-b2e3-a3f9d99e6e25,2026-02-28,1,1
2bcd4bf2-772e-4469-ba75-586d0a6b0748,2026-02-28,45,45
31367a6e-7747-4fd4-968d-6b7f8c50bd68,2026-02-28,1,1
47d76087-3bb4-4f72-aa6c-4b89195b72f7,2026-02-28,30,30
a241298a-e23e-4dbf-8ef8-988af5866123,2026-02-28,45,45
19afa6d5-facf-4c2f-ae0a-097e950eb634,2026-02-28,1,14
b2c509d9-4257-4ac7-a3b5-9c58c1d96dbb,2026-02-28,1,1
bb03d66a-8575-4480-90b5-4a97cd637da5,2026-02-28,1,1
bcb0e7c3-7f97-4914-bf40-5a34205d1a3b,2026-02-28,1,1
e1c4b0cb-f200-4378-b73f-5f1ec78d7c39,2026-02-28,1,1
15dc578c-9fe6-4a58-84a1-0b13d8e022d8,2026-02-28,14,14
215070cb-9f9d-4b74-853f-36dd7bcbc665,2026-02-28,7,45
35389cd5-c09a-417b-bc75-75cfe6fb8cf3,2026-02-28,10,10
47adc2ef-be21-4485-ac8d-d372f2866a05,2026-02-28,1,14
c5e89efa-7fe6-4e1c-b977-d7224468b3ac,2026-02-28,1,7
d5ca964e-750f-4159-882d-b1b5936f07a6,2026-02-28,1,1
e0241bb5-0ef6-4a54-8e43-b0c1ca4e1854,2026-02-28,1,1
e0b8187c-e2e8-410e-b246-5ada2c26f0cf,2026-02-28,45,45
1f5a8dc0-c278-422f-9439-b178a6a86757,2026-02-28,14,14
469e5ccf-1e7b-47c2-8723-1d0cec9d3efe,2026-02-28,7,7
8a76f495-06aa-4f17-b7d6-2231046020e3,2026-02-28,1,14
a09236a8-2f52-4db6-8ce5-ac136e57e64e,2026-02-28,1,1
f68b803a-9095-42d8-802b-b21b37f9ad42,2026-02-28,10,10
faea612e-136d-4a56-bd38-8ed28822b053,2026-02-28,1,1
02bdc1da-ee48-40fc-9ea7-2602946525af,2026-02-28,14,14
2497edfc-b3e7-4b10-a250-4f4e085d217e,2026-02-28,1,1
462a28ed-6d5e-4633-b086-9a20050a134e,2026-02-28,10,14
65445c49-54b4-4705-a92a-3095e8ff111c,2026-02-28,45,45
188fc15d-00ef-4919-9045-c311aeed6ec7,2026-02-28,7,30
35a594b9-68a3-4a79-a6d1-6e5b346e4db2,2026-02-28,1,1
3f35c98f-b6b7-4e50-ad90-ef06ecad455c,2026-02-28,1,14
a86f5685-89d8-4a4b-9f88-80c9d06a73a7,2026-02-28,30,30
ab36b73e-c478-45b3-af86-b2f193a97cea,2026-02-28,10,10
c14ef52b-54cc-43e9-aeaa-c1b6c50f1107,2026-02-28,10,10
e456e40f-d14e-4e6d-93e6-769619c82e3e,2026-02-28,7,7
fd20649e-4389-45eb-b467-090b9ac27f56,2026-02-28,1,1
029384a9-f1eb-4147-9b7b-72a1b60b5725,2026-02-28,1,1
7f3abd45-c621-4bc3-9181-75a0267495a3,2026-02-28,1,1
e94a64af-288f-40f8-b679-94812d14e46c,2026-02-28,1,1
110a7039-5424-4d5e-9fcb-86a30b8c9f8e,2026-02-28,7,7
2fbf6fce-72d2-41ed-8b5d-006ccdf39708,2026-02-28,7,7
36803895-0f27-483d-9fcf-fdfe814d5406,2026-02-28,1,1
4094a8f2-94f5-4822-865c-caaac4a5152f,2026-02-28,14,14
4ce017b7-deed-44e0-a073-1516ba2d4e91,2026-02-28,1,1
81716006-52fb-4362-b249-7b2a42b2d6a7,2026-02-28,7,7
be7d4225-1c1d-4a39-858a-b387b5ff917f,2026-02-28,7,10
eb67aaf8-5544-4bc9-8673-deb895e0ddd1,2026-02-28,1,1
fc72377f-c169-4d3b-ada5-c7d7a53a44e3,2026-02-28,14,14
0ef0daa5-ab9a-4d88-a9a4-e69c71abbdc1,2026-02-28,1,1
103747b2-69c7-402a-846c-f865e5af36e1,2026-02-28,60,60
19e5a256-55e4-4a76-ae5a-26168a3b41ee,2026-02-28,7,30
1d07b23a-5400-4d50-a01b-7386a1650f91,2026-02-28,14,14
3964a6e8-d86e-46f1-96a0-5435d520578a,2026-02-28,14,14
48a99a49-b58d-41ec-b5be-2b7658c1c6ec,2026-02-28,1,1
52c027b5-ee8d-45a9-97c6-78b793df736b,2026-02-28,10,10
2517a6ea-1af8-4b02-bb09-e4fd9f8e8449,2026-02-28,14,14
8878716a-8978-495c-a780-73dcdc011ff0,2026-02-28,1,1
106ff098-d8b1-4f5c-848b-b9992781b69b,2026-02-28,7,7
14df0bf4-214c-4a0d-bede-f76c042e4e52,2026-02-28,10,10
36e6a2b2-af27-47d4-8335-25b879879ebf,2026-02-28,1,1
5bc6ba7c-abcc-4879-9bcc-8046d84522e9,2026-02-28,1,1
75a71987-94ec-41bf-b02b-8d65ba8a7e96,2026-02-28,90,90
7c3422bf-6929-458d-8889-38e0244de839,2026-02-28,1,1
95ac51fd-cf18-4deb-9b9d-1f97adf20ace,2026-02-28,1,1
cd64486f-6f78-411f-848e-31e46931a308,2026-02-28,1,1
fb667477-2a9e-4ebc-bfc1-7257cb7871a1,2026-02-28,7,14
fde52574-f14d-4cef-879c-57704c047300,2026-02-28,10,14
febeebda-be2d-40f2-bb9f-4296bfbf989f,2026-02-28,10,10
2c4437aa-1f40-490e-be64-fa7a198999d0,2026-02-28,7,7
47907a78-a273-4f46-a8c6-b14ec64ed2bb,2026-02-28,1,10
49276bff-8b70-440c-8b96-c1a0f2480c9c,2026-02-28,1,1
75ff3469-9c8c-4909-9c50-d98b2fedf82e,2026-02-28,14,14
88b6ac2f-cbd9-4847-a886-092d08089980,2026-02-28,1,7
9ca604f4-b4b6-4aae-80a0-d52a32e00a3d,2026-02-28,10,10
b5f41938-1c37-4383-8ea9-394733e7f8fc,2026-02-28,1,1
bfbc1d7a-a61b-4416-a95d-5f796b45dbce,2026-02-28,1,1
09e89e30-24e1-4ada-ba87-e72712fe2557,2026-02-28,14,14
1207cee1-793b-485b-9edb-c7b161b97a0a,2026-02-28,1,1
2746f31c-f058-43c7-89cb-e2b1a1c2771e,2026-02-28,1,1
47ea10e6-e934-4fd5-ba9c-3f77df8b5793,2026-02-28,10,10
4f5652a5-cc32-46cc-9a92-2eeeedbcf2ca,2026-02-28,14,14
68ab41a2-812a-4c0c-9090-a23de0068e76,2026-02-28,1,14
6ae238fc-bb2e-4666-a523-fd7f10831ca0,2026-02-28,1,1
9a3a41ba-6869-42ca-9ff4-ab011adb5e2b,2026-02-28,10,10
a66c797b-699d-4ff7-ae94-155a5f87ac87,2026-02-28,14,14
ad77f375-e88d-4524-9b20-9631c13247dd,2026-02-28,14,45
f36b2aa2-54f6-4ef5-9fd5-4fae026b1ea7,2026-02-28,1,1
fba3614d-47dc-4772-8ae1-8d547cab3a9c,2026-02-28,1,1
1a57de20-290b-4f14-b5fe-9b76975b1ef9,2026-02-28,1,1
2e92d1a8-b58f-4ff5-bb39-5501c5419bf8,2026-02-28,10,10
3a9258f6-e03b-428d-bc6f-0170ec642529,2026-02-28,1,1
4189a300-e4a9-4403-aa7f-dc9ac0d72bc7,2026-02-28,10,10
68308273-fd16-4471-86d9-1efa7bdf5f31,2026-02-28,1,1
8cf81765-8879-484b-a6c8-1cc15d316050,2026-02-28,14,45
b8f5f39b-37a6-46ad-9643-3eb4a5f6a515,2026-02-28,7,7
f9356c42-7686-407e-8cda-eb18ffae9e41,2026-02-28,14,14
024d24a1-890a-4d1b-a517-652fa14bfbad,2026-02-28,1,1
7ca62ab3-27e4-49bf-b979-78f9c60519cf,2026-02-28,14,14
eaf84d95-3a3d-425c-93ce-1a0b9967d723,2026-02-28,14,90
19c63cbb-62dd-4cff-a87f-75063f906bf9,2026-02-28,1,1
648de7e9-2c4c-43ce-8baa-d268ea1ea4e1,2026-02-28,14,14
a20bfdbb-ecb5-4e93-a263-9041532e439c,2026-02-28,45,45
e8c0dbd4-6ee2-4673-9702-96590d95ad00,2026-02-28,1,1
0f1bcac6-038c-4d40-af8c-8050cdf2b493,2026-02-28,1,1
55a99c14-8102-438b-8ac8-9a49a23823ea,2026-02-28,1,10
7f556647-855b-4f5b-9688-bbe0400317c4,2026-02-28,7,7
805726b4-a6bd-4528-8cad-af2d0a6358cd,2026-02-28,10,10
93c2f183-6bdf-4529-a649-f95c475f88eb,2026-02-28,45,45
e24dade1-ffe4-4f0d-b6ae-ed865b0b89a3,2026-02-28,1,1
e54ec3f9-cac3-441d-9222-f758665997ee,2026-02-28,1,1
f839ce78-241d-4b4f-ae44-ea46f1a3c4e3,2026-02-28,1,1
fce4a80a-e633-4eac-b1d0-9c46e8162c5f,2026-02-28,1,1
1c032716-1617-4018-b660-71bfc05f290f,2026-02-28,14,14
9e36af32-5ca9-4a23-be29-a996dddb147a,2026-02-28,7,30
bf9890cc-1d97-4b1f-9935-a9848f66a9d5,2026-02-28,1,1
e74f7d9d-7c3c-45fe-9bac-e75856848e9c,2026-02-28,1,1
298a48c4-0b32-45d5-a1e9-674b6fd1a702,2026-02-28,45,45
3226d3d2-485c-467f-be38-109fcaa97313,2026-02-28,14,14
6bc9bc3b-69d3-499c-b187-b5d08a6bc563,2026-02-28,1,1
7fc69ff9-8357-4f64-9aa3-e1b19160ba9a,2026-02-28,1,1
84df9fbf-1fe6-444d-b751-a2e6c59c8c7b,2026-02-28,1,14
fed2c4dd-e4b1-4ab6-903f-475a24cf2dc7,2026-02-28,1,10
8a1574c1-e9cf-4828-af17-8545f04ff3da,2026-02-28,1,7
961bdb2b-fb67-4781-b2b2-d3b38c089729,2026-02-28,1,1
d74f50ee-7c7c-4337-9649-bee92b0d9719,2026-02-28,1,1
974fa7c1-3e6f-49d1-a5d2-3915cba2f3c8,2026-02-28,14,14
d542ed9b-7558-442d-b8be-191d45aeebab,2026-02-28,1,1
e8888ee6-f7ad-466d-99c4-ac9a2fa0f0cb,2026-02-28,1,1
5b8965ac-1cf5-43c8-8f4a-65f782bc7a3c,2026-02-28,1,1
6a294bce-8b99-4d6e-86a1-8cfb8bd96c24,2026-02-28,14,14
9de44bf1-2c8d-4cfb-9970-3c1c9f164081,2026-02-28,1,1
b1b366c8-ea75-4872-b75a-0e1366b5f351,2026-02-28,1,1
0ca5b594-5e91-4173-ab6e-7e936b3f9212,2026-02-28,1,1
7b9d49ea-edb2-4cc5-9a1f-ac42aba7133b,2026-02-28,14,14
b256dc1e-0959-42b3-a0e2-0530d576882a,2026-02-28,10,10
be663d2f-b590-4686-a0e1-b65d85c624d0,2026-02-28,45,45
16b60c7a-5175-485b-abb4-d1fc760ebe1f,2026-02-28,7,14
7108ab5c-8a4a-48b4-bebb-0a52ccec4e4e,2026-02-28,7,7
bc1e631f-9922-4995-9def-4547479629fb,2026-02-28,14,14
f1c8598a-ec93-43a0-aaca-50df65496062,2026-02-28,1,1
4141119a-cac8-4f01-889f-43cf621af077,2026-02-28,1,10
6b3cc052-5ccc-43c5-a614-63030ecb7158,2026-02-28,1,1
71268989-b9c7-4365-8b52-5820e2ffd649,2026-02-28,45,45
c3ba1ef2-a105-4a36-ab07-7647bc40cd1a,2026-02-28,14,14
c5ae456d-dd48-4a46-94e2-1728603ef9a8,2026-02-28,14,14
c973ba72-abb7-4b67-b0cc-915d40eb2465,2026-02-28,1,1
51871310-cb36-46f8-835a-9c3e9050a5ab,2026-02-28,1,1
8aab2002-e51d-4e6b-bb95-5a5e04be1cf5,2026-02-28,1,1
0b4e2666-95d4-4692-b103-f0b757625915,2026-02-28,1,1
38c316d1-8d6f-4f98-9023-dfbf3d919099,2026-02-28,14,60
b960cbbd-b2ea-4a7e-ae7a-d0b65887ea3e,2026-02-28,1,1
42e2f1d1-e08b-44e6-b8bc-deb8477feb7c,2026-02-28,7,14
5850b3a8-5c78-4758-8258-1d4d9864a6b6,2026-02-28,14,14
74059762-a125-4b4c-a6c3-e3790c578b59,2026-02-28,14,14
99001d02-c4e1-4b11-85c2-c09640e053e0,2026-02-28,1,7
d7306b75-f699-4734-8bc0-62be6bcb6990,2026-02-28,7,7
65f53958-02a3-4da3-bc9f-46fad011445d,2026-02-28,1,1
6f6e838b-0e93-48cc-8441-c7de91c915d6,2026-02-28,10,10
8617d779-6e44-49a3-93ed-b750fb67b111,2026-02-28,1,1
b6fda7cb-eb66-4d12-9346-00849d89a121,2026-02-28,10,10
dcad35e0-9d28-42f5-80d5-5d05009682bf,2026-02-28,14,75
ec75e654-fd62-455a-910f-95816d4e96aa,2026-02-28,14,14
fcc23260-7911-465d-9e31-f56fbd3b3839,2026-02-28,90,90
1dd1b976-ca6a-4ccf-a980-280032f63c6d,2026-02-28,45,45
23c1e6d9-2d2b-44b1-a6a1-fac8ba4eb7e6,2026-02-28,30,30
752b9c99-825a-44a6-99ce-111954bfb47e,2026-02-28,1,1
838fbde1-ae80-4972-80d1-481a195de9e7,2026-02-28,1,1
d3f2d4b2-9965-49ab-a117-52b5b5d2deb3,2026-02-28,1,1
ec2bd19b-13c4-4fc1-b437-de150b7d494b,2026-02-28,10,10
f6dfcc31-5fc1-49a1-bb51-40ebd8773ac7,2026-02-28,1,1
428f9917-9d26-40fc-8ff1-07454b53fc50,2026-02-28,14,14
97c8b5b0-051f-42a7-ae00-91b846604e91,2026-02-28,14,14
c9da80fb-c5e2-48cc-b355-ebb5177535e8,2026-02-28,14,14
ca8e0a30-f53b-4556-8f07-2f2a2560cc18,2026-02-28,1,1
cf58c131-7ad9-4302-b839-57cd1c6c3a04,2026-02-28,1,75
510958e6-5d84-4549-be3e-fa85483d6d73,2026-02-28,1,1
542e1cf4-7386-4b47-a979-ad6506f79285,2026-02-28,1,1
6fdf9014-582b-4778-a6c2-a5621cea1d94,2026-02-28,10,10
86c81cac-9581-40ff-831c-226d9abb0ec0,2026-02-28,1,1
b34a9fc5-c2c4-4282-85e1-6ca9906b5052,2026-02-28,1,7
c07dec87-cd39-407d-b531-cb238e38c85f,2026-02-28,1,10
88012439-506a-438b-b412-7631ef942640,2026-02-28,14,14
a5893ba6-48f5-416b-be14-1517eacb4daf,2026-02-28,1,1
a86cfe06-a203-43ee-8e65-3a24d82052ea,2026-02-28,1,1
c7b97499-ba10-40b9-91a4-a00b0a53f845,2026-02-28,7,7
2238d9e6-3f84-405e-ba97-21c0350fde5c,2026-02-28,7,45
35f262fc-ae2d-4297-ab9d-e30b929f1b8a,2026-02-28,1,1
60e41ee6-1436-482f-8568-51c1d8f13529,2026-02-28,1,7
98066508-9b0d-4696-a63a-f5975d6c3bae,2026-02-28,60,60
3ae12577-1d6e-44f2-b553-0a46d0d06c39,2026-02-28,45,60
3f6aff34-a80b-4fb8-a035-d6081d82f4cc,2026-02-28,1,30
84166249-a2e9-4f3a-bf9c-67f988c32ac8,2026-02-28,7,10
9b28e299-11a4-488a-836d-ba828f54c608,2026-02-28,1,14
9c02f587-9fe9-40ca-aee1-09004c9ba8c2,2026-02-28,7,7
9ca1eb40-3b46-4a59-b54e-b746de01b621,2026-02-28,14,14
9e50077a-2b1d-41d8-b612-1936853187fb,2026-02-28,7,30
a898c042-6470-4fd7-af6f-e622afc81ab8,2026-02-28,10,14
57decd9a-af26-471d-a447-d45f5db2242f,2026-02-28,75,75
71690808-ca00-4c62-a51e-b384ffcaca41,2026-02-28,1,7
7ed12664-bcdf-4c6e-90a3-664b75fc6627,2026-02-28,30,45
94e442ae-94de-4b0c-972f-6ebca0d71256,2026-02-28,1,1
b949f152-f613-4fca-b53d-bdfb3b6f4cf8,2026-02-28,1,1
eebfcd65-ca72-41f8-bc3d-84c082ba58cb,2026-02-28,1,1
f03ba895-15ce-478b-9b45-322f3384a5ef,2026-02-28,1,1
aa7e5dc4-7994-4aa6-a38e-94e0df7ca665,2026-02-28,45,45
b4b7343f-d968-40eb-9dd3-318b1a17b8c2,2026-02-28,10,10
ca5858a3-657c-40c5-94f9-a0ca80f5dc71,2026-02-28,14,14
d9e0fc33-da25-4cf0-b99d-6e6abd9321da,2026-02-28,45,45
f48f8357-4e74-4a19-b68f-474b90672bcb,2026-02-28,1,1
fd841daf-72fb-47e8-85aa-94f8f88ede34,2026-02-28,60,60
1032c403-42c9-40b3-b521-69f5c45f4c84,2026-02-28,1,1
1366c214-e18e-4b4c-bee5-b308e4931b9e,2026-02-28,14,14
38254641-9098-4c13-971c-c56beb9b92bd,2026-02-28,1,1
4ab56d58-061e-4c3b-b355-b0a0d65506eb,2026-02-28,1,1
698ae4a7-f45e-466d-9f92-51a6551afb54,2026-02-28,14,14
7822adf8-a9c0-4c27-8561-62d968b0e545,2026-02-28,1,1
ea1d8d23-75e7-469a-92af-f6604a93b370,2026-02-28,14,60
1a94de79-c7ce-4e3b-bc81-f715404e1f99,2026-02-28,10,10
392d83e6-1f85-4737-942a-83f58e5e8f65,2026-02-28,14,14
713f34a8-06b9-456d-b0a6-a343ce664a73,2026-02-28,14,14
d594e59d-3e88-4734-a6a4-83807d96ae41,2026-02-28,1,1
11acd2ea-3675-4bc4-9f84-d18478e6b777,2026-02-28,14,14
2baf2d1b-cc04-4e7e-9fe7-e9b9438f92b6,2026-02-28,1,1
5d36f70d-d804-4a82-a0d4-5475e9693320,2026-02-28,1,1
dc9a2993-d4f0-4abc-bfc1-bf3743cefec3,2026-02-28,1,1
0137ee65-19da-4b1e-9249-d6731eed12cf,2026-02-28,14,30
204d1c47-3dc4-4f14-807b-eb9ca24bc8e8,2026-02-28,14,14
3af41f3d-7881-4417-b3af-d7623eaa79b0,2026-02-28,14,14
40402fd7-9b31-46f0-a3b4-7efe9384cc80,2026-02-28,1,1
5cef7b34-a81d-4577-90a4-20bdb4fa720e,2026-02-28,10,10
9b36a460-2cac-4263-9d7b-e7c4a0080992,2026-02-28,14,14
cfecd9ac-2706-4f9b-bfdb-b1516ff51080,2026-02-28,1,1
db1ce9f8-1c5b-46b8-b038-8531fe84a243,2026-02-28,1,1
ebd93ff2-7380-4dee-8466-ac4b353302d1,2026-02-28,1,1
16049d25-2903-4263-888f-fd93bb55cbbf,2026-02-28,1,1
18fa7890-a0bb-41c1-abf7-4069f2715abb,2026-02-28,30,30
1f380731-2bcd-4fd1-b93b-d08eea71d7c5,2026-02-28,1,1
2aa90ab3-384e-4e45-8101-bab12f0536ef,2026-02-28,1,1
4b83cb78-8a73-4827-bf5e-c2a3b506c22c,2026-02-28,1,1
4ecf05bd-3030-47f2-8002-5d523f8901e2,2026-02-28,1,1
6fdade79-953a-4ba9-b03e-128934cd941e,2026-02-28,14,14
a1c89c7f-d509-4873-b879-e553a919bc36,2026-02-28,14,14
ab160117-0654-4dce-aca6-fd4cbe66078c,2026-02-28,45,45
b2ddb9ed-72d8-4426-ae9a-26ff67d86dec,2026-02-28,14,14
ce1aca3b-1456-42e7-83b1-ea2a35224176,2026-02-28,45,45
354a366c-253e-4cca-943c-a4ea5938eed7,2026-02-28,14,14
3ab2c38c-1992-4144-b81f-4a6e484da59b,2026-02-28,30,30
665af2ae-e82d-463b-8cb9-cb9d5073a6bf,2026-02-28,1,1
73a80929-a5e5-4ee5-bf0a-3e6e578ef674,2026-02-28,1,1
8629379b-f4e3-4cea-8619-4162e11e870d,2026-02-28,1,14
9f37dd91-ecfb-4ee2-8003-79896b5f4e04,2026-02-28,45,45
bad07e2c-9e32-4b77-939a-9ecd2dab0b9b,2026-02-28,7,7
d2e863d9-ac3d-47c5-a2a8-d9f36d4bba0e,2026-02-28,30,30
d68389e6-7189-45c2-bc37-5c56f844ba9f,2026-02-28,1,1
e40650f9-8ccd-468d-aed4-085915b9bcdd,2026-02-28,14,14
edd4da1b-cec0-4fff-b658-ceb9b730c72d,2026-02-28,7,14
14e77bba-7ad3-40a7-b315-a7badf678f75,2026-02-28,1,1
4ebee5fc-de6a-4b0b-8921-4cc9a88344e9,2026-02-28,14,14
5995e5a9-9811-453c-94d0-fac3a9663f95,2026-02-28,1,10
793e2472-2fec-47b4-94ab-e51571c41d36,2026-02-28,1,1
b9dbb918-3f62-47f7-8944-df2781e6c0df,2026-02-28,7,7
28f088cd-8b70-4949-8ecd-93279811393f,2026-02-28,14,14
2c313f5f-09f6-4bd7-96f9-c6498a8c080f,2026-02-28,1,1
2d275002-4866-4c31-bcd8-0b04c3d96293,2026-02-28,14,14
48fcf1cc-542f-487e-86c1-afb2612a1c0e,2026-02-28,1,7
4c8b46ea-fd67-4dbf-bddf-0da7a58b7fde,2026-02-28,45,45
85fa8c94-6df9-4016-a2fe-37893a8415a3,2026-02-28,1,1
b535d9ee-df38-4d53-8318-2671c6587762,2026-02-28,14,14
bd8dc7c9-1ee0-4a7d-b904-e387802fa8fd,2026-02-28,1,1
dc2d7f18-0b64-488d-904c-35b23d1664ed,2026-02-28,7,10
044e4431-327c-45b9-ad6a-1f763967a18f,2026-02-28,45,45
1c9543a4-a1b2-4bce-8413-502c577ccfd7,2026-02-28,7,90
2f78b976-cc02-40fa-908b-cd6c99a95a72,2026-02-28,1,1
40582f68-420e-4d54-ae14-7f18cef89a56,2026-02-28,14,14
19ec6062-e528-44e6-bb44-0cc66cdc38c0,2026-02-28,1,1
1c6fc267-0383-4098-b5e6-7061954816f1,2026-02-28,60,60
226ef9ab-f58b-4a0d-95c9-d9f34d1a1c2c,2026-02-28,1,1
4937f7ac-b8bd-4871-95e7-3c3725b97c35,2026-02-28,14,14
7ecfc299-7726-4a85-9209-1299edbd9ecd,2026-02-28,1,1
ab3f42fa-d13d-4d57-adc8-0573e60f3697,2026-02-28,14,14
cdddc559-6249-49b6-aae8-9bf69eb4499d,2026-02-28,1,10
f64a77ac-3e31-4a7a-b1db-acbf2a727852,2026-02-28,10,10
2a213eda-133f-4679-89e7-fedc0c02bfd0,2026-02-28,1,1
3e63bf45-7212-4f28-aef3-79670785b722,2026-02-28,1,1
64764efd-4c6e-4e2c-a91d-0461919a2010,2026-02-28,1,1
734d26d9-dd23-490c-bce7-242fdf0100c4,2026-02-28,7,7
967eb2b1-412c-4afb-9dfe-4068ab40f4cb,2026-02-28,1,14
9d466020-7dc5-4677-864c-50feba8b8037,2026-02-28,7,14
c0b93f29-c892-4f94-a77c-75b56ee5f635,2026-02-28,1,10
db9f4c31-67bf-47e0-89b8-782d373b7123,2026-02-28,7,14
26e9d5b6-b34a-46b7-ba78-b9ee113728ac,2026-02-28,1,1
4a2f4d6d-d1cf-4ff2-bdfd-e263747dbd82,2026-02-28,1,1
4c3930da-194b-4c65-a3f9-08c7167e4964,2026-02-28,1,1
4e4f2fca-7b38-4cff-81af-64a572b2a14f,2026-02-28,1,1
5cc25005-0fef-4565-a81b-9fa65a3e77e8,2026-02-28,10,10
6d9cdbb9-948a-4850-9b77-ec3d59c73013,2026-02-28,1,1
7d7ea424-838d-47d8-a92a-d746e9c20ca1,2026-02-28,7,10
91093b53-658a-4c80-b873-5f3c890e6bbb,2026-02-28,1,1
b16db378-2b54-4ba2-b722-b0e25b417296,2026-02-28,1,1
c17fca4a-2bda-4d7d-a7e4-d67629cdf087,2026-02-28,45,45
0b9a4ab4-0afc-44a5-a0ea-8a978b1b8179,2026-02-28,1,1
2950a447-633c-4f94-8f5e-f8ec1d2a5ee4,2026-02-28,14,14
40da2f6e-60e6-421f-8c42-0b2c4ee7f74a,2026-02-28,45,45
534102e2-8a34-47ac-8f19-9576bf35d7b4,2026-02-28,10,10
5bae80aa-e594-46c1-a707-dc7c14bb2b98,2026-02-28,1,1
7f12d9ef-685a-46c4-b816-03ddb1df532a,2026-02-28,30,30
839ae6c1-1f10-423c-b653-a9ef1bee1ae1,2026-02-28,14,14
ab050f65-ef7b-4123-bf3c-eedd24fb6ad5,2026-02-28,1,1
96e8e872-19b1-4ce7-afe4-0995a7fb6291,2026-02-28,1,14
b7633515-fdfe-4be8-9dd5-1ed7da60c76b,2026-02-28,7,7
02b85bd3-6a2b-41df-a156-39352b3c5719,2026-02-28,7,7
0fb7d6d1-1dc9-4681-877e-34014d3b4fb2,2026-02-28,14,14
2401b7b3-c27e-4431-8463-620d57865a37,2026-02-28,10,10
c001cf9b-5cef-4b9c-af41-7d2c42eda7e6,2026-02-28,14,14
454e688d-cf3e-4ea9-b78f-58363782476a,2026-02-28,14,30
5958cab1-08ec-45d7-aa25-23a6d1b4d9ba,2026-02-28,14,45
7e766c7f-aa4d-4ff8-81cf-38442a77c10e,2026-02-28,10,10
84c68d20-6413-44a6-b3b1-74f9c17e3fc3,2026-02-28,14,14
8b3aa6a2-3550-49a7-82eb-9db01fb96c95,2026-02-28,80,80
c0cc92e7-1868-4ee7-a91c-4eb5f7fd2156,2026-02-28,1,1
d395259f-b3ab-4271-945a-10734c191f95,2026-02-28,7,14
dcf0264a-fa1c-43cc-b184-44e0053af2d6,2026-02-28,10,10
0e33856a-3d5c-479d-9ad8-3d2bb69b6a42,2026-02-28,1,1
1132f84e-8553-423b-8ad1-b1eee5f49d35,2026-02-28,1,1
5f9ce46d-3f8a-4c09-b194-ac671f49ac0e,2026-02-28,45,45
9522eccd-df96-4a2a-9830-33c3991cfe60,2026-02-28,1,1
e3172de7-3ccf-4f19-a7db-8f7ecc5b2c1a,2026-02-28,1,1
034d1436-f614-4172-925c-63e7124e8aee,2026-02-28,1,1
3f52e9cc-2607-4d52-8dec-3ff1a9aa0c58,2026-02-28,1,45
58474cd2-7bc2-4d49-b309-a869332732bd,2026-02-28,1,1
634f5a37-3c63-4c57-9c62-118cfe9d3c15,2026-02-28,30,30
68e65c0f-1682-411f-bb24-b3bab63bdc8c,2026-02-28,14,14
7e0faf1b-649a-465b-a01d-ead26ff1edc0,2026-02-28,14,14
9c79e870-fd73-437b-86fd-ef84ca4853a5,2026-02-28,1,1
c5a145ea-2ccb-4959-9b86-46644d141ec2,2026-02-28,1,1
eb4fb483-c882-4bdb-bdef-f7c691e08c04,2026-02-28,30,90
28ea0e2d-19e1-4417-9e12-bcf32b79aea1,2026-02-28,7,7
70e55987-5afa-442d-b1e8-64873f223f05,2026-02-28,10,10
ab88f791-506f-4811-b150-1cf1f4a01a80,2026-02-28,14,14
c6194149-7c84-4e65-a1fd-30a0279299ae,2026-02-28,14,30
c85c2529-29a0-4cf0-9429-e57c1e7d87e4,2026-02-28,1,1
d9100b7e-3ed9-4bd9-81a2-daa00a635aa5,2026-02-28,14,14
f4ad5838-0014-45e6-8dcc-d6ef33800c6e,2026-02-28,1,1
1c01ddbb-3026-41c1-9612-33ce29ad235d,2026-02-28,14,14
5645d9ec-ea88-4b23-b00b-028156f37461,2026-02-28,7,7
98f60a00-1987-43e8-8582-32c5a5eb393c,2026-02-28,14,14
af82c658-6e62-425a-9a11-eb792452b86a,2026-02-28,1,1
bc367489-d4c8-4426-9b32-a1fb1a6521fe,2026-02-28,1,1
11eaf779-4b57-4e4f-89ec-82ffe1a6db01,2026-02-28,10,10
3077a385-ac4e-4074-a32e-964eca7ffba9,2026-02-28,1,1
364037f8-acea-45bd-8a46-a71d42fc4f99,2026-02-28,14,14
40bdfa78-2cf2-4926-97e5-c7394877604d,2026-02-28,1,1
4e18da0c-9e3c-4f57-b2a6-943807cd9958,2026-02-28,1,1
6333ecb0-dec8-4122-a1b9-85d17ebd64fe,2026-02-28,1,10
bdfa2ac6-9194-422b-93b1-57921feca7ef,2026-02-28,1,1
f65f4910-47d0-4ff7-b2da-00d81aaf6886,2026-02-28,1,14
33544af7-ec3d-4e9e-9b9c-7af3a1cb6577,2026-02-28,1,14
442ef4ae-e814-46c0-af67-b45b9c490003,2026-02-28,10,10
5f07940f-f955-43b3-ba72-1bdc8f690c92,2026-02-28,10,14
a1977efa-1e01-4e9e-9e67-4cfaad89d8f3,2026-02-28,1,1
ab5122b4-ed35-44a2-86ab-688923499a0d,2026-02-28,10,10
f460cd35-0e87-4c11-b48d-9006bfab3c48,2026-02-28,7,7
f9c54233-ca56-499c-a54c-76b20bdff200,2026-02-28,1,7
3d5cf8ae-932c-447a-bd88-de658d6ef323,2026-02-28,1,1
98ddea91-52f8-48cb-b625-2021ea7cf17e,2026-02-28,1,1
bfbb8193-214a-42f6-a2fc-38320b7a9d3f,2026-02-28,10,10
cc1f6079-f80b-40ab-b4eb-9d5579ef3fac,2026-02-28,30,30
d429cb7b-5404-4314-a407-b44c5b48aa9a,2026-02-28,7,14
1872de8c-94e4-4ea9-9cbe-eaf39dfd7b60,2026-02-28,7,7
35b025f7-77a1-49d9-974c-4e93c0bc2a99,2026-02-28,1,1
88c31f4c-5213-47e0-b39f-2cd72d175fa5,2026-02-28,1,1
97ee8c48-6fbb-40f9-895a-c848b0acee6a,2026-02-28,1,1
f1a88486-adf1-4c0e-a2b0-73fc6ff53037,2026-02-28,1,1
5030ebe7-48a9-43c6-a4ee-c37837a6646b,2026-02-28,7,7
7f8893f5-4a6b-414f-ac60-853cd50ef25a,2026-02-28,1,1
9e238019-4362-4463-b135-2dcd30b0911a,2026-02-28,30,30
e4612b91-5087-4074-8881-06a7b89512ce,2026-02-28,30,30
14efaeda-d901-4fc4-a297-57f97a0494b9,2026-02-28,14,14
1a9e6b70-5535-4a79-98a8-290971e71ef2,2026-02-28,14,14
70f939a7-a47c-4561-9931-b26c5fb75a83,2026-02-28,1,1
9ad99111-02c8-4861-b5c1-ad552e984405,2026-02-28,1,1
ab50c94c-6873-4564-981d-ba063218ad0e,2026-02-28,1,1
c99cc11a-e4d4-4ab3-adcb-238559e9248b,2026-02-28,1,1
de2f48ac-94bd-4aee-a33e-82424af18c10,2026-02-28,7,10
2fb9e61c-e327-485f-a729-b0a4285c9045,2026-02-28,45,45
3fdfd93c-a809-4169-8572-305f5c47c2a2,2026-02-28,7,7
947e770c-328c-489c-b24b-fabb79b69a49,2026-02-28,1,1
cfc3f2ad-a6fa-4c4e-a397-31f40e5e88de,2026-02-28,30,120
11c7075a-aa97-4adb-a612-8a2f9a548220,2026-02-28,7,14
61f00569-643d-46b7-b020-0a62b7b6dc5e,2026-02-28,1,1
6514d153-67e8-484d-8af7-829384217d63,2026-02-28,14,14
753ed645-ca34-4234-8c37-925a7603ab70,2026-02-28,14,14
9c080be4-06d1-4e4d-a9be-a3d52f97aa1b,2026-02-28,14,14
caebcdec-4c00-4f90-9414-25f097d46b00,2026-02-28,1,1
e666fcb1-7f4b-444a-89b0-ccac27b347e2,2026-02-28,7,10
30f36726-ad93-491f-afba-a79b698c63f5,2026-02-28,1,1
44db075e-0037-4f45-ade0-f0587cea5243,2026-02-28,1,1
63165645-4913-4208-8e88-4517621346be,2026-02-28,1,1
cccae18f-67fc-478e-abc9-7fdfc92dfd64,2026-02-28,1,1
f0028320-2087-402e-8c06-2e44bca8e94e,2026-02-28,1,1
f8aea10b-66b7-4946-87c7-6958eeebfed6,2026-02-28,45,45
020c52bd-510b-4ea0-8dcf-9327d272384e,2026-02-28,1,1
5b969832-66cf-4954-8d8d-b03901b36ba8,2026-02-28,10,10
77b2039f-7a04-42dc-bc12-9c2902153a32,2026-02-28,1,1
d6546646-7da0-4928-86e9-97de64bcae03,2026-02-28,1,1
fa8a4c45-b50a-4696-8500-f0e51cebaaed,2026-02-28,14,14
3591d3b5-48af-41f5-8802-43ba95435fa8,2026-02-28,1,1
48e07866-9a47-474e-83ed-0bbc694eb449,2026-02-28,90,90
5235cc61-fec3-4a53-b7bb-8af22492f69c,2026-02-28,1,1
cbcc29bb-7c35-48c7-8d8d-bc03bf824736,2026-02-28,1,1
fb497ffd-3b57-45b4-b651-e8727955933f,2026-02-28,1,1
11e7737d-fc27-4863-8d1b-a6669445bfbe,2026-02-28,1,1
67ea5a8d-8958-4cd7-b3eb-899db486d56b,2026-02-28,14,14
6b3eb555-720b-4511-a488-32c29cc2baf0,2026-02-28,14,45
9d2a4dc2-4082-481d-9450-35bccac9585c,2026-02-28,1,10
a4379934-1220-47d9-a550-4b5eb04db8b5,2026-02-28,1,1
d5adacfe-5c09-48bf-aa87-b1a01381e79e,2026-02-28,1,1
19c6b3dc-f6e8-4eb8-9c72-953942f9fb94,2026-02-28,14,14
20512bf2-b891-4c4c-b65e-f6563c9db20b,2026-02-28,1,1
50da4c8b-43ab-4707-a8a0-ab42d739dce4,2026-02-28,1,1
91bfd1c1-2c24-4a19-9304-dd5a87802175,2026-02-28,30,30
8dc9bb81-6a52-4983-b82e-b3a8c935cfd2,2026-02-28,1,10
bd06f9cc-478f-4783-a53a-748293d5f910,2026-02-28,14,14
fc19e06f-4c0a-4f9a-b775-194143f50e02,2026-02-28,10,10
2e82e7d8-c17d-4606-9d35-12880853d09b,2026-02-28,1,1
95485c58-bcb3-472f-a3ca-3ae092050ec6,2026-02-28,1,10
a40fe634-da33-411a-a14d-38624b19f9de,2026-02-28,14,14
a41fc798-f362-4aab-9720-174fd88cade6,2026-02-28,1,1
a8026345-5f3e-4b47-9853-7911d4a2fca7,2026-02-28,1,1
bc9dae9b-45d4-4e50-8f28-dde486a7d725,2026-02-28,10,10
d00c024e-0a2f-4712-9c4f-1086b80f11e4,2026-02-28,14,14
e8660d86-093b-4af1-b163-f4502aa74ab3,2026-02-28,1,1
e976a883-84f8-4982-9a09-fc35e95ee744,2026-02-28,1,1
52f7ed3a-6cdb-435d-abc8-5a9dc815271d,2026-02-28,7,7
6a23da73-4440-450f-b98e-20bdc66da545,2026-02-28,14,14
70423b1b-8a3f-42ce-b911-5436eecd8401,2026-02-28,14,14
98ac5495-74da-4de5-a19b-f609e8b0e8b9,2026-02-28,7,7
af522bc4-0094-4b29-8299-c5848271afd0,2026-02-28,14,30
c24578d2-bd63-4366-8ddd-ceabca576e3c,2026-02-28,1,1
cccf3636-d4f9-431a-b8c5-077c4f219502,2026-02-28,1,1
e93d96ae-4f3e-4214-b55a-d94fd1e716d6,2026-02-28,1,1
088ebf11-eec3-4f30-8062-eed4939fb82d,2026-02-28,1,1
1bebae83-44e7-4fa8-9c49-374df10c5ec0,2026-02-28,90,90
77d60285-1110-48ce-b45d-ddc2fb83c5eb,2026-02-28,1,1
8512a41f-5814-4a7d-884c-8f3451fe8cea,2026-02-28,60,60
a3713ed7-e462-430b-9c76-bbe5e4196515,2026-02-28,1,30
bb25ce2a-794f-40ea-b962-9149197ae3cb,2026-02-28,10,10
d6296de3-accb-4968-9b21-eb509c888062,2026-02-28,45,45
d8209a19-e698-48f1-b01c-72ba56639634,2026-02-28,1,1
dbf063c6-569c-4695-97a1-8b8ac8329f4e,2026-02-28,14,14
ecce5b95-ef24-42d6-b284-a98aaae85667,2026-02-28,1,1
157dd1d8-11be-4350-bf9b-571ecc94d0e3,2026-02-28,1,1
50b6f6a9-e224-476c-a59a-46ee0ead648c,2026-02-28,30,30
7e86c837-c3c8-43fe-bb77-070aab129944,2026-02-28,10,10
92382b87-6adf-424d-b0f5-0a6192c136c7,2026-02-28,1,1
b7441603-4db1-4018-b534-261f095dc034,2026-02-28,14,14
bbddce7e-b89e-43e1-81e4-dc460773a531,2026-02-28,14,14
c1967dc9-49be-49c4-8810-b6c18312b981,2026-02-28,14,14
04491eac-84c6-44a9-8165-09dea0426c50,2026-02-28,7,14
e6c0690f-fee1-4044-90aa-618c76652d99,2026-02-28,1,1
e730827a-856b-4b3c-90d3-b11e69860d08,2026-02-28,45,45
3073e94c-594b-4d32-b95d-9cdf5c610c53,2026-02-28,14,14
7ea54f41-c2e6-44b7-9a32-24054a331f08,2026-02-28,1,1
bd520c79-c405-48a0-bb67-4e57962b590f,2026-02-28,1,1
ecdea800-ea3d-46e6-aa05-86b469250731,2026-02-28,1,1
ee5fb11e-9fd2-4fee-8a72-5dd69b65f0ca,2026-02-28,1,7
feed7b70-822b-44a3-803c-9759d8ab15fe,2026-02-28,1,14
040117a7-3de8-4d0f-bed8-31ef4494f6d5,2026-02-28,7,7
195577e3-d525-4359-a3e6-c0e5a8040914,2026-02-28,60,60
8df83aaa-86b1-42a4-8998-4b1eb188c289,2026-02-28,45,45
b6c0edeb-92ab-403d-a16f-e7881f5ab385,2026-02-28,30,30
f125e6e1-6be3-4796-88d9-59232b216469,2026-02-28,60,60
191d91a0-fb84-4d57-a500-a3ee6f50928f,2026-02-28,14,30
52a8df10-d853-42d4-b37c-9686df1fd8d7,2026-02-28,14,14
615211e9-a7b0-4aff-a741-5c9dc2852291,2026-02-28,1,7
6ff477df-349c-405d-a524-ff07efa429b1,2026-02-28,1,14
91fbe582-0af0-4689-9a35-4e3deaafb672,2026-02-28,10,10
9fda3009-d2b2-484e-b537-3ef6f3ea4136,2026-02-28,14,14
c232940f-b3dc-4d1e-bb83-2877aa7eb286,2026-02-28,45,60
cf88e133-6c74-4218-a5b4-0780cda13ec4,2026-02-28,14,14
0ca7b7c7-f0d2-42c5-aff9-15f8115abd1d,2026-02-28,1,7
3d7e3539-6344-4448-9353-3b0a9b8c9e12,2026-02-28,7,7
3facf8c4-cbfb-48aa-9e32-9d235f1ef190,2026-02-28,14,14
46de61b8-fe96-489d-bd22-ef1314593f1b,2026-02-28,60,60
559e6e7c-3db5-424d-9400-d5640136ae19,2026-02-28,1,10
88ce18b1-c557-424f-8455-ffc2db700a39,2026-02-28,10,10
cba3fe8e-b33a-4b76-b9be-646484d34af0,2026-02-28,10,10
f05a434a-a465-4c24-919a-e198cf0f0789,2026-02-28,1,1
18017307-0a61-4923-8b6f-425708df53cf,2026-02-28,1,1
326eee73-6615-4a4f-8bd3-d4697ed22f55,2026-02-28,1,1
54dd9a39-16ae-4fdf-a191-8bbdecf65d6f,2026-02-28,1,1
7d7a59a9-7716-4dce-85fd-6b449d218d0e,2026-02-28,1,1
2563eb01-3a0a-4b7d-be50-c35f5de22e5b,2026-02-28,1,1
5b70eab1-4289-48cd-be43-3ac8b7e75771,2026-02-28,14,14
88d8e4c6-ef9b-4b81-a3ce-ffa06c76ff9d,2026-02-28,10,10
9585f6fb-6a8c-41ae-a67f-85196d7515b8,2026-02-28,1,1
a6c9eb46-81fc-429d-b689-b821ef4c62be,2026-02-28,10,14
a987475a-1b8c-4cfb-b3d6-3aa1c923760c,2026-02-28,1,1
ef6be723-05b6-4603-88a0-1f4dec29f8c3,2026-02-28,1,1
f3e90d69-cff2-4fa3-b6d4-c88c93a4a726,2026-02-28,45,45
38cbc5d7-1825-4393-a51e-07f06f8945ec,2026-02-28,14,14
75242759-f163-47a0-bc34-f835a778a367,2026-02-28,7,7
8051ccfa-c8ff-44d3-9d1e-880f366a32c4,2026-02-28,7,14
d3f9660a-722a-4398-8646-ef4d27f9e344,2026-02-28,1,1
dca25512-cfe9-4474-8592-f554b8155144,2026-02-28,30,30
12aa9b53-6c75-44df-9c61-1659e0b4080c,2026-02-28,14,14
317ac3ee-144f-4f3b-a23e-9b6678b9b52f,2026-02-28,1,1
33d9db83-2713-4534-828c-198eae66d3d1,2026-02-28,90,90
c73e5529-cc5f-4a00-9aa8-f5e592683052,2026-02-28,1,1
ef62702d-5a65-4887-986a-938aadb5d74c,2026-02-28,1,1
1318e849-d88f-444d-a8cf-419ac7cc0b22,2026-02-28,30,30
704921fd-ecff-4e62-aada-9a3b972528f2,2026-02-28,10,14
8e1d0b2e-a6a7-49bc-a17f-0ef65c3262a9,2026-02-28,7,7
abf069a1-911d-4bb1-aa3a-c0bd56f6cc2d,2026-02-28,14,14
c9b6c6ae-a9dc-4435-b0b9-492b724ffaca,2026-02-28,7,7
194d6737-4785-41c0-8b5c-4dfb78dc144e,2026-02-28,1,14
4070fa2c-9e26-4d07-8b2b-f6578460a8b9,2026-02-28,1,1
63d49681-4444-4b6c-aa82-d77b75169777,2026-02-28,1,1
77b94701-23f0-4e63-a746-b83d16d153ef,2026-02-28,1,1
0339f8cb-2084-431f-a4bb-f4272c146822,2026-02-28,7,7
70018634-1478-4790-b144-49571954a1ec,2026-02-28,1,1
8889c42d-8016-4993-a17a-a2a903419677,2026-02-28,7,7
c0be72e8-0489-4eb1-9b2c-b012892a6ebd,2026-02-28,1,1
fdf4c617-5640-4405-b7c7-2cc80e29e882,2026-02-28,1,1
719601e6-ca09-4295-8b02-860b11bf1a82,2026-02-28,45,45
8aa8d994-5566-48c8-a29d-8db329b1ad55,2026-02-28,1,1
b053bb76-767e-49e5-b124-0e89d9d64123,2026-02-28,14,14
bec79652-981c-4166-bb18-a28410155a36,2026-02-28,10,10
c56d97cc-a987-4675-8784-f18bb7e25603,2026-02-28,1,1
4abb2e2b-ee80-4eac-b9d7-a277f0b71083,2026-02-28,14,14
8be6c6bf-5071-426e-bf33-5c01c652c02c,2026-02-28,30,30
b37109b0-d6f6-4750-9c3d-511eaffa23c8,2026-02-28,1,1
ba76d564-d02a-47a4-a7f6-825be5766e51,2026-02-28,10,10
c0408cf7-9d77-4f8f-b4f2-447fca87e1dd,2026-02-28,1,1
d31b21c5-f42b-4b52-8ad4-bc45cba3a280,2026-02-28,1,1
d51b203b-f7ef-47ae-8290-2038a53ebe6a,2026-02-28,10,10
07ed712b-a07f-40d3-8a94-ab7c8e4325d4,2026-02-28,1,1
114dd1b1-9d71-48d5-a542-bec1f98c7a91,2026-02-28,1,1
38d3b9b0-f32f-4ffa-83ea-bb0cdca8ee94,2026-02-28,10,10
39c1d77f-be56-474e-9fea-880a5fe3896f,2026-02-28,45,45
68141ad1-9f48-47d9-9060-3e656acba53a,2026-02-28,1,1
c405f523-3f2c-489d-a543-e50a7cb99b20,2026-02-28,1,1
c5e1fe3c-dd22-48d0-876a-dc7784ce3d51,2026-02-28,1,14
f445e4e7-abf6-4f13-bb24-4ebb6d31309e,2026-02-28,1,1
110e51e3-4d48-42fc-bfde-9d9a5c4a71a4,2026-02-28,1,1
291635e3-beb1-477f-8135-183a66a02571,2026-02-28,10,14
521e39e7-d3b9-4e30-9165-0d7cb2572080,2026-02-28,1,1
268fe422-6e06-4209-ab60-d407297ff1b4,2026-02-28,1,1
3db09963-d588-45ec-845b-d230ca40bbfd,2026-02-28,14,14
70115805-82d4-4dbc-9434-646b322aaa64,2026-02-28,1,1
8413ee6c-235d-4e2d-81ca-2109231aaa98,2026-02-28,1,1
e6846a93-8bd6-4dc8-8423-054f5f8e58a1,2026-02-28,14,14
eee301ae-b8d8-4ad1-8ec9-a214292f3d60,2026-02-28,1,10
16963fdd-67fc-4fb4-b2b2-efe4d6bbf6a7,2026-02-28,14,14
1b9393bd-8d58-47e1-9e24-8e364eb4d0db,2026-02-28,1,1
2dc65c67-a367-4745-bf28-ceb55b555420,2026-02-28,10,10
113e7cde-34d9-4183-ac3d-7bc9db2a95bc,2026-02-28,1,10
41552512-ff4d-49c0-8ee2-8e792ba5f1f5,2026-02-28,1,1
68cae4c4-38bf-458b-9f3d-71d6dbf38ae2,2026-02-28,45,45
69852652-b905-4830-bbcc-95a8040d5a1f,2026-02-28,1,1
dd1ac961-6f3e-46b7-bf4b-e64f6e37b0b4,2026-02-28,1,1
670cf312-f9a2-4dea-9904-8c6234ce886e,2026-02-28,14,14
833744ce-f84d-4206-9ebf-d0d42bb08711,2026-02-28,1,1
932de0e5-c876-4828-a1fc-fdde9fad776e,2026-02-28,14,14
4bc01aa6-c33d-4302-af44-29ee6bc6695d,2026-02-28,7,30
9cb98c80-b4c6-4d42-b0b5-6144d4e22938,2026-02-28,10,10
d6ec09ae-96d5-4eb7-92cf-ebd93cead322,2026-02-28,1,1
e619c924-036a-4734-8806-9743b32154fb,2026-02-28,1,1
034814fc-95cf-4194-b6e8-8db3a1f49408,2026-02-28,14,14
42a6af5a-1e11-4ba0-bbf5-e51b0ffa0a90,2026-02-28,1,1
6780b3f8-811c-4fac-bb98-c03b18d694fa,2026-02-28,7,7
85a82956-c9db-48fb-acea-347dc4602c76,2026-02-28,1,1
06538325-cfeb-4b10-b6b6-b479b6a3cb42,2026-02-28,1,1
1136b316-a172-4863-8300-1ca8c4a128fe,2026-02-28,14,14
1850369d-4da7-4e35-8f32-77b7284e11cf,2026-02-28,14,14
902b0dec-9a52-4a11-9133-668b18113063,2026-02-28,10,10
d788b8b9-61b5-402e-9c0d-f8047859e3ef,2026-02-28,1,1
e3a1ab89-b94a-4bcc-a2cf-ad7e0c877ae3,2026-02-28,30,30
35c40c6c-5637-42b7-918f-9d1db1a6d47f,2026-02-28,1,1
5e6512cf-6b50-4c4f-8f47-d92589d3d654,2026-02-28,7,14
7d402cd8-761f-4846-b0b8-2edeef666fe3,2026-02-28,1,1
8fcbf40a-3632-48c9-b43a-fb6a2758b0bc,2026-02-28,14,14
ad94707f-0b5e-4eec-bea6-796348bcb618,2026-02-28,7,14
c9ae7ca0-e52c-4272-ba88-6d847dd51cb1,2026-02-28,1,14
16eef7a9-4080-4bd8-bc73-80ada017ae7b,2026-02-28,45,60
252eb42a-128d-4734-8383-ff62ce2e0816,2026-02-28,7,10
26a6a83b-f875-432b-8542-b862d18eb4c7,2026-02-28,14,60
33ecfc9c-d21b-4c26-8259-d58d5fa1bfba,2026-02-28,7,14
56d30a4d-cf7d-4b81-89ef-95df2fa5027d,2026-02-28,7,7
6f87d237-121e-47bc-a976-e9daf99237d2,2026-02-28,14,14
37174d56-a1d4-4e9a-9983-7208ac9cb03d,2026-02-28,45,45
53619907-e310-4751-873a-74e2aef1653a,2026-02-28,10,10
7a4b9674-aa4b-42ee-a710-30fbe3b61743,2026-02-28,7,7
8478c6b9-c23b-45d9-a91a-35add329e262,2026-02-28,1,1
a288cef0-e6ab-488e-8962-11db380d93f8,2026-02-28,45,60
b051bc7b-a15f-410e-834a-e7dd79766d46,2026-02-28,14,14
ccfd2918-9403-465e-92b1-3c8b393471ff,2026-02-28,7,7
7fc78149-ebd8-4077-937f-1b93170b6e73,2026-02-28,1,1
8105fc32-978a-4971-a706-2276c7523841,2026-02-28,1,7
e4197a86-6e97-4758-a14c-a9e46cacd8ba,2026-02-28,1,1
25623809-7cdc-464c-b56b-3912107fd7e7,2026-02-28,7,7
25bf7303-cefd-4885-bb7f-829fd4e2fb76,2026-02-28,7,7
564b82db-bb85-42e3-b4e9-d9bfa3324bc4,2026-02-28,14,14
98010c36-5c8a-435e-b520-011d0d047df2,2026-02-28,1,1
011f697e-8020-493d-8021-d17f3e087322,2026-02-28,1,1
89abe838-ada9-4e5d-9613-1e019c532195,2026-02-28,10,10
afc7711f-293b-4c90-9fa5-5c5b3807abc7,2026-02-28,14,14
ba1474ca-56ba-48c2-b16f-cc58273d50fd,2026-02-28,1,1
0ebf6c74-a2a0-470b-96b8-3bfa22236dc6,2026-02-28,1,1
35482895-4421-4a18-bb85-02db8e9bcc1f,2026-02-28,14,14
4743d935-0c13-4b2e-afb4-ce2724a797bf,2026-02-28,1,1
6fe415ab-f968-4fc9-81fc-9579d1d3143f,2026-02-28,80,80
70dfd711-cd4d-4451-b47f-13c95fc1b371,2026-02-28,1,1
e869d398-46e2-48ce-b020-c43d4a27d4c0,2026-02-28,1,1
209c0602-4b3e-43cb-8321-494edd34ec2a,2026-02-28,1,1
55aeea0a-ca29-446d-83f7-4f52d5bde4a8,2026-02-28,1,1
8241749e-0691-4c70-bf97-4a43db23ce83,2026-02-28,1,14
9d92b822-e781-4aaf-a6fc-d39ebefcaa28,2026-02-28,1,14
b804ee0d-a36b-4b12-aec3-a4b9d05b6a4d,2026-02-28,14,14
c6ca0158-d550-4c76-847a-9c2e31a4cc83,2026-02-28,1,1
dd741ed1-93a4-4858-b225-25d726642040,2026-02-28,1,1
1eaf6e00-90a3-4cef-b514-86c7ff600573,2026-02-28,14,14
36f5cdf5-2e52-44d2-8092-6ebaeae5a4c9,2026-02-28,14,14
f58c97a6-a1b7-4ac0-98ec-de42290e0d45,2026-02-28,1,1
062caee6-af7c-4aaa-b1c1-103ff60447f8,2026-02-28,7,14
4f7c86e8-f6c1-430a-b378-d79e59fff6df,2026-02-28,14,14
762ca7af-7a5b-4fa9-be59-d2ed329cc71a,2026-02-28,10,10
a0666cf8-99c7-4942-965f-424fb217d940,2026-02-28,1,1
d0f33a3a-478e-4a56-a120-d588e06cda58,2026-02-28,1,10
f1a53def-34fa-4d08-9049-2d2c759f3f72,2026-02-28,14,30
a20483fc-768e-454d-b05e-16ae85037263,2026-02-28,14,14
ca83f8dd-5e60-4fc7-85c3-bbc918e0b5a6,2026-02-28,1,1
f934277c-7cc0-43a7-bf3d-0f2bb06e96e2,2026-02-28,1,10
0d121067-e1d0-40c7-a4c4-c21f1dd15d26,2026-02-28,45,45
4587ae7e-e55b-442a-8ef3-aa60ca25228c,2026-02-28,14,14
6c55e4ce-fc45-4a0e-b20b-01fe01d9e65d,2026-02-28,10,14
8eaa9d61-9e24-4f18-b43a-85e5fb918593,2026-02-28,10,10
9cd24b27-86f3-4671-8a48-bd821259e800,2026-02-28,1,1
b6fe3908-ee59-4bcc-a2a1-60b7d70fa6a9,2026-02-28,7,7
bcd8a32f-46c0-4b07-9d1d-06e2a1799382,2026-02-28,1,1
28bc929e-48de-4539-804e-8f802171a89e,2026-02-28,10,14
3f0276a7-fa1d-4773-847e-f6498d95c383,2026-02-28,80,80
63572f3c-eec8-4114-85c2-32c476331801,2026-02-28,14,14
7c5a860c-ae7e-41d0-bbb2-fe62667806ba,2026-02-28,1,1
bebb5ede-80d5-40fd-8999-d5d17a61af49,2026-02-28,14,14
daffbdeb-f7c2-457b-abe5-553e2b27ad5d,2026-02-28,7,7
35844b4e-e157-4431-8d25-da4bef18152a,2026-02-28,14,14
492e6cbb-ef30-422d-827d-9fa3d71f5667,2026-02-28,10,10
4ad13f8f-921a-493a-a403-ed3985d6c207,2026-02-28,1,10
52619b49-5761-451b-a475-9820e9ee7bc2,2026-02-28,30,30
72b535bb-6c71-48e7-acdf-7560d0dca8bc,2026-02-28,1,1
c987561f-4843-429f-884e-a13a13a1a834,2026-02-28,45,45
1b5c3738-6773-4801-b035-934e8926f262,2026-02-28,45,45
1c21b3e9-b9ae-4436-bfe0-90f9368759d0,2026-02-28,1,1
2c86751f-4f46-408f-8ef9-e5136726266e,2026-02-28,7,7
3f372833-28be-4591-8495-453f88e57652,2026-02-28,1,7
5570f919-7cc7-4ce4-8465-61c5f312c15e,2026-02-28,1,1
a5dd40eb-9cd4-47bf-9604-954da01a0b5d,2026-02-28,10,10
aa49ee32-ac98-490f-b0eb-02b78e23f59a,2026-02-28,1,1
dbd9ef6e-a9b4-4f10-a905-04534706559a,2026-02-28,45,45
2ae6c64e-e4af-45d8-ab37-ef3b2ed95e72,2026-02-28,1,1
3c7ca842-9e1e-4d41-97b7-b0583e7e40ef,2026-02-28,10,10
abec9826-5f05-4119-92d4-bf40c3a375ad,2026-02-28,1,1
ce2c1d35-d264-4b9d-a380-01f1475b2618,2026-02-28,10,10
f7a4a113-fc69-446b-8779-699c7fc24f71,2026-02-28,1,1
fb5aab80-219d-4cb6-b2f5-6ae517cc12e4,2026-02-28,1,1
955a303b-c81b-49b5-b39c-e901f798dfbb,2026-02-28,1,1
c0fab795-8fb2-4ff8-910a-0ff0c13c6a3d,2026-02-28,1,7
76514b0c-2952-467e-b237-8d4e8de20e8d,2026-02-28,7,14
e2daaabe-0053-4d85-9db6-55749c38d799,2026-02-28,14,14
ffe91922-4fb0-491d-bfd2-894ddce97b9c,2026-02-28,1,1
220634d3-2938-4562-af26-82a0c73bbb00,2026-02-28,1,1
52edd888-c983-432f-a257-03125fa7ee41,2026-02-28,10,10
63ff007d-feb5-48e0-a957-2374bb2a603b,2026-02-28,10,10
95efaf4d-3d8f-4158-a7bd-eff757a64572,2026-02-28,1,1
da55dc07-e0b1-42f7-869f-8a00ec70a838,2026-02-28,10,10
ec4af0d2-abe7-47ca-9c73-a007ef048777,2026-02-28,1,7
6492c82f-3d0f-43b0-b537-26c4e3a03ef9,2026-02-28,45,45
7db15ebb-9834-4ac2-beda-6f11671ad75e,2026-02-28,30,30
8798a171-2f2d-4dca-8220-eca2cbf38d6f,2026-02-28,1,1
a61ea5d8-bde2-4647-8eaf-4bca2039795b,2026-02-28,10,10
305de182-a533-400f-a103-e566d8689e18,2026-02-28,90,90
6a14cdb1-a012-4533-9ede-d16735125ba5,2026-02-28,1,1
9781e382-f538-46cd-95b4-2543b0a6dc2e,2026-02-28,30,30
de4965ab-445c-4b38-818c-a12f3eee3e34,2026-02-28,1,1
e1fa3f58-e92c-49d8-927a-656eab55b67c,2026-02-28,14,14
f695b67b-0419-454c-91cf-42154012a49d,2026-02-28,30,60
0cfff83d-aa77-469f-8e5f-fcdb230ef7fa,2026-02-28,1,1
10f4c68a-485c-461a-8913-12a6128c1d5b,2026-02-28,14,14
434eb590-e691-42a1-9317-75396f9088fd,2026-02-28,45,45
61361454-9360-4317-a9b5-ce62c31fc797,2026-02-28,1,1
7d2eb176-a401-4c73-a813-68a34ea562e9,2026-02-28,7,7
825b9299-885b-40d8-9b18-af7b857af809,2026-02-28,10,10
9e6b8bce-5c25-4f8c-b756-85275ab13aad,2026-02-28,14,14
df149a5e-959b-4d3f-ae9b-da0e2e2c2bc7,2026-02-28,1,1
e5fda6f4-b993-461d-ae12-aa41ca0e3f7c,2026-02-28,7,7
fe7a47a5-40af-466d-88e0-fe690a3f0814,2026-02-28,7,10
8b163581-c423-4970-8090-fdc7fa5b69b0,2026-02-28,1,1
a6a0560b-2085-4276-ba88-62c224c94838,2026-02-28,1,1
c314a53b-0b4b-4f28-a123-254616076978,2026-02-28,1,1
ca447ef5-3e79-4f95-87cc-dd4935fe51a4,2026-02-28,14,14
17087c72-0655-417b-98fc-e79c1879f09f,2026-02-28,1,1
2376e5cb-bdfc-4fa1-b690-578017bea8b7,2026-02-28,1,1
500b01fb-d200-42df-8b36-9f47957cdc13,2026-02-28,1,14
64cfca3c-973b-4eb7-9834-5ea41b2fa4d6,2026-02-28,14,14
78c58aea-0074-4d90-8a1e-cef4fa898738,2026-02-28,1,7
b3b51e27-7694-47c2-9faf-9c97d6c435c6,2026-02-28,14,14
efce15a2-ec8b-4bef-8c45-b188a0c0df80,2026-02-28,14,14
f3dcfcf1-c86d-4c9f-a54e-f665c7bd5221,2026-02-28,1,1
1140e403-3785-4030-a323-5bdeecf0214f,2026-02-28,30,30
11b830fc-25ef-462d-bc9d-678e95159d48,2026-02-28,14,14
06b086f4-7ff4-41b3-b13c-9e929bcf45a5,2026-02-28,1,1
336b3018-2344-4391-8a3b-77ef98940bdc,2026-02-28,14,14
3dabb9a5-c1d1-4954-b773-020fe86d0da9,2026-02-28,1,1
6d86a99f-d4b6-468c-b14d-48b352fd0404,2026-02-28,10,10
75f8c90a-7512-423c-81a8-d31e0e50b221,2026-02-28,7,10
c1e4b077-f044-47b3-bcd7-c3aa8c7e483e,2026-02-28,45,45
ebf37077-f2b4-4130-b5a4-4abba5bf50e6,2026-02-28,45,45
34d44a83-d134-4322-ae30-d96b7f426340,2026-02-28,14,14
48e5b6fe-9350-451d-9969-276a5d446257,2026-02-28,1,1
529e7df1-5c28-41f8-912a-f9988882970a,2026-02-28,14,14
55e5c790-91b6-440e-aab5-41a4ce06ea00,2026-02-28,1,10
5a36efcf-f7f2-4595-aa93-1d2ff5a7ffc1,2026-02-28,1,1
60a35d0d-4e2d-49c6-b0a2-bdc3e0c4272a,2026-02-28,45,45
7076b29c-5543-4efc-b862-59fa59d84098,2026-02-28,14,14
73f5ce92-79ac-483e-9856-c8ee49bed852,2026-02-28,14,14
8c4bd3cd-fe2c-4875-9a6c-9a450bfb79fe,2026-02-28,1,1
b7ab7212-bffd-40d1-a5a6-375c600dcffe,2026-02-28,14,14
d10aa07a-12a5-404e-b5c4-3f99182b628c,2026-02-28,1,1
df5bc7c1-fc14-4c99-a552-89e9b7b3d16d,2026-02-28,1,1
11cc3361-623a-4f58-a0e9-fed1e6f5adbb,2026-02-28,10,75
168feab5-1ae0-4df6-8bf0-bf2f29e4fb6c,2026-02-28,10,10
48f89679-a1a7-4dd6-a15c-c9f0c031f4c2,2026-02-28,1,1
58264ce4-a0f3-4b34-ba7f-4bf296768243,2026-02-28,1,1
89f54367-7466-4e89-935b-8a26ca3e246d,2026-02-28,1,7
d4cc08f5-cae9-42bc-b633-d0d318dfde20,2026-02-28,10,10
ebae2f1d-956d-4c70-bbf8-39624f500327,2026-02-28,14,14
ed031b9c-6bff-4b29-b25c-c6ef3f5c2f0c,2026-02-28,1,1
f5c74aa7-a609-4d5f-be0a-8b60efbfd261,2026-02-28,10,10
16a1e918-0085-448c-ab6e-e266f4d33d6a,2026-02-28,14,14
218ec268-f135-49d9-b6ea-1bab4e690c1d,2026-02-28,1,1
a1dc6566-b55b-4814-8967-d851924b46d9,2026-02-28,80,80
af81d03b-87ed-414f-a1a7-e4939cd65f4a,2026-02-28,1,1
d6aa2d32-14e4-462c-8e43-d6f65102c49b,2026-02-28,1,7
fc70d071-8cf0-4aff-9ab8-698f1f1ffad2,2026-02-28,1,1
17428c0c-069f-4483-bba3-52ab5cbdb870,2026-02-28,14,14
7e7e7654-eee8-4c9b-a6d4-708a4af50696,2026-02-28,1,1
b9669f7b-f857-4297-996b-487dfefada2d,2026-02-28,30,30
d51766c0-4c52-4866-9bd1-23e541ac50e5,2026-02-28,1,1
1ccba8c2-cf72-4f78-a23b-9e6b22a13427,2026-02-28,1,1
91fea8bb-9118-4164-8da6-bd30fa069777,2026-02-28,7,10
a414c8fb-6b90-44ec-9f5e-bbab9db92c70,2026-02-28,10,10
cd21df56-8fde-4f98-87ec-995a6875415a,2026-02-28,14,14
0e680944-57ad-4b99-9ca0-c40ca1cf4bfc,2026-02-28,14,14
10810824-0cad-46ca-bbc5-ef28cf2b2d2a,2026-02-28,10,10
1fdef7fa-5563-41ae-b9e1-a238546a6c08,2026-02-28,14,14
2307bed0-ca9d-420e-bc97-a79463fe47a2,2026-02-28,1,1
4fcfc8f2-ab12-4399-a52a-55d7c0c49280,2026-02-28,1,1
4fda797a-ae26-40c9-99f0-f5cae5b34fce,2026-02-28,7,7
576a2aaa-5d38-4ca0-84af-aafa58bc92e5,2026-02-28,1,1
944fc2f3-a3af-43fd-b9c4-493e4216c898,2026-02-28,45,45
bcf4070c-2a44-44df-8c05-6dac83d29158,2026-02-28,45,45
dc9e3f2b-0fe5-4ff2-91c1-129aaa921b5a,2026-02-28,1,1
f91c6841-4528-45b3-916d-40fa5d789066,2026-02-28,7,10
07d5d31d-37b4-454c-8b66-4d0bb099288e,2026-02-28,1,1
42e5d5e8-7fb9-489e-a475-706f993e7283,2026-02-28,14,14
8c149acd-d74d-4f7d-ae2f-3b4699920733,2026-02-28,14,14
2b10d983-87f8-4545-9c09-4cb248c26fec,2026-02-28,14,14
41dec779-32f0-4b02-9580-e54fc0438239,2026-02-28,45,45
533151f5-0840-46d0-8c63-dc45f0afef9e,2026-02-28,30,75
c4fbb8f1-cac4-4fc3-87c4-31c75b35e4b0,2026-02-28,7,7
eff2b71a-d194-4d46-a520-4ea309d70115,2026-02-28,45,45
ff59cd19-5c88-44f1-91e5-21074caeb992,2026-02-28,1,1
03d60a1b-a125-4fd9-b274-59065bf1a227,2026-02-28,1,7
24b01c54-c7c6-4c01-a996-f57bb0e42346,2026-02-28,1,1
5de0ace1-8182-43bb-ac3d-3464c646e1d8,2026-02-28,7,7
97c33511-569c-40bc-9c45-22e4d04d0858,2026-02-28,14,14
bcbdf602-240a-4316-9191-68a7d7af204e,2026-02-28,1,45
e61a929c-46c4-42b9-9d9b-db4a94822db7,2026-02-28,10,14
00d5c1ad-74eb-4a7c-8247-a06c603e385e,2026-02-28,1,1
73fe0cc1-a446-486d-8fbc-e1b632b10c97,2026-02-28,45,45
4e1929d6-fe3d-461b-ae7e-cc6cc3911329,2026-02-28,1,1
62f6e0aa-616a-46e5-a8ed-7e4c5118036b,2026-02-28,14,14
77222e51-f4ba-442f-8342-51652e2035f3,2026-02-28,1,1
7f6dad13-6496-4dd0-b85f-6443528a2dd3,2026-02-28,1,1
ca327584-ae7f-4bb3-82e2-4862deb062b6,2026-02-28,1,1
cbea6eda-7c92-41bd-8358-a0fdb5039588,2026-02-28,1,1
e735cce3-2f13-4159-98a1-1c9056f385f6,2026-02-28,1,1
23e140b6-d2e4-42c6-87e1-c68b32d543c8,2026-02-28,1,1
86c3053d-09db-4abd-9d70-3912b278c149,2026-02-28,14,14
ed6b32a5-826d-4d8a-9f5d-e5cdf59236cc,2026-02-28,1,1
f40d6782-a85d-4552-9445-73b392821b96,2026-02-28,30,30
73e08808-f50c-4006-ae48-cf9d44cb9ecd,2026-02-28,1,7
76f356fc-4782-4949-a35e-b34b23d59aa5,2026-02-28,7,7
9d233dc6-2ac7-40cd-b3f8-e02dce036bcb,2026-02-28,1,1
ad5ab7ab-3de8-4bdf-a3d2-57fe2a0a851a,2026-02-28,45,45
c2b0c2b9-d8d7-442d-a77d-34195312f92a,2026-02-28,1,1
d2b226eb-e981-4fdc-b468-43acea3e2f6e,2026-02-28,14,14
fb20f48f-1bfa-4dbc-b01e-6445c10cfc75,2026-02-28,1,1
0cd01615-3e06-4786-959d-9ee0eed994d8,2026-02-28,45,45
18d87066-b6eb-413e-9710-146a9325aa0e,2026-02-28,1,1
2a7f8bc3-b7c8-441b-a926-21f090ad0f6a,2026-02-28,7,7
31e134ab-b1c9-4620-a56c-4ae1d418b2c7,2026-02-28,60,60
3412ceb6-6f22-4a74-b4df-2068b748f29e,2026-02-28,14,14
462fd8a6-934c-4c1f-a669-24cefd45beb4,2026-02-28,1,1
616708c9-e7ad-4d9d-9bcc-9f88d6d6df51,2026-02-28,14,45
a8a820a8-1903-4c94-81c1-1626f1b43672,2026-02-28,45,45
acf445d0-552b-4409-823d-5f1203176594,2026-02-28,7,7
91d4ad7d-773f-44b2-b393-9a9b2aa80300,2026-02-28,14,14
adae4673-7293-404f-b777-125a9978763d,2026-02-28,1,1
c10e0206-0a3c-4263-b565-61ede156086a,2026-02-28,14,14
f3d3df01-4d59-47b0-bb4b-66786286d081,2026-02-28,30,30
fe8a5816-f848-434e-95fe-f6c184365593,2026-02-28,14,14
0e52c76e-67a4-4223-9e82-a192ee5bd722,2026-02-28,14,14
2a9988bd-8e42-478f-8b1a-afd714eee9ea,2026-02-28,1,1
36b0e096-cd7f-4fa9-82b4-3e7228ef8290,2026-02-28,1,45
3a68e888-5365-43c0-9ffe-2e004f1f7fee,2026-02-28,10,10
56be23a2-0e25-4b09-a3bf-c7c459f63a14,2026-02-28,30,30
7b75e1d7-9f90-484e-ade7-3370e87ac699,2026-02-28,10,10
cb5f4378-f89e-43af-93c7-f9fafd98d5d9,2026-02-28,10,10
d46d7067-b91f-4183-bb3a-b9999fa5daf3,2026-02-28,10,10
da685620-cbc1-4d5f-8295-5293419ea134,2026-02-28,7,75
1a98112f-cdcc-4978-9dcc-2f38fe308dda,2026-02-28,1,1
b97f1192-62f8-425e-af63-b00d30e23535,2026-02-28,1,1
d62d3d33-d164-447d-8487-615a5e5598e0,2026-02-28,14,14
e988f8c5-4d04-4fc2-b421-cdfae3b2e5a9,2026-02-28,1,80
ed7e3562-b522-43f4-a551-5803c102dc1e,2026-02-28,1,1
f3d2e7d5-c3d9-4e25-808b-307324b4e921,2026-02-28,1,1
633eab55-a12a-4a5d-ae67-8942ffed53b2,2026-02-28,1,10
65c8bb54-f6e9-4605-8f13-793c38d58b43,2026-02-28,7,7
743dc771-77ec-465a-8527-a05a1d9a687a,2026-02-28,60,60
90056761-f56c-4307-8498-b26c6b872ad9,2026-02-28,7,7
b68aff42-9266-44ab-bdc5-ffd7d78bebb4,2026-02-28,7,10
e44f217c-573b-44be-8f2b-277d1b6bb018,2026-02-28,1,1
f1f7188e-daa7-4617-9fed-4cb4aee6903e,2026-02-28,10,10
fe956f03-07d0-46be-b7b5-8865e029598d,2026-02-28,10,10
45039e5c-fc38-4a3b-ad73-0e59bade4128,2026-02-28,1,1
6a96674f-54ca-41d4-ad8e-1dd0c7966dcb,2026-02-28,90,90
8610fa85-b0d6-47bb-94e0-b12973b56685,2026-02-28,1,14
ad52bca3-c305-4536-b911-44e128e3b8d1,2026-02-28,1,1
b260c87a-69e1-4b03-b271-30c0fb551a73,2026-02-28,1,1
020f8fdf-066c-432a-b777-f5f9e5a8baa3,2026-02-28,1,1
38be1590-6c8d-45c0-9984-93c8ce2b376d,2026-02-28,14,14
53b9029e-e70a-40b5-9286-9ed6508ab0d1,2026-02-28,10,10
5da74ac4-cf5a-4df2-bf67-7fdcecfec906,2026-02-28,1,1
c2f313b8-c657-49ca-baa7-2c443d5ca7b6,2026-02-28,14,14
f2da7534-1430-4719-a26f-e23a5115fd3b,2026-02-28,1,1
0d8b47fe-eca9-458e-8317-7ecc23c402c3,2026-02-28,1,1
1dc6558a-73da-4405-9f21-43332b288c43,2026-02-28,1,7
3eeacd3b-86f5-4ca5-8d73-8e39b4af2c17,2026-02-28,7,7
5fbe0956-1138-4fc2-bf72-97592bce8ffb,2026-02-28,7,7
84e60746-9ca1-477d-8197-1209dd55f031,2026-02-28,14,14
aab3b24a-3f92-4491-b466-18351b09db6b,2026-02-28,1,1
cd5312f6-e114-4a1f-bdc0-2b28ccb68ab3,2026-02-28,14,45
d8f9fe64-a433-463e-8609-201c4d8eba7f,2026-02-28,14,14
fb79a602-3d02-4d09-9ec6-2f46454897ec,2026-02-28,10,10
26c8608f-fa96-4bbe-b1d4-eb1eb757e06a,2026-02-28,1,1
3d015a39-0075-4379-9c38-ffc7cdc84def,2026-02-28,14,14
46dbd727-32a3-449a-90e1-f794c2284070,2026-02-28,14,60
70e30b97-a828-4ae8-b4f0-45319438ed09,2026-02-28,1,1
90f886da-f86f-4660-862d-a158ac2c226e,2026-02-28,1,1
ba3a823c-305b-465e-a676-ed2e2230b10f,2026-02-28,1,1
13ccc27a-0728-4a59-b7b5-707cf2585890,2026-02-28,1,1
3a811627-736b-43e7-9cf8-143a3bbb5e47,2026-02-28,7,7
46bac6eb-01bf-4fc4-a10c-a85d94c909ee,2026-02-28,7,7
6e660c49-4015-4afe-854f-9635b486de0f,2026-02-28,1,1
b8dd1e18-d560-40eb-8e78-757eef41c32e,2026-02-28,10,10
d4e9938e-2ae3-4af0-8248-975b23c29194,2026-02-28,1,1
f2faea5a-5e13-44b1-8554-fa52352fb56d,2026-02-28,14,14
f489115d-7866-4526-873b-f899e59f0a36,2026-02-28,7,7
0990dc44-f493-4742-86bc-8453d0909d24,2026-02-28,7,7
18f1413d-039e-4398-a265-d7b30e0252bd,2026-02-28,1,1
34256d7e-4a9d-40bb-9c0a-7dcca01d45a8,2026-02-28,10,30
439f3e4f-9ebd-4e5a-998d-e86cfe78ddf5,2026-02-28,1,1
5f74ebaa-9c3a-4f04-81fe-5cdf073c919e,2026-02-28,1,1
baf791d2-eaa1-4886-b097-7e6ffa6e11c3,2026-02-28,1,1
e6cee0d0-8f7f-46bf-94e6-f4d0aa305912,2026-02-28,45,80
c50de747-9bd9-421b-b1fb-882d47694f98,2026-02-28,45,45
c9530983-2cc4-4b9d-bca0-6361c5cff2aa,2026-02-28,1,14
db81002b-0974-4e76-8f37-844c2662ba63,2026-02-28,14,30
0a25bb65-57e5-4d28-bb72-966d1776e3f3,2026-02-28,30,45
153690af-0a3e-4276-9792-ec81bf4bdd61,2026-02-28,1,7
1de0f411-9bfe-47ae-a9ce-7a059e3dbf2a,2026-02-28,10,10
50ea046b-508b-4e3e-8787-fc02334cbc90,2026-02-28,14,14
88beed1f-5c6a-4bf8-8fe8-28896978d618,2026-02-28,1,1
ad0da804-5f89-4061-877c-301d7368f346,2026-02-28,1,1
dff7d083-ceb1-4abb-a5da-4d2aab9dcafb,2026-02-28,1,45
fbdab70e-3af0-49f1-90e5-19fdeb9e20f8,2026-02-28,45,60
08f51f76-566b-440d-954d-df342dd61327,2026-02-28,45,45
407a2557-b55f-4e70-9db8-b2c8a21d1f78,2026-02-28,1,1
66877227-fc24-4bd1-9cdf-41969d07c4e4,2026-02-28,1,1
cb947a2c-b747-4d30-a3ef-39269095f9de,2026-02-28,10,10
dc8c9ce2-cf8e-406c-a5c9-25edebc81e86,2026-02-28,14,14
5b97670d-9610-4352-831e-d434b052fb65,2026-02-28,7,7
6c168f8d-28d3-400d-afe0-65949d47be54,2026-02-28,45,45
7c887799-093d-4421-b2b7-499a4b6bee6d,2026-02-28,10,10
89da8b6d-0a25-4f3e-be8f-cb89526028d1,2026-02-28,45,45
b1479eb6-16bf-4f31-b18c-6b3819763ee0,2026-02-28,1,14
c37c7e2a-3b72-403a-9175-647c58f193a2,2026-02-28,14,14
156f818c-a206-433a-941a-1e168e0fa94b,2026-02-28,7,7
3d028202-424f-4d22-afe6-847ab8cd4b51,2026-02-28,30,30
96a5d9b4-cffc-4e67-8079-92cce8dcdb46,2026-02-28,45,60
9c2eb4ac-1e38-4192-a56d-99827178d5c7,2026-02-28,14,14
da2f1b83-dce7-485a-943b-c6d0320850e5,2026-02-28,14,30
433568c9-1209-48da-a1ea-36cb8e08ff1d,2026-02-28,1,1
4b6965b9-c267-42dd-9403-ef6ed786a1b5,2026-02-28,14,120
691461b3-827a-40e8-88bb-29a5d3f4a934,2026-02-28,80,80
735193e8-bec3-4c20-a4fa-4586b368dee3,2026-02-28,1,1
8ddf45a1-ce71-483f-998a-de165554700d,2026-02-28,10,10
bfec9bcd-873b-44f8-812a-da250af498fa,2026-02-28,1,1
fdb14349-0aa6-4d16-afed-824c4140bb94,2026-02-28,7,7
13e1bd0c-c8ef-46dc-acef-87f1d643f4c3,2026-02-28,45,45
1b128e21-5ae8-4301-a163-7857439bc036,2026-02-28,7,7
4b734e3f-388b-455f-8305-889e75d5d1c4,2026-02-28,1,10
660987f7-9be5-4b76-b01a-64954505203a,2026-02-28,1,1
07d57d80-b295-47d7-960e-563e5ed6d5e0,2026-02-28,10,10
48b35307-9459-4833-be63-0b8faedd019b,2026-02-28,1,1
4cf1946c-4dab-4847-8870-a128bfd5e375,2026-02-28,10,10
bd698ae8-ef81-4a2a-9a25-ff1605c4ca0b,2026-02-28,30,30
1bc1db1a-5cbe-410f-8844-b25d591c620a,2026-02-28,1,1
3eec7ab7-8a6c-4e61-9701-e358ed8fa96b,2026-02-28,14,14
4d74ae1f-3410-4626-af6b-87692574dac9,2026-02-28,14,14
70d8bfe9-ea2b-4337-bd02-52453e0649cf,2026-02-28,1,14
7eb98a27-4fb2-4db0-bc72-6eb49db5fd88,2026-02-28,1,7
e38f1e64-f69f-4a2a-acdc-45638d05e2f1,2026-02-28,30,30
02a19ecf-53ef-4096-b87d-408e80cfc083,2026-02-28,1,7
28614d2f-1d38-4c8f-9879-140199a57115,2026-02-28,14,14
4d97a2fa-ed20-4b44-8d63-dc85ef467ba1,2026-02-28,1,1
51e8e2fa-17f0-4cab-ba21-29ac6ca0d719,2026-02-28,10,10
a9cf438b-74f1-4bf1-a236-2fcf697b7bdf,2026-02-28,7,7
c9fbcd81-737b-48e1-83d7-81d9980f59d9,2026-02-28,14,14
d4f98abd-1daa-4bd1-b84a-8a2ac93f8f12,2026-02-28,10,10
776a1b0f-c7da-486a-80ec-a1ff41ed15b4,2026-02-28,1,1
c120175e-1f6d-4687-96a6-a555f797f492,2026-02-28,1,1
e5e4289b-52a3-4374-8827-0fcd0a164681,2026-02-28,60,60
498593d1-8636-43d3-8fee-040d2aa3d5a1,2026-02-28,1,1
4e319004-c17c-4c7e-9d5e-e57a1e14c76f,2026-02-28,7,7
e32153af-3c12-4d06-b86f-307f906c3ad6,2026-02-28,14,14
18e78a46-37e7-4bc4-b864-a87e99789162,2026-02-28,1,1
1aa34129-2d9d-4097-988c-e725ef72b596,2026-02-28,7,10
378ea77c-7524-47b5-a150-f10ffce51214,2026-02-28,45,45
48239b38-d61b-4a09-bb46-12fef2def26f,2026-02-28,10,10
59bef459-9317-4b20-a7a1-5807a4d43984,2026-02-28,10,10
717f4ae9-bcf2-4484-8a45-f1bdcce9bd76,2026-02-28,1,1
97f33711-8726-4736-88ee-a75613712264,2026-02-28,1,1
a747bf6c-5360-4b98-af79-e2b2a341fc81,2026-02-28,10,10
ebc6f149-6848-45e5-9b47-01ecfa0a046d,2026-02-28,1,1
f46ed043-5132-40d3-b4e1-74e2a74dabcb,2026-02-28,1,1
20c10e82-006f-460b-9e34-016b92671902,2026-02-28,1,1
383f3087-345f-4c69-a973-d0d93cedd413,2026-02-28,1,1
4c426ed4-b708-4388-b8ec-9dd39def0513,2026-02-28,14,14
7c766838-f9dd-44a0-aa8d-d082452b378c,2026-02-28,1,10
87a0bd70-c92e-4bb0-8e9d-cece3dde5f94,2026-02-28,14,14
a6883302-f273-4086-84a5-e80d703a2c0e,2026-02-28,1,1
b5455bbc-56e1-40f0-9623-756d002ae84a,2026-02-28,1,1
c3112a5c-a354-4548-814e-25f883a7e6e7,2026-02-28,14,14
e2879b60-eea2-435b-985c-eef0568fefe7,2026-02-28,7,14
18fe0037-18b2-492e-b1f8-dacf10657563,2026-02-28,7,7
27c4c0c9-4fff-47fe-ad41-5b4d39bf00e0,2026-02-28,10,10
2d7736fb-c553-4b42-b12d-af8469ae7d36,2026-02-28,1,1
47e24136-e3aa-4b56-a717-47532d5668c5,2026-02-28,1,1
7b963d6e-9a18-46cd-99aa-d65d2566b568,2026-02-28,1,1
8455682e-f893-444f-8c1a-03cc18c21d1f,2026-02-28,80,80
e139972e-99fa-4b1d-ba76-527a9531bc78,2026-02-28,7,14
29b006c3-bf97-4dc6-8a6a-e91836d3c7ac,2026-02-28,7,7
31137105-e566-4326-b6ad-626ccfa6ec26,2026-02-28,1,1
32c2bb50-f47a-41de-b429-5a7a4a366a44,2026-02-28,10,10
37ca18a4-f922-474c-b7c3-1e82877574b1,2026-02-28,1,1
9acad31f-cf7f-463e-8edf-92431a595fcd,2026-02-28,10,10
e4d8eac4-3584-4975-b08a-5bd00edffc71,2026-02-28,30,30
2af4011f-dea8-4a05-a8ae-9caad51cd22d,2026-02-28,14,30
56a0390a-8592-475d-a777-ab6ba71d3e25,2026-02-28,45,45
5ea12a06-233f-49e9-b10f-c15252f5b4dc,2026-02-28,1,14
60da8113-7b00-418a-92ec-285febf32040,2026-02-28,1,1
e8351345-21c9-4300-a788-e14b65f0e465,2026-02-28,1,1
ead3d28c-b705-49e8-b5d7-d1ed6139676c,2026-02-28,45,45
2ccfb2ce-a16c-492c-b20e-59904625723d,2026-02-28,10,10
47944e26-f98a-45e8-bf31-ace213638e7d,2026-02-28,14,45
69f67641-be81-42cc-b465-6a488f13b4d0,2026-02-28,7,7
d5f8364c-f995-4baa-992b-9fc8dcc0ab70,2026-02-28,10,10
f1fc22b6-0cc4-41b3-a366-5b2836729324,2026-02-28,14,14
0cf22335-5359-4b60-8fdf-0b66d490f3bd,2026-02-28,1,1
4899af4a-fec5-41be-ace2-42f591daa96a,2026-02-28,1,14
7b53a7e2-620f-42cc-9529-1f43e29dcee6,2026-02-28,1,1
900bbbc0-3216-40af-bad9-8575e9bb2968,2026-02-28,10,10
9a0c9af6-905f-460f-8e0e-9bf04fd73d8d,2026-02-28,1,7
3c0bfb7b-57aa-4dc9-85b8-6d61554f4f75,2026-02-28,30,30
0cba1045-d3c6-4d3d-b036-c442bc27668f,2026-02-28,1,14
9352d024-0a6c-4f63-a7a4-646a6020a95f,2026-02-28,14,14
993d2fc8-4559-449f-a891-0dcdd88eed5e,2026-02-28,1,30
073abc4c-61a9-44ae-bdf0-e1d248cf5c8d,2026-02-28,1,1
0799b1bd-82a2-4d0e-86de-f0a7670a1cb1,2026-02-28,14,14
0be32cf3-c6dd-4364-95c2-78bcc4f4174b,2026-02-28,1,1
20eb52cc-57bf-47f6-8c43-e7e263c8f238,2026-02-28,1,14
4c7f8056-6ac8-42bb-920c-dc4ce0b451f6,2026-02-28,14,14
744a74d9-1a3a-42e9-8434-19c3a47e98f9,2026-02-28,45,45
7cc45f4a-e8a0-4996-8818-d1158b9a2098,2026-02-28,80,80
7f667bcb-97c7-4f37-8dab-bbf3ff93c352,2026-02-28,1,1
8461e406-f47b-4b14-b09d-186219f8bd88,2026-02-28,1,1
c248e3c5-98ba-4c13-b213-5a22d40bf75d,2026-02-28,1,10
dfa701db-9d9f-4d46-9060-a3017fa08ab6,2026-02-28,1,1
603c0cb6-f870-4895-9db8-cccb659632ca,2026-02-28,1,1
83fab6ca-28e5-40a4-a4ec-53fd64a43b30,2026-02-28,14,14
8b5b6ebd-7bd8-4a57-a148-52ca74fa23c4,2026-02-28,10,80
97303c59-15f3-42fe-a600-22032c98fa2d,2026-02-28,7,7
be84b8b5-4c95-41a0-a484-97e227d8dee1,2026-02-28,10,10
9d985f7a-9232-4ec9-9609-e29b8550346f,2026-02-28,1,1
ebb79c2b-10fc-4721-8fd2-7642296f1c6d,2026-02-28,14,14
e0cdb26b-51c9-4361-ac77-fc5999fdd60d,2026-02-28,14,14
e0f23aa4-1480-4ba5-85b8-816e1dc2d016,2026-02-28,10,14
f4563902-f188-4a00-b7c7-84370edcfa6b,2026-02-28,1,1
22545499-322c-4946-8771-52b2bb18a23d,2026-02-28,1,1
2aa2aee7-56c2-4038-b38a-c1549c049427,2026-02-28,30,30
5202e702-74d1-48c8-901c-45d78144115d,2026-02-28,1,1
92a6e2a2-d03d-43a2-b80b-f52add2bec8c,2026-02-28,1,1
9b96c95f-10ac-4f83-a969-61bcad7b50a4,2026-02-28,7,7
d0513bcd-80a7-4d90-bf56-1693ec662187,2026-02-28,1,14
40da8150-2565-4213-a469-17491dbca362,2026-02-28,30,30
5561893c-9a7b-4730-bb54-74cf870a6c53,2026-02-28,1,1
72325fa0-1ee0-4030-a1f9-b41fa53346bd,2026-02-28,1,1
89ae9287-fe42-4d5a-95d3-a04738b417ea,2026-02-28,14,14
a96bc901-38c0-4c4c-8341-834ceb533857,2026-02-28,30,30
df8e791c-06bb-492d-8cc4-75f833414aeb,2026-02-28,1,1
e25bfe34-834c-462b-a9ec-396a20fd0deb,2026-02-28,1,1
fa8fd96a-fc4f-452c-8c6a-21812bfe5fb4,2026-02-28,14,14
1a4c938e-ee10-47c5-98bc-7545b0236e11,2026-02-28,1,14
23dd6c9e-ae00-46c9-b4e1-28424310da78,2026-02-28,14,14
2fd5f206-3289-49f3-a735-18a39a1d2d43,2026-02-28,30,30
341974b5-0ccf-4316-8865-fc1fd0ea8842,2026-02-28,10,10
386b2948-b92c-4858-a094-9185d36bda08,2026-02-28,14,14
62f7472f-46df-45c0-8f70-53d5477e19e9,2026-02-28,1,1
8cfffc96-d8f1-4639-aeff-12a254e82b21,2026-02-28,14,14
bf6074ee-5747-433b-910b-e0ca111f19d1,2026-02-28,1,1
e8d3a19d-c2ab-4a1e-a38e-d31acb89bda3,2026-02-28,1,1
4e17ab47-6b70-48e4-b5a4-cef16f686880,2026-02-28,1,1
ba7479c2-40ef-44db-a189-cfc293bed333,2026-02-28,10,10
f1e7adbf-5844-42fb-991d-5f3aff212571,2026-02-28,14,14
865dfb07-483d-451f-a9d3-58b36e0de3ff,2026-02-28,45,45
be7689d6-b068-496a-a3f7-f15587bceeff,2026-02-28,7,14
c9fc1ecd-f14f-4a9a-a557-26fee70e3b7a,2026-02-28,30,30
e6011d73-e315-40bc-b50a-930bf8019f7d,2026-02-28,1,1
eaba7722-e514-4849-a836-fd6890c62e88,2026-02-28,14,45
f3b7744e-1dbb-4627-9799-4209765ce517,2026-02-28,45,75
f5ef0370-7dbc-4c46-a7c6-1ebf98dc44b0,2026-02-28,14,14
23e372cc-2688-4379-b484-f7fc5b72069b,2026-02-28,90,90
3d786917-40e4-4c30-8687-6a345ee36594,2026-02-28,14,14
42f66548-dc74-487c-a8a2-13849d887ac9,2026-02-28,14,14
6e1d5cd2-df5f-4f75-8efd-3f6e73e0e909,2026-02-28,1,1
714eeee6-7f5a-430a-ac8f-e7764a50f7c9,2026-02-28,1,1
933cc483-7459-4b93-99cc-d8c6b66ad656,2026-02-28,14,14
19089b25-099f-4ed8-9749-f618fde3da69,2026-02-28,30,30
289ae06c-bfd6-4f6f-86e8-b846c77e5773,2026-02-28,45,45
29366128-f727-4682-9c33-7ac2b5efc18b,2026-02-28,1,1
6d2de896-0b1b-4d14-8d62-7bbdb6dc8994,2026-02-28,14,14
a9307a30-6f7e-4333-9262-a353713f4971,2026-02-28,1,1
cbf2de46-efcb-41fc-82ed-7aed24d4b13e,2026-02-28,1,1
119b5bcc-982d-44c0-9c2c-abdeb7a79352,2026-02-28,14,30
18342826-18a6-410a-b0c9-7451c82b65fb,2026-02-28,45,45
23933d98-c3aa-4ddf-8145-252a3f140c17,2026-02-28,14,14
387bc458-c873-42e3-87e7-a5a52759f0b4,2026-02-28,1,1
5dd01a9f-0551-4b82-a2d7-4ac1f1cdf51e,2026-02-28,14,14
6c8659c5-6660-4803-8a20-2946c7c1bf2f,2026-02-28,14,30
274b0ace-d31f-49c7-83e3-61b884d21ecc,2026-02-28,1,10
86df294d-4cb4-45e0-986b-611969688a2c,2026-02-28,7,10
97f6b751-979c-4a26-bfd4-737da9149e25,2026-02-28,14,14
9dc7b89a-cc15-4ee1-a03b-44cc9be6e5ed,2026-02-28,45,45
e6b6f523-982a-4792-88d5-faf1c7b4de9a,2026-02-28,60,60
eb4082a7-d46b-4f48-bca0-bc65c745ead9,2026-02-28,1,1
fcac4f7b-5af4-4342-81a4-6b38cd894756,2026-02-28,1,1
38093fe4-8e93-465b-980a-45a364e434d2,2026-02-28,7,7
425757a2-79a9-4a85-a3d1-96c37ab87ab9,2026-02-28,1,14
551492e3-c616-40ad-878a-3d5c096bdc6d,2026-02-28,7,7
ae7e7817-419f-40b7-8c7e-f18c5dbb69be,2026-02-28,10,10
b66b4b4a-25ed-4f5a-aedb-774dbbcc7350,2026-02-28,30,30
df07cef7-a67e-4a5a-9b45-e08a0820a7c7,2026-02-28,45,45
088407e6-e36a-4207-82bc-f3a7debf8603,2026-02-28,10,10
4c18546d-9eca-4f0e-b17a-43c71bf270cc,2026-02-28,1,1
5dbf9667-d959-47ff-8ae1-cf18cd7f36d0,2026-02-28,1,1
795d19cd-282a-4c4b-b321-d9c1da049ab9,2026-02-28,14,30
ad18675b-1a87-4332-ace0-aa3924beb5bd,2026-02-28,1,1
ceabd742-496f-4af8-9ddd-04052d2cf441,2026-02-28,1,14
f8dfba39-a557-4000-b770-8d7195f26cd5,2026-02-28,45,45
39e0272b-cd62-42a9-bce8-8b65b9207369,2026-02-28,1,1
453a0eb2-e254-4fed-9dfc-3423e90533b7,2026-02-28,60,60
9f94b9df-b555-480d-b712-f268e7d101bd,2026-02-28,10,10
a39036bf-112b-4366-b9af-c98a0e56a6c3,2026-02-28,45,80
e43e5d28-617d-4370-bbcb-34966bee9e91,2026-02-28,1,1
edcfb385-f2d3-46eb-a513-c096dc6da846,2026-02-28,1,1
fa9576f2-f92b-412a-bbbf-7af919c35b75,2026-02-28,14,14
033c172b-9d8f-43fc-8427-86c2820f6104,2026-02-28,7,7
21ca9696-ad1e-422b-9417-0e305c56fcaa,2026-02-28,1,1
65c84cbe-5596-4916-b356-c209eb4531bf,2026-02-28,14,14
890d0487-80ea-49e1-92a4-83b4f78cdcc9,2026-02-28,1,1
95e77e3c-3148-4bca-873d-3b43f00bed34,2026-02-28,7,10
d28cabfe-557f-4ba5-9930-177695490b13,2026-02-28,14,14
dce96ed9-9a99-4467-8289-f53ce8725061,2026-02-28,45,45
f38107c2-e728-4750-87b4-06027392f317,2026-02-28,14,14
18995871-84d5-4c90-b849-49b3bfc3d860,2026-02-28,14,14
5ec50cb0-7694-44a2-9326-cd138d8b760a,2026-02-28,30,30
93401cf3-6f4e-49f7-817b-dd321a4a0425,2026-02-28,14,30
a049a847-25df-4b78-a796-5b3958ec92b7,2026-02-28,7,7
d75527c0-9f68-4c61-bd5a-34cd006135c3,2026-02-28,14,30
ed13561d-2993-4694-9c7c-bfe87d73ebfb,2026-02-28,1,1
ef9e2875-941a-4818-b5e1-049fc44b8854,2026-02-28,14,14
f117b354-9ab1-4e3d-86cc-9073a24f90fb,2026-02-28,1,1
fa5f0ca9-1bae-4b93-9aec-550b68d2d738,2026-02-28,10,10
2884d404-5f00-4c39-91da-2e8446901a98,2026-02-28,1,1
31106af5-334b-40b6-b6e4-e57c02b48d84,2026-02-28,7,7
33121290-dd66-4517-ac67-7efd5b17b7d8,2026-02-28,1,1
46bce877-e1af-4a83-9a95-895b5604592f,2026-02-28,7,14
51f6bbac-3448-4737-9069-b206383ed64d,2026-02-28,14,14
e3aa6c6e-1c10-4201-8c47-ce4e47b5f53e,2026-02-28,10,10
002bbf8d-e579-47e0-8aac-7df2e22824d7,2026-02-28,45,90
0f637d89-41a6-4a56-ab76-7e92774360a6,2026-02-28,1,1
1ee11692-b28d-4160-bf66-2e79b5ca9e43,2026-02-28,14,14
4a598367-9009-4751-a738-6383c8fa3d59,2026-02-28,1,1
7d7eb9fe-3fb6-4912-ad96-ff8fd673cc5d,2026-02-28,75,75
8514dc84-46ce-4af6-a2f1-44676e36b0fe,2026-02-28,45,45
96bc492c-ab9a-48b6-861c-9df8173334bf,2026-02-28,90,90
9e836416-238f-4fbe-928e-a271d343ef6f,2026-02-28,1,1
af497a35-a69b-4b89-b6b3-b0bbeec019b2,2026-02-28,1,10
0208b227-c0fe-40ca-bb1b-c51712188fd3,2026-02-28,1,1
18347d5f-f48f-4d92-9ceb-fc03c50e665d,2026-02-28,1,1
539a7562-367b-4f52-89b7-c933dae4765d,2026-02-28,1,1
69364188-0ac2-4741-be4e-4477778b142c,2026-02-28,10,10
69769490-0c18-4f45-9537-a68f6ea27a3d,2026-02-28,10,10
a2d7e28e-457e-40f0-aad6-c099b30ce77a,2026-02-28,1,1
122b3054-b639-44fc-b65d-7a3d09bd7713,2026-02-28,14,14
5baa73da-0b9a-45c9-adef-f8ea8205b741,2026-02-28,60,60
89900968-399c-4f96-aec1-5c64bb41e3bb,2026-02-28,1,1
9286ddc9-f927-44c6-ac95-dc0e11ee5ae4,2026-02-28,14,14
9583eb12-f37b-43bf-9d6c-6377e25171d3,2026-02-28,1,1
ce8484d5-d5f5-4d2d-9921-8dbd372197d8,2026-02-28,10,10
d232ea30-d1ba-43a3-8e1f-166a0c7aa10e,2026-02-28,10,10
f724183d-f38c-4fcb-a349-bf0f1643ea4d,2026-02-28,14,14
3267daa2-bebc-4833-9a94-59767c4fe711,2026-02-28,10,10
37b7df41-a2b5-405f-92eb-207919417ab0,2026-02-28,1,7
408c3c43-06f3-40c6-ac9d-662b1dc91ca4,2026-02-28,30,30
55be7087-dc64-4ee9-b8fe-68ab9c338cf2,2026-02-28,45,45
0d2b5ca5-e54b-4f95-a7fc-4f21fd33469b,2026-02-28,1,1
1c9cb540-05c0-4c22-b1d1-7dc6c7255796,2026-02-28,14,14
3cd61ece-c14f-4325-9435-316dfd1bd950,2026-02-28,60,60
643cea48-fb5b-4a78-87c3-0fa7c09caa15,2026-02-28,1,7
64572cc6-57ec-459d-be30-2bd020f9eb8e,2026-02-28,1,1
c3be5c44-8f9d-4c78-b5cb-e5432c034c28,2026-02-28,1,1
005a4c90-a56e-4023-a79d-5e2e882857fe,2026-02-28,7,10
1e53670a-313f-4b1d-9910-356ab39f6492,2026-02-28,45,45
2ed729d0-601f-4dda-9b18-d6ce50d58dfb,2026-02-28,1,1
41aefc94-9cdf-4759-b0dd-dab18d472f2b,2026-02-28,1,1
4364b845-397b-4300-94a7-b30dd3fdb86a,2026-02-28,1,7
4b390901-2f73-4914-b346-63c5c6057d8f,2026-02-28,1,1
eaee2821-1b97-4b8d-a323-1ca0bbd58b72,2026-02-28,7,7
f48c20da-23cb-463f-be95-88b34e91cb7d,2026-02-28,30,30
5da9a27c-39d3-40c9-a60a-b9e13402f6f4,2026-02-28,14,14
c37822ab-ad62-4786-a91e-85995164fb5c,2026-02-28,45,45
d4a94d4b-67a4-4170-bf64-be2030253768,2026-02-28,1,1
dcaed3f7-2f17-4c01-b129-be6fe53df8e5,2026-02-28,1,10
fd824a07-6652-45f9-8bca-b461200e09b9,2026-02-28,1,14
1cb4333f-3e39-4a68-9474-e2868da42bcc,2026-02-28,1,1
7e261ef0-430c-4181-baea-ff53324df400,2026-02-28,14,60
9e4abee0-ce04-475f-8e4a-34250ded2f20,2026-02-28,10,10
b92a6e0f-c4a7-44d8-891d-3d6e7fdd2c25,2026-02-28,1,45
d15d6966-277d-4019-a604-fef5fb842689,2026-02-28,1,1
1e0f5806-50d1-4e7f-b1ec-d11cd90595d0,2026-02-28,1,1
59ce7a3c-6584-4c7c-9bea-b81c61077dea,2026-02-28,1,10
6dc2a256-708d-4534-9b2c-babad56b12e0,2026-02-28,10,10
711b8988-eb55-4a03-87ba-53471f866efb,2026-02-28,1,1
78306f78-84e4-4c02-856e-28cf8a22e6a9,2026-02-28,1,1
a5c74099-4dd9-4e95-98de-48f36c0f1a75,2026-02-28,1,10
3d89ac07-f334-489c-8e49-f6f6e90a754b,2026-02-28,1,14
6386e550-b229-469f-8983-806b3eaf0571,2026-02-28,1,1
e383a309-2c75-4c68-93e8-da2e4bdd99d7,2026-02-28,1,1
04ed426f-2e2b-4722-8e37-f0c845d0ed81,2026-02-28,14,14
0615a94c-75a4-432a-96ee-8fa44bce9157,2026-02-28,14,14
61e207f7-7d22-4f97-8c8f-c32d71811755,2026-02-28,7,7
8e8f1afc-e80b-425c-b814-b88af5fba9ac,2026-02-28,1,1
e0fc1de0-d7ce-434e-a0b5-8946f697e168,2026-02-28,1,1
204f180c-7291-455a-929c-7b9cf7f78bfc,2026-02-28,1,1
2d96a63e-9d2c-4cb1-ae37-a493ec318457,2026-02-28,1,14
3ed6f4f7-a921-40f3-b7e5-42664f08fdb3,2026-02-28,1,1
42c8cfd1-7759-4c2d-8f8c-ff4ba43f9f8b,2026-02-28,10,10
62e49271-ff45-4207-858f-f1d29e71c5f1,2026-02-28,1,1
8b20d146-27c4-4db7-af71-31a4f5d00293,2026-02-28,10,10
a9ef18e5-afed-4c7a-8c2b-d077d1c823bb,2026-02-28,45,45
e3e30830-8c16-4ff9-9a66-7292ea392354,2026-02-28,45,45
1c3de1dd-a5f8-44f7-b33f-69351dbf186c,2026-02-28,1,1
26bcff94-4691-457e-b2bd-8345c961f14f,2026-02-28,14,14
30c799a2-db9a-4745-b8b2-08ec6bf30e31,2026-02-28,14,14
4a632e9b-11f7-4e1c-a1d0-13c16437c530,2026-02-28,14,14
b6eeb336-eab9-40c8-b3e9-6b6d1943d99b,2026-02-28,1,1
ed8496b4-53a3-420d-b06c-fa1c8c392a25,2026-02-28,60,60
fd1db68b-5013-42b0-a7d4-f80d08639da3,2026-02-28,1,7
4fa189e3-76bb-42fb-9893-dabfcd264883,2026-02-28,7,14
861e16a5-0f2e-430c-9f43-589cf5fb9344,2026-02-28,10,14
889294d9-8b51-4103-b1af-c99351da0c4f,2026-02-28,1,1
b2c058e7-b876-4b5c-9b76-cd10a892ca8c,2026-02-28,7,7
46a93d43-d328-4347-b841-b8f88d91ea78,2026-02-28,1,1
4b7f37a3-215d-4a98-a9d1-e62ec2598687,2026-02-28,1,1
70fa0c64-ef62-4b60-baa2-aa547b67181a,2026-02-28,90,90
8e1cd2c3-f31d-4fe7-838a-0fd136fcda23,2026-02-28,1,7
8f01bf4d-7764-4ba3-a297-b39851ff7cda,2026-02-28,10,10
0ac7d691-5903-4d57-b18b-3953aa6958e5,2026-02-28,7,7
0c0051f3-5fb9-44bf-ad54-34bd1370d39e,2026-02-28,1,1
1307d765-6cfd-4e2e-b199-ed4b4d6dc73d,2026-02-28,1,1
1394c7c1-58c0-4fb6-b087-09f49d8e5348,2026-02-28,7,7
1f003ec4-e15d-477a-a174-33aec3b73a22,2026-02-28,1,10
208ea5ce-5f00-440f-8b18-54a1270693cc,2026-02-28,14,14
a671a8d9-4eeb-4579-be57-0556fc6cf2ec,2026-02-28,1,1
d493b8d7-687d-4a94-88f6-f4aa2c320727,2026-02-28,45,45
e2200b9b-96b5-4cd5-b919-9918ba48fe18,2026-02-28,14,14
f00b15ba-092b-408c-9b3d-7415e8cfad2f,2026-02-28,1,1
f95fbf8f-25ee-4ec9-bea3-920c1b3220fa,2026-02-28,1,1
7a582c1c-d3fe-4f94-814e-f734dffc8e1b,2026-02-28,90,90
2590a787-5832-40ed-bd19-bf8df2bf6001,2026-02-28,75,75
6e67465a-84b0-467a-b153-4608c9870658,2026-02-28,1,10
78dfd277-8c02-496f-b209-1b136978a978,2026-02-28,1,1
9c6dd863-fd36-4326-ac42-3f36f6b3230b,2026-02-28,1,1
bd525af7-d74a-4d3f-8e12-6649e1915228,2026-02-28,14,14
bd5cea45-c52d-41e1-a0c5-741854f8ef3f,2026-02-28,1,1
cda06cc9-5df1-4a36-836e-8cca3ec6dea8,2026-02-28,1,1
f36dd1f5-1819-4bdd-9bbb-ba34048cabd8,2026-02-28,1,7
18694f2e-68a6-41eb-811b-df64dda15190,2026-02-28,14,14
ff038f2e-f804-4738-9d69-99843767f2c1,2026-02-28,1,1
331afa02-01f9-4f29-846d-587ee95656ca,2026-02-28,1,1
6696d871-6088-415d-bd83-1fbff47aaae8,2026-02-28,30,30
701621d0-ef12-453c-96d3-fb291ae1e3c5,2026-02-28,1,14
73e4afe5-533a-4a09-af4b-62479ca69585,2026-02-28,14,14
e216a302-6ced-45cb-b09f-4dae38bb3b97,2026-02-28,14,14
e3e0a287-b6d4-4beb-bc81-83e6643b306f,2026-02-28,1,1
ee3426c0-33f0-4d64-b453-4c0d08c8a79c,2026-02-28,1,1
39c409b0-25da-48ad-a7d0-dfbd85b7096a,2026-02-28,10,14
b545de57-9727-4460-8809-92eb69f28f4c,2026-02-28,1,1
c52a9e7b-404c-432e-bcd3-46af8b07aac6,2026-02-28,1,10
c6f7a4cc-80b7-4114-9472-22ff9cdd6778,2026-02-28,7,7
50658e17-ba85-4293-bd43-29ea3839e285,2026-02-28,10,10
e8566e4d-27bc-4294-a8dd-853a965cf021,2026-02-28,10,10
f5c59390-098f-4663-8b36-6092b5038fec,2026-02-28,7,7
17552498-51ee-4152-901a-ca0ced766c88,2026-02-28,7,10
6acafad3-dd11-40a4-aa99-15599b0f0121,2026-02-28,1,1
95c81c33-939e-470c-8cff-19fd2369aac0,2026-02-28,14,14
a6c6eca0-5a33-4a54-97ad-f26a652effd9,2026-02-28,1,1
d45bc326-8c63-4283-8809-7afd59c642b1,2026-02-28,1,1
d48af981-7c23-475e-a651-480bf5b2139a,2026-02-28,10,10
05f4ffd9-aa02-49aa-8ee2-ef09da870303,2026-02-28,7,14
4459bf7d-6fda-4c98-9299-96ad4de312b6,2026-02-28,14,14
5dff109d-51a0-4fb8-8e28-83eaa014d7ef,2026-02-28,14,14
6c337170-78ae-44db-b944-2c3148bf0f4d,2026-02-28,7,7
6de837b6-5c39-4a2d-9740-7ffd153b3d11,2026-02-28,14,14
9c909517-516e-486f-866a-a3bdead7d458,2026-02-28,30,30
b911d61e-b584-4061-9ec8-a89216f72920,2026-02-28,10,14
c8ec9f25-ce52-4225-88f9-eb7ddbec4492,2026-02-28,1,1
d27f9617-93e7-4441-b3a1-9a7a5b3d9650,2026-02-28,45,45
3b3e0a9f-7c9f-414d-b138-9666ecc91c15,2026-02-28,1,14
81b19e0c-16b1-4b4c-b704-f7482525b775,2026-02-28,1,14
89e14026-968e-4e2b-a6fd-02a90acc18ea,2026-02-28,1,1
de634a4a-11bb-4dcd-9a65-5a14cebba0a5,2026-02-28,1,1
fa192723-0c78-4210-a8a4-658fdd1013f2,2026-02-28,14,14
fba3e13b-5630-46cd-b888-95f100893c40,2026-02-28,14,14
6022b210-5b9e-438d-8a13-cb4905bb9899,2026-02-28,1,1
7b488e80-d1fb-43d1-bb7a-7a99b906d828,2026-02-28,1,1
96fcc231-3e0a-4273-a75e-6e18b87d658d,2026-02-28,1,1
9dc0e1cc-696f-411e-8d55-fd32d8ac70a6,2026-02-28,45,45
ac7009d7-f066-451e-915b-5a73daec3fd5,2026-02-28,1,10
af649e87-8c3e-40fa-a7d2-cda7d73d10fe,2026-02-28,30,30
0c597acf-2813-45b0-9157-4e69e0ee034b,2026-02-28,1,1
25b11097-0215-4bb4-9d85-3021111f1d1c,2026-02-28,10,14
83ca5dbf-b8d2-4cda-b3c6-899926b71371,2026-02-28,14,14
a1f74092-32a5-4f42-9d56-6a191c6f6a6c,2026-02-28,1,1
aad219a0-76a7-414f-94ec-bf0610d8d3c8,2026-02-28,1,1
dfbcb22e-016b-47b8-a065-831d5f0c80b5,2026-02-28,7,7
f5673c19-cd03-4db4-8966-416fe337601d,2026-02-28,30,60
1f170cc4-72af-4007-86b6-2a83212ebbb2,2026-02-28,1,1
22bbf403-4a33-44cd-b843-680a0b69eb19,2026-02-28,1,1
24869c61-6aa9-44d0-8382-63eabcf5869b,2026-02-28,7,7
2a171fd8-e88e-43e3-915a-c866658233d2,2026-02-28,14,14
30f2d18e-e88e-4419-ae75-9e35289feb6d,2026-02-28,10,10
6a0d8205-4f1d-4928-9092-664698458f24,2026-02-28,1,1
9156b62c-fc7c-4c1e-8e3f-77bfb3fd8120,2026-02-28,14,14
9a2043f0-38d9-44d1-810f-df6d345e0c4c,2026-02-28,1,1
d1b9b40f-a673-4458-b4f0-5596664bc06a,2026-02-28,7,14
12456c18-2c8a-408a-839a-67ae28aacc60,2026-02-28,7,7
6dcf2c1c-8fd3-448d-aaa9-adfed718f5c9,2026-02-28,1,7
f3f0e771-89df-423d-8373-8035985b9a81,2026-02-28,1,1
0428dae7-7e77-4fd8-8456-082d9ae1fbf1,2026-02-28,1,1
2c59668d-f1aa-4763-91ae-bc1f04698701,2026-02-28,7,7
400963fb-2069-49ca-956c-3d166f1bc3ef,2026-02-28,10,10
ae1436ab-d388-41db-bbee-9a773e5e9c8d,2026-02-28,7,7
d5c17b32-b961-4bb0-b6ae-651036ec4c2b,2026-02-28,1,7
e5ca17d3-0ac0-4bb7-bfdb-fd73b59f0f14,2026-02-28,1,1
f983f687-412d-4e6b-8f68-0f60e6bf6d0f,2026-02-28,10,10
2e6bcb97-026f-4535-a504-26facdf50714,2026-02-28,1,1
63d5e878-0d83-4f31-826d-e5351a75194a,2026-02-28,7,7
6d104bb7-9ff3-4753-b0ba-36140f944fc7,2026-02-28,7,7
708ce4b3-3a91-42e8-a476-89998f5071c9,2026-02-28,1,1
7342860a-97fd-4c2e-be1c-4b72cf84dc6d,2026-02-28,14,14
75003757-d213-42aa-b08a-1567b8ace6d2,2026-02-28,1,1
a1d3c4b0-0ea5-4460-ba36-515b0673caa4,2026-02-28,7,7
b69f1d54-93ad-48bb-9129-603641d9a701,2026-02-28,10,10
cbde4ed1-b04f-45c5-9232-1e6c30d2017c,2026-02-28,1,1
fd5565e1-d459-4fb0-941b-d719d243ad15,2026-02-28,1,1
01618a91-8786-4aa9-a7ed-090cfd3619bc,2026-02-28,1,1
62341018-573d-4d51-8d6a-5dc19565df6e,2026-02-28,90,90
a6e3c0e2-e282-4915-aa89-0d5329e9d0d8,2026-02-28,14,14
c70a7d28-f017-41fa-b1ab-a896c82084bc,2026-02-28,1,1
e69f1561-4a2d-4a3f-8e06-bfd70a2c3224,2026-02-28,1,7
5f90fafd-4a63-416b-b73b-7792e545c4bb,2026-02-28,1,1
64d78f5f-4fa1-40c2-bcc7-88d5237451c2,2026-02-28,7,7
af61cd5f-640e-4e29-a37d-4987c4df7c91,2026-02-28,1,1
d0b09dac-7303-4e09-9773-04628f3599a9,2026-02-28,30,30
13735f96-f6e0-45d3-b3c9-df05611e7e3f,2026-02-28,1,1
7d8bef70-4ec5-46b4-9f47-12b813ab2279,2026-02-28,14,14
971e8d35-d86e-40c8-83f7-820847f21c90,2026-02-28,7,7
a9cf1485-f69f-40a1-bb2f-062c51948a56,2026-02-28,1,7
f0f7f91f-47da-4aa2-b835-4b0776e023e8,2026-02-28,14,14
0cd62554-8ae1-4cbd-b872-c552d52f401d,2026-02-28,90,90
1cb570db-281f-40ad-b4ce-9a84f855fe01,2026-02-28,10,14
1e21301e-c16f-4b4c-a4f1-c213e221a833,2026-02-28,10,10
2036471e-ec19-4434-a49a-a5606319942b,2026-02-28,1,1
43648608-ae22-4e60-b8e6-dbb246559e9d,2026-02-28,7,7
4a429a03-a102-45fb-af2c-ad2efeca71ec,2026-02-28,45,45
9bc87aaf-0e39-431e-b955-006dd020f740,2026-02-28,1,1
ed8d87bb-72eb-4f5f-891f-53821c59def5,2026-02-28,1,1
1a838d4f-b22c-4b08-9ea0-f7a2297a7c36,2026-02-28,1,45
1e8502bb-66bb-42b4-a7e8-d59ae46a6a89,2026-02-28,7,7
29b67325-5f96-4bd1-bd1f-2d8b2faf67a3,2026-02-28,30,30
8aff3d8d-5ad7-4d1c-b6f3-ec29c604fd80,2026-02-28,7,7
a5c66f7e-8242-4590-aa49-d0003c29910e,2026-02-28,45,45
b1d389d2-52ef-41ec-94e4-c539e0fd28ec,2026-02-28,45,45
b5ed74cd-5200-4d88-b455-ee0b2fc5b3b2,2026-02-28,10,10
d3d0fa07-981c-4f14-a392-beb6d8f6a948,2026-02-28,14,14
11767d31-5cd9-45d1-b712-5194b904e1ca,2026-02-28,120,120
3178c3fa-a7ca-44a3-97cd-4e3f119bfb92,2026-02-28,1,14
67d98ed5-65a7-4b46-9ec9-95c229395e45,2026-02-28,14,14
7aa185ae-f091-4b38-b65f-46220a55cbaa,2026-02-28,7,7
8bd316ef-c40f-44fe-a708-d998062f26fe,2026-02-28,14,14
936b3814-49e3-41ab-8a44-5a4cbd71bb9d,2026-02-28,1,7
9befcd91-13e5-47ff-a046-0bbfde5179c0,2026-02-28,1,7
d8147583-cc2d-4606-8b26-f4f0ee328c0e,2026-02-28,14,14
09b6e40b-6d2d-4b38-bf75-3868c020f410,2026-02-28,1,1
11ded170-fb1c-4fc4-a258-76b7760fe00b,2026-02-28,7,14
47ba7b28-88f5-41ad-b8d3-e8107363d64d,2026-02-28,1,1
8e056698-b2d7-4a10-b5a7-cffeaad0a1f9,2026-02-28,1,7
8eddb2a9-959e-463e-b8f7-cf8166192325,2026-02-28,1,1
cad59056-2660-41ba-bc5a-6cb5f6dc1c3e,2026-02-28,45,45
1d664d0c-0b76-4707-8ef1-ac2ca6ca7a6d,2026-02-28,1,1
3ac7e5c6-ae42-48ae-bd95-3bfa5e87c7db,2026-02-28,10,10
296e7edb-6b94-4ec9-b79f-f5292456a17f,2026-02-28,1,1
38493a65-2555-4bdd-bdac-f8e106f01236,2026-02-28,45,45
718279ae-f4fb-438e-915f-0725e1557bb4,2026-02-28,1,1
efa996bd-13b6-46e1-9741-7c87b847e606,2026-02-28,10,10
8abfac21-ff4c-4895-baf7-6bfb5425fe5c,2026-02-28,1,1
98674f46-b266-4194-a4cd-c92c22e6d0a4,2026-02-28,1,1
b2f94ccf-19d3-4e96-8092-5cfa11473040,2026-02-28,1,1
b8172918-5621-465d-aa18-9cfb7be655cf,2026-02-28,45,45
bcf22e36-c47c-41b8-892c-27760def7de9,2026-02-28,1,1
eae281ee-d981-4320-8fea-1057894f3876,2026-02-28,90,90
f33ef9a6-889f-486e-a031-a558db0b1d74,2026-02-28,10,10
f5e9c3fa-ae3b-46ec-b811-076f99baf167,2026-02-28,1,1
2abeffa5-0528-4755-b871-26327edf043e,2026-02-28,1,1
33a91a32-f6ca-4a88-8358-27e53c8925d0,2026-02-28,1,1
3c5ac25e-23eb-4997-8871-f352e303acb7,2026-02-28,1,1
48da0ad8-6280-4801-ae15-6e706ec7178e,2026-02-28,10,10
4aa0dcc3-1769-45f0-8c12-658969d40c75,2026-02-28,14,14
5715a81f-0d2f-4f69-81a1-1fb7317d99da,2026-02-28,1,1
5d0b53ee-5074-4f28-9839-0fef6887f73f,2026-02-28,1,1
b4489ad2-ec5f-4bdd-95f7-881f7a7c2f1f,2026-02-28,14,14
b951c3f0-6479-4ae6-b1ee-78c9b5d3b824,2026-02-28,14,14
c9739499-0424-4e2e-a16f-0acce4deb115,2026-02-28,1,1
07ca3fca-7fa6-414b-b234-c6b91489b338,2026-02-28,14,14
dda2fa02-77ca-4cef-bd1c-d358fbe8a128,2026-02-28,10,14
e355269f-a1fa-4ea2-bbe0-5c8c8d8b040a,2026-02-28,1,1
ea4852cc-cf36-4b7e-b7d6-cac8d00bd4a9,2026-02-28,14,14
33dfdb34-1082-4eca-b063-9058f2e27f48,2026-02-28,30,30
6185bec3-cefa-4301-89ea-f27dffd466d4,2026-02-28,1,1
6e442dcf-4e7f-42a7-8fee-56c100251a1b,2026-02-28,1,1
b90395df-ed8c-43a1-bffe-777d8076865a,2026-02-28,1,1
0d14ac5e-eb28-44b9-9978-a17773500d01,2026-02-28,1,1
0f3ce541-f0b7-4b30-85cd-c0762437f837,2026-02-28,45,45
27721893-870b-4ae2-9ba9-35acc51fdd9b,2026-02-28,7,7
3a99cff5-4735-42ad-bb7b-c39bc4f3745e,2026-02-28,30,30
7f69273e-cd55-42ee-8de2-2ac7ea22920b,2026-02-28,1,60
abf2fbfa-a5c4-4b31-86c4-364daee053fa,2026-02-28,1,7
d06ca091-5827-4ccc-9923-b449543fe3fe,2026-02-28,7,7
d10b131f-6d53-451c-a3c9-418466eb4e61,2026-02-28,45,45
db79b5d6-e381-426f-8c73-1ce31ab1b7e7,2026-02-28,10,10
0588239d-c578-46b0-a4e5-dac9c0b3465e,2026-02-28,1,1
2f15e983-b0cf-4a61-98c6-b105d6ac3954,2026-02-28,14,14
3d6b1150-9aaf-4f5b-b15e-0b6ce0fa8dc6,2026-02-28,14,14
9665b8bb-e9c6-4233-bf12-02a6b5544493,2026-02-28,30,30
973ea022-8c5e-49f3-9465-969994fe853e,2026-02-28,1,1
b2fdd76f-62ef-4256-8e4a-42415c3791b1,2026-02-28,7,7
d74ae06d-deee-49d0-87e6-091d4291d3db,2026-02-28,10,10
f9f0ade4-62bf-4e8a-86e6-0fbcd831dbb5,2026-02-28,45,45
2ef0e48e-506a-48b6-ba94-d6c41390bc4f,2026-02-28,30,30
40d9b162-35e7-4abf-b9ba-cd23eded8559,2026-02-28,1,1
80d86482-c496-40e0-a679-9f8af7e0db05,2026-02-28,7,7
9e146549-93ed-407c-8372-9188fbf4e026,2026-02-28,14,14
d63af88a-69e8-4535-81d5-254293c12716,2026-02-28,1,10
e0dd37df-e1a0-409a-be94-a4a555528581,2026-02-28,14,14
289fb0d0-711a-40bf-ba3b-45b5b656038d,2026-02-28,30,30
5563be5f-1054-49bf-8920-8a9d78a50301,2026-02-28,10,10
64d7c77c-09f0-4992-8cd1-0e684b61bab7,2026-02-28,45,80
8722ae39-7a09-4265-a371-7812246f80dd,2026-02-28,1,1
617b66d0-eb96-4546-af10-bf7e938ef069,2026-02-28,14,14
7fd12d2e-fb48-4664-b8cc-54ee665a031b,2026-02-28,7,7
407f1172-c170-41aa-abfd-9f1c109b5c58,2026-02-28,90,90
55a4ccbc-79a0-4c92-b98a-6c760e46c135,2026-02-28,10,10
d1db9ad6-e3e7-4658-b89d-75c222ea40f1,2026-02-28,45,45
09b90153-1224-4159-b92b-68277aee0acf,2026-02-28,30,30
20358d37-d586-4256-a02d-c536d7050dce,2026-02-28,7,7
5ee48920-2c05-4812-a71f-5430889a96d0,2026-02-28,1,1
736a66e8-c0d3-4294-af8a-72a8515f2d5a,2026-02-28,90,90
b5698856-97ef-4436-9642-3d44d39b7a33,2026-02-28,10,10
c4ffca14-5000-4cf2-ad9e-121c44ff20d9,2026-02-28,1,1
0b948eb8-a954-48ff-a5c6-f812a5ce24b2,2026-02-28,1,1
9eddf51c-ce20-4dde-b88e-8bc92baf3acb,2026-02-28,7,7
ad7734de-7fbc-452e-bf6b-4dbf56b9c3e8,2026-02-28,7,30
d948bef1-bbba-4f4c-a063-2528dc3bffe4,2026-02-28,14,14
0771d236-f8b4-444a-b749-f6eee766fcbb,2026-02-28,14,14
0845ee42-fdee-407e-9b93-1cb6a6ea85cb,2026-02-28,1,1
09bca875-8e49-4773-a3d2-835982d6918a,2026-02-28,1,1
3c25f50d-aafd-469e-b0fe-2c067719c11e,2026-02-28,1,1
4c958435-50e5-41f1-b70f-79277ef7ab25,2026-02-28,1,1
507351d7-658c-4b63-8445-965ac0c22bf5,2026-02-28,14,60
a3e15999-5368-4e79-926c-d9c9264e5f64,2026-02-28,30,30
a4ce1e79-52c1-435c-bd2d-bd5f49347586,2026-02-28,7,7
a5d137ef-baef-45be-bb9e-ada9bb925be9,2026-02-28,45,80
ab77ca6b-8806-4737-94cb-2b316ad302f9,2026-02-28,14,14
cf6e5825-0f38-4254-8332-1617427a8efb,2026-02-28,1,10
ee365473-5c47-4f77-a740-e59867f0ed3b,2026-02-28,30,30
7fd2bacf-f377-49e9-b2ba-280254f4ab88,2026-02-28,1,1
8c05e086-0bc2-429f-b78d-5390ceb55860,2026-02-28,7,7
9d41a2c9-ac64-403d-97a2-e0c4c45f1316,2026-02-28,1,1
f94ad5d3-6c6e-4ec1-b019-ba43a7f241e0,2026-02-28,1,1
12e8ad5f-1826-47d3-bd6b-fe7728141e17,2026-02-28,30,30
26da5719-d8bf-41e4-a51f-665234cf1f7d,2026-02-28,1,14
59a9acc3-b1a3-4ad7-80d1-72f871d9817b,2026-02-28,1,1
5d37c728-7a9e-47e2-ae94-30541301a414,2026-02-28,1,1
75611812-9c94-432b-b645-56e569645de4,2026-02-28,1,1
b0de4ca5-8204-49bf-bd2f-7e2dac801a7c,2026-02-28,14,80
1a69c207-7a84-4812-ac38-0b851412c2df,2026-02-28,1,120
91419075-e12b-4870-b6c4-45849812bb44,2026-02-28,1,7
9fedf757-c7da-40e6-8421-919800dba22c,2026-02-28,1,1
a0a4c92f-a9ac-4a33-b39f-313db04233c4,2026-02-28,75,75
a3febb4f-7a7b-4655-8e57-288c42fd8a5f,2026-02-28,14,14
b01da09b-550b-47fe-afa3-d0918e505528,2026-02-28,1,1
c5e3b19a-67b4-4778-985b-f766667f23a3,2026-02-28,45,45
df03910b-9380-41de-a5db-e20a2182ccfc,2026-02-28,14,14
625dc311-6927-422d-9e31-53bbd97cea65,2026-02-28,7,14
639def3d-8570-4eb3-bb78-443e98b9774d,2026-02-28,10,10
73c14ae7-284f-404e-8de1-7a88e08651b1,2026-02-28,1,10
88493c06-ee92-42ff-a0f1-fe76794a8a99,2026-02-28,1,1
89cc6cb4-5fb0-43c2-ac77-ee756adc67cf,2026-02-28,1,7
8f02d4eb-6f26-4a43-badd-c9ca95525341,2026-02-28,1,1
a19e49ff-3caf-4334-a90a-c8a529f2feed,2026-02-28,45,45
bd34ccb5-a094-4afa-be47-225621599ff4,2026-02-28,7,7
e510c542-5f1c-41f2-88b8-0f245d8f9fef,2026-02-28,1,1
eb014f63-4aa6-4567-b6dd-957742ac67c5,2026-02-28,1,1
15c2c211-3431-4074-8163-c0166041c7ff,2026-02-28,1,1
2f08a8ee-96b1-418c-aa5f-e6dba21e7979,2026-02-28,14,14
4d771eb8-3586-483a-91ca-e2fba04be91c,2026-02-28,1,1
644ee866-cef4-43db-91fe-2c407c7055a9,2026-02-28,7,7
67c9d857-ff7f-4b37-889f-f22b1cc54506,2026-02-28,14,45
6b875861-ef0d-4136-8d56-29ba4d63cd53,2026-02-28,1,1
7aa02023-54a0-4036-90e8-bc693895e93f,2026-02-28,60,60
7f7a59c2-f2ae-4c3a-be7b-32b689c54fb5,2026-02-28,1,1
a1a428c4-0fda-426d-915c-0e57e1444164,2026-02-28,45,45
b6432c72-6156-4a40-abd9-31617d1738eb,2026-02-28,75,75
50925211-64c2-4324-97a0-d9f6c255818d,2026-02-28,14,14
6c99d0af-8956-498b-a4d3-41e8c9957f9d,2026-02-28,10,10
6e55a7f5-dab8-4a0d-b692-0353c4df22db,2026-02-28,45,45
a74e9170-f705-4774-b5bd-e1da7f818362,2026-02-28,75,75
f50cb97e-5a15-4451-9050-b3fb25e20190,2026-02-28,30,75
f47fcdc9-6494-4a6b-aa81-719a797edfea,2026-02-28,10,10
879bc238-c0f1-4aad-b5f7-c956518088a8,2026-02-28,10,10
bff4b4f8-9bbc-47f6-8d0c-9ecab61df29a,2026-02-28,10,14
ced12a6d-b7c2-4cfa-ab01-50799480bdec,2026-02-28,14,30
e684dc51-b99e-4b69-a7fa-464f151f5e8c,2026-02-28,1,7
341dcd7b-d1c5-4a8b-9f88-a1d2ab285749,2026-02-28,7,7
bd0697e9-ed3b-4ec4-a451-c6d3fc41073e,2026-02-28,30,30
0e38b55a-25bb-464a-af63-8212aa27ae3c,2026-02-28,45,45
338cbfac-8433-4a0c-ba7b-014a86f2c9ad,2026-02-28,1,1
5ac1ad02-26d8-4b04-b5bd-236a228297f9,2026-02-28,10,10
96936a18-cd14-4161-a220-b8f41a9030ee,2026-02-28,45,90
ab17b12f-cc90-4a3d-b6d5-4c9bf256f427,2026-02-28,14,45
b583728c-7e50-403e-a909-cda48e325a37,2026-02-28,14,45
d31164c9-1eb7-44ae-b559-bcce3c4678c8,2026-02-28,1,1
e6213dde-ce73-4192-9cef-7085f9d514ba,2026-02-28,10,10
f99081fd-b94c-4edf-8e3c-1e7d64d16e17,2026-02-28,1,7
530f6857-3748-460d-b7a2-720503679fd3,2026-02-28,1,1
738a6493-2457-4d1a-8a71-80c605793d89,2026-02-28,45,45
763a00dc-0bc2-4afb-a483-c7a51479c46a,2026-02-28,1,1
919942d2-e80f-4331-9e87-4b72f1e892a9,2026-02-28,7,30
9bb92740-2dd3-4fc2-9e2b-895f175d8cda,2026-02-28,90,90
a69ad317-8299-4ea1-81fa-0bf579a7ce38,2026-02-28,1,1
bbf59220-e60b-47e9-82d9-390c796aacf5,2026-02-28,7,14
d26a539b-2fb2-42da-9d2a-d0656d662d16,2026-02-28,7,7
3e8d1b8e-9759-4fed-8613-ec45463822bd,2026-02-28,1,1
46450bd8-197d-4750-954a-022bd517aa59,2026-02-28,10,10
61addf1c-21a8-42e0-9a92-a2ff77fb412d,2026-02-28,1,1
7167e57d-4bfc-4c7c-8f9c-5d41e17e5b76,2026-02-28,45,45
949dccec-f9d1-4da5-84c5-30a49d6dea99,2026-02-28,1,1
a61e2aaa-4873-4686-a308-2018ed1ca18a,2026-02-28,1,1
40bc6736-5e65-4da4-8782-b972f2076d0f,2026-02-28,1,1
5563197c-26eb-4724-9166-f348e82e949c,2026-02-28,1,1
5e0f6315-038f-429b-a0f9-2e36db1adc18,2026-02-28,7,7
78138aa4-742b-40ab-8b41-13cde6376fd6,2026-02-28,1,1
7e3f9d34-c50c-47d5-ab4e-04fb31690465,2026-02-28,10,14
d16e7caa-813e-4368-b42e-3d3f72186d3c,2026-02-28,10,10
13b9621c-ee0c-449e-b5d9-7fb5ee5b45f6,2026-02-28,7,80
82aa0819-c91a-4363-9a33-1c206fd14c32,2026-02-28,1,1
90058dcf-5431-4ef9-b0ef-61e1fc7c3202,2026-02-28,14,14
bccca2df-a0ef-4804-b3b8-c9dfe8b45568,2026-02-28,1,1
f8193ac9-b7f9-43ac-850f-a28a3bf06dee,2026-02-28,30,30
7fc704b0-c937-4d6d-8194-4d4e3938574c,2026-02-28,7,7
8824088a-0ffe-42f8-8733-2e0b238c537e,2026-02-28,7,7
b08f7016-7548-45a1-b656-210c43a406a3,2026-02-28,1,1
3b348f55-0d81-4879-a3ba-594d87039e97,2026-02-28,7,7
24b0a725-622f-4479-a273-e33b1303da89,2026-02-28,14,14
4b214716-5b19-44cc-a252-7ed951493cb8,2026-02-28,14,14
8191f4e9-fa41-4b43-9935-b374ce753380,2026-02-28,1,1
8c64ac81-5ec7-47a9-aa0e-ce26f677e858,2026-02-28,1,10
9935a4cd-5c66-4adb-98c4-7f6d96175315,2026-02-28,30,30
a11459c2-cada-4b33-bafd-5142e8d6850e,2026-02-28,14,14
02ae05c6-abd3-4e0c-9320-a057a878bba4,2026-02-28,14,14
25ae4f0c-776d-4f2d-8de5-8683b9948924,2026-02-28,1,1
39cf2c53-3f3e-4a18-bbf3-348c3a941fa7,2026-02-28,14,14
46e10401-0e47-4462-a4cb-c82daaeeb549,2026-02-28,14,45
c0ea90a8-971b-4153-89bb-e59cdc506d78,2026-02-28,7,7
471e3583-348a-46ca-8644-28f57dd78de8,2026-02-28,14,14
6efea063-0238-4e1b-9864-f7d0ab19980f,2026-02-28,14,80
92256c2c-f291-48ec-b4ba-e76806420bc1,2026-02-28,1,1
dd5f7eec-4689-4a81-8691-dad558180cd3,2026-02-28,1,7
ddaf1ba3-873f-4f95-ba43-e4e3ea1842df,2026-02-28,14,14
f7151003-fa88-48d5-aadd-8f5addd7447c,2026-02-28,1,10
b3c2df75-9a03-449d-923d-d659b07f3152,2026-02-28,45,45
fbcd4b8c-665f-4ae1-b9c2-de1e5fa3c973,2026-02-28,1,1
24461651-4878-4363-807c-c95f85f5e49c,2026-02-28,14,14
3cca054f-d10c-4a8a-a7da-3aaa8aeee1b9,2026-02-28,14,14
5849a477-051b-4b33-afa2-d6e6fb9bb4fa,2026-02-28,10,10
06c59325-64a2-4cf7-8ebe-4918caf5c9c3,2026-02-28,14,14
183ef553-0c29-4ced-a10a-9df8c28988b4,2026-02-28,1,1
1db3ddc4-9432-400d-949f-5abde792e2f4,2026-02-28,14,14
7dc0b7cf-4c6a-4ae5-a74c-85a5e28b7d24,2026-02-28,1,1
8f407e8c-0d3b-41a7-8433-cf196681a8a7,2026-02-28,1,1
a0aba21e-ade9-40fa-89ba-92e0cc00b853,2026-02-28,10,10
c3377e03-fa4e-4647-842c-eca9b5f73e75,2026-02-28,14,14
e4f5d606-d22d-42c8-b939-91258825ea1d,2026-02-28,45,45
c2c07b46-fa56-4d93-9a77-497c68b1b8b7,2026-02-28,7,14
d2ac98ba-b56c-465d-a985-f84b386b74a3,2026-02-28,1,7
d6ce8084-7877-4f2b-ba46-d97d00c7d06e,2026-02-28,14,14
4b0305a7-fc3b-4e17-82a8-20988cda3087,2026-02-28,14,60
94bdfc01-ddc8-4bb5-b271-527cab70bc61,2026-02-28,7,14
9d95668b-80f4-4d41-8ed4-5eac703199c1,2026-02-28,1,1
df396542-0024-4cae-b458-521dbbbe2e54,2026-02-28,10,10
372256f0-dfe5-4567-8c34-8a60ea04143f,2026-02-28,10,14
42586a50-0b0b-42cf-8471-b2533a59dd1c,2026-02-28,1,1
59382fdb-62bb-4a2d-ac0d-ebc081696ff4,2026-02-28,10,10
af98c9d8-06cb-45b8-a628-fab64a7ad64f,2026-02-28,1,7
1a151a08-aced-4256-86b2-f9f5e3168dab,2026-02-28,14,14
6aaecc6d-8ee0-4588-b520-037de4c689f4,2026-02-28,1,10
a35f91f4-d9b5-4e55-a7b9-d7326c20432d,2026-02-28,14,14
a596311d-85c9-4456-bebe-6e74767f2839,2026-02-28,14,14
af0c78c6-746d-46b9-80c6-634aef9567ce,2026-02-28,1,1
19b4ac09-5c7e-4396-967f-335c94ae5c99,2026-02-28,1,1
ab979f7a-25e9-4397-9896-69936dc8cd33,2026-02-28,1,1
f101be68-7234-4d73-90df-ce365cdae6c9,2026-02-28,1,1
d240c850-b003-4215-a420-4c350d6f9c19,2026-02-28,14,14
d47e48aa-a3c7-434c-8e42-10e9b56b6728,2026-02-28,1,1
e78e08a8-b148-4aa7-9047-fe6d4f66920b,2026-02-28,1,1
04ff83f8-5141-484a-b33f-3f8014490467,2026-02-28,30,30
3128173c-8294-486e-a646-a94634b20444,2026-02-28,1,7
4c72850b-dd9a-49e1-9e29-c5f1eec70948,2026-02-28,1,1
5335c476-6b7e-40c4-955c-f9dde64d7248,2026-02-28,14,30
811136ea-5083-4b9c-a46e-1a2f4abd3b67,2026-02-28,45,45
82fdf693-5d34-4b63-91da-1be8b6021e1b,2026-02-28,7,7
9673c946-54e2-4ad1-8998-efb99392a347,2026-02-28,7,14
28b0ae8d-4e33-49e3-8254-1482cfa0413a,2026-02-28,7,7
3ba0e0e7-deea-4b63-9ec0-c07551afd97b,2026-02-28,75,75
55f8875d-daf2-4564-a8c1-e3194ef22d9f,2026-02-28,90,90
77a36147-7912-4ee4-aeda-90ea20eb3c22,2026-02-28,90,90
783437a4-f9b9-4e94-8283-64725ab3fbfc,2026-02-28,14,30
92eae557-c9b8-46ef-a501-ea571f88f7be,2026-02-28,1,10
ba79ac8a-74e8-4b47-b23a-eaa52b0e423e,2026-02-28,1,1
cda20693-016c-47eb-80e7-3377608e373a,2026-02-28,30,30
2029a755-ba0c-4c11-b016-87ba6a9b51f5,2026-02-28,1,1
7eb83ba4-6bb2-47b5-94cb-11057cb8d127,2026-02-28,14,14
8ab8e75d-da0b-4e01-a92f-4c4c2e4fd487,2026-02-28,45,45
f980997e-06a7-4544-8052-0d13d30429d1,2026-02-28,1,1
d134fec8-0db8-459e-b12e-f36f17fe85e2,2026-02-28,14,14
f64c194b-87cc-4e72-b42a-e926b46ba64c,2026-02-28,14,14
fbb8503c-edb8-4d86-8abc-38e7333259e6,2026-02-28,1,14
1eb6b10c-9d0a-4a76-bbe6-73409c717304,2026-02-28,10,10
3aa5a568-a50f-4491-b540-9927b60b7eb6,2026-02-28,10,45
6454632c-4cfa-41da-9d4a-c548a8dfafc4,2026-02-28,7,7
6ed5ad57-89ec-4ec9-bb6c-43ba83289fc3,2026-02-28,1,1
922a450e-fac8-4ccf-b88f-1d0543afe68a,2026-02-28,1,1
98628064-b5e6-48dc-b9a6-eb4e95cb4263,2026-02-28,7,7
f22e4501-d362-4ae2-930e-833c4efe943d,2026-02-28,1,1
0231a037-5b89-4ab9-89fb-e8aed5a1a5e9,2026-02-28,1,1
51b287e6-1825-4ad6-bd81-c1c05f06e263,2026-02-28,90,90
691bd459-b88d-490f-ab2a-9597b3466fd4,2026-02-28,1,1
7d1bc0a1-283c-415d-a12c-74d368a20950,2026-02-28,14,14
0dfda68e-589b-46f1-a55d-d4ec8b525366,2026-02-28,14,14
29012c74-f2c3-4f07-900a-007d1f37484e,2026-02-28,1,10
33d7381f-8b84-467a-89a3-c22020449b0e,2026-02-28,1,1
5667c036-8e79-4448-9e29-86da6dba08a6,2026-02-28,7,14
880d2897-980e-4157-b8ed-9dc8713a6063,2026-02-28,14,14
f14e1574-8d31-4362-beeb-2a4145189040,2026-02-28,7,7
f352889f-beaa-4c03-9618-89b211e96f90,2026-02-28,1,30
9f648d9b-63a6-4140-be81-69c9a2b0831d,2026-02-28,14,14
d3f6788d-cf83-486d-9897-52d820cb90f8,2026-02-28,1,1
dedf0f7e-0c64-4164-a076-8d0df4157a39,2026-02-28,7,10
444ec91b-a636-4d40-8dd5-e08566b11e85,2026-02-28,1,10
6d211d63-85d4-47d9-992d-f5644d3e530e,2026-02-28,7,7
9396bd65-c1d9-49b5-a216-e9404d7b7579,2026-02-28,14,14
c19c2409-52e0-4b57-986f-c8c8144e79a7,2026-02-28,1,1
c280629d-5676-404d-af13-aafcf5540d3a,2026-02-28,1,1
c5c2b6e9-811f-4c50-b71d-b9ef30c3a819,2026-02-28,10,14
eff10ef6-c6e1-4eae-8042-af59c2b6fcd8,2026-02-28,1,1
188b800b-ae1c-4aa2-a2f9-77c7b646ad07,2026-02-28,7,14
3d1e1968-5820-4ccd-9909-54008e1db1ca,2026-02-28,1,1
4a3ec53a-2ad1-496e-bfe6-23db4e5e15b8,2026-02-28,1,1
7b69e319-b2b9-4341-8ba8-41398d83c656,2026-02-28,45,45
865a8eff-7861-420a-b48e-e60fd62e968b,2026-02-28,1,1
993c03b9-0c3a-453b-9482-e3c6b37290dc,2026-02-28,14,14
a13d68e3-8a1f-4870-96de-23ad01d25122,2026-02-28,14,60
cfb5f0e9-3fb4-42a6-85ab-53be4d8eb89f,2026-02-28,1,1
d169df85-fd5d-4e5b-9a52-ff43bbef5ff1,2026-02-28,45,45
0f67516b-0ca7-4f54-8a60-7eb66599d5fa,2026-02-28,60,60
198a1926-07e5-472a-ac18-8d086727f5ef,2026-02-28,7,7
2cb5841d-de36-4364-b306-18491f60320a,2026-02-28,1,1
44a018c6-73ab-41fd-8daf-93800a584b23,2026-02-28,45,45
4c437ca6-6a43-4d5a-a65f-79927d80d626,2026-02-28,90,90
e95d5caf-0df5-4a8d-af3b-6c233268c067,2026-02-28,1,1
1bf6411a-3d4e-4c0e-96c7-ca9a03b1e806,2026-02-28,1,1
a82acf9b-3f35-4e1b-aebe-b5d2a474f845,2026-02-28,7,7
b63de442-9918-4ce8-800e-1092407e7fea,2026-02-28,10,10
bc18cba0-89ac-4f40-a16a-3573d6060217,2026-02-28,7,7
c235ed0b-0820-4cf7-b913-6db503030d8b,2026-02-28,60,60
4e2f5b9e-a8b7-4e60-91b5-f262f60a43a2,2026-02-28,14,14
89b5c0fd-a303-46a0-bd57-01879493324d,2026-02-28,7,7
a08cfde1-06b0-43d6-b15b-712feb56a6bd,2026-02-28,1,14
a32acb76-c807-4a7f-8e8b-6ff6ff2c65f7,2026-02-28,30,30
c77a4138-8c86-4d4d-a940-c02c349bc8be,2026-02-28,14,14
fe13133d-fc41-485e-bb05-c32ae1902e61,2026-02-28,60,60
2e8c9f9d-865f-4a6c-bea7-2378ffcabc71,2026-02-28,1,1
5d743af0-98ae-4540-a1de-3e5fb289658e,2026-02-28,1,1
7130fd6a-b102-4ddb-b220-bb570952d029,2026-02-28,10,45
979b3790-1ec6-41b0-aff4-e5ee89cf23c5,2026-02-28,1,7
a74875c1-3633-4005-8a23-479beb16170d,2026-02-28,1,1
c565e265-8738-4eed-bb11-7d512af0d937,2026-02-28,1,1
ca043c30-3c39-4eb6-a43e-5f05c481d37b,2026-02-28,14,14
d67fd529-eb6b-4361-ba40-3492b39862dd,2026-02-28,7,7
33c35240-7151-40c9-a4cf-b6af54a87df3,2026-02-28,14,14
370e5ed0-3e50-477f-b31a-cf1962edde2a,2026-02-28,10,10
4df6d777-4c2d-400e-b078-4e4a2cbd6739,2026-02-28,14,14
543a3e37-7cc2-4623-8841-51d0f53e5724,2026-02-28,1,1
c5651db4-0c61-4302-82ab-894da7eb142e,2026-02-28,1,1
c5aaac62-6773-4b15-a744-13b8721d33de,2026-02-28,1,14
d5afc53a-5d7b-4c99-a2c4-09c2f3967d6f,2026-02-28,10,10
d77c1992-f0c2-4963-aee5-7c2ea6e6b58f,2026-02-28,10,10
dc569ff4-a01c-4174-beba-7916183a295a,2026-02-28,1,14
ef5248e0-4264-4e3d-9b3e-325b0c208432,2026-02-28,1,1
652aec63-21f1-4749-a23f-fe1961f725d3,2026-02-28,1,14
77889dbc-a8a3-407e-8a17-f12604c2daa4,2026-02-28,1,1
acd0fcb3-69b0-4106-b80c-335e2f55cd03,2026-02-28,1,14
e13a40de-0700-484e-b26b-9dafd83fb2e7,2026-02-28,10,10
e9270650-ac5c-4793-8c93-fef78d3329e4,2026-02-28,1,1
f88c51bb-3320-4b11-8f5b-8401eea042e5,2026-02-28,45,45
353fcdbe-6f98-4b8e-a5a5-eae11b45cb3b,2026-02-28,10,10
496d3581-29ea-42fe-b2fb-26a2b35aea4a,2026-02-28,1,14
4d723c6a-77b3-4ebe-87d3-7a9dbff16afa,2026-02-28,1,10
504f1768-40f6-4167-913c-ad1914f94051,2026-02-28,45,45
54b4772d-4e4f-497b-be0b-f6b0ef15d899,2026-02-28,10,10
f71b40b6-2556-43c6-bae3-7fc9626aa8a9,2026-02-28,10,10
24e110bc-41e7-46d7-b016-02b98ac1dba4,2026-02-28,7,7
3b4d2925-9ed5-4ff0-98b1-d892861e7390,2026-02-28,7,14
4d5d39c7-427b-4a49-8b3d-7be0c7c27ce2,2026-02-28,1,1
827e35e0-7eeb-4c34-8dc0-22324728e4d2,2026-02-28,1,7
aa87e073-a7cd-42f6-8a40-6c74dd42c228,2026-02-28,10,10
f3884f6c-332f-4db1-bfd8-62f85f820b77,2026-02-28,1,1
7c0b677d-d341-4fa2-a240-710471e70d79,2026-02-28,45,45
88d2a482-80e5-4818-ad0c-343f414e7d2c,2026-02-28,14,14
222a5116-ed43-4e15-9aa0-8b711c151ddd,2026-02-28,45,45
4a9bb168-7a07-476d-9e6d-a4cae466496e,2026-02-28,45,60
532e983d-9c51-4077-9e66-741786ee687a,2026-02-28,1,1
9b678b48-599b-41cd-9beb-9adb67428a57,2026-02-28,1,1
fffad69c-5cba-4d25-9b5b-5d0b64714f58,2026-02-28,7,7
1c61a0b1-dd5f-4777-a797-3b00cf48c32f,2026-02-28,1,90
3c0ff220-18ca-4f9e-9b73-13c1e8f6792e,2026-02-28,1,1
6c861e5b-31e5-4668-ad8a-c81678480231,2026-02-28,1,1
b7d3a723-2ff2-413d-8fcf-e4f01955a778,2026-02-28,14,14
ffa502a7-c797-45a0-bd71-10bb79ab6db9,2026-02-28,1,7
1d524975-b406-48dd-98b5-32f4d4a244f0,2026-02-28,10,10
5f501354-738e-4232-9fcc-269771e00f13,2026-02-28,1,7
6d928aee-11d8-43fd-9918-b0691b64a2a8,2026-02-28,1,10
c73eb87b-6b5d-4a4d-aba7-52de1d3b82bb,2026-02-28,1,1
d7b7291f-7c8b-4fd0-87fe-478b1fef60ed,2026-02-28,45,45
094d31fd-5b64-4ecd-ba4e-ff8ef9aa42c1,2026-02-28,1,10
0fcd3890-0d9f-4ecb-9c87-7ba40c0baa79,2026-02-28,1,14
16b96843-889f-40e9-a4fe-1b77e80a3c20,2026-02-28,1,1
400729c5-8ffc-4ab1-ac46-ff393f46490b,2026-02-28,80,80
586b165c-dbee-4b32-8bd5-8e7c26eecaee,2026-02-28,14,14
7014965f-c9b4-4c71-89c1-ff49893533ff,2026-02-28,14,14
7aa1dea0-bfa9-464f-bccb-939ad612aebf,2026-02-28,1,10
d8a70c49-7244-4291-982f-f89b746d853a,2026-02-28,1,1
00e067ba-cc82-4e6f-9eb6-36870e6a573f,2026-02-28,45,45
123d923a-2c16-4756-833e-7fe045691140,2026-02-28,1,1
5a398c14-41fe-4ca2-8f36-f6cb4aae8316,2026-02-28,10,14
c8b5a98b-3a93-4f6d-8c8c-118f67b20dd8,2026-02-28,14,14
0b2b8106-75ae-4ade-b3b0-6824c7d76044,2026-02-28,1,1
314b2890-5a1f-4cb0-b99d-aca31c6bbd20,2026-02-28,7,7
71a0cf2f-309d-4a01-a408-d3ed52327015,2026-02-28,1,1
803d9861-0019-4125-9f2a-768df4222636,2026-02-28,1,1
a9f09537-e6e1-4cad-ae34-250ddd129e68,2026-02-28,14,14
ab86d7e5-a48f-463b-9461-438c060cc006,2026-02-28,90,90
b6498809-24e7-4e88-b038-83b2418c3b8b,2026-02-28,1,1
bab7a275-8916-4f8b-8477-43d104bb0660,2026-02-28,14,80
e6913d28-7269-4685-8c33-262c7d98eeb5,2026-02-28,1,1
e7e9d3f9-d0b4-4e8b-9ec5-78431b794bc7,2026-02-28,1,1
f89cd566-583a-41cd-b257-6183bb88946a,2026-02-28,1,1
13235145-44f7-43ba-9a12-9a0183be6bc9,2026-02-28,10,14
39fbcdd0-1b5a-4cf3-b030-aeba90bb7f46,2026-02-28,1,1
61ee0839-9bcf-4ebe-a648-2518f7616391,2026-02-28,45,45
8e76d7f3-a430-474c-9e40-9f5d89b9c45c,2026-02-28,10,10
dac6ab47-1fbf-48a1-918d-891adee4ef40,2026-02-28,1,1
1665dfd2-b0dc-4121-ab79-3819c00397f4,2026-02-28,14,14
57ce446d-da06-42d5-9877-24ef59da59f0,2026-02-28,1,1
6ef7c59c-8596-4be4-85a2-deb97f26e8db,2026-02-28,1,1
7627276d-9418-4e48-981c-39ec3f18c124,2026-02-28,1,1
82279911-1864-4982-8c77-8ff6a34b40ec,2026-02-28,90,90
8e1b166a-0f81-4587-8670-3d5d61fca59c,2026-02-28,80,80
ec0ebeb9-8f7a-406f-a50c-4e025baef854,2026-02-28,7,7
f8ba5496-ad0a-4178-9bcd-609f7de67da7,2026-02-28,1,1
1333c748-5b69-4d98-8f03-617c5195600c,2026-02-28,1,1
37f95919-765a-44bc-bb5e-fe5aaa5fef0d,2026-02-28,14,90
7ea7209c-b5da-4fbe-ab2e-94c2d8b87ec5,2026-02-28,10,10
a26648e7-af97-425b-928d-f68237013e99,2026-02-28,1,1
dd7f15e4-9bbf-473a-9d56-fb9d849ac3ef,2026-02-28,14,14
36323661-b306-4643-a9d9-e0e758b9fe60,2026-02-28,75,75
4b731256-0687-49fc-a976-39829ce8b23a,2026-02-28,1,75
5ab8cc10-f273-4f4e-9fd3-d39e7b056b91,2026-02-28,30,30
6e5609bb-3dd6-47b1-a012-991820df819b,2026-02-28,10,30
77aac00a-bf43-43be-a4e7-572f2043f343,2026-02-28,7,7
81a9feeb-1417-48a7-8c2a-dd07b60e4bfa,2026-02-28,1,1
a7b2e066-cb2f-45bc-b46b-eb27b52d9e8d,2026-02-28,1,1
d26435a8-617c-45bc-99a7-3eb8ee132347,2026-02-28,14,14
f2d8770a-c08a-4a75-859a-14b936ef86de,2026-02-28,1,1
254e64e5-8b69-407e-873c-fe9d464b26dd,2026-02-28,1,1
37aca889-ce17-40b7-bdc2-a552a41cd377,2026-02-28,1,1
53e0d8f8-4414-4e25-b14c-7b299db62e82,2026-02-28,1,1
6a20c6e8-d1ee-45ab-8caa-694edc3ca493,2026-02-28,1,1
6f64aa48-c005-4140-a432-3ca72993d2d2,2026-02-28,7,7
a22f0702-0f12-4a96-b071-f4edf55ae28a,2026-02-28,7,7
a98b87ec-7bf8-4ce9-b3a9-f2c734d749d9,2026-02-28,1,1
0ee847da-9504-4dfc-8bb9-070d917a9be6,2026-02-28,45,45
0f4c4a9f-9856-48b5-aa45-fe2cee0b2d65,2026-02-28,1,14
4a838947-6fc8-4aba-baf1-21ac97c4f8c1,2026-02-28,1,1
5d4b66c7-bbec-44ea-a20d-e41882f0aafd,2026-02-28,14,60
97c19cfb-df5a-4ef3-8d8e-144285a69c15,2026-02-28,1,1
b343ae87-85b4-4891-836d-82a8410a02c6,2026-02-28,1,1
d1955124-df64-4720-a9a9-fa3f98c0609b,2026-02-28,1,1
efa7951f-b176-4d50-9ba3-4021576abb8e,2026-02-28,10,10
2b80100a-1668-4d5e-9a68-dd599fd1f0a3,2026-02-28,10,10
3aa246b4-8d8b-4a9f-b814-c7a1ce3c0ad3,2026-02-28,1,1
5c445067-4f4c-4678-a7c5-fec43aa33313,2026-02-28,1,1
641e88ec-b288-4d80-909c-a11dd8c0ce6f,2026-02-28,45,45
ad000cde-ff28-4d94-a1b7-4038ba25c2ad,2026-02-28,1,1
33ee2c4f-af61-4c4e-afb8-14352dbe4270,2026-02-28,1,1
5e8937c7-3b07-4bda-9490-1d8aa2f12f6e,2026-02-28,1,1
72c989dc-0003-4eba-bf5d-e1d3ac1711b9,2026-02-28,7,7
7e3e3a1b-a678-4282-8880-35f4c812f781,2026-02-28,1,1
845f858c-b07d-4577-8a99-b1e3207e1901,2026-02-28,7,7
8d1c46a0-7ed2-47e2-a783-2bc5e0fa52ca,2026-02-28,1,7
cb74849d-5fcc-4d5e-b229-77b96423f54b,2026-02-28,1,1
e7620b3b-095b-455a-b255-a7abfc371bb9,2026-02-28,10,10
8caace47-8b1b-42a0-ae65-515b8f927ca9,2026-02-28,1,1
c07e531e-9299-483b-bc67-a1bc5156bc05,2026-02-28,1,1
1f499f71-c4c5-4491-9d83-c651883b9c90,2026-02-28,7,7
64bd2e88-98bf-4423-887e-8a1719829e45,2026-02-28,1,1
a1c0503d-733b-49dd-8ecd-f5186bcebe13,2026-02-28,1,1
f518d6a4-c878-48e5-b986-8c25820f6889,2026-02-28,1,1
59bad9e6-6914-4315-a5f7-fdc8ec6c8896,2026-02-28,10,10
f497caaa-f18a-472b-9606-c073bd77e16d,2026-02-28,14,14
f68a36e4-ffef-421d-b301-da2ab504bf1b,2026-02-28,1,1
1a10b975-5566-4077-aa34-40e743d47d0d,2026-02-28,1,1
52babc98-524b-42af-8846-51470628f819,2026-02-28,7,7
843c2e61-7e04-42e0-8869-268602f011d5,2026-02-28,1,1
9333ab79-baab-48d8-bf7f-3e4f8ff908d5,2026-02-28,1,1
d3ec5374-82c2-49de-87b4-225d52726b32,2026-02-28,1,1
d65c91c0-f9f5-4a5f-ad02-174130941459,2026-02-28,14,14
dad3c4d3-4297-47df-9513-01887a74492c,2026-02-28,1,1
0928be90-a600-4af3-8a7d-2ad1c34dac7f,2026-02-28,1,1
21bb79a0-931d-4f5e-8ef1-6f86eeb880f8,2026-02-28,7,7
65ed1c28-8023-41d7-8869-eb7ea99d1ed9,2026-02-28,1,7
77568449-63b2-4ce0-9bd2-4e0062894fa8,2026-02-28,1,1
cae4734e-e641-4b1c-97d4-cfd62f3f74cc,2026-02-28,14,14
283c7194-908f-4208-824b-a51b0cb86b18,2026-02-28,7,7
4c0b3589-340a-4f29-b555-44ce71596f47,2026-02-28,14,14
68d8f268-8e01-49a8-92be-9c1e620e18de,2026-02-28,1,1
a239e75e-4024-4ec1-8423-479438d96e26,2026-02-28,1,1
f8dd7410-3711-4f99-b907-9f6245c6d044,2026-02-28,10,10
1ed90652-7d70-4a6a-bfb9-24f6367de136,2026-02-28,14,14
37dd7f0e-f4b0-42cd-bf53-191d3c2045fd,2026-02-28,10,14
4109d725-303c-4ed1-97f8-d0430c9ec599,2026-02-28,10,10
45d44ef8-bc4f-4be5-96c2-0b326aea67d2,2026-02-28,14,14
62d6b225-32f8-4d5d-a6a2-472155ccb3fd,2026-02-28,75,75
7b6f69b1-4436-452c-b8ec-eee0340b585b,2026-02-28,1,10
a888cc00-8f6a-4921-84bb-ef86eb9f931e,2026-02-28,1,1
aeefd7cb-5266-4966-94a3-a5dff9e09ccc,2026-02-28,1,1
b472f09e-bc1f-4744-a8aa-343aceea74ba,2026-02-28,1,1
db25124b-51c9-4551-aebc-b1e463f2b2ea,2026-02-28,7,7
e023ef6f-003d-45c5-8549-da84c36b9854,2026-02-28,14,14
e15c3cfd-d20e-4deb-a6fe-744bc8a956c8,2026-02-28,1,1
e185cc54-cd33-4576-b577-9c0067573de2,2026-02-28,7,75
09853141-e1f7-42fe-b62d-2d56496a0757,2026-02-28,14,14
21419ae5-3fd6-44d1-a114-cff4f7de93d8,2026-02-28,30,60
23b5fb8d-0356-4a91-aecf-cf04acc5089a,2026-02-28,14,14
5032a841-e96e-41c1-9918-ee9819689c7a,2026-02-28,1,1
9243f4d6-7524-42d8-9dcb-688a41b946ce,2026-02-28,10,10
b65d9456-a2c6-4b5a-b9c2-b3f110fe1e73,2026-02-28,10,10
bada7cf8-3371-4795-be42-3d7a093fb5e0,2026-02-28,1,1
c4a3d306-dd4d-43cd-aac1-95ee698401b1,2026-02-28,30,30
c89d1920-8e66-419d-a88c-e9ce79db371f,2026-02-28,14,30
e447c466-7678-479f-b2a5-65d3c17171fc,2026-02-28,14,14
2ad5a4ea-3c35-4776-a3d1-4457cf3ab1d7,2026-02-28,10,10
68bdc1e4-e9da-4a03-83f2-db427fcef7fb,2026-02-28,1,7
92f652bd-c72b-4214-a16e-0e2f772ada74,2026-02-28,14,14
a22d038d-62fc-4c66-9b66-6e50792d23d9,2026-02-28,14,14
a2df46f0-5e34-40ce-8345-765a595f2926,2026-02-28,14,14
a52b56b8-3d6a-4fce-8db6-a55157c1433b,2026-02-28,30,60
b715ca52-a268-4273-87e8-88ead53bc32d,2026-02-28,7,7
cf0e770c-4339-4990-9242-e945e01e1912,2026-02-28,45,45
f00160b3-c7e8-40dd-9085-713817a97863,2026-02-28,14,14
f3adf14a-55ae-47fc-8166-976c3ff4d7e6,2026-02-28,14,14
15f8c164-8437-4f6c-97c3-00a6de9fd72b,2026-02-28,14,14
2ccdf553-2af2-4452-bbb5-592f451d01b5,2026-02-28,1,7
36593b6e-783c-46e1-ae47-91c7965fa0ee,2026-02-28,10,14
bec2034e-3d86-4f32-912d-a71a873c73ba,2026-02-28,7,7
19a59cad-290f-4470-a601-60d05108565b,2026-02-28,1,1
37d78400-e148-4fd6-9fbb-a9537b79f80a,2026-02-28,1,1
b4ab7c00-d991-45b7-afac-452696583368,2026-02-28,14,14
f63feab9-e247-4eaf-b114-891ddaa25056,2026-02-28,1,1
050a977a-daa4-4561-9453-06073a11ec10,2026-02-28,1,1
05800ada-fe1f-42c1-9e5c-618e760a7204,2026-02-28,7,7
6ec0868a-7f4e-4882-84d0-edd9787ae7bd,2026-02-28,1,1
78aca324-5ef8-457f-aeb2-ff3088b08a60,2026-02-28,7,7
95985a11-42b2-4bdf-a0de-35c23693c0f8,2026-02-28,14,14
96c83c16-06d6-447a-9dbb-6403ee548cb9,2026-02-28,10,10
1b65c6de-efb1-49bb-a889-a4dc7abfedc1,2026-02-28,90,90
5d41829e-d7a0-46ae-9181-8a036a59af7c,2026-02-28,10,14
7822289c-7550-4847-bb9a-ddfcc1ef86d3,2026-02-28,10,10
d7eab499-d94c-4295-84fd-32383353efcd,2026-02-28,30,30
8246b8ac-fa75-49ce-897a-c69bc2678e52,2026-02-28,1,10
8e5c394c-6fb9-4750-b612-82f377512b73,2026-02-28,7,10
ea5f2a8d-182a-49c9-beeb-03a7b9ae0b7a,2026-02-28,14,14
d481878a-c4ee-4a09-a0c0-7fde5a36baf8,2026-02-28,1,1
ebcbb6bc-a176-4cba-86b8-24f806cf8f6d,2026-02-28,1,1
39697d21-ffca-40d3-9bb0-cc925820a7f5,2026-02-28,7,7
5ea559fe-cc91-42ac-9128-0c3d47141755,2026-02-28,1,1
62577ec3-944e-47c1-9381-5f1f53afc204,2026-02-28,1,1
82a22566-6e22-4b81-8c32-3672ef3623c9,2026-02-28,14,14
8f05e2bd-06e7-42cd-9c9f-433c3dcfcd13,2026-02-28,45,45
b7a122f6-e013-401f-be54-347342de2e0d,2026-02-28,45,45
c7c6d5bb-7210-40c7-905f-9b6b5039dbec,2026-02-28,1,10
d2ce3330-be72-44a9-a555-00359987e088,2026-02-28,1,1
f6a28335-8862-4bea-9742-40f54e63d497,2026-02-28,1,1
1b94428a-d6b6-47b6-8fb0-7c214dcdbcc9,2026-02-28,7,7
62b20bc6-fb95-4849-9dad-b64f7623466f,2026-02-28,1,1
824b35cf-e9ef-49a9-a8d1-4a09776c7999,2026-02-28,7,120
b9b6a824-ba3e-490f-a42d-197bbb332f40,2026-02-28,7,10
fa33be01-3b1a-4ff9-8363-81d629178dfb,2026-02-28,30,30
097a2bd4-2452-49dd-bfc0-2fb483dd492a,2026-02-28,14,14
0d08bbf6-560a-4765-b8fc-8b5bd7068757,2026-02-28,1,1
5b94e900-772c-4597-9dc7-b5c1783d7573,2026-02-28,1,1
df97eb52-bfff-4a8d-9571-8afe502b84e9,2026-02-28,1,1
20feeef1-4301-4802-8e28-ef8f58943091,2026-02-28,1,1
588a854e-c797-4ab6-a98d-f1b7513d27e0,2026-02-28,1,45
79be1d23-0bc7-4e4a-86dc-f511cb42eeb6,2026-02-28,10,10
7be811a1-0064-44a5-9b4c-e0fe372024a1,2026-02-28,30,30
8ffdfbda-aa68-4cc8-b53d-e42860a37a9b,2026-02-28,1,1
e165dca8-41e7-48ca-88c5-b6a3ad23582a,2026-02-28,10,10
00cd0064-a0db-4cf2-9c18-ef54947c98c0,2026-02-28,1,1
043e160e-2e56-47e8-b864-18b667738d7e,2026-02-28,1,1
2a88a9bd-1b0d-4dde-8cdb-d82c32760ad6,2026-02-28,1,1
40f93c9c-a604-4e69-af66-66d169fcea5e,2026-02-28,10,14
4483ff3d-f942-4d2e-8df8-cc8f69f0d709,2026-02-28,14,14
4783d380-8973-4543-9b0a-a421b47c7eda,2026-02-28,7,7
c8be66c5-3099-4a7f-b3b0-a076a0b685ae,2026-02-28,45,45
0b1d8929-59e5-483b-b1f1-7f60abdd7df6,2026-02-28,7,7
1f63e2f9-01fd-4680-9f81-e1002360b513,2026-02-28,7,7
4f29536d-40e7-4b32-a772-2bcb1041bbb9,2026-02-28,7,7
59a1c614-0751-4df6-810e-a54663041d92,2026-02-28,7,7
68b61aae-e41e-4fc8-9492-eab35f2189f0,2026-02-28,1,1
a472797a-89b3-4b58-880c-08e8aef56911,2026-02-28,7,14
e6f23aa5-a1f2-4d27-b1e1-581b6d5d8282,2026-02-28,14,14
e91d7145-7a8f-4d8a-862a-06a388a21569,2026-02-28,30,30
f2535507-33ca-4f08-948e-834f10a7dbca,2026-02-28,14,14
06a4e103-9843-488f-8fb2-7af6c61e9bf6,2026-02-28,1,1
3522b0ad-632c-4b05-9cb7-a8eeca0a0024,2026-02-28,1,1
510eb695-0233-4a3c-a18d-d70646e5fb08,2026-02-28,1,1
5e61d121-0cf5-4b85-9f9c-3b91090c52ef,2026-02-28,1,1
ab7873e0-f098-4d90-a605-49cf0b7897e6,2026-02-28,14,30
ba7644ce-7818-43aa-8589-1449c72d9f3b,2026-02-28,7,7
e7915d26-11fe-402a-9a56-4f99caac3606,2026-02-28,1,1
16857d63-ee47-4a56-b9bb-740eb86a3fe3,2026-02-28,10,10
34cacd31-191f-4848-8375-893be6b35d3a,2026-02-28,1,1
f5b19d4d-a91b-4d6e-aef8-d55d1a920718,2026-02-28,1,1
6b000fd4-b972-481d-916f-090db09854fd,2026-02-28,7,7
fb524e53-c0b4-4eb8-a081-f4fa11a40b76,2026-02-28,1,1
01dd87b5-9cde-4af6-8330-80466bce0fda,2026-02-28,45,45
0b79d36e-9985-41d6-98d6-dd607f19632b,2026-02-28,1,1
4ca1d138-68b0-47e6-b332-600f4c66efa3,2026-02-28,1,30
be152e0f-6958-4241-964f-42cb5bbc20cb,2026-02-28,1,1
d2cd4d41-6128-4d99-8309-fe7824f5d072,2026-02-28,10,10
fd25dd73-e854-473c-a59c-03c77877c68f,2026-02-28,1,1
12da45fa-0fc8-4dab-b829-82ce54354c54,2026-02-28,1,1
576dadd4-37f3-4919-b5f9-15bbd31ebe27,2026-02-28,1,10
63f94bff-980d-4f6b-bd84-662b87c54440,2026-02-28,1,1
71cffcc9-56c3-4aaa-9b33-32e6858210c2,2026-02-28,1,1
918ccc09-282a-40e6-8ea4-18a535425bf6,2026-02-28,7,7
c471facc-231a-4530-84fc-ed5c645e5fd8,2026-02-28,1,1
c848eeb0-7b8e-48b4-8cb9-f12c475185ab,2026-02-28,10,10
e3210be5-27d7-4340-9590-056984ad32c8,2026-02-28,1,1
0a5596ed-a471-4008-92c7-5c88d8805e99,2026-02-28,1,1
88848d3d-e756-41f4-b9d8-618305e63fb9,2026-02-28,1,1
a17881ae-5d43-4f2a-b339-8d9d99abbcbb,2026-02-28,7,7
e471e917-fa3a-4955-90f7-d8292e917943,2026-02-28,90,90
ee1a83c6-0911-4554-a70a-3e3c3185ebc2,2026-02-28,1,1
03603010-1b90-4b2c-a827-9b07d792e793,2026-02-28,45,45
10db4fa6-178c-4369-8f74-1a066863db9a,2026-02-28,1,1
32016d3a-fa02-46b0-9f0b-cac4aad231ac,2026-02-28,45,45
ac9f2dea-97ac-4a6b-a921-d70dad46f1d9,2026-02-28,1,1
0a7d149f-7922-41d8-badf-e002aaf97165,2026-02-28,1,1
1c58aac0-7f0c-478e-bb77-b7e520df6b55,2026-02-28,10,10
3ca93add-d6dd-45b0-866a-2106d253ced8,2026-02-28,14,14
53748124-41b5-454b-b787-3a436987c89f,2026-02-28,1,1
b0024cb5-3ac6-48cb-9654-2e51eb5a9be3,2026-02-28,1,1
d70ac942-30ac-4369-bf04-10b2527969e6,2026-02-28,1,1
54397020-5ae9-43c8-ae73-7862afe26644,2026-02-28,1,1
5efa2751-846d-443a-bef2-be69e136cd1a,2026-02-28,10,10
bfa00cd7-c92a-4f8b-a20b-fd22b81e6dc7,2026-02-28,1,1
c8564025-d4f4-4673-a062-f3a93d5e42f6,2026-02-28,10,10
cbd1134a-040c-443e-8016-9c00e8ccce5f,2026-02-28,1,1
4673535f-4a4e-4d7d-946d-ad7b4f1b941a,2026-02-28,1,14
34881d1b-d0c4-444d-9215-d9a17915cbe3,2026-02-28,1,1
4512ddb7-5429-4f5c-bf19-af394342c0f2,2026-02-28,1,1
59ca7181-f54d-40d9-b494-b5e9344f10ba,2026-02-28,10,10
c0c254d1-b51e-4c2a-b120-887f27c628c0,2026-02-28,7,7
c1d4ee12-e720-4d10-9215-681651e2f595,2026-02-28,14,30
dab2f86c-6cbb-46a6-a416-bdf659c8cd77,2026-02-28,14,14
f2b9b2f8-216c-4cd0-9e3d-dfb578221701,2026-02-28,1,10
051f28a1-c24e-4d8f-80a5-f814a182a360,2026-02-28,1,1
380f1efe-03d5-4612-8dcc-1ef75dd8ffff,2026-02-28,1,1
5cc75c0f-6ffb-4778-b510-379091d73751,2026-02-28,14,14
62bea9e0-2c48-43ba-b762-94add6ec893f,2026-02-28,1,1
7211ce08-a1ab-43c7-a5ca-4b5f80ebaad1,2026-02-28,1,1
85db1692-894c-449f-83a0-7ffc3f0a0487,2026-02-28,14,14
c0c7baec-2a07-4fc3-b92e-da459e2caca2,2026-02-28,7,7
cdac0a2a-4d1e-4c1a-b289-ad9c653f5674,2026-02-28,7,10
e0b36aed-fe2b-48eb-b2c3-95cf3ea7cd90,2026-02-28,14,14
ec5a2950-afaf-4570-beed-b7e4af2775e3,2026-02-28,14,14
7fbf3dbc-525a-48dd-a306-c051cd7d1b6d,2026-02-28,14,14
a1489c39-981e-4f97-84bd-5daac4467be9,2026-02-28,30,30
b32d7e36-93d8-4d1c-8420-622c5f4d2739,2026-02-28,14,90
ecd177c2-c454-46dc-be99-22df011678a9,2026-02-28,1,1
08cd40c7-5fcb-476c-b4d6-4db468b36069,2026-02-28,1,1
144f070a-cadb-4f80-9b46-1dad7e77ef4a,2026-02-28,45,45
15c8a00f-41a7-4d8c-95c4-df975b6a0d4e,2026-02-28,14,45
20a1822c-5be0-45c8-a252-236b65929d5c,2026-02-28,1,1
3ba6ecb8-f4ea-43ec-81c9-0cc8c3c94250,2026-02-28,1,1
3e6d0491-71bc-43e1-80d9-a67946af8717,2026-02-28,1,1
4a1e5bca-db28-4aed-b67c-8ad08d66875b,2026-02-28,7,7
5091f66f-6da7-40a6-8acd-7aad98a1ecb7,2026-02-28,1,1
565372a6-90e7-4035-bc43-c3b616ea786d,2026-02-28,1,1
584346c6-8fba-4916-b499-fef780fb455e,2026-02-28,1,1
6dab4367-3f66-4d44-9364-d956a4b279c9,2026-02-28,1,1
9b03169b-804e-4b73-9b94-76907519790c,2026-02-28,1,7
aee04399-e4b7-4ca5-987c-582ee19b3b68,2026-02-28,14,14
cab5ff23-14fe-412a-8162-0cb2d9f44374,2026-02-28,7,10
f2af8e76-52bc-407c-9504-f296894251f3,2026-02-28,14,14
04d6d74a-b7dd-4f25-940c-79f799a21a72,2026-02-28,1,1
25744cd8-e3d3-4abf-9287-861a26b4682a,2026-02-28,14,14
636942fa-3c15-4629-a3da-876322647cb3,2026-02-28,1,1
d72ee04a-8473-4308-927c-6a4e34244038,2026-02-28,1,10
db974f4b-b315-414b-8534-f358b6765865,2026-02-28,1,1
dfaaa78d-645f-4d07-b00f-226b43df70a4,2026-02-28,1,1
ff0eb459-40ac-4366-9a92-2f0347f2adc1,2026-02-28,1,1
035d18a2-374e-4bb4-b352-a79f0746db95,2026-02-28,1,1
045e1d1e-ea17-42b1-946b-c146c88e22c2,2026-02-28,45,45
09f96774-e968-46e7-bb13-f54e995a3f6d,2026-02-28,14,14
20bf1274-9a73-48a9-9077-dfbe0158633c,2026-02-28,1,1
3303f1ef-0cec-41be-bcc1-f13335cca082,2026-02-28,120,120
51197482-ba68-40d5-a174-fd85fdee0d0f,2026-02-28,10,10
c61edf81-a54e-401c-8111-8cbab5fb53b1,2026-02-28,14,14
1cda366e-9db5-4707-b524-834747f7856b,2026-02-28,14,14
503b2ab0-2686-4aef-853e-f6765eb4214d,2026-02-28,10,10
6a72c3c5-4444-4df5-9869-1ea4ad8e5744,2026-02-28,75,75
9d371288-c918-469f-b2d6-e266d981aa32,2026-02-28,1,1
c1aa6ee8-d212-42dd-b8fb-2ff96b59a215,2026-02-28,1,1
e366af27-c3bc-4fd0-b48d-27898cc063b3,2026-02-28,14,14
005f684f-f8a2-4d9a-851b-c25ae92daa0e,2026-02-28,7,7
024d863c-6aeb-4341-8f50-9f71a9a60ec6,2026-02-28,1,1
13059c04-7a38-4eaf-b803-1d7b7e29c083,2026-02-28,1,1
24b64b3c-441a-429a-8771-f4aa7dd2cb16,2026-02-28,1,1
82320443-586f-447c-82c2-b4a55b9f4b0e,2026-02-28,1,1
e56bdaa9-708f-43d3-8d0b-c2289c9f6455,2026-02-28,1,1
7704b8fe-db08-4ae3-b01b-ea2b435e97b5,2026-02-28,1,1
8cca9334-5002-491d-a0f7-f47990753c90,2026-02-28,1,10
9ebc9782-b087-4d78-a1f5-61036235bf9d,2026-02-28,14,14
c0991df3-302b-4855-b83e-5a4e10f584d3,2026-02-28,14,60
de5769d7-db15-4b51-a9a2-7c0f40c6cc6c,2026-02-28,1,1
eece2946-9cd8-4b54-bbf5-aa9c1c36e888,2026-02-28,7,7
45ee38ec-19d4-46f0-bf07-6fd32314eca9,2026-02-28,1,1
55ac2687-d0ef-4bd6-8bd0-6d5dab62c2b9,2026-02-28,10,10
7ef4cdc0-209a-4dab-96d0-135349faba32,2026-02-28,10,10
ba2e43a2-ef9c-416c-b1b5-d16d5b4de636,2026-02-28,10,10
25c5abae-132c-4822-92eb-558d0d9cdfa3,2026-02-28,1,1
51716864-30ca-4f01-8b33-a615903f600c,2026-02-28,1,1
6796298a-b736-40d6-a14f-28fc9c240765,2026-02-28,1,1
84ee2cc8-604d-4d2b-b9c7-cf5182d625e8,2026-02-28,14,14
9714c6cf-d2fb-4b53-9ad3-4d6c548d8fd4,2026-02-28,1,1
9b2f2cda-772f-40bf-b25e-e0432b5192c0,2026-02-28,14,14
e6d73e99-205f-47fb-a064-89308147d81d,2026-02-28,1,1
137a3b4c-48ee-4fef-8c2a-e52763a6f6fd,2026-02-28,10,10
1b241a5f-ca07-4c4d-b1a6-1b345ba21f2f,2026-02-28,1,1
1e5cebae-5e7b-4ffe-a918-7dd6006a614d,2026-02-28,10,10
259e73ad-8478-4ab5-8bbb-2384f2c78ef8,2026-02-28,7,10
58458326-2b58-40b8-8a49-5a6e0235a291,2026-02-28,14,30
7f570f98-58b0-4c72-a35a-c224b457eebe,2026-02-28,10,10
904ae189-e49e-445c-9094-8fb972d0bdf1,2026-02-28,1,1
aec36562-32f1-4de9-a5f5-9c5b262dd605,2026-02-28,45,45
b8b6ead9-ba0d-4dd3-8fc5-26595c1fc7ab,2026-02-28,7,7
bf83a682-aaf2-402e-a603-68609173a9c0,2026-02-28,7,14
d4e0a907-c464-4018-b294-8a81f785f296,2026-02-28,14,14
e0b21399-239a-4ac4-acc6-37256ae40886,2026-02-28,45,45
096e3553-9c93-4841-9f78-0522d02998d6,2026-02-28,1,1
484000e6-1f31-49a5-823b-ede2cc124ac6,2026-02-28,14,14
931d6ddd-779d-457b-9ea5-30efaae1d18c,2026-02-28,10,10
0a9e4b8b-ce44-4f19-8218-1951a789bc72,2026-02-28,1,10
1cd86452-dac1-4537-bede-b9e0614dc982,2026-02-28,14,14
4b15b8d8-0c29-4158-9063-f48f532c179c,2026-02-28,1,1
64172b35-7048-4a4d-80eb-5c0635fead4b,2026-02-28,1,14
300897dd-5f68-4041-912b-9b929c288e7c,2026-02-28,1,1
47558d64-24f1-4a39-9305-913b7c1be81c,2026-02-28,14,14
57f63fc4-2204-4693-98da-3f80d130cc2e,2026-02-28,14,30
6973e3fd-4289-4768-ad0d-16554fe59dbc,2026-02-28,1,1
8f828ecb-0d73-46cf-b536-2ccbfa3fd87b,2026-02-28,10,10
dcea0f47-4070-447b-82a2-535b24ec117c,2026-02-28,1,7
d3c55a68-ee0a-4230-b1e0-b7e82fb74584,2026-02-28,1,1
ef97dcb6-a1c6-46ec-9c22-90e88fc8474b,2026-02-28,1,1
3f2d882f-c74f-4c40-bb2e-edd7e86843e7,2026-02-28,14,30
4340d8bd-37c9-4b42-bcbf-f07101bec065,2026-02-28,7,7
51b43a83-fd8e-4c61-a3aa-048ea32b9efd,2026-02-28,1,1
d30e6a2a-8274-4720-8b97-c794a1046bc4,2026-02-28,1,1
d49473c5-98b1-40c3-aa48-7aa6571f1540,2026-02-28,1,1
d9c37dbe-2dc8-4911-a07b-2d2e5c8de095,2026-02-28,1,7
ea226d5d-9a0d-4c81-81f5-b2445e032d5b,2026-02-28,14,14
0d260af5-a222-4236-add6-2e2db6af530d,2026-02-28,30,30
1aa16fbe-bdec-4785-9b16-885071caf76a,2026-02-28,1,1
645f8bb9-b25b-4156-9f8c-b56267742614,2026-02-28,1,1
66747dfd-7725-4651-8c40-8ff34af95167,2026-02-28,1,1
732a82d1-c174-46e1-91d5-7ee9b67410bc,2026-02-28,10,10
973a675a-2adb-420e-90a1-a5254f0bd1ba,2026-02-28,14,14
c8ff3ddf-a429-4c58-a58a-3b046a80262f,2026-02-28,45,60
8968ad9a-db90-4e4d-93cc-6bbb47e045b9,2026-02-28,1,1
9cd3b656-1553-43f3-857f-a579f0e89eef,2026-02-28,14,14
c87cfcd6-2834-4863-b069-accba7cd8274,2026-02-28,1,1
f1b6e375-b143-4301-b224-bdb84a5ea2b9,2026-02-28,1,14
fd26023f-dcd9-4cb3-a9a8-9668159c6018,2026-02-28,1,1
076097bd-5576-4965-909f-8e08f682128e,2026-02-28,14,14
616fd62c-22cf-4887-aa0c-567925f829a9,2026-02-28,30,30
cf960771-049c-494a-86d2-fbd6b4f7827f,2026-02-28,1,1
eafe9b59-72a6-4781-93cc-f0cc80bca387,2026-02-28,1,14
50d730bb-a229-4885-a4a7-824147456bf1,2026-02-28,14,14
579232e6-add5-4106-a681-cb1907111663,2026-02-28,1,1
8a4b5d9b-e616-4de0-a3cc-0c269647e2b0,2026-02-28,1,14
a16d0e83-9a72-4441-a0fc-2456f181984d,2026-02-28,1,1
a63c1628-528f-464f-97e1-e1201def69f9,2026-02-28,14,14
c61583e4-18c8-4901-9f90-27c2ebd94b54,2026-02-28,1,14
f35823d2-642a-4e21-a355-9818dc8bce98,2026-02-28,14,80
831d3a6e-255d-4d87-a072-a5be38dd89e3,2026-02-28,60,60
94012e04-33d9-4ec9-99eb-9a3b81674392,2026-02-28,7,7
9f277374-f7b1-48c0-a8ec-944733f461c7,2026-02-28,1,1
dfc3c567-5a9c-4f39-9839-29af6f83e004,2026-02-28,45,45
0193fad9-024c-43b7-b3fb-78a7e056747f,2026-02-28,1,7
1546e8b5-8181-4bcf-86c6-3f27cc18b8c8,2026-02-28,1,1
375f9d11-bbd8-4255-ad1d-c96f64c3821e,2026-02-28,1,1
aaf3d5da-bce4-415b-9d3f-3c8b03b31f43,2026-02-28,1,7
cc8bf69f-3bd4-4fff-9682-067dbd2cfe8f,2026-02-28,14,14
2a1b707d-a02d-42e2-80f6-8117c74516ca,2026-02-28,10,10
5226301e-55fd-4978-a6db-d9ca1c1526f5,2026-02-28,90,90
c24c71fe-acb6-4600-b28c-53656e29fa20,2026-02-28,1,1
c5dbe84e-cce3-48df-a1bb-af6199176831,2026-02-28,1,7
7939a2fa-21b2-443f-9c13-0886757782d5,2026-02-28,1,1
e267e145-c97b-4126-a136-f0920928eb1e,2026-02-28,1,1
674a23ec-c895-423f-8268-9e2369417788,2026-02-28,7,7
6fa27b98-3380-4c5a-8479-aeaacbde67da,2026-02-28,1,1
781ea9f9-3e34-4307-9d7d-7b778625cdd7,2026-02-28,14,14
81bb6831-de6c-4120-be5e-e66b507f285f,2026-02-28,1,1
e3942198-363c-4dcb-bede-658d5126b974,2026-02-28,1,1
e423e9a3-6834-40e0-8976-a725effec9c4,2026-02-28,10,10
1f022ebc-50ef-41c2-a259-ead0e026188b,2026-02-28,7,7
21720c8f-a431-4ec7-9a97-61b97dbcc0bd,2026-02-28,1,1
2a11d3f2-8ed2-43c7-9f12-4f815331a331,2026-02-28,10,10
3559453f-ab44-4d68-99f8-28f780bf0a5d,2026-02-28,14,14
c09ae2f8-c33c-4c68-8c61-cde64b70e10c,2026-02-28,1,1
df0dcc6f-15b3-40a8-8bf8-d98f75517302,2026-02-28,45,45
fc6a60ed-8bc8-4540-ab83-bc6f49901feb,2026-02-28,1,1
00d6ed83-27f4-471e-95a9-a953917afd99,2026-02-28,1,1
13f071eb-9120-462a-8439-75e24df9583d,2026-02-28,1,7
2c6ba0cd-f8ab-4d9b-ab64-d538fd8d1b15,2026-02-28,7,7
389c27da-4e94-4769-bd62-98549bcd0672,2026-02-28,14,14
3fbcc2c4-ead8-441e-ad80-518189755158,2026-02-28,1,1
51e2fbe9-b0c4-4160-96e6-fb3f91e56943,2026-02-28,90,90
59d3e1e3-f816-45b7-b734-3fa083816f50,2026-02-28,1,1
7317b770-d252-4c77-8281-237fddfb8af5,2026-02-28,1,1
8d202a2d-c1d6-4c44-85a1-cc8667cb38ea,2026-02-28,30,30
a41fce0e-2e66-4fd2-94a5-8e34a09c0603,2026-02-28,1,1
c0ae0740-41b1-4b10-8acf-6145f9209bb7,2026-02-28,1,7
4548ba24-74af-4491-842c-080eca4f1490,2026-02-28,45,80
57e2fdb8-4fd6-440c-bf93-c9335d8f11c3,2026-02-28,14,14
5e6c2d32-e090-4076-8617-a6c06bfb0d20,2026-02-28,30,30
c68900da-ec88-485c-957b-122b7d056987,2026-02-28,1,1
ce51792f-d357-4702-add0-143fd8a7d4bf,2026-02-28,1,7
0fe243d9-c60a-4b57-b1f9-9e18414840e8,2026-02-28,1,1
18c07dde-096f-4e28-b060-6511957a5310,2026-02-28,1,14
53ea8930-4d82-4baa-8221-3290f2084a77,2026-02-28,30,30
615734b7-acda-4bcf-bc1e-4f11697e1a43,2026-02-28,10,14
73afcbe6-a405-43d4-905a-9528553341a8,2026-02-28,7,7
8391b305-b77f-4d94-b38b-6f6c376c8c6f,2026-02-28,1,1
99af99b8-c6ee-4b05-8dd3-5e496345be76,2026-02-28,10,10
c3654d6f-5400-4b0c-9230-0394cfa17ef8,2026-02-28,14,14
e2e3a126-2fb5-46a7-96b2-f6e2057586e8,2026-02-28,45,45
ed512242-529a-415a-aa5b-df67d8b08ba6,2026-02-28,7,7
0f75667e-4c46-41bf-aa61-dd1a94a3b7ff,2026-02-28,1,1
21d136bc-46ad-4132-a7da-ab4a6a079bdd,2026-02-28,30,30
494983ae-d937-47b4-9033-1ea15a97ef45,2026-02-28,14,14
86c40956-b8cd-4e9f-97aa-9363e0986524,2026-02-28,1,7
4bf12bad-f3e7-4d01-b0d0-c511c26d7e3d,2026-02-28,14,14
4cbf8a4e-e48a-4f66-baf8-3fbaa0006b11,2026-02-28,14,80
86d86e93-b60e-4485-9e37-8ff05098d36a,2026-02-28,30,30
a0fbe501-84ab-49bc-a04a-c56d61fb7250,2026-02-28,1,1
e33c14ac-d2ea-451a-ba83-039ad96b08c7,2026-02-28,14,14
f997c12c-4a65-426f-b138-d55a04de7d72,2026-02-28,1,7
07c4a91f-cece-4ca1-a574-0b8b7e5b5c73,2026-02-28,14,14
179c3ca0-64bd-473d-9b6c-30d432866c79,2026-02-28,1,1
2d1db93b-533b-4894-8142-c6e6b09fe9ea,2026-02-28,7,10
36f3d298-7ee4-4c50-86fd-15f946b95f49,2026-02-28,45,45
52cbddef-8577-429d-8290-4f2766d53831,2026-02-28,14,14
539f6d52-0d91-4e9e-8508-e7bc44708f96,2026-02-28,7,7
64569a2c-ff66-4063-92bd-bf297b7a6594,2026-02-28,1,1
6485d832-7791-4332-8249-21661fa83859,2026-02-28,7,10
65df87ce-07fe-46ea-9607-a543f89ee7c6,2026-02-28,14,14
7764fb6c-b19f-46ca-90bb-2f29835c425d,2026-02-28,45,45
8545f3fa-ea43-40be-80a6-2517e6f68035,2026-02-28,1,1
9619abc5-7aec-49b0-b5b2-08c0f8fa0e25,2026-02-28,7,7
cc8a0a03-2722-4813-a3ce-0933d317158e,2026-02-28,14,14
d5d99705-abe4-473d-a053-5ea70957eefa,2026-02-28,30,30
d6b54786-a260-4e73-9926-73cd977fd2bf,2026-02-28,1,1
ee5988d4-fd7a-4c5c-9d4f-6f245e3343fd,2026-02-28,1,1
f7d7930a-a4e8-4e7a-970c-e194afcac7ed,2026-02-28,7,14
0f7224cc-8e04-4be5-be53-0edfc62293a2,2026-02-28,1,10
2969aaa3-7b99-4e0b-89b5-30a6c04e0b35,2026-02-28,30,30
431f5556-5578-4552-8cbf-976b55651362,2026-02-28,1,1
b9df5fb6-e361-47c6-a5b2-e5b2274c5384,2026-02-28,1,1
da3f1184-29bd-4948-a2fa-760943b27de0,2026-02-28,1,10
3d238c52-1cf2-4489-b302-4500cf191489,2026-02-28,1,1
52a6cccd-c987-431f-9b96-3b1cdc0a8f47,2026-02-28,1,1
54c5c62c-2e4d-4dda-909c-06ac2719fc18,2026-02-28,1,1
5d7d38d2-45e9-4d9d-ba2a-f0ca4c8b833a,2026-02-28,45,45
5fe243a7-f96a-447e-a3e8-0bc67566429a,2026-02-28,1,1
7c8c9c4f-e636-4794-937e-f1fd701022fd,2026-02-28,1,1
a28df798-ecd8-466d-8ef8-dba8b95ffb6e,2026-02-28,14,14
cefd5438-eb0d-4911-b35c-ff4ccc512475,2026-02-28,14,14
1fa978f0-4865-4a86-94c5-5c52ab823278,2026-02-28,1,1
39ac6160-347e-4841-9cce-73055d2e5cc2,2026-02-28,1,1
4af97479-b4b1-4f78-b0e6-2bfbe11ba5e6,2026-02-28,10,10
557b60e0-e88d-47a5-83a1-efe0b5d3d3d1,2026-02-28,45,45
5cd3b74b-dbff-43b8-bb5d-2002b15d4bc0,2026-02-28,7,7
7a5e058a-bef6-466d-93b8-b65dbd33dcb2,2026-02-28,1,7
b851079e-62f2-4c17-bd1c-361464f02f04,2026-02-28,10,10
c0c2634e-f6d5-4617-9d34-1267b3188434,2026-02-28,1,1
301b9678-8269-48a2-b21f-d7253786d33e,2026-02-28,10,14
43baa56a-377a-483f-b025-9cf0dd903b63,2026-02-28,14,14
bfa75378-7af2-47de-aa16-24e8506ff6b8,2026-02-28,1,1
e0b64eb2-f11c-4133-8bf8-91712026a0fa,2026-02-28,7,7
3e0ba6f3-ae6d-4a20-aee3-23b977e0f118,2026-02-28,14,14
73f8172b-1f59-49e0-bfc5-ca1357d3d38f,2026-02-28,7,7
e3c2bada-82c2-4ac0-b854-3fbefead59df,2026-02-28,14,14
fac069e5-fd0f-433e-98d0-6a785254f21b,2026-02-28,7,7
0b2b0a16-7da8-4593-839d-e1dcfe15c4d3,2026-02-28,1,1
0cb46510-fab5-47c8-a26c-716e1c398cf8,2026-02-28,1,1
8900de5d-8add-4184-87fb-21cd98a314f0,2026-02-28,1,1
03c003a7-26c2-4012-aba2-52286a778721,2026-02-28,14,60
102ef274-5001-4ccd-ad3b-df30437ef8f5,2026-02-28,1,1
3de93927-eb90-4e54-97b5-3adc857770b7,2026-02-28,7,7
e5e90135-f6ae-47ff-ad0e-37b82f4c2ae6,2026-02-28,1,1
e90ec747-d7b2-4dd4-abb4-65363be3a2bd,2026-02-28,1,1
0ae7d733-ef18-483f-9a89-e5f6596a40aa,2026-02-28,1,1
4ec94ba2-b85e-412b-94cb-b82e9563799c,2026-02-28,1,1
6f932d6c-f9dc-4c7f-bab0-951f5bf44516,2026-02-28,1,1
a1bbe267-81d5-49e3-95f9-f6f5138ee87a,2026-02-28,1,1
0f797265-0eb1-4e06-9c1b-a3127148847f,2026-02-28,1,7
6e94f368-90f3-48bf-854e-4ffcab9839f8,2026-02-28,1,30
95c595c0-8a45-4730-ac94-c57a48858eab,2026-02-28,1,1
316925e8-64b2-4964-a064-a62459cfc0c2,2026-02-28,1,1
514388c4-e6d2-49cb-8965-1ec3ca57e3a7,2026-02-28,90,90
86658f7e-115f-4fb9-b3da-bad74b87792d,2026-02-28,1,14
9e35834e-f2e4-4704-a0df-60e09ff0ad33,2026-02-28,14,14
9fd592a2-90b0-4a9f-81ed-13ef1740e17b,2026-02-28,14,30
a4f8dd42-d662-4b6c-a2b7-c8169e5b1552,2026-02-28,1,1
a786e6e6-c2fd-47b0-b957-78380755822b,2026-02-28,7,7
c9997aca-47a3-40ff-a931-c38eb970dbf6,2026-02-28,1,1
0a14a7a1-de07-4284-a46d-d596e6b3a439,2026-02-28,7,7
417841b9-3e3d-4508-80e7-f730ce32ade5,2026-02-28,1,10
c24b1b80-7c7b-4781-a2e1-439b636e3b80,2026-02-28,14,14
6e372d08-85da-4ea9-9f90-0994366648fe,2026-02-28,7,7
751feedc-b9f3-4a2b-afe0-9520a45efc1f,2026-02-28,10,10
8100b370-e1f9-47ba-a79a-1325a08e8947,2026-02-28,1,1
e9dfe374-083f-42ae-b2ae-ab1c108220be,2026-02-28,14,14
2be3a815-ebe6-4e9a-9d87-f67a850e5a17,2026-02-28,14,14
388356f6-c34a-4825-b0e2-65a82d5936f8,2026-02-28,1,1
475c1657-573b-4fd0-acbf-6f778846c014,2026-02-28,1,10
60ea7c06-ec0e-4c57-9108-0d2a96e4b332,2026-02-28,14,14
63c83581-f648-441c-badd-4c0075c42d6d,2026-02-28,1,1
8d3727fe-66fb-4947-9f24-c43e7de9cae2,2026-02-28,1,1
a640cdd7-5dec-42fb-b833-3e61c190537a,2026-02-28,1,1
d96487e2-4f5e-4976-bd55-8738239399b1,2026-02-28,14,14
dfaddece-30d7-46e4-a421-f421bc27211d,2026-02-28,1,1
fe7d8f32-b834-43b1-af29-fb914b3fae8f,2026-02-28,1,1
15a4fa44-1264-4cd0-a507-dbc0bb9c8a13,2026-02-28,30,45
328f7154-1713-4071-a3b8-e73b8699eba9,2026-02-28,1,10
436ff29e-0061-46a8-8031-4cd4eb0f7a47,2026-02-28,14,14
64fd2c8f-0f51-4d71-9f95-3bb811ff6234,2026-02-28,1,1
94ebd39e-2cbe-49f1-8776-0de41c87cf82,2026-02-28,7,7
9e5383c3-7dd8-452f-ae07-9eab92fd3b14,2026-02-28,90,90
a675ab67-f23a-472f-a93c-59b5a61f0b7f,2026-02-28,14,14
ae8e9894-5d05-44ad-83a1-78cdbe7295f7,2026-02-28,14,14
2adf5377-8220-4cbb-9168-035fd2df122a,2026-02-28,1,1
3e170f81-a903-42e1-8350-2df84263b75d,2026-02-28,10,10
45f66139-17af-460f-9cc9-d29eb972c327,2026-02-28,1,1
58e856e3-2045-4523-8d56-9f0967de1bea,2026-02-28,1,14
76d35d4a-80e0-458e-a0c5-f74633854da9,2026-02-28,1,1
849bee4d-c3f4-48c9-9430-2304bed553e2,2026-02-28,14,14
9a6f1405-e38f-4191-b91c-169c22f8d641,2026-02-28,1,7
aabfa442-520b-4f1d-843c-e57ab94cde7c,2026-02-28,30,30
c164ba53-4e1b-4bd0-997c-562712b52402,2026-02-28,30,30
e97ad586-dcc2-4997-9168-ee050a15a30f,2026-02-28,1,1
fe679d12-4d36-4fa4-9831-c7b333f0bd0e,2026-02-28,1,1
01cadd05-9618-42c8-8fa3-d0afbf103fb6,2026-02-28,1,1
0366514e-f80b-4e47-948a-340ff182482f,2026-02-28,1,1
125828bf-31bf-4a5c-b340-f410b8ff29d2,2026-02-28,1,1
3469ecd0-efc3-4197-aa81-6620fafc49c3,2026-02-28,14,14
6cdc47f7-06b2-44a2-9c53-240db5cd3bb8,2026-02-28,1,1
ab30a70b-2c04-4df8-a301-aa402ada031e,2026-02-28,45,75
b7858070-b60c-4e39-9966-4515a46fabc1,2026-02-28,60,60
d5fe4897-3ef8-4813-9e82-0923b632e0ce,2026-02-28,7,14
eed2cc72-836e-4dac-a68c-642558ab8ba8,2026-02-28,1,14
02ffeebe-33fc-4280-a47f-f1c0af08815b,2026-02-28,1,1
21aa9065-3086-4693-bf95-e77a5375cbda,2026-02-28,1,1
aae2e386-fbe3-48ed-ac5a-fb7b35dfe9c4,2026-02-28,10,10
ce2ec139-1b7b-4541-8d97-de21620e8887,2026-02-28,14,14
1bfe0fb3-0cfc-4f38-8c31-430a0f7a5686,2026-02-28,45,45
1f56dc4f-265a-44be-8b02-cc07f1196149,2026-02-28,1,1
7c7af41b-73c2-41be-b9e0-22346fb53bd3,2026-02-28,10,10
986b84e3-24a1-4fb1-bb3c-7b638ab82f79,2026-02-28,10,10
9a2be01c-767e-45da-aecc-9ddfef1bae38,2026-02-28,14,14
9f9c9a3b-5b0d-484e-be18-ea85a62b12db,2026-02-28,1,1
a06f1418-3d43-4977-8ccd-f99ef5270ccb,2026-02-28,1,7
e178e799-a317-4cd9-b309-448cbe65b154,2026-02-28,10,10
e8c60f52-7847-4f86-9233-4b58c8f0dfcc,2026-02-28,10,10
eae7dff1-58ea-4f11-9111-a0ce22f07756,2026-02-28,14,14
36f395d4-37dc-45d0-b590-17035471f6b1,2026-02-28,1,1
4e5940a9-9c52-4714-b9e5-ccc0243b56c4,2026-02-28,1,1
873a2fbb-2ac1-4839-9b1a-0c442da94cbb,2026-02-28,1,10
88bf03e5-9d74-4e52-b5b8-608e9a6a034f,2026-02-28,1,14
95fb1903-97fc-4f41-b680-6bf1a972a093,2026-02-28,1,1
e62668fd-cf6b-4a6b-94ee-3ee3c6c4822a,2026-02-28,1,1
6b7de356-e7a7-4ba9-a212-3b766ef521a5,2026-02-28,1,1
9222c3b6-1dcf-45a0-a3f9-090cfd4b998f,2026-02-28,14,14
bf636f70-cef2-44dd-ba4f-3757962c69dc,2026-02-28,1,1
df0b8c99-4c4f-4d5a-b831-8cbbf056afc9,2026-02-28,10,10
07dab88a-f155-4baf-bbe9-f7db851a5306,2026-02-28,10,10
9e1bf794-c828-4f9a-b819-b234a8d2a636,2026-02-28,1,1
b1c9a3b6-87af-4fe3-9fe8-ac01fec7e00d,2026-02-28,30,30
d125882a-d0e8-4884-8b26-8c57e7575c48,2026-02-28,1,1
1353dfd7-f4a8-4e25-92c2-d16e072c657b,2026-02-28,10,10
5587755d-dc84-4563-953b-67d12f47faf4,2026-02-28,1,1
6e4ebe97-cae5-4eb5-b674-ab59113eff7e,2026-02-28,10,10
c4b7f57c-4afe-4f99-ad49-f8e1088e865e,2026-02-28,7,7
db72cd57-38d8-4285-90ee-e326c78494ec,2026-02-28,14,14
f58b6f5e-209b-46da-832c-d4648624486d,2026-02-28,30,30
f9d5a045-bcbe-411e-94ab-94b851bb1aa8,2026-02-28,10,10
1df66fc1-fc01-44e2-bb69-5aae990205f7,2026-02-28,10,10
3fc8e450-2bca-408d-935f-f2b08ad4bb25,2026-02-28,10,10
56e7e3af-53dd-43a5-8269-ec1314de11a5,2026-02-28,1,1
90892007-85a3-4dc7-92e5-8d2ddeffee88,2026-02-28,10,10
9b340b80-8b94-4be0-8558-036a3916ad75,2026-02-28,1,14
1339d4e3-ba48-4e85-b9a3-c52ef000726c,2026-02-28,1,1
212cbdbb-bd5c-43a0-880a-00f0eb51be97,2026-02-28,1,1
476ab3e1-2497-44eb-ae66-cf94a1a34be2,2026-02-28,1,1
69242b65-94c1-4b77-b6d6-7638c4ea159f,2026-02-28,14,30
813f1ef8-5d26-46d5-bfc1-30b7f56bde7e,2026-02-28,7,14
94b8202e-08c2-47cb-98ee-c57388763a57,2026-02-28,1,1
39b0fddc-48f2-46bb-8818-570efd7ae4ae,2026-02-28,1,45
7148f394-a648-4593-b01e-410d3e0f7b43,2026-02-28,1,1
788c3fb8-ad09-41c7-8c78-d2f928956a5b,2026-02-28,30,30
7a4f7980-f7df-4eaf-83b4-ebffb8b2fc86,2026-02-28,14,14
b1bfe5f3-9c9b-42e1-87b0-ffaf639b74ce,2026-02-28,45,45
d9a7c526-a606-4086-8fa5-61900c1c8de8,2026-02-28,7,7
e05e5017-5bfe-4ca0-9b08-f88c1ad8cec5,2026-02-28,14,14
e063658c-4989-45b5-8157-184ea02a9346,2026-02-28,10,10
e25d6a4c-5e6d-4b52-8987-27af5fb35042,2026-02-28,1,1
15daad7e-f5c3-443d-b63b-38f1841535f9,2026-02-28,1,1
60412e1c-97c6-4790-801e-9a86267cb530,2026-02-28,1,1
66b932a0-5f7a-471b-84a3-5cfdbd4ef36d,2026-02-28,14,90
7dcc6194-88c9-47bb-8296-c3f512a16e3a,2026-02-28,14,14
9fedec4b-06ea-4d48-b22e-87d293e3886b,2026-02-28,1,1
edda1f49-0fe8-42f2-b5f0-8e23c3637f2d,2026-02-28,1,1
09be5382-3883-4479-9e05-3a8bd74a9787,2026-02-28,45,45
326abe32-0bac-435a-8fba-c573c90da5e4,2026-02-28,1,1
7208a6fe-83b4-465d-ba0e-e057615cabd0,2026-02-28,14,14
96645c18-b2c8-4d5b-b7ee-c4e2e2026f26,2026-02-28,1,10
cc04b04a-deaf-48bb-b822-c8052093b554,2026-02-28,45,45
02859e31-ce0a-46e4-a1e4-cc37528e4555,2026-02-28,7,7
1d528ac7-e8c5-42e3-b2ac-959bf443dd6b,2026-02-28,90,90
2bb33fd2-1998-4346-8874-2b5c49765d34,2026-02-28,1,1
34b4406d-98b8-439e-b8c1-defc2bc4919d,2026-02-28,1,1
9c1d79ca-3421-4100-8d48-31133be20b02,2026-02-28,14,14
f1075b4b-5b83-4c40-8229-9d98fd574249,2026-02-28,7,7
07582753-69db-4ad4-aa86-32d6fe2edfad,2026-02-28,14,14
b30777ce-1fa6-4b59-8ae0-f0e1e7338765,2026-02-28,10,10
bf728bf3-aafe-434b-a274-e595a2a7a164,2026-02-28,45,45
ee2f55b0-50de-4aba-ac96-fe9d1de55971,2026-02-28,10,10
fc66d1f0-38f1-4179-ace2-f91a6e6db861,2026-02-28,1,1
1ae77f3d-4eb3-44b1-a83c-4801c9d9ec09,2026-02-28,14,14
5a24cbf5-0615-480b-95cc-59c1fa9eb7a5,2026-02-28,7,7
6597b272-a6fc-43bf-b34f-f02788e03fc9,2026-02-28,1,1
708a403e-f302-4c40-908e-0ae2ec8adb72,2026-02-28,10,14
938c8e88-6335-4b18-b176-1c9bdb86a5ef,2026-02-28,60,60
d27fd611-36e1-4e7e-a20d-b47241d5b314,2026-02-28,1,1
04653cfc-b4da-4bb1-aa0c-66e76ce59f03,2026-02-28,1,1
38ca11a4-f8a4-42cf-91a6-b9cc40939e44,2026-02-28,14,14
58458afe-a7af-4bb6-abe9-041d76ce1042,2026-02-28,7,7
77f56796-c426-4c2c-a847-299bb04bbd2c,2026-02-28,1,1
8d4e3690-83a8-4de4-b0c8-b09503513311,2026-02-28,14,30
ad75a322-8760-48f8-a4bc-df5998735cb1,2026-02-28,14,14
ba763950-d94d-432b-af61-7c0fee9a6d40,2026-02-28,14,30
de3ac8d2-42a4-4c25-a2e2-fd8fc99cfd59,2026-02-28,1,1
e284a538-4bc3-45f7-8ce1-315d3e4f8f14,2026-02-28,1,1
f2e1dc23-1dc1-4a9d-8ae9-c32deca5e54e,2026-02-28,30,30
1876010e-c429-43c2-96d0-73fd6f9903d8,2026-02-28,45,45
598a8010-cae2-46e6-aa14-25baecb42dd0,2026-02-28,1,1
81734494-edeb-4f9e-8672-e5bb87c9e7b9,2026-02-28,30,30
82c30b23-e35a-406d-8efd-7571ab8a4123,2026-02-28,1,1
8968e7dd-d64c-4709-9ef9-8f161bd13395,2026-02-28,7,10
cc7425c0-8e15-493a-a601-2353a972ee71,2026-02-28,14,45
e67e0dba-e524-480d-be4f-8771f74a33b7,2026-02-28,1,10
fb992303-c5ce-447b-b261-aa5977c70bf1,2026-02-28,7,7
1303ec73-8aa8-444a-994d-526a1bffae89,2026-02-28,14,14
8b70ea00-1dc9-4a4d-a8f3-96af844c2285,2026-02-28,14,14
94cca063-ef42-4de7-8d42-43432fbd52d1,2026-02-28,1,1
d3bde173-2857-418b-b4d5-03e0bafd5f7e,2026-02-28,14,14
fb3947ba-2b78-4685-820b-30e84df6c3bc,2026-02-28,1,10
40e3b260-4276-446a-b6b5-cf7046ab8fb3,2026-02-28,1,1
6912d06e-ddcd-4364-87b6-c90f1b749f39,2026-02-28,1,1
8e605fb5-545c-428a-b1c8-75f4b4ff8e35,2026-02-28,14,14
a5109cb4-0581-4b27-b68a-120343943286,2026-02-28,1,1
bc87f5ce-cc11-4bd6-aa5f-3c54b463e16a,2026-02-28,1,1
049f7738-da30-4810-8a4f-37ff46221467,2026-02-28,1,7
28f4fc46-9a5f-4dcb-acfd-a34ffd5d40d9,2026-02-28,14,45
5c566982-166d-49f6-beaf-67acfd143a0d,2026-02-28,90,90
85a96486-e0d9-4558-a6df-bb967e1de17f,2026-02-28,1,14
124f1e2f-f6cf-473b-bb9e-78372e3cd26f,2026-02-28,30,30
1332e293-b4e0-4b22-991b-e95b21679aea,2026-02-28,1,14
2938e7b0-02b5-41fa-acf7-ce6abe1242b7,2026-02-28,1,1
4bd9a218-77f6-4be2-a91e-071cdee3222d,2026-02-28,30,30
73e8d4ae-d121-471c-b92f-5933c1bc2df3,2026-02-28,14,14
8ba96f32-5f01-43b8-8dc7-e7e04f7ef089,2026-02-28,1,10
abecd447-5235-4d6b-a5f0-a82fdd83ed53,2026-02-28,1,1
097bdf1f-07f4-4497-ab7a-57d19add76b8,2026-02-28,7,7
1b77dfe3-07b0-4fda-ab0a-c2776e262d35,2026-02-28,1,1
5b7466de-3881-408e-8857-e85eb9f43334,2026-02-28,14,14
8933e810-6fa2-411d-8fcb-722c4e936020,2026-02-28,10,10
40f90fec-9f20-496a-85e6-2d4655bd26bb,2026-02-28,7,7
60f3d684-a310-43fb-ac5a-aae80761a652,2026-02-28,1,30
c5aa424d-0757-4b2c-8897-64887ef2ed40,2026-02-28,1,1
01d093f3-dc18-488d-aceb-096e4e39c520,2026-02-28,45,80
0ff764a8-e2ee-4e03-931c-3e27325c6a05,2026-02-28,14,14
17001918-f71c-41fe-89a4-764dc02555b4,2026-02-28,1,30
812508a9-3f44-4b7f-bcaf-333be404e0ad,2026-02-28,1,1
b74ea15e-bd79-48da-acc0-6a532b73b0bf,2026-02-28,1,1
d504ab75-8a85-41f4-af3e-238075621922,2026-02-28,1,1
05ae1c82-afc6-4e07-b4bb-e86e60efd165,2026-02-28,1,14
1e42e817-84ef-4aff-8651-0f8cfa5a3a60,2026-02-28,1,1
a6ef80a3-e8c1-4826-92cc-56b2c8dcc522,2026-02-28,1,1
ccda6e83-7f67-408b-9005-3dfe6afc5d2b,2026-02-28,14,30
d1b0eaff-70f3-497d-8ce5-0f92396f5d60,2026-02-28,1,7
fbf89e0b-1a05-4762-9c5e-b1a0320b3232,2026-02-28,7,7
9ea80403-3e49-4f88-ab53-ca207f86b07d,2026-02-28,10,14
ee1232f8-e4ba-4e5e-a971-366757ed415d,2026-02-28,14,14
f4adca05-07d4-4ba1-a81d-7d0f8aae415a,2026-02-28,7,7
0f826c13-542d-4f06-a4e5-5b24c571c6ee,2026-02-28,1,1
4d4122bb-07aa-4e28-9102-212337a3e547,2026-02-28,14,14
5b93cd8c-fb7c-4659-b19f-3197ea62234f,2026-02-28,1,14
90fbbd19-d70c-469e-86bf-f4ef63ad1a0f,2026-02-28,14,14
34ce1218-2f2b-4188-b220-2a51beba8838,2026-02-28,14,14
fe50af95-5be9-48d2-8989-30d94102b763,2026-02-28,1,1
a138b6ad-fc43-4032-88a7-356aeb862fba,2026-02-28,1,7
a6d90ffd-a65b-4a19-ae85-51475dd0c03b,2026-02-28,1,1
c543234d-8e51-430a-ade3-cf00cf9cb046,2026-02-28,1,30
dd28dd1a-4a85-48ce-903f-b6753be4f61f,2026-02-28,1,10
f3f2e0a4-f62b-4448-bfc2-7e6e511cbe15,2026-02-28,1,14
5c066285-fa48-4c38-b029-09b4dc6cd609,2026-02-28,45,45
64a17e74-44d8-4533-9db8-889451bbca0e,2026-02-28,7,7
8a914ab3-95a6-4577-94d1-31fd3ee239e6,2026-02-28,1,1
b5b5b36e-290d-4227-8b09-e44aead0a656,2026-02-28,1,1
fd1d9a2d-c53f-472c-81ef-83d52f782955,2026-02-28,10,10
181b4ad0-28f4-4535-8e91-2f219cfb9442,2026-02-28,30,30
1d90e25a-907d-4894-bb2b-ab3ced85a211,2026-02-28,1,1
1f0e7620-f4f1-4b37-859f-22a64497798f,2026-02-28,14,14
4ddf51ca-6c81-488e-9516-18dbbe92e091,2026-02-28,1,1
7db14aa3-ff46-412f-b03a-f4ea42d2f207,2026-02-28,1,7
c0f714e5-a83f-4c2b-94b5-abf67b0d249d,2026-02-28,10,10
d56b1a66-8444-45ee-9b05-639933fee1d3,2026-02-28,90,90
e6203f98-fb2d-497a-b677-77df27dcc045,2026-02-28,10,10
23e8ec43-0f89-4f3a-816c-b751231c6b7f,2026-02-28,1,1
248190eb-65a8-4420-9a50-3c0d072cef87,2026-02-28,10,10
6d73c7ae-dfcb-41ae-8c3c-99423d293eca,2026-02-28,1,1
32e0d6d8-4cd7-41a0-8230-1d4ee31db0d4,2026-02-28,1,1
39791129-1954-4238-89c1-49fb057a20dd,2026-02-28,1,1
9080fdac-2906-4b99-b020-43d7c372241d,2026-02-28,7,14
9a15b075-7fec-42e9-8747-84ef4ce00f64,2026-02-28,14,14
a0f91564-6547-4fa6-98c3-3c132e89b390,2026-02-28,10,30
abed045f-c98f-498c-bb0c-3686fc9469f9,2026-02-28,1,1
b24dcc50-524c-41cc-a3e7-c619d6a160df,2026-02-28,1,7
079cbae0-ceba-497c-a65b-cd9921bd7c8c,2026-02-28,90,90
33f4b35d-e7bf-4887-9915-dbc953caa993,2026-02-28,30,30
860375af-8aed-483a-977c-931bfe99d5e3,2026-02-28,90,90
90027012-9d78-40f3-967a-2b064ad36f1b,2026-02-28,14,14
9e2d5d92-8d1c-4bcb-a2fb-919eb428e7ed,2026-02-28,14,14
c8c3dacd-0e43-4c79-b82f-584731da6d45,2026-02-28,45,45
f688204c-348a-427b-88b3-473bdaaa886d,2026-02-28,1,1
277df409-a4ba-4672-8291-52243fbf9233,2026-02-28,10,10
29b73871-bdb8-4b5b-a90b-8847cadb0ff2,2026-02-28,1,1
7e4edec8-645f-4b99-a794-e8f9630b9a11,2026-02-28,14,14
9b2b2623-4db4-4482-bd4d-d28c1d427b5b,2026-02-28,1,1
5c0145d0-c653-4501-a7a1-17058d374f31,2026-02-28,10,10
61d5111d-c89c-4257-b99a-a55126ac5a89,2026-02-28,14,30
a311c0bb-66ed-4e34-9af2-6a0e8f899f2a,2026-02-28,1,10
b6122821-3a44-4996-b462-812779b2f955,2026-02-28,14,14
bc7c98bd-e974-46be-9b8a-8f16348b61d3,2026-02-28,10,14
37e59901-b37e-4a7d-83bf-5003999c0f58,2026-02-28,14,14
7e8de0bc-657f-4923-af41-5040db80b1e3,2026-02-28,1,10
4fcdb3d2-25ad-4710-aaaf-ffdbb4ee0d24,2026-02-28,1,1
6313b4bc-797c-4464-b846-2f338928aaeb,2026-02-28,1,1
6edd0667-48d9-446e-939b-be8f7bf40ee0,2026-02-28,1,1
7454bff1-bd28-457a-afd1-536f9ed29d17,2026-02-28,1,1
7dd7e63b-6799-48f0-94a1-81532df3404c,2026-02-28,1,1
8cca9e24-2966-4941-bbb0-0d25ffdc1888,2026-02-28,1,1
fd96c812-b317-4573-9ba4-2a8427e1a282,2026-02-28,14,14
21d2cb49-2b7a-406d-bf2f-c25ab8cc1322,2026-02-28,1,1
310fe227-938a-4fe1-a0da-6326ea534f15,2026-02-28,14,14
66ddd981-1ba3-4b10-a8cb-3e2cddf9a63b,2026-02-28,1,1
c58351b4-d0f6-4f93-8558-3557677b85ce,2026-02-28,14,14
cc7f2e8c-c7b7-426e-ba73-0bd67b1c4608,2026-02-28,14,14
dc1d8182-5cfa-4a42-9066-faa6a1b6e99b,2026-02-28,1,7
e37817c8-0553-4568-aabb-c44e13c07a8e,2026-02-28,1,1
ede3496a-c796-496c-9610-c36d2a5c7553,2026-02-28,45,45
a47f283f-4276-4528-a51f-710f62acfd39,2026-02-28,1,1
aaa99f43-a5dd-46da-84f8-b8a097b43dff,2026-02-28,1,1
c0d3fff3-6703-46db-b1f4-69e89553c4d2,2026-02-28,1,1
c2e365c3-3068-4029-99cb-0da797067e00,2026-02-28,1,1
f2a641f0-e470-485b-8dac-e4b5fa34f8e5,2026-02-28,10,30
2699e3af-ba0d-4c38-aa61-97cf0fd6cda6,2026-02-28,45,90
2735174d-7440-447e-a923-ae9df7974bf6,2026-02-28,1,1
69b54bf8-6fa3-4c2a-af48-e6adc4c47008,2026-02-28,7,7
9852dc52-9707-4d19-a1ec-559c929fa91c,2026-02-28,1,1
bc462cb3-db38-45a3-b17f-11183a52664c,2026-02-28,1,1
02969b4d-f910-4a7b-b15e-c9898658210e,2026-02-28,1,1
09305c1c-21df-4638-b7bd-f080025059b7,2026-02-28,14,14
0a1341d8-c710-43d9-a4fa-7c9376de9d8a,2026-02-28,14,14
15902148-bc99-427f-8de4-199bfe45a9cd,2026-02-28,10,10
b0dd3475-139b-42e0-8a55-fab6c953d5c3,2026-02-28,1,1
e1766150-cf18-4320-8d3c-7b832232ed23,2026-02-28,1,1
10e1f66e-f247-4bfc-b541-84a09a90e4b9,2026-02-28,14,14
2cf874cb-11ba-4989-9b61-f0b52110a243,2026-02-28,14,14
34455a51-0593-4a2e-b1b6-1ac823d0e478,2026-02-28,14,14
3ae07bfd-ae8f-4749-823c-62021955f0cd,2026-02-28,14,14
a0aef794-9093-4fee-b88e-5ec1aadb08dd,2026-02-28,10,14
aae0ab4a-ce5b-49ba-b1ff-2afe8e60166a,2026-02-28,30,30
ad0574c8-4040-45bc-b7d8-07cef4c94ac0,2026-02-28,1,14
4b5e63e0-aef2-43f8-b03b-84f1d9f3d3a3,2026-02-28,10,10
935eff79-3497-46b0-84bf-3e14ee70ba62,2026-02-28,7,7
a5626008-3d81-4ec2-af79-67f36b124fbd,2026-02-28,14,14
e88eb245-6550-43b4-9e51-1035f47836b5,2026-02-28,10,10
fa8f20aa-c08a-417e-a68b-b6b5f6a6cdc5,2026-02-28,1,1
0db16531-e3a5-4dd3-b9f2-a9145627ccbd,2026-02-28,1,7
1bf3d2a9-aa93-4066-bfb5-b648d9b59069,2026-02-28,1,1
30a7c14c-27be-4605-9c96-a8cbfbe894d9,2026-02-28,45,45
30f66aeb-e8ec-4dae-8aa8-8e44adb1b823,2026-02-28,10,60
32fe76aa-0f08-403d-9c7d-2435fa162294,2026-02-28,30,30
3e9d62f0-e2ac-4b63-8a47-0ebbf481444f,2026-02-28,1,1
b791169c-4dda-47b8-be33-46dcbcef52b6,2026-02-28,14,14
be16ee2b-1a1c-4b69-b123-114bb9a0ee8e,2026-02-28,10,14
deb34f8c-4ff4-4daf-9c29-d43329dba525,2026-02-28,1,14
e2770d50-d4f9-4a1e-918c-e9ce30a633ee,2026-02-28,10,14
16d1f5f3-27bc-479b-9b31-b0cd7a5595a7,2026-02-28,10,14
6288114a-036c-4f25-93b1-ed703271f0f6,2026-02-28,1,1
9093c6bb-7455-4fea-8f9f-1bdebdd5db19,2026-02-28,1,1
9d2e2611-2b6b-4d00-9428-614cee45107c,2026-02-28,45,90
9f072a4e-0c8d-4d91-99cc-745877a300a2,2026-02-28,10,10
e17401af-f47e-42ef-8b38-d36d95663cbb,2026-02-28,1,10
4a9ef403-3bd4-4f23-b9bb-b8a8e0691a35,2026-02-28,45,80
6ab444bc-9cfb-4da4-924a-8244dbad065d,2026-02-28,10,10
e00e53eb-08bb-479f-aa29-8380712ae03a,2026-02-28,7,10
f3ced1b4-3730-4907-90ee-f1bdf1658279,2026-02-28,7,7
5e27aed1-c54b-4937-ba67-5be9d92e2e87,2026-02-28,1,1
96973f17-a8db-4c22-9021-afdd88dc75af,2026-02-28,45,45
db53134d-605a-44de-801e-53f088af9f61,2026-02-28,1,7
dc0884c4-ecff-491f-8455-3253073b2251,2026-02-28,1,1
f5a5988e-ba41-4573-9e71-16b0d90123d1,2026-02-28,1,1
f5bc8b90-322e-49dd-a628-e07ea35345c8,2026-02-28,45,45
ee3bf7e6-68db-4b97-9db0-a1170510289a,2026-02-28,14,14
0b163dec-8c2b-4c55-bb5f-07908ce68bec,2026-02-28,14,14
1680680c-7b5a-422c-bcba-607028df7e59,2026-02-28,14,14
29b0214a-dea8-4072-976b-b8acfb4510b0,2026-02-28,1,1
a7b49fdb-bcdb-4444-95c6-c9272d8a46b4,2026-02-28,1,1
fe4d4299-d4d1-4529-91ea-8b553309e0c9,2026-02-28,1,1
2fe90982-32b8-4659-b19b-8aebba42d1b3,2026-02-28,14,14
6c30d37a-1ffc-4b0e-afc3-affaa6476b3b,2026-02-28,30,30
ac3a67c3-55de-4fb9-a743-6e038690c883,2026-02-28,7,10
eaf31d83-035d-4f65-bf14-91e7a725f8fd,2026-02-28,1,1
ec1be600-873a-4acf-ae3c-3ad937c41d5d,2026-02-28,1,1
1e37f9a0-f0d4-49bf-b852-caed85c7b77e,2026-02-28,90,90
12e19228-44f9-48e0-9a68-188000de97ae,2026-02-28,1,1
6758060f-8e57-44c6-8945-3c6ad90b941d,2026-02-28,14,80
de4e1cbf-b8be-4fe1-a763-898ed0d28ad7,2026-02-28,1,1
73e4bfe2-7e1e-443e-80a7-87a09e325ec4,2026-02-28,45,45
b21393a1-bae3-46a6-afb3-115c5016210d,2026-02-28,1,1
b9e5e0fa-43c8-4648-8179-82ac64c82c90,2026-02-28,1,1
bc569f87-6043-475e-a371-8247e4e3347e,2026-02-28,1,10
d0952f46-c8df-4b24-84ea-9df09b4bbc79,2026-02-28,1,1
7f59a79a-4b5a-4866-a290-0ea4a3dcd0ab,2026-02-28,14,14
92c6437b-7a2d-4f49-9786-454b5343da24,2026-02-28,10,10
bb9f8f41-3109-4367-b3de-d9ad9af0e4ac,2026-02-28,1,1
bca8a772-6f2b-40e3-8143-28d4d389c9a5,2026-02-28,1,1
cb1c8d96-2742-47fc-bd62-f53463d79862,2026-02-28,14,14
f913ebf1-6276-45f4-bf7a-79638c5d1563,2026-02-28,30,30
07fa56c2-45b5-4c4e-b8d9-a9b56c1cf20a,2026-02-28,14,14
354a4123-f2cc-4217-9e4b-5b33ca9908dc,2026-02-28,1,1
3a816fe9-0228-483f-bfb2-f69be19d951f,2026-02-28,1,1
57b8574a-3386-497b-a9c9-5b10b56f29cb,2026-02-28,14,14
a01020a9-d0b5-4004-a801-c067bfd6c1f5,2026-02-28,14,14
a054b728-be50-4753-9a9a-d8a81a47493b,2026-02-28,30,30
ad266d64-e9c3-46bc-b392-5b3e6535d2fb,2026-02-28,14,14
bca2e3ea-42ff-49bf-89e5-d6b71780e24a,2026-02-28,10,10
c3fba266-0a16-41e6-a200-9440b4daf893,2026-02-28,1,1
ccb7b9dd-f54c-4cab-899b-f237cb49ca0a,2026-02-28,1,1
fcadcc01-87a6-4f45-873b-f73cd1c20f42,2026-02-28,10,14
1cf9454b-66f4-48d4-9cfd-325f6aca25bb,2026-02-28,1,10
24797904-dc84-4839-ab7c-494329e1bfeb,2026-02-28,1,1
78fea637-164c-4b5b-aa19-91921f533237,2026-02-28,120,120
7919529e-7e6c-4c56-b12e-8524e1d640f5,2026-02-28,14,14
7a32bb5f-9961-4f8c-933e-fe418f2d65cc,2026-02-28,1,1
94d82d8f-7b23-4b25-959d-4dc717310d48,2026-02-28,60,60
a1b6a2da-4f67-4954-b745-20900a2d0a7c,2026-02-28,7,7
db8f5ea9-ee2c-4b97-a42e-40ccfd888da4,2026-02-28,14,14
06dd4158-9b7a-4e0e-8d15-dbc996fa35d6,2026-02-28,10,10
6ef08275-3f30-4aa8-9a4b-dbd19d25ce38,2026-02-28,1,1
77336517-cfd0-4205-b821-8de9011f5168,2026-02-28,10,10
78cecaac-a6c6-4497-9e76-d5f4b3d0a162,2026-02-28,1,1
5c634b1f-cda2-4399-a0b1-9a80dc70ca45,2026-02-28,1,1
7db08ebe-6a53-4f89-80f6-89358725b0c0,2026-02-28,10,10
12e4104d-cbef-4ff6-bcbc-ebc9c19007d1,2026-02-28,14,14
47c5bf10-d40b-47bc-88e6-ed4bce1b2538,2026-02-28,1,1
5904b1ec-754b-407c-a7ea-a8e85e427461,2026-02-28,1,1
5f3b16a4-369e-4847-ad71-6db751e35361,2026-02-28,1,1
967826cb-9465-4a47-bd8a-1e17e3743702,2026-02-28,1,1
96cc36ac-2f2d-4f6f-9cb7-215f98e88926,2026-02-28,45,45
a06159c7-7eeb-499f-a490-7fefae0a380a,2026-02-28,45,45
b176a8f9-cd63-4ea6-b84c-c55970481c00,2026-02-28,7,10
c3417e5d-b544-42ed-b772-3dc9f89629e8,2026-02-28,14,14
e4e577ad-a170-4183-bf3a-138773dd0fa9,2026-02-28,30,30
e52e8724-d246-497c-b034-678c3a494fa4,2026-02-28,7,14
3311bcc3-8762-4e34-809b-e38112e9abe3,2026-02-28,7,30
561e0293-5ede-4ead-88af-8b9866c6ee16,2026-02-28,1,1
8996ea7e-f0c1-4986-a4f1-5cfc69bfd117,2026-02-28,14,14
a18b3f33-ab68-4b23-aff9-8969410216f2,2026-02-28,7,7
a4bf90c2-bd37-4af2-9f93-1519c796fef3,2026-02-28,1,30
bafae8b2-eb83-4111-87b5-3685916c2fa1,2026-02-28,1,1
dca0f6da-d142-4e53-950c-44b268fb8daa,2026-02-28,14,14
30e28804-c922-401b-aa45-a3a4308f06e3,2026-02-28,1,1
6d571cd4-99c2-4aa2-9c55-ab4ad8f65785,2026-02-28,1,1
81260460-e71a-465b-ab46-1b305afba437,2026-02-28,7,7
934988a9-7115-411d-a096-3be321f574cf,2026-02-28,7,7
dbcfc855-825c-49a7-982e-ef980964e0a5,2026-02-28,1,10
08faa7d6-6260-4d22-a0d5-0879fb350c53,2026-02-28,1,1
09956994-434d-4c4c-a5f0-87477d8f32d8,2026-02-28,1,1
21f1e800-7b91-4420-a623-a6316b02477a,2026-02-28,1,1
42c00e91-9d49-488f-b7a9-31ffb8e918d9,2026-02-28,1,1
61345b0b-2d31-445f-abc1-3574c9f72880,2026-02-28,1,1
baa880be-e178-4de0-819d-888d30b235e2,2026-02-28,14,14
e0327f71-23ab-4e1c-b4bb-3b562e7b9b8d,2026-02-28,7,14
e69f694b-0406-4ed1-a131-1a6b73473122,2026-02-28,1,14
e68602b1-aeec-4ba9-a00a-6210fb306d9b,2026-02-28,1,7
0b027c2b-c6e5-4a77-8087-ecfcbf25eb26,2026-02-28,1,1
0d9a8623-b5ee-4bdc-8ecb-ca1a70f36b8a,2026-02-28,1,7
0e7131e7-b677-40dc-842c-77275e91420f,2026-02-28,1,1
16dc6b30-d975-4a9f-9082-3430df62223c,2026-02-28,1,10
5c0800f0-7e79-41f2-bcd9-25b151795e29,2026-02-28,7,14
73864050-666c-4252-a3cc-5a718c88b2de,2026-02-28,1,1
ac94b8e3-cb06-43be-8ea6-47728bb85a4a,2026-02-28,10,30
1549a11b-6f75-4ceb-901e-3e3404f9c617,2026-02-28,10,14
2659d4ea-35e4-4a20-9906-dc8bb273b446,2026-02-28,14,14
412d1011-6b11-48fa-abd4-5025ed4da28a,2026-02-28,60,60
48001cfd-642b-4dff-86a9-216352f4b7a5,2026-02-28,1,14
7553480f-e335-4cc2-914b-6d2f7aa39dad,2026-02-28,1,1
bfcee698-bc4c-4d26-ab54-707ec894efde,2026-02-28,1,1
ce9b42f1-a5ed-44ef-9971-9b380a7256f7,2026-02-28,14,14
fccd324c-06ce-4d11-8448-e44967660855,2026-02-28,14,90
232b7e6b-b1a1-4aa9-8029-69135c1f8e63,2026-02-28,1,1
334c55c6-9179-420d-bf38-7bb0782bb81c,2026-02-28,10,10
36c7a2ab-ca25-4ad0-aad1-de9fe6cac7fc,2026-02-28,14,14
5bb8d1ea-c6be-4766-b2c9-1983d3cd77cd,2026-02-28,1,1
6494f587-c483-43d2-afe2-b32d27ca5448,2026-02-28,1,1
a08504ca-6233-4ccc-ad17-802249153750,2026-02-28,1,1
b5af5262-6a08-4f33-8ebe-44a7e7c22978,2026-02-28,14,30
ceb19b1b-173c-4fe5-8c2a-9d620622dae7,2026-02-28,7,7
d1a4faf9-fb9a-447a-9c32-fceede4e9625,2026-02-28,1,1
de2cfb5e-724b-4552-a60b-3c23ffa9f67b,2026-02-28,1,1
0357bf77-e0dc-4dac-b773-f960ff4a46e9,2026-02-28,1,1
3bc6dd5d-b2e1-40e4-ad92-bdef44cde52d,2026-02-28,1,1
599fe499-a04a-4aa8-ac26-8e31b215f5b3,2026-02-28,7,10
6c464235-1989-4ac6-ba28-1ba930b6ef7f,2026-02-28,1,1
9e5fc2bb-6210-46a9-a2f9-cefdf75dcc81,2026-02-28,14,14
e1b773b3-8480-4616-a499-f60c3a6c4969,2026-02-28,10,10
e9d6183a-5d4c-40da-8fa6-56587f411b45,2026-02-28,45,45
6141ee58-6b4a-453d-9348-c508a21257dd,2026-02-28,7,10
c62e8d9c-f8a8-4de4-827c-d2a27586a166,2026-02-28,1,1
06e415d7-113d-4ee7-bd66-445362141239,2026-02-28,14,14
5d61b3fb-d65b-4ca0-a1d8-2dff94ab2929,2026-02-28,1,14
63d0ea4d-d223-4397-9b1a-3d827f45bf85,2026-02-28,10,10
3870b109-fede-436e-8d43-e4732dc82d28,2026-02-28,1,7
6bda36fe-d8b6-4a01-9245-025b02dbb678,2026-02-28,75,75
c7e59f40-4bac-4126-a266-f59d66c3c60f,2026-02-28,1,1
e543c873-bc7d-4460-9ac0-13a4425c5ef3,2026-02-28,1,1
214c123a-126d-4c8e-a4f7-5f5f3b349ba6,2026-02-28,1,1
26603cd2-c3b1-4e95-ab92-cfe158a61f88,2026-02-28,1,1
409419fc-450f-4002-933b-876a79ce84b8,2026-02-28,7,10
a26b527d-4361-4856-af83-edd73dfda04e,2026-02-28,14,14
ab4bcac0-ace3-49ed-8242-fec9125c0ed8,2026-02-28,7,7
b7c626bb-e2b8-4770-8a57-b51fe22ace17,2026-02-28,120,120
d7b85e58-7aaa-4769-9d6a-45ae74fb5b1f,2026-02-28,1,1
da6760e6-d19d-4fc3-8121-b21cde4c6e75,2026-02-28,1,1
e3a53402-6138-42bf-8153-839781987ce0,2026-02-28,14,80
f0b47a1f-91b6-45f2-8a54-f761f5fcbac4,2026-02-28,10,14
09fbe5f2-2732-4d28-9f11-83dbc02583ea,2026-02-28,45,60
55716433-dadb-4ce9-ba23-1092cf23a7fa,2026-02-28,45,45
74201594-a8a9-4daf-b245-76d52e52537c,2026-02-28,45,80
b2306013-8f13-4309-8afb-c5d2f98475c3,2026-02-28,14,14
4bdef6c9-1713-44e5-8036-eb3baaa894c1,2026-02-28,14,30
6b33be91-e1eb-49c1-807c-b63fa93db96e,2026-02-28,14,14
875bbafd-6d2c-4882-9838-4005ed39540c,2026-02-28,30,30
a139a234-b99b-4859-bd72-98c63ac9680f,2026-02-28,1,1
aab095ba-9486-4274-b53a-4b1c8f07efae,2026-02-28,10,10
ae51249a-39ab-46ef-a71a-81026480f30f,2026-02-28,30,30
bbd1d865-007a-4000-b1dd-60141d268039,2026-02-28,1,1
c9f2535e-4a39-478e-acac-dbda9aa2a8ce,2026-02-28,14,14
96c6a14e-30b1-42ca-a5cb-a3e81ea6e21e,2026-02-28,1,10
0b358938-df41-4f57-9846-f8575bc846d1,2026-02-28,14,14
71190809-221f-4381-96b5-ce7437a31930,2026-02-28,1,1
ae67f226-91fd-477c-90e0-b0b54aed08c0,2026-02-28,1,1
b7e90fac-5028-4182-a7df-ddd16a3a41e3,2026-02-28,1,1
db261e04-3caa-4dd4-86b4-a86711b879a6,2026-02-28,45,45
dce65213-c939-491d-a838-f3637a45a69d,2026-02-28,1,1
ee5fe363-7b10-4aa9-9cbb-9f5a9636c17d,2026-02-28,7,7
3b64b976-6b6d-4bd2-8aae-e0fdc3abd48c,2026-02-28,30,30
653bdf5b-10fc-4522-9a3d-a39efb25d1e8,2026-02-28,14,14
be509ebd-188f-4866-8cf0-910ba479d73e,2026-02-28,1,1
dc8eaa6d-ff11-45cd-8358-d125a8963791,2026-02-28,80,80
8d36174a-6160-4a4a-a880-e12dda8be411,2026-02-28,45,75
a7dd5c59-a240-4466-b1e8-05338610a80e,2026-02-28,7,7
bb6ae128-60ab-4a2e-93e4-5a263a93a06a,2026-02-28,7,7
e0b436d6-e23f-45e8-8db0-cc53a81fba8c,2026-02-28,1,1
0e77ca85-e1ad-4ea4-9b45-5a456744f18a,2026-02-28,1,1
23e08612-9797-4a2d-81ce-3aeba9b4eea8,2026-02-28,45,45
65c0743d-8ff4-4016-9036-36ccf8241100,2026-02-28,1,1
6a49c553-23e1-4105-9a31-f8fbf97dea3a,2026-02-28,1,1
70fb62ef-13d6-4d35-b77e-256b4741d7a3,2026-02-28,1,1
d5ab540f-1217-42a5-a6ec-83d87aa57b40,2026-02-28,1,1
292a2956-cd1f-44d8-98b4-e9a4d01f41db,2026-02-28,1,1
3b46899b-829a-4cf7-b1bd-b3fdd361655f,2026-02-28,14,14
d785e5f9-5726-4fe9-9dbb-d0e6e2931ce8,2026-02-28,14,14
ed8b12f6-c599-4d68-a5d3-ff6e33884dce,2026-02-28,7,7
0ce296c1-063e-4c35-89ef-2f45c85421f6,2026-02-28,1,1
85d5b663-08db-4232-8138-dc6a5875603a,2026-02-28,14,14
3134738a-fa61-4f6b-a59d-66f1d669203d,2026-02-28,10,10
35dff546-eaa4-4cbd-847b-ecfce634e75a,2026-02-28,60,60
526d2b81-b061-4937-80d1-6f2546a46008,2026-02-28,1,1
c77e9e8a-913e-418e-97b6-e773d2c93edc,2026-02-28,1,14
ca0b1eb4-9852-4562-b031-282652b9bf66,2026-02-28,10,10
da3dd441-93e5-4ae1-8870-cf7a2c0b6dc4,2026-02-28,45,45
ed287dbd-f509-4879-aca2-1f6ddca405fd,2026-02-28,10,14
1adbe7c0-8066-476f-994f-f1f414d4294c,2026-02-28,1,7
991d97ee-22f2-4f7a-8f3e-2f4d990a6f34,2026-02-28,7,14
ba66494c-fd95-4c4c-8cc6-c7fd0620f83a,2026-02-28,1,10
ebae25bd-0b3e-49f0-a983-16bcddf6a247,2026-02-28,1,1
1979c1b8-8bc1-4cab-b80e-ab0a5913c82b,2026-02-28,7,14
9f30fb64-346a-454d-bd1a-aeef64494a84,2026-02-28,1,1
d6684e7d-18fc-49a1-90f5-6bdad95deb3a,2026-02-28,14,14
84508183-47dd-4988-98cf-902267081013,2026-02-28,7,14
8a2d70b9-c07d-4d7a-90ad-edeb8a8a5793,2026-02-28,10,14
98770f63-6813-4e84-9561-35185f40ab86,2026-02-28,14,14
b62bc9c4-b020-4fe6-b9ed-903854bb6c83,2026-02-28,1,1
ba6900f6-1164-4eed-b69a-0b5958eadd7a,2026-02-28,1,1
cea96289-d97a-401e-b2fb-64f8e36e4f1f,2026-02-28,14,14
cfe36b73-9836-46f2-b3b0-f4b9153b0590,2026-02-28,14,14
eae4c387-684c-4be0-92ea-3e6951eefdaf,2026-02-28,1,1
eb37dc11-4ec0-44f5-b874-ebfac65a13d1,2026-02-28,1,1
f36bcbe5-9860-430f-aa29-ee2bd8c3ceba,2026-02-28,30,30
9606c3e9-d15e-46fa-8fd9-6c554ccbc6e3,2026-02-28,1,14
9eaabb3d-5cd2-46b8-b1f9-942de76cacef,2026-02-28,1,1
a79a34ba-d6f7-4992-a143-db9b5058397f,2026-02-28,30,30
b43c7a4c-6242-496f-825f-8fdffbe25f3f,2026-02-28,7,14
c03be573-2c11-4c6a-ae4c-deaf966ce4ab,2026-02-28,14,30
d1ce92ff-d0a6-4777-838d-a18633b05a73,2026-02-28,1,1
0bdf630e-2e93-4873-88d1-93ffc3618613,2026-02-28,14,14
11ffe168-7365-4f51-9ec0-ae4822b1e59f,2026-02-28,1,1
25fdb79b-609f-4e10-99ac-689379566985,2026-02-28,1,1
3476687c-7017-4a6c-ad87-205d3c7c20f2,2026-02-28,14,80
959a1324-f51c-4859-b20a-894c8d399672,2026-02-28,7,7
c025f3b5-5c68-41d4-9d9a-f34216304c90,2026-02-28,1,7
cb9bb559-5bd7-434d-a2ca-2cb28905fadc,2026-02-28,1,1
f543b9d9-f02f-45d1-a3da-d56916f03a23,2026-02-28,10,10
025c7129-f862-41ff-a060-35fe7a4ce046,2026-02-28,1,90
4c5d8bc0-d0c2-4bd6-b364-c792ff2653b0,2026-02-28,7,60
91206ede-afe6-4118-9d8d-0db1f9acf49e,2026-02-28,1,7
a793848d-f9f3-4dd0-bb5e-69a1cfb9e5bb,2026-02-28,14,14
cd3bb736-88fe-4a51-94e9-bdeb5bbc8aa9,2026-02-28,1,7
140278cc-28b9-4de2-a9ee-6fb6866fb35e,2026-02-28,14,14
457bc5b5-e7a5-4bed-bd7c-2b555c2efc80,2026-02-28,1,1
72e7311d-c86d-41c3-be56-4f19cc00f5fa,2026-02-28,14,60
0eb2ff93-107e-4988-b711-2eeecd7c7000,2026-02-28,1,1
1c8880d3-81b5-44f9-91b2-63f978d20c37,2026-02-28,45,80
2145443b-02ab-4388-a913-e161c7bfec4c,2026-02-28,10,14
244e8275-8837-4b7f-ba49-f8c91bf5468d,2026-02-28,14,14
020c5e76-6298-4fce-898d-bbfdee9cedf6,2026-02-28,1,1
53e8b814-235f-490c-96c4-9dde2b5d3cfd,2026-02-28,1,1
5a3ded86-b670-4ec5-95a7-5366de9c2824,2026-02-28,14,60
3b97a72f-3c8c-41d3-a6b5-684df617afff,2026-02-28,1,1
5d057d17-d174-4fc8-99f7-9b6671f6b5d9,2026-02-28,14,14
86986184-0713-45d2-ae1a-f1c97c4ea656,2026-02-28,14,14
8d795303-1ae7-428e-96c7-e633f2726291,2026-02-28,1,1
8fa1ece7-8235-40b8-910d-f5b82c050cd0,2026-02-28,45,45
26be5186-6dbd-4e95-822c-6ec5fc8d2e20,2026-02-28,1,14
873bf726-68b7-4d32-b671-fed681664e25,2026-02-28,1,1
8c76e37a-6aac-4ab2-ba41-74de15c3fac6,2026-02-28,14,14
960397d4-f5cb-4b8c-9e7f-9d8851adabe8,2026-02-28,30,30
d0d44bf0-ead1-49ac-a54f-6da89fbac676,2026-02-28,1,14
e04ca3ce-4486-40c1-98f1-a77f057a5ef5,2026-02-28,1,1
abc91222-3fdd-4265-9905-3d5b100c35e3,2026-02-28,10,60
bc89d517-cc79-45ca-9560-5c47b7b7e3f4,2026-02-28,90,90
c1fe9548-0482-4a26-9039-2255bd7a5d41,2026-02-28,1,1
cbb0d7be-2cea-44a6-acfc-e5c40cd5254e,2026-02-28,1,1
d2262981-46a0-4f8b-8b0e-8bd6b1f5247e,2026-02-28,7,7
b3a45731-b20d-4894-a716-dce71fe52826,2026-02-28,1,1
b45ff331-722a-4091-8bc1-939f43c87897,2026-02-28,14,14
d159d478-c40c-4e6a-9d1a-7357aa427ec8,2026-02-28,1,30
fcfd7554-a6ab-4016-aed8-26cebb714fa1,2026-02-28,14,14
81bd4445-3ff1-405b-9918-72386895f7d9,2026-02-28,1,1
883a3d10-48b0-4721-99d9-c85ab81b42f4,2026-02-28,10,10
f0ad9e40-6578-46b7-a987-bf1e7faeef03,2026-02-28,14,14
056795e7-cfee-4796-a7ec-62196354cad6,2026-02-28,10,14
0b6b0948-46f1-4234-9d58-097248085461,2026-02-28,1,1
299c541c-bce9-4136-a779-50d170a7191e,2026-02-28,10,10
34f5bd61-0576-4b9a-83d5-20c6aadb8264,2026-02-28,45,45
4ad76442-18aa-49cb-b9a3-c1cbcf309912,2026-02-28,10,10
5325972a-c59b-43cb-965a-3bdb7666200a,2026-02-28,1,1
808fef2b-4fd6-47b6-a006-3759a1656123,2026-02-28,1,1
85ea1625-cb77-4e55-8e46-6f6e8976ffb4,2026-02-28,1,1
90566b4c-fd6f-4cf5-93d3-704bead41c97,2026-02-28,1,1
d9c34fe5-2196-44a6-acb1-5e4a0ef36150,2026-02-28,1,7
3a530e8e-17cb-4c64-8ad9-a0b1c6f86617,2026-02-28,7,7
4f254a78-554b-448b-b79b-35efe2e31db9,2026-02-28,1,1
58b0b3f9-2379-4218-8e61-d47bfc885d9a,2026-02-28,7,7
282d3456-0229-41f1-a5ab-01ebd90c4fc2,2026-02-28,1,30
2beb48ec-52d4-4a44-99c7-89eb5766bfa1,2026-02-28,1,1
7a01c5d8-b57a-47b3-881f-09e540fb1e89,2026-02-28,14,14
7a0a6b4d-e416-481e-87fe-81e4a19ee47c,2026-02-28,1,1
d8613a51-2fc5-4ad0-bdfb-375efacf787f,2026-02-28,1,1
f166bddb-1ad3-4902-8f1a-863555ae208a,2026-02-28,1,1
34387f2b-7eb8-4f16-ba65-65b5063a3ab2,2026-02-28,1,1
e074519b-91a5-428a-aa26-aadbde72f6e8,2026-02-28,14,14
41f313e4-d15f-4bd8-9467-2f0e32f72fb4,2026-02-28,1,1
792a69dd-1c03-4ae6-86c9-07cbc17ffe74,2026-02-28,1,1
ae03b099-db07-42c4-bd07-9309f310f8f3,2026-02-28,1,14
b089ce9f-105d-49a3-a0e9-410a19b7fabe,2026-02-28,7,7
392f8212-806f-4e48-b573-113bf070cee6,2026-02-28,10,10
443ee306-0487-4861-8f8a-8f3aec9904e8,2026-02-28,1,10
55cb5481-6792-43fd-8677-b60878c29cae,2026-02-28,1,10
71923499-8ecb-48ba-8716-db2313adb4a8,2026-02-28,14,14
9ba3609d-cb03-43a6-a9bb-3e24c9175231,2026-02-28,14,14
a23b8906-4997-4d56-95cb-1d355b5e2c20,2026-02-28,1,1
bee6a738-02c1-4c96-8502-c33946b881b9,2026-02-28,14,14
c6f29d01-9f0a-47d4-8aa9-615c7163dbf2,2026-02-28,7,7
e2cdb515-b47c-4f90-b71f-96230fafad08,2026-02-28,1,1
0f5ccb92-7b51-44f0-a3a9-d6818f2902fe,2026-02-28,45,75
128376df-ad96-4ff5-82f7-4081ea4724fa,2026-02-28,1,1
37ec41ff-bf16-46a0-99d0-fb421f72e977,2026-02-28,1,1
718ec4ac-fbc9-4797-90fb-b7a97f357bf6,2026-02-28,14,14
8caa9dbc-ae82-48a7-ac5d-83d90548cb6c,2026-02-28,60,60
a453d31e-133a-4c71-9287-03a1867a7b2f,2026-02-28,45,45
0cbeeb4c-b5aa-416d-a060-5a5270828694,2026-02-28,1,1
1320c374-36c9-4357-9d51-83a6869109d8,2026-02-28,10,10
507d97ae-8e58-4aeb-9f17-0e119fc30572,2026-02-28,1,1
ab22fecc-3fa7-4b4d-aa7d-b9e4a806fddf,2026-02-28,1,60
aeec87e3-cdd1-42fb-bb2c-c733d2814d8c,2026-02-28,1,1
b998227b-fb38-464e-9e3d-7415751ce649,2026-02-28,14,14
dd017d45-4949-441f-81fd-998ed979aa35,2026-02-28,14,14
eed368f4-6769-4d16-8bff-35c88f35bd1c,2026-02-28,1,1
ef691386-c41d-47de-8ea8-d9b0c0425450,2026-02-28,45,45
669e0b63-1f96-4617-84ca-18fedbb55250,2026-02-28,45,45
bbd25e7c-ac03-414d-b7cf-ef21850d7226,2026-02-28,1,1
37b9a076-69ce-4e8d-9674-a21c155f7418,2026-02-28,1,1
5cebc91b-577e-4602-88e7-8db31f389112,2026-02-28,14,14
81d4c226-aae1-4f70-9d67-cc4b28b2ba91,2026-02-28,1,1
9c215117-687c-4590-b08f-e57a1704bd67,2026-02-28,1,1
9d9edc96-1bdd-4511-b39c-e7f9992e352a,2026-02-28,10,10
c403f3b2-eb6f-434f-a6b7-bf61441e395e,2026-02-28,1,1
d468bcd6-64fd-4888-9e84-fb3333192134,2026-02-28,1,1
f156b665-1f47-439a-8e3f-9447f8a5a6cc,2026-02-28,14,14
fa581038-f619-44ae-9e92-9b5ea0ee1249,2026-02-28,10,14
fd85e5be-7986-4145-879f-a7ce5607b3ca,2026-02-28,45,80
201f5b14-90ca-47b2-a0f2-4833557e6eeb,2026-02-28,1,1
437b2f8c-69b6-4278-bcbb-f00df0f0375a,2026-02-28,1,14
7251fa44-ffbc-4d25-9b50-2b85106368cc,2026-02-28,14,14
75e6f62a-4b78-490c-b7ba-c25d7c5d7bed,2026-02-28,10,10
7e441e61-2502-4a81-adbe-b7fb9796fcbb,2026-02-28,14,14
dad85778-ee88-4976-8349-5b7410263283,2026-02-28,1,10
11367c39-01cf-4a7e-baca-1451af7f44f0,2026-02-28,1,10
1c8b1e1b-6103-4620-9310-411d4349fe18,2026-02-28,1,1
427494a8-580c-4b20-953e-29ca070c97cf,2026-02-28,45,75
49d63961-12bb-4d66-80a5-7e7a053a3952,2026-02-28,7,7
5bd5b311-e598-4477-8cab-b0b71c1ed525,2026-02-28,10,10
a0a71e10-13aa-4b25-a5b4-aa083cfc5f70,2026-02-28,80,80
024303b7-5b37-4bdb-9e1f-fa73bc81c7b4,2026-02-28,45,45
0467480d-2d98-473a-9c2f-02b83a2c4f87,2026-02-28,1,1
164c43d4-c402-49f8-83d6-61e8b90fb4ce,2026-02-28,14,14
3eec0a3a-9161-4e67-becc-adde17700ec7,2026-02-28,7,7
5a907803-225b-4386-ba77-26a89551ce72,2026-02-28,1,1
6dac1f38-a9b4-4596-a6c3-4fb6becdbc36,2026-02-28,1,10
7be5fe9b-6016-4c2a-b291-fa690750a0b9,2026-02-28,120,120
b2b5ab7e-954e-458c-b9e3-11aa0cad71c5,2026-02-28,10,10
c61222cd-78ac-4858-8a08-b15469c77386,2026-02-28,7,14
bdac75ce-7c85-47c9-824a-3afe1099b40c,2026-02-28,7,10
cf1763c5-83d3-4632-8e2f-5a01f1c2ec53,2026-02-28,14,14
ee815780-cfd0-4ce8-bbd6-0aeea7871fbb,2026-02-28,30,45
06c01a96-98c1-40d1-87c9-ef8a91553877,2026-02-28,1,1
0c9ee6d3-506b-4669-beae-c7a14a907f7d,2026-02-28,7,7
29c71ea0-0fb4-44fb-ab9f-d1af3eafb9ce,2026-02-28,1,1
581c3390-620d-421e-979b-014689771dc6,2026-02-28,1,1
d736f62a-8ed3-4f5e-b985-03d1873dcf90,2026-02-28,7,7
e0f3d623-4153-4014-a693-a5b6963b4b4d,2026-02-28,10,10
e4bc2c8f-b338-4bdb-a8bc-f3953242a5f4,2026-02-28,1,1
cd58b206-063f-496b-a05b-13ee2f0eee3a,2026-02-28,1,7
1c62c2e4-c09a-45f7-a101-49f4375ee930,2026-02-28,14,14
23c21ff0-7510-431c-a0bd-d9ffec0447da,2026-02-28,10,14
44535427-9aa3-46f6-b00e-a6771c43cc7b,2026-02-28,1,1
7674232f-8657-4e19-853c-effc5537b5aa,2026-02-28,1,1
960b481c-421e-42b4-9532-31551507be0e,2026-02-28,14,14
9add7e3f-720d-4ad7-9d90-11b0a144c242,2026-02-28,10,10
b0f3a1e8-c437-41d8-a0bf-4ddbadff5b25,2026-02-28,1,1
b46b4bb8-e822-4f91-8c78-bbda6dd0533b,2026-02-28,30,30
1717daac-2528-4a57-accd-b5f549be7c75,2026-02-28,1,1
288f34d7-d684-4a52-b208-26c595db450e,2026-02-28,10,10
4b5efa23-f519-4436-9f1d-e35a86a9d600,2026-02-28,45,45
7d2df6eb-0294-4296-9336-f3e1ec0901d6,2026-02-28,14,30
e1f8c3c7-c726-419d-b84f-cc966574223f,2026-02-28,1,30
f5b6bf4e-e884-4594-b2c4-d416a47173b2,2026-02-28,1,1
fe9f332d-f4a0-42a5-a17d-23ced24befc0,2026-02-28,1,1
0005926e-8d53-45bb-9ce2-35ed355abae4,2026-02-28,1,1
487bde7b-534b-4202-8a04-8e47f596c659,2026-02-28,7,7
8d30b725-b6c8-4185-be8f-019fb4bf2bc6,2026-02-28,14,14
e4841a82-d80d-42b4-9179-8c25f69bc626,2026-02-28,1,1
e8f31cbb-86d4-43b9-aedd-265278fa531e,2026-02-28,14,14
efe7299d-7aa0-4971-84cc-c01f8d98e154,2026-02-28,1,7
f5a54bbd-b1ea-4532-9707-785ae43fed48,2026-02-28,1,1
39ae3f7c-047b-42e5-a2cf-2c8b2c333390,2026-02-28,1,1
5d10f82d-2622-4324-a5e4-f14eae7fd98c,2026-02-28,45,45
a8e86daa-e5c4-43b0-9b31-f25fc583e798,2026-02-28,1,1
ade67ebe-1871-46cd-8ac7-86a40335a0ac,2026-02-28,1,10
e01b267b-9c40-4d49-8807-9cd0c5fe4120,2026-02-28,1,1
f01b8f2f-02dc-415c-86c1-0d466af25c7f,2026-02-28,7,7
beff7674-bf63-47bf-8847-f61fbcd8869f,2026-02-28,14,14
c81283b0-8536-4935-93f1-a48582a49997,2026-02-28,14,14
c9b1ec93-33c1-409f-b974-4d4bbf553b98,2026-02-28,14,14
d5d6b492-8694-4a47-8f3b-51cedf895b36,2026-02-28,1,1
3219778f-12ef-4668-8b91-0359d57ed954,2026-02-28,1,1
b1c85e6e-2afe-4710-afcb-4f01b6bb72d4,2026-02-28,7,7
cc30266e-585f-496d-a603-acdfa49da866,2026-02-28,45,45
14024912-6446-4ece-a1e0-c17af9032e8a,2026-02-28,1,1
428ae014-0ff8-4a72-88ed-c4412e13592e,2026-02-28,14,14
6e2d1594-0271-442e-afa4-5e576f37bf11,2026-02-28,1,1
ca373f7b-883f-4516-aece-86c988af2d24,2026-02-28,1,14
a7214264-da05-41a2-a6fb-fe11fb86cbe8,2026-02-28,1,1
ab341d2d-a336-466b-b94a-e349b2f0da0f,2026-02-28,14,14
cf03ca16-925f-4f83-bc52-b638474e0ada,2026-02-28,1,10
0e90ded3-da7d-48ba-9169-7a82d7c40803,2026-02-28,1,1
19244de6-449d-4571-8f01-456fe6628ef7,2026-02-28,1,1
9629ed41-8108-475b-b40c-ffbf684a7196,2026-02-28,1,14
a3bfdc3f-1508-46fe-91ef-a99a45bfa1f7,2026-02-28,1,1
aaa7a3ba-957c-4f84-9eeb-dbe5e7bcb1e5,2026-02-28,45,45
d39f7df6-79f7-4a50-baab-44e40d954b36,2026-02-28,45,90
d8319be0-674e-486f-a5c6-0b3e1c0c638c,2026-02-28,1,1
e82dd304-489e-4cd5-bc6c-353c04a4f798,2026-02-28,7,7
f67a1126-d95d-411f-8c92-d2a2817f22b9,2026-02-28,1,1
f866661a-2669-4b4f-9648-42e467cb8f76,2026-02-28,10,10
0efff133-a483-4262-bb62-bc3a715f355e,2026-02-28,1,1
4a91f125-e862-4529-86f6-70e0538905f3,2026-02-28,1,1
6942cb36-88ca-48eb-8ba7-5beeda3980fc,2026-02-28,1,1
fb6a3b92-c37d-4c92-bba9-b143797edb86,2026-02-28,14,14
0ccc02fa-36fb-48c4-9fb9-c55ffd6d97b8,2026-02-28,30,30
11964ba5-66ef-4186-acf1-b5f6738a4bce,2026-02-28,1,1
7b986e77-d184-4ae1-8f01-a3feedb807cb,2026-02-28,1,1
d7b47b26-96e6-45d5-8389-23e87aa31074,2026-02-28,10,10
7923ab94-125d-4501-8033-e2ced0205ea6,2026-02-28,10,14
e72ec46e-4146-4a1e-8070-4b8f3ee146f4,2026-02-28,7,7
ef1b667f-0a61-46e6-9aa6-114b2ffb731d,2026-02-28,1,1
199c5923-d271-4e6e-881e-23989f41db88,2026-02-28,1,1
4750e545-d7a9-4003-b099-7b1590ee71b7,2026-02-28,10,10
574cef2f-83d0-43b8-8455-04a23039e7fd,2026-02-28,30,120
655001e6-cca7-46a0-8d49-a0ced3413e22,2026-02-28,1,1
6f078ba7-7dfe-46f5-be08-85c7d6647734,2026-02-28,30,45
ab43f36e-1016-4d73-a6c1-5a5324cb2911,2026-02-28,1,1
f6f8f7f5-7073-4430-87b5-142ac0ba7b23,2026-02-28,14,60
f8631873-a9b9-4d00-a59f-84642ea67b16,2026-02-28,1,1
12ef7dd9-fa12-405f-aba8-7cc4536c55a2,2026-02-28,1,1
5e8110cc-06f1-43fa-a5c8-4a457468ddd3,2026-02-28,14,14
5eb5d76f-5d95-4687-a24a-9d5f4d330be1,2026-02-28,14,14
6045503a-1137-4f95-b351-92caec9da837,2026-02-28,120,120
632e0a26-a8e6-4643-8e12-01f89567827d,2026-02-28,1,1
182df9ba-e50a-49c4-8b08-05ca01b73f6c,2026-02-28,1,1
2c582b9d-46c6-4451-966d-8b979f8632f2,2026-02-28,1,1
2cb33b4f-83d6-4fd7-ade5-90a6655e7d29,2026-02-28,45,45
4867a84d-8be1-4f01-88a9-d5228de92725,2026-02-28,14,14
aefa6906-6f35-4a8d-adda-0203c91f6c13,2026-02-28,14,30
c628087c-bf07-4d04-af36-07c94d1d40dd,2026-02-28,10,10
da4327e3-62e0-4d5f-a268-0cb71c8550a8,2026-02-28,10,10
f222969f-61c6-471f-85c5-721fa226a7d6,2026-02-28,1,1
28f0a0ad-671e-41bd-a234-286e2c8a425f,2026-02-28,1,1
58d990a5-d548-452e-bf9d-34a2dc1afaf8,2026-02-28,45,60
81f984be-dea3-4d14-bafe-912ca606d0b8,2026-02-28,30,30
a53688e9-e55a-43e8-b0ba-47b1484b6da0,2026-02-28,45,45
c87ff203-cead-4501-8819-3b5587672ec1,2026-02-28,14,14
e8220ee4-594c-48c1-8237-e2c4dd35e840,2026-02-28,1,7
e8c5a686-82de-48cf-8776-9288c6ba477b,2026-02-28,1,10
9b7dfa1d-0029-404a-ba58-a55bc0cfe186,2026-02-28,1,1
d85b9f73-8d94-4a8e-8ac8-2a08ff4c52ee,2026-02-28,14,14
1794610f-a70e-415a-92f8-82b28a05230a,2026-02-28,30,30
6c6f1c2f-9938-4bfd-9333-74129df0544d,2026-02-28,14,14
7d09beb9-3c55-41dd-9fae-005440bf9826,2026-02-28,10,10
8ef6a429-12f6-48e3-929b-a334ff2bed0e,2026-02-28,14,14
b6b49a4d-4f1c-4bb6-a6d9-1205decf676f,2026-02-28,7,7
d8717aab-5a41-4dad-aae3-3b569c2158e9,2026-02-28,1,1
1746c320-26d1-4308-b87d-6e7c2d4a1eef,2026-02-28,1,1
22307067-585f-4ec5-bb61-290145ee94d0,2026-02-28,10,14
b1b19f4b-c337-4eff-8bb5-870fb5a6d6b1,2026-02-28,45,45
bfc20399-720e-4765-b463-f2ec439035c1,2026-02-28,7,7
c83c86d3-0d5c-4b71-b1c7-077754fc02ae,2026-02-28,45,45
cbb0fa07-a488-40d5-854a-e3dbeff2a45f,2026-02-28,10,14
3d93056e-9c39-49fe-a74c-5081dddc3aaa,2026-02-28,30,30
7848f2c1-b505-445c-ab41-303f95633553,2026-02-28,1,7
7b10d593-2888-4358-894e-fa89f32ed89b,2026-02-28,7,7
7cc0a8d2-44b3-4058-88fb-83f3cc1848b8,2026-02-28,10,14
866fd01d-07ab-4917-aeea-fe09a14c0bac,2026-02-28,1,1
91d6c2fd-f040-4700-b00d-21b7e5275b80,2026-02-28,1,1
9c027483-dfaf-49f8-9c8c-4058924662f6,2026-02-28,1,10
c022d318-c22b-4ff2-bd71-d17d58053ab7,2026-02-28,1,1
e282eb3e-2fe7-46d3-adef-34f8eed8d288,2026-02-28,14,30
eccef0df-2848-480e-9dd8-deb75db4a8a9,2026-02-28,45,75
0f550e6a-451e-4ecc-ad90-6dcb4781fec2,2026-02-28,1,1
945e3bf3-3c93-4342-84f0-a61214f84fcd,2026-02-28,1,1
7158b90e-bd16-41b5-9fd8-e29e364598ac,2026-02-28,14,14
86f8ef1a-e7d0-48da-92aa-2e667fb299c6,2026-02-28,45,45
9d4077a8-c6b3-4b50-9c89-c4618cd33f2f,2026-02-28,10,10
9f2b9f49-55aa-4abf-b8a2-2bb4b6866024,2026-02-28,1,10
fa6169ae-7aa9-486f-bbb7-06e4db9db061,2026-02-28,30,45
16370b13-d9f6-428a-aed9-7f5247d39dcd,2026-02-28,1,14
3e2c5909-186e-4011-a7dd-00f0498e3efd,2026-02-28,14,14
7e9be8fa-9456-4222-a6e4-79a876ca1695,2026-02-28,1,1
bda67a01-0021-4568-80ff-6ec30d30dd08,2026-02-28,1,1
f82ef50f-79c9-4f90-b10d-d860bfc3f26a,2026-02-28,7,7
ff34d8dd-11f4-4c65-8ddc-1a65841bc00c,2026-02-28,7,7
14e50626-f679-40ff-b818-d03e96b0cd1d,2026-02-28,1,1
1998872e-cf9b-4237-a8d9-019435a06844,2026-02-28,1,1
dccaf702-1d1a-4428-89c0-b5670e77db30,2026-02-28,1,7
edcba491-a990-40fe-a4a1-b0dbf65efe6c,2026-02-28,30,30
00d321c2-ef66-4714-8981-e6dec00fd07e,2026-02-28,1,1
8507b347-f431-43cf-9084-e2ac698acdb7,2026-02-28,1,14
eebed762-56b5-4b08-95a6-e9ca990f83ba,2026-02-28,7,7
316ff7d8-1124-4b42-a1c4-5238f4a3fc3a,2026-02-28,7,7
43ab8ce6-946a-4b07-9a0a-714dccf8ba8e,2026-02-28,14,14
5888de75-b697-435f-b46f-5f892bc5ee2b,2026-02-28,1,1
77260b48-da9d-4cab-be3b-a098fcdd7099,2026-02-28,1,1
8926f881-8479-4cad-a719-37c59787b7d0,2026-02-28,1,1
be5fd4a2-f080-4405-bbd9-3071117438b1,2026-02-28,90,90
d5bf63fd-9cdf-49c3-8487-d4320b322ec3,2026-02-28,1,1
1f0b9f0a-586f-493a-bddc-f56562e91614,2026-02-28,10,14
31c69511-057c-410a-ab2f-52c5e6763e44,2026-02-28,10,10
41fffdb9-dc01-420e-abda-5c98b4eb356d,2026-02-28,7,7
4fd2c7af-8f6b-4649-b6a3-9db02659f905,2026-02-28,10,10
730b898f-3ae7-460e-8651-2f595167619f,2026-02-28,90,90
927c572b-0d82-4f79-b79a-fdbb1b8673f5,2026-02-28,10,10
b36cf430-3d34-4a3f-8f7a-6b987086aceb,2026-02-28,30,60
c43d0a45-db11-4c5a-8392-772b0b384609,2026-02-28,1,1
ca8f2b21-705d-45a5-ad06-d59a3f0e4de4,2026-02-28,1,10
fe447de1-86c7-4023-be4a-f0bd26523d48,2026-02-28,1,1
92417fe4-cd6a-40cb-a694-eb614bbc28bc,2026-02-28,1,1
aaa969ff-aadc-4128-ae29-e9d977df79a2,2026-02-28,7,7
2bf9621b-6931-42c2-84e1-7777cfec5ab2,2026-02-28,10,10
5783c010-dc86-4af6-8bcf-a85611efcfe1,2026-02-28,1,1
5d75d0a8-2456-4a49-ac34-8c1e6badddcc,2026-02-28,45,45
6ba72972-5e4a-489b-a61b-394b674bcae5,2026-02-28,1,1
722a66b3-0e7d-4de4-967a-ff9f9ba93bc3,2026-02-28,14,14
97d17dda-25d9-45f0-96b7-e7d95c5c024d,2026-02-28,1,1
b4da7a41-40cd-4073-857f-48a1b0934670,2026-02-28,1,1
b6c02211-9013-4418-876a-c3602badd9f2,2026-02-28,14,14
df37b255-8ba5-4f32-b11d-0b4b15644141,2026-02-28,1,1
ea7a218a-41d8-40d0-b57e-5b448596d527,2026-02-28,14,14
5d700450-1bc0-4bb5-98eb-9dd7502682c6,2026-02-28,14,14
8bdf2fb6-1d84-49d5-9f5e-9c06f9f4f5f0,2026-02-28,1,7
8e5dd608-e447-43a7-9e50-bd1f235ddb95,2026-02-28,1,1
c8189445-c0f4-4d21-94f6-de4fe71c69d1,2026-02-28,90,90
0356ba46-8bf3-4f51-aeeb-35a092745918,2026-02-28,1,1
32a0681e-0040-4d30-8a29-cbb4a6d142e7,2026-02-28,1,1
42285f80-22e6-4968-87c0-cd34e13fd8ad,2026-02-28,1,14
8e0c7693-2eee-41c7-8839-3aa26c1c21ec,2026-02-28,7,10
d9382aea-41d9-4821-8e92-adc29b1875ee,2026-02-28,14,14
f5be772d-7889-4603-8ab2-8c998b7c34b1,2026-02-28,1,1
f8ab9efb-df3d-45a8-b98a-f749e921dd0a,2026-02-28,45,45
01682061-0a20-4e3e-9d42-d4f964a4fd83,2026-02-28,1,1
8e24dd8a-42a9-4d12-b5bb-5412d0a56340,2026-02-28,1,1
0c52d911-e0c1-4ccc-967f-98cdc41c3fda,2026-02-28,10,10
86d092ea-47c9-45b9-a5a3-f80963baa4d7,2026-02-28,1,1
87a1b25b-f413-4ac4-8d03-92a25143e508,2026-02-28,1,1
9d1943fa-9acf-4c08-a469-9dcbda78250f,2026-02-28,1,1
a3d44709-2278-4097-8eb3-e83e0eb43516,2026-02-28,14,14
a6feedbf-f7c0-4e5c-a97b-29da4486ee2d,2026-02-28,1,1
e5c5c927-0045-45f0-be96-ddad652dedf5,2026-02-28,10,30
a287cfb4-f8a1-4449-adf8-15866c386b90,2026-02-28,30,30
b5f301b3-5671-4418-84bf-86cfc6a85db6,2026-02-28,45,45
c056f0ff-c562-45db-b63f-c4ab01276129,2026-02-28,14,30
c082aac5-7014-46d6-9cce-31cd28df66a6,2026-02-28,10,10
c55bc2da-1ff2-4a87-82d5-5e6dc3edbfa1,2026-02-28,1,1
fdb22316-d898-4a7a-8b83-19ed759162c0,2026-02-28,1,7
0b8bc21f-6468-4a58-9dfb-24bb1f9e3182,2026-02-28,7,7
20fc189e-6b8c-4673-ae8a-50c96084c326,2026-02-28,14,14
3ae21259-768e-4024-b1f3-78a2ee19fa13,2026-02-28,14,14
4f411093-1819-49ad-98ff-9157e591ceca,2026-02-28,14,14
4fa1f9ff-a84e-4c44-a783-c74832966e35,2026-02-28,10,10
5e254182-cc42-497d-86ae-2f907aa4d94f,2026-02-28,1,1
61fe7ad2-70e7-4457-a5fb-65d4124d344a,2026-02-28,30,30
87bc148d-7882-4569-ab19-dee0f5d82160,2026-02-28,1,1
a3e7cd6e-4038-413c-8eff-f93e625e8acc,2026-02-28,1,1
be8d5070-2626-4310-a83b-3b79e57ad96b,2026-02-28,1,1
ed4b297b-bd13-4ef7-b81f-cbe8af6ff404,2026-02-28,14,14
0b03232e-60f5-4568-871b-5b56f9c20030,2026-02-28,14,14
19773c68-ddc2-47c7-8d9c-4c84bdd1d070,2026-02-28,1,1
3d1f9aa8-4118-4c96-bcaf-9f986751bb03,2026-02-28,1,10
60650431-660c-4f96-a990-38ff9bee08a6,2026-02-28,1,1
7cba8597-76f3-494e-a184-fa81d6cccc76,2026-02-28,14,14
b3d8533a-b802-43d2-a496-04b413576bb4,2026-02-28,14,14
cdfccfa9-5daa-494e-ae8a-43a00ba5eef0,2026-02-28,10,14
d67fe953-1c51-4e28-8c28-d7f1db8af2de,2026-02-28,14,14
1969837a-901e-4bba-b146-8a6feca56ba4,2026-02-28,45,45
1e7a95b0-bcbf-473b-8042-0f2069fd726f,2026-02-28,1,1
3899b1d2-90cc-4505-bf48-e84dff036068,2026-02-28,1,1
79ad7c83-d63c-4131-8cf8-f96300f691f4,2026-02-28,1,1
882ad417-991e-4129-a554-450d46e9713c,2026-02-28,7,7
cb741957-7602-4514-9f5d-e5e9d4043c40,2026-02-28,14,14
e0b09c00-4a2c-4c8b-9332-b6b83ccc6d96,2026-02-28,80,80
0d19812b-815c-4845-a05c-34c409fa708b,2026-02-28,14,14
1670c90c-f82c-4e3f-8625-9f184a641961,2026-02-28,14,14
27d32cf6-8410-4616-95ad-060baf372253,2026-02-28,60,60
3f23a00a-e678-46b5-9268-f8dac8c89517,2026-02-28,14,14
50b33d54-7b7a-4732-a8d8-a07f87b232b5,2026-02-28,10,10
e8890b66-38bb-439c-8f2e-4877b9cd16a0,2026-02-28,10,10
05616a2e-ba59-4eea-9277-9c8662961d80,2026-02-28,14,14
1e8cbe40-0b6b-4525-b4cb-2335666f5392,2026-02-28,7,7
4bb21a35-5793-4d6e-8e57-6ff962349011,2026-02-28,1,1
5574a4df-c430-4988-bcc9-edd4c269e35d,2026-02-28,7,7
6aa63255-da99-4c13-9fdf-ac32cb8a5ec6,2026-02-28,30,60
7ebe7a43-c6ac-4c2d-b24f-24cc6a94ca43,2026-02-28,1,30
99cc0ece-4594-48fd-9207-ad24e11427c4,2026-02-28,1,1
a0c0ac00-d501-4571-b93d-1b154bc169db,2026-02-28,1,14
b63fec08-cef7-433e-af12-2ef41537fbe6,2026-02-28,7,14
d177a826-dd6b-4ffb-83de-42146151677c,2026-02-28,1,10
d62c084c-b5de-4c3f-9449-6e2128213411,2026-02-28,1,1
f774206c-3d41-4812-8ddd-1833b9e870ce,2026-02-28,1,1
143b2cb2-178b-4a4b-8166-7d20b405f129,2026-02-28,90,90
31d2c8d7-f6a8-40fe-a3d4-84a4b79b461f,2026-02-28,1,10
ae25ea38-628b-41ab-8c4c-8d8ad4b4f2c6,2026-02-28,1,1
bc05a010-41e8-4e61-bc3d-da14a073b040,2026-02-28,1,1
22bfb789-af72-43bd-a576-0b852b8e30a3,2026-02-28,7,10
3f7943d8-488c-4fc4-a3c2-572c2bcd0762,2026-02-28,1,14
dc8d0e1f-1b9c-4a3d-98c7-88eb227b3a55,2026-02-28,1,1
e73e07e7-9681-4cab-bb48-598a65f138e8,2026-02-28,10,14
f42ce62a-20d3-447f-b997-1038d8e271cb,2026-02-28,1,1
15da65ee-3b87-4808-94d6-c77328ae7e4a,2026-02-28,1,1
33c0051b-45e5-4a93-9c6a-d20338b67ccd,2026-02-28,1,1
61ca725c-a6cf-41ed-941c-9955a9917e75,2026-02-28,30,45
90afc029-2876-42d0-a898-9b5285a8a3bb,2026-02-28,1,1
ba0da0b0-47ed-4461-a321-1e328f9d4a1d,2026-02-28,14,14
2824df36-dad3-4c78-8bb0-b4f5f01622c2,2026-02-28,1,1
39cf270a-b7af-4af9-9476-b1954f719bc2,2026-02-28,1,1
9f7f0e12-2f1a-4434-a9f8-0017d54b97e6,2026-02-28,14,14
ae8e5868-95bb-4377-8a3f-70c677929dd4,2026-02-28,1,14
b61a0c82-5498-4936-9eb6-e49e9f42cec4,2026-02-28,7,10
e7d125ae-c060-47e4-9d47-c5f7820d246b,2026-02-28,1,7
09c750aa-48e1-475d-ab17-5b8b34fa6c85,2026-02-28,1,10
335794ff-534f-4e12-a13c-dafd69837ea3,2026-02-28,1,1
76109e22-9ebe-4b7b-90ed-0d5bd0b3cb97,2026-02-28,10,10
a52a83b6-839a-4206-8bff-20cfd28a1eab,2026-02-28,1,1
acbe956b-0de6-4274-a9b3-b4215e237302,2026-02-28,14,14
b9d4a449-f69e-4b90-8764-a1b84e236970,2026-02-28,1,1
d780f4d6-c375-4d38-86a1-69af2c014920,2026-02-28,7,7
1ffa3a78-fe14-4d15-9977-bf0b7a181e61,2026-02-28,1,7
22f5b0c1-4e99-407d-a20f-d47e7b78b77b,2026-02-28,7,10
2735aba7-0ab3-456e-a135-7cc3bbfed8bc,2026-02-28,1,1
346893d4-bd5e-4e97-b035-ee0d3424277b,2026-02-28,1,1
4941cbb1-3c6a-4d8f-b6ce-f894aed2d1d4,2026-02-28,1,1
68c3ee60-71fd-4b2d-b521-5801687d1528,2026-02-28,1,1
96facb60-7262-48a6-b966-1335fa6e821c,2026-02-28,14,14
b48b03e8-ea4c-4eed-b0da-8d04afab62e7,2026-02-28,1,1
bf3c7c2e-d99e-487d-9fbb-fc658043da29,2026-02-28,45,45
ed9c34a5-2bd5-4be5-a643-35b4fdf0a05c,2026-02-28,10,10
398c8596-3460-43a9-b2e2-9fbb66f52533,2026-02-28,7,7
3fe2ac04-9fdc-46f5-a3b3-fe45b7c0b990,2026-02-28,1,1
5d932b99-6aac-4073-a9f7-02556b7844bb,2026-02-28,1,1
bd56b6b5-9725-46f6-a935-e1f7d7f43324,2026-02-28,14,14
bdfcd4b6-e2d1-4357-a267-3fc80dce8650,2026-02-28,1,1
cee7d907-eae0-4a2f-b238-94d0448d9e81,2026-02-28,10,10
f57324a3-3d59-457e-969c-bd209e6bc75e,2026-02-28,14,14
f6c228ab-a6bb-4561-8114-8d473d317654,2026-02-28,10,10
437c4caa-fd94-4d8a-9040-778bbb02b2d7,2026-02-28,14,80
48ba855f-c379-4ac2-8916-9ac91e012596,2026-02-28,10,10
4ca02a49-7aa8-4ba4-bfb0-f5560df13a0c,2026-02-28,14,14
6904f27c-cc46-4523-ad5b-52c0412f6c0d,2026-02-28,30,30
80ad9fbf-7afa-472e-b2da-0cdde9019552,2026-02-28,1,1
17f074a5-ab48-4770-95bf-83d354746fa9,2026-02-28,7,7
3da44d13-8357-4917-a040-25b53d6b825d,2026-02-28,1,1
abc2cfe3-bf33-4c8e-b781-f79844211888,2026-02-28,10,10
ad66db3d-af2a-40f8-b00d-9c07a9e09698,2026-02-28,45,90
b6e0871e-a0b1-40c8-b32e-be30710550b3,2026-02-28,1,1
c7774fc7-a156-42b1-910e-bd313400c060,2026-02-28,1,1
f5077456-0d73-40bb-80a2-345f990166d7,2026-02-28,30,30
2f36c670-adaf-4c69-8efc-ba2363309116,2026-02-28,90,90
809e75a0-11f9-495a-b407-165c219192d6,2026-02-28,10,90
a111888f-de09-4dad-a6be-921e3c494aa0,2026-02-28,1,1
c5b8d2ce-0cfb-4aeb-99e6-880fe29daaac,2026-02-28,7,10
108e1b44-641d-42a2-b65a-3a65d0246bc5,2026-02-28,1,1
219ed245-1b49-46b5-9641-1271b8555789,2026-02-28,90,90
732b0356-4ec6-44e2-960c-39a9ce6e917c,2026-02-28,1,1
82a2f95f-a57b-4b29-8afb-83d3353a2ff8,2026-02-28,7,7
b06bcb8a-e9ae-4a59-a61e-f824b3597d1f,2026-02-28,14,30
bcd0a72a-69ac-411d-9a4d-2d333f3ecb60,2026-02-28,1,1
e1ac6d75-16e1-4d0e-9dfa-d2420b640a5e,2026-02-28,1,1
f2fad672-5184-487c-8ea4-db4724c81cc6,2026-02-28,7,7
072a755f-df65-4ac2-9ade-66eb022397d0,2026-02-28,1,1
26a4485e-f1bd-40f8-a7ed-fb34c9d59c28,2026-02-28,1,1
5b52edb3-5120-4ceb-9cb4-0ccf7db4aef4,2026-02-28,7,7
5c1cbcb2-aa76-4a28-827a-03a9b0512651,2026-02-28,14,45
6d617f67-0e15-48cf-b002-aac3d7391a61,2026-02-28,1,1
c529560c-b356-49ef-9c39-75f8adb94cbf,2026-02-28,14,14
e9c300c0-5f4e-440f-8d2f-87e08fa14319,2026-02-28,1,10
3170e5cc-5dac-41f8-84bd-c10014b12770,2026-02-28,1,1
46de1dc1-1ce4-452e-846c-8f18547432c7,2026-02-28,1,1
6a11ae98-1a21-4137-b74d-409b17cbb36a,2026-02-28,10,10
6f7f3c7b-b851-430e-9781-202ca5a261ac,2026-02-28,1,1
7ddbf7da-3f08-4aa1-acfc-3548d6a77ecb,2026-02-28,1,1
51581664-4ac3-4bd6-a75b-3ab33a22bf20,2026-02-28,14,14
9eb0f34c-bb81-4723-b7f9-dfa8279684ab,2026-02-28,1,10
c03ca504-ca08-4bf1-a443-9cba35984c8d,2026-02-28,14,14
c2496811-276a-4b6b-ae58-fbd03c2b10ea,2026-02-28,1,1
cdccb5e7-c2be-4d82-9323-2992b51ff711,2026-02-28,1,1
d605a87d-635b-426b-98ef-1442de1d5fb7,2026-02-28,1,1
f9882180-9bf5-45d0-97bf-c1fdc3890c8a,2026-02-28,7,7
f9e94d1d-e635-4c54-bc6f-fda2b4c89e3d,2026-02-28,7,14
4433d580-3458-4a8d-8c4f-af8517bb085c,2026-02-28,1,1
b9a6ef68-33e1-4fd5-badf-ab6144c8e92e,2026-02-28,45,45
ccc6a480-aa9d-4c66-a1b7-238e9a7afa43,2026-02-28,1,1
dac9753f-599a-4eae-b692-85cce7802142,2026-02-28,30,30
16cc3e3f-4a87-4245-9031-57b1f857ba95,2026-02-28,30,30
5a043f74-375e-425e-9af5-cfc84e8eb689,2026-02-28,1,1
637f6290-330d-40ba-a56b-552368d3f75f,2026-02-28,45,80
b4b7313a-44b7-478e-a424-e1bbc3ad3d15,2026-02-28,7,10
dc1c146c-04a5-4a33-9760-490d968a8d8f,2026-02-28,45,90
e3d8e5c1-128e-4674-a5a4-14b720115679,2026-02-28,7,10
22f818ac-8119-4d05-8dbd-77a0ddfa6ac4,2026-02-28,10,10
890e07a9-5825-490b-aa0a-d12d406d63e7,2026-02-28,10,10
97924856-e34e-46f6-a0e3-1332099fcc03,2026-02-28,10,14
546350e5-8c85-4a32-8985-5b9635417c93,2026-02-28,1,1
75fb80de-d5d5-4ea3-bcee-faca1f3ba55a,2026-02-28,1,1
83550dbe-4c28-4f76-b754-bb7e519def66,2026-02-28,1,1
a415ca1d-a5f3-4258-99d0-94b0bbde4f4b,2026-02-28,1,14
d8e440e0-3352-4946-a457-bbb4457db78e,2026-02-28,7,7
17146c4b-f23a-410a-9369-347bb5d40c03,2026-02-28,14,14
5e72dc7b-32cc-4a59-a9ff-5ea2e12b13f1,2026-02-28,1,1
785ab66c-fd11-416b-8b1c-1fdcb6f6e2cf,2026-02-28,7,7
8f3a3c5b-fa4a-4f6f-b171-d24c90f7a96b,2026-02-28,1,14
950c956f-fb49-4b17-96da-a0edfca04286,2026-02-28,10,10
ed6653c4-e8f9-4585-9102-7e9b4e4091ea,2026-02-28,7,7
056830f7-72b5-47c5-913f-dea241ee2b46,2026-02-28,45,45
13b1cd32-652c-416f-84ee-26cf86fb7df3,2026-02-28,7,7
4dccdd5d-ff59-4579-a293-dee014611092,2026-02-28,14,14
75c44df3-d87c-4661-ad9f-d148896ff7f6,2026-02-28,1,1
773aef31-4536-4253-8aba-c5eb8a0b5d33,2026-02-28,45,45
9f9a2ddd-a036-44fb-9477-0b0645c02faa,2026-02-28,90,90
d4d4aa62-a6e7-4b79-826d-65b31c26d63c,2026-02-28,1,1
dfd38415-68d4-4ba6-bc4f-c5ea9008640d,2026-02-28,1,14
1fb6eb11-1c68-4e64-a902-5926acbc8b8a,2026-02-28,14,14
8284e5c3-3c17-48e9-82db-68b8f22d744d,2026-02-28,7,7
841d6c39-3376-437a-8f41-d325babd4098,2026-02-28,1,1
c3506398-b82e-4894-a768-92af5951c444,2026-02-28,1,1
e454545d-77c0-4319-8723-79329ccffcce,2026-02-28,7,10
ec5286f4-ce7b-481a-bad7-47a321944448,2026-02-28,1,10
7cdb93ca-83d2-4382-acfd-c7a80b8c78da,2026-02-28,14,14
af838684-daa5-4fd2-8885-318d38cb1b11,2026-02-28,10,10
f7ebe987-5f40-4fbd-9438-63788c205e09,2026-02-28,1,1
08bbd101-9f2c-4703-aa1a-ea47b9cb973f,2026-02-28,10,30
0c202cf5-7378-4b1e-bfc6-d064c55d2df0,2026-02-28,14,14
7536c360-52cf-4c1a-8e46-e824a43cec16,2026-02-28,14,14
9ab98725-80d7-4e61-8f75-f36cb7f11c58,2026-02-28,1,1
1f19cd78-2e6c-4154-9572-a70f155f2833,2026-02-28,1,1
41769927-7cf6-411c-9828-51b537262afd,2026-02-28,1,1
585dbe48-d534-4874-9eb1-7f2d8e16951b,2026-02-28,1,1
655d1f7c-66a0-4704-aff3-353234b7659f,2026-02-28,1,1
9496f5aa-e521-4954-83f5-0666a3e25f87,2026-02-28,80,80
9912c97a-984c-45d4-b088-d755db62ee78,2026-02-28,1,1
b2f4c790-9f59-41c9-b888-c089be115ea6,2026-02-28,14,14
c4e2b6dc-a432-4932-bd6e-1c439fb1e609,2026-02-28,10,10
c7ad271f-4341-4ad2-ad32-df00675d3c7a,2026-02-28,1,1
e758b674-84e6-4bd6-9b99-55fb6d4427f8,2026-02-28,1,14
f0793335-5906-4cc3-83cf-d947e467a5b7,2026-02-28,1,1
02ae9c44-8a3e-4a97-bf43-7cde4b8ce14b,2026-02-28,14,45
a375b543-376c-45c7-aeaf-f4ab0b6097ec,2026-02-28,14,60
b582c0ce-a0a2-43fc-af7b-45377553618f,2026-02-28,14,14
c532c1ee-5f7a-49ce-8ebc-73cd71abd2ad,2026-02-28,1,1
f5d39c05-d6db-4623-9d60-f243d4634398,2026-02-28,10,10
8ebe9c65-8009-4b84-a16f-546b87c26710,2026-02-28,30,30
c4e6cf37-34b2-407c-9d1f-a1417139fb06,2026-02-28,1,1
db590336-485a-4bfb-adfb-d6dbe242ed29,2026-02-28,7,7
159376e6-86f6-4c5f-9d98-d17784582c69,2026-02-28,1,7
5683ddcd-2cab-4259-911e-0f32c6770c51,2026-02-28,1,14
93ad2f0d-d298-4b4d-ba32-a2ac365766b7,2026-02-28,1,1
b94b4aa2-8587-4097-9cce-6a968b8a5f98,2026-02-28,1,1
bbe0d3ba-e7f6-4e63-8352-c42d3ec145f3,2026-02-28,1,30
f5bdacfe-1da8-453d-a4ea-dbd3e7a192c7,2026-02-28,1,14
f6bf50e6-7407-4a87-9000-29c8e6681cb7,2026-02-28,30,30
fdd89a6d-7a36-43de-a190-246b423cee57,2026-02-28,10,14
1bc6642c-e92f-4725-b401-e23d84012bfe,2026-02-28,10,14
661cc0f6-2213-47ef-8462-097d74f6a2db,2026-02-28,14,14
80968e78-19a0-4e6c-a331-a49b6428ad20,2026-02-28,7,7
1146dd12-af53-467e-910d-2a9156280aba,2026-02-28,7,7
2ef0a0ed-1c66-4ea5-b57e-c66d61fde186,2026-02-28,14,14
34d3ba70-7deb-469d-ba3f-622206d87f01,2026-02-28,30,30
4729c680-b7e6-4a89-8785-989229887078,2026-02-28,1,1
5d59fc34-40d3-4802-8a03-35b2e6d867eb,2026-02-28,7,7
993a6586-bae1-4121-9ce0-23005be510c5,2026-02-28,10,10
9a5c12c9-37f2-49db-8793-df715f69bd7d,2026-02-28,1,1
c26b2132-27d4-4b7d-8c2b-9943ee38b8ea,2026-02-28,1,1
dad73e9c-0b4e-4a12-bc94-9049cb5998cd,2026-02-28,14,14
e8cda90a-577e-4509-86db-94128a76feb3,2026-02-28,1,1
f7c43110-b3c6-4a68-b6d0-ed9b6f47ab61,2026-02-28,1,1
00289237-0b81-4d53-b96b-0951bb65360f,2026-02-28,1,14
0f8ee74b-b85a-4783-bb22-982ae81ffb9c,2026-02-28,1,1
77bff108-a430-4df6-ba39-9f53c1d9beb6,2026-02-28,14,60
8f7cbe98-0446-4430-a48a-1bf96f347b2f,2026-02-28,1,1
b8c01d7a-52c3-4ddb-b550-20b0cf0454df,2026-02-28,1,1
bce87f39-9f49-4d71-bee1-bf981a6b422d,2026-02-28,10,10
ff46b9ec-a576-48d1-a35b-9654c497bcba,2026-02-28,1,14
4ed1f6cf-67a3-447c-b509-037d05f28384,2026-02-28,1,1
874340b9-d99f-4319-bb1b-9ff7dcb82b14,2026-02-28,7,7
b5e62880-333a-4202-a704-2f4a983234d4,2026-02-28,60,60
c72bc84e-995d-4a24-830c-8b9c0b770c35,2026-02-28,30,30
ebc59da4-e4e9-4992-a144-cb1db603e2c5,2026-02-28,1,1
fa989bf8-63b5-4b45-802f-4881927e9983,2026-02-28,90,90
01102b4f-bca7-442f-bcfc-b0e1581221a1,2026-02-28,30,30
38d64ea2-cd0b-4f53-bcba-7be36ae0e033,2026-02-28,1,1
c4cd09e2-e101-4b3d-93d0-6cb643f5796c,2026-02-28,1,1
fc75ec58-3a67-4812-b237-e797a83d46e2,2026-02-28,1,10
097c37cf-4bb3-439a-9a4c-906e67c9e105,2026-02-28,14,14
20f570da-2d58-49d3-aa08-f1d517e44f2a,2026-02-28,1,1
0a04e715-692e-4884-b240-08d5c5226290,2026-02-28,7,7
2f493c96-405e-45eb-a085-5fbf6848972b,2026-02-28,1,1
36a28db3-1078-45bc-85df-d8e028e1065f,2026-02-28,1,14
79232ffe-2aee-4000-a717-5665857e9472,2026-02-28,1,10
9ee64d7d-f4b6-4a1a-9010-56e01616fa08,2026-02-28,7,7
a18fd481-6ef2-4196-b6da-d03c67c248fc,2026-02-28,1,7
de9ca32a-1e11-497b-80ee-b42fd78d6934,2026-02-28,45,45
1ff9b76c-238d-4b7a-b4fa-6b852939c591,2026-02-28,10,10
47f31634-72b5-4112-aee2-f52fcac28285,2026-02-28,30,30
7ace58ed-ef79-4df6-a27d-cdf2fd132a0e,2026-02-28,7,7
7fb8953b-f88b-4a34-af81-795a9535473e,2026-02-28,1,1
8294f514-cde9-48a3-b6c1-fa91edb9ff90,2026-02-28,1,1
b05e6fd4-ecdf-4210-aba9-8e21bb0b1063,2026-02-28,1,7
ed69eb7c-42c2-4556-b98e-bc8dcfcdb17b,2026-02-28,10,10
1c73e7cb-de9b-43dd-a72f-09d31c917363,2026-02-28,30,30
4b238930-a50c-4e6f-9729-8dd70eda1573,2026-02-28,1,1
6a57503f-c9be-4edd-822d-c205a7cb34e3,2026-02-28,1,7
760034e6-53c5-4943-8dc5-c3c88ce3c5ef,2026-02-28,14,14
69516de2-bdc1-401c-8872-a85a49f89ba4,2026-02-28,1,1
836e69e2-5701-4597-aae6-cc1d3a9328cd,2026-02-28,14,14
85732877-69a1-40e6-b26e-04b373a38f95,2026-02-28,14,14
b45e91bc-b32c-4425-853e-fae0b7c983db,2026-02-28,60,60
b4f265fc-d071-4b42-8b10-df4936e913a6,2026-02-28,7,7
0206375d-a293-470c-9066-bb6add54bc38,2026-02-28,1,1
02b47fda-ebf7-422d-9727-f2743a667438,2026-02-28,14,45
329a4d85-89bf-44cd-9b3b-f2ff8c411f93,2026-02-28,1,1
5871dc33-c9c4-4dc1-b9c5-e0439615a18b,2026-02-28,14,14
79fc89c5-efa3-4884-afbd-ab771aa3d99b,2026-02-28,1,1
91ec9242-557b-4b4c-b6ed-e6f4d7561b9b,2026-02-28,14,30
a8e3b965-e45f-4c66-87b1-d0b65b0341c4,2026-02-28,7,14
b6c6cfa2-f6da-49e8-8613-edcbd78276ac,2026-02-28,14,14
f6817b84-d259-4eab-b565-0f3f87650fde,2026-02-28,1,1
435f6c2a-df6b-44b0-a78e-59d6996685d7,2026-02-28,7,45
685a7100-4ea3-4c32-a99d-425dc9c39299,2026-02-28,14,14
8ff849b8-fad5-46da-bf22-bfeb0ccfd0d5,2026-02-28,1,1
a097aa20-60c5-4a65-ab96-2984d00a9aa4,2026-02-28,1,1
b08fb370-00bc-4aa3-911a-7547bec77cfa,2026-02-28,1,1
c39b5fac-5ae3-4e6f-a1b6-ae0bdd69770c,2026-02-28,10,10
d086d9bb-4e1f-4e2c-b843-282c4fdeddfd,2026-02-28,14,14
e4154279-d4ab-4f7d-a5d2-1a0b3177f47f,2026-02-28,1,10
fc79bd5d-d69a-479b-a066-0953df054784,2026-02-28,1,1
0194ed18-3b51-474e-99e8-d567f9dde19e,2026-02-28,14,14
2190b02a-aa56-434f-a333-65f8a87bfb9e,2026-02-28,1,1
8223c409-c081-444e-836d-ac272ad29886,2026-02-28,45,45
8c147b9a-93dc-4332-b81f-c847c48ea7cb,2026-02-28,1,1
c6c88b4a-8fe2-4ee5-a70c-3155b9e3f1ee,2026-02-28,45,45
21863d11-a5fd-4b74-a025-eb9e26915ff7,2026-02-28,1,1
2427871c-fedb-4118-890c-eb2104c03b02,2026-02-28,1,1
60f38082-1afe-4ccf-9148-f95d8ad5aaa6,2026-02-28,1,1
87f0a342-ee09-4eaa-9fba-582a26ff9406,2026-02-28,14,60
989c434e-1ee4-4aeb-916c-4ed8e41bcbe7,2026-02-28,30,30
bcdbaa6e-a61e-43ed-8120-6bc251b5ac1c,2026-02-28,14,14
c9ed7f93-e179-4fb8-b3ea-a5742841bc59,2026-02-28,1,14
343221a9-8d85-48bb-8742-212c719c727f,2026-02-28,1,1
7988ec14-8bbe-49ab-bec3-c3ded2aba05b,2026-02-28,1,1
7c398822-a9dd-49ee-9726-3a6b715a54c4,2026-02-28,30,30
9d91fc2a-5443-40e0-aa37-3b5ae7137893,2026-02-28,14,14
a70869a7-517f-4e66-9d28-44657e270fd7,2026-02-28,10,10
af1f9cda-7ec3-486a-a43e-e7597bb7ebc1,2026-02-28,7,7
ba7e425e-410a-4c9a-867a-930c89c23017,2026-02-28,30,30
e0b39bbd-ef66-46a6-b124-c4e0f1e94032,2026-02-28,14,14
71101b70-f02e-4c13-9304-2b64d524b4d4,2026-02-28,7,7
9d3065d9-125a-4647-b896-748a6b4a8d80,2026-02-28,14,14
ab93f06c-13f1-4296-971e-0ec9b177d5fe,2026-02-28,14,90
c2eece88-9312-416f-9d5c-ff0f1ac7d81f,2026-02-28,45,45
c767542e-3811-4b68-a46b-1597154369f9,2026-02-28,7,7
edcad07d-6223-4c57-8f22-c85dc2b82e3f,2026-02-28,7,7
01fdc00c-dd00-44cd-85bd-1925882acdbb,2026-02-28,7,7
7b65d67d-737d-43e9-b2f0-3ea91fb51a61,2026-02-28,14,14
7c4b713a-9596-4b6a-9ae7-f4e1eb55bea7,2026-02-28,7,7
8d989b33-ecf5-46dc-bf23-e053856fc1ae,2026-02-28,14,14
90885023-388e-4466-8e8b-f1a69fd0f1da,2026-02-28,14,45
024a3a06-bdae-4803-a222-5b281e297814,2026-02-28,14,14
13d1edaf-2521-47ad-9a0f-fd1213042cbc,2026-02-28,1,10
331e5a56-f0e3-4d43-9c2d-41cc718f839b,2026-02-28,14,14
3ef33702-8e22-404d-9407-fd5fe2c395aa,2026-02-28,1,1
64cafbb8-f79f-414c-bb4e-3ab1d1bfec0f,2026-02-28,1,1
867e5192-05de-408e-bac9-323ff2eb721a,2026-02-28,14,14
a9926d71-b0e7-4d48-bffa-eb14091fa929,2026-02-28,10,10
d7146003-e572-499b-b603-f9c01bca866a,2026-02-28,1,1
f14d6f80-6164-40e9-802f-38870afd53cd,2026-02-28,1,1
f91f56d1-ddcc-40f6-be23-2a68befbbce0,2026-02-28,1,1
9762fdc2-aae6-4484-b449-0a5d6acde4b2,2026-02-28,1,1
bbeb9147-8b61-498b-9801-c4365a019e23,2026-02-28,1,1
c933beb7-d518-4ecb-8d42-f0f3e31d2a5f,2026-02-28,1,1
e5fe0306-b4ea-436b-8726-d94f87252481,2026-02-28,10,10
3e9eb03f-6e32-463c-901a-2a4bbc103621,2026-02-28,1,1
91e2cbcf-e648-4065-abf3-e2d73acd520a,2026-02-28,90,90
96d4b81a-0e01-4f4f-a3bb-4de5829736a0,2026-02-28,14,14
bfab7501-94ae-4244-9a40-ee8734e7c793,2026-02-28,1,7
c7cc5699-8c2d-4155-9b6d-88bd6e44bb20,2026-02-28,1,1
d7142284-8bba-4e88-810b-470b27c56002,2026-02-28,14,14
21226bbb-eacd-4dd6-bb8d-afb9c4171f20,2026-02-28,14,14
10c40eb2-3edd-4f99-bb2d-83b43b7d7169,2026-02-28,1,1
2982f3da-d478-4e0b-ba56-ba0e5a6e5bf5,2026-02-28,45,45
48049231-6dc3-4a57-8abb-cde55f568933,2026-02-28,1,1
7795d664-e936-488d-b581-4b180c18349f,2026-02-28,45,45
c6fb1c28-d061-4bd2-a702-7cd44d2d8881,2026-02-28,1,1
cdc99bde-c88b-4ed1-94b2-d3bf72bff6b9,2026-02-28,1,7
fd04fbdb-ca9f-4369-927e-b612b5b5139e,2026-02-28,7,10
3e3ece4a-2462-4371-8a51-59d13f8fdbe1,2026-02-28,1,1
42fe9ee6-8291-4a0c-8c7b-36d5826a2f6d,2026-02-28,14,14
62178a97-913b-4490-a529-e83ee7da7737,2026-02-28,1,1
02d9f342-02f2-4f3a-bf18-d9368094d1cb,2026-02-28,1,10
40770cbd-4640-4de5-9e75-66760e0e1d6e,2026-02-28,1,60
40861e7d-ac08-41e8-b886-ba045a337475,2026-02-28,1,1
41a76672-494e-4471-95b3-ad4181598579,2026-02-28,10,10
42f1bee9-2074-4b84-bac1-fd99910dcbd4,2026-02-28,1,1
76aada74-260c-4706-87e9-35fa9ecfb84b,2026-02-28,7,14
82829484-7f1b-433e-a58e-7e58e1b91c3b,2026-02-28,1,1
a5d0443e-1ca7-49e3-94b5-56d40b3fd91f,2026-02-28,1,1
16ced4cb-e6f1-4064-9f09-20baefdb338b,2026-02-28,1,7
1ca1d2bc-10c2-4d3f-8eba-87f3c26fe196,2026-02-28,10,10
6c4ec8e9-62e6-49ef-b127-442cbc969931,2026-02-28,14,14
895b9492-6818-4b11-bf92-87527f5c16b5,2026-02-28,1,1
ce7f6a1b-e14c-4190-ab4c-f5d30de64442,2026-02-28,1,1
1a8ed9fa-4783-4161-9767-6834d11d689a,2026-02-28,45,45
207be6c4-7038-4d29-ac52-2fb04430d5e1,2026-02-28,45,45
34d95add-0584-42bd-aa64-cb70c5160098,2026-02-28,14,14
3a99d278-7390-435f-8f0c-c5971329ace3,2026-02-28,1,30
8a3bdddf-2d0f-462b-90c2-280536a6391e,2026-02-28,45,45
8dca2869-d60d-4f7c-addc-179fda473e86,2026-02-28,1,1
a4b0a359-5d2d-4fed-8462-dccc9f3816a5,2026-02-28,1,1
b33e13c3-1eeb-4cdf-9833-4540daebe313,2026-02-28,30,30
df971a76-2283-4e35-96c6-cf70a6821a35,2026-02-28,45,45
e574d8dc-0aae-4729-ac6e-17e4aa956cc5,2026-02-28,14,14
2f5803b0-392a-47cc-97a3-dc193f0ca4b7,2026-02-28,14,14
4fe0b997-a712-4fd2-ba4e-4a0e73500ee3,2026-02-28,1,1
8e076cce-0a04-4452-9dae-68d4b00da3ea,2026-02-28,1,1
97389f70-e769-49fb-a8c8-af5375dac163,2026-02-28,1,1
da8d006e-0bff-42c0-87e5-a33d56748690,2026-02-28,10,10
e6840b75-b0b4-43ca-989d-3d68645a1e11,2026-02-28,1,1
f570f8ef-1d2f-4f7c-978d-cdfe81bc30b5,2026-02-28,30,30
7b101b22-f007-4a06-bc3c-abf92dbc566e,2026-02-28,10,10
af2cdff2-ca1a-4328-90e5-7a1303c69da1,2026-02-28,30,30
b7112ff1-0c77-4550-836c-ecea0bd22be2,2026-02-28,1,1
d46fa6ed-4848-4504-b5a6-4902b2d2e635,2026-02-28,1,1
d5c3b471-ef8c-4255-81c6-6a5bf43f96b2,2026-02-28,14,14
e4c9ef6e-16d6-461b-b127-4e277df399d8,2026-02-28,10,14
f30e9869-4d09-4248-bec3-d4ca606e979b,2026-02-28,10,14
0af6c13a-f49e-4228-ba2f-f7bc937b84f5,2026-02-28,1,1
1d622572-1d91-4322-abf4-0bb594d358f7,2026-02-28,14,14
2b63aeb8-8fd9-4365-b494-2f9c2cf5edd0,2026-02-28,14,14
3c65f53e-e515-4001-a352-d83e236cbbf1,2026-02-28,14,14
75eb5436-6dbe-47aa-b67a-f1c2f2b000e0,2026-02-28,1,1
83d5853f-76c2-485f-903d-ca66ef0bb5a9,2026-02-28,7,7
a1668aea-93cc-4326-81d9-6ea1fb537775,2026-02-28,1,1
a7ab66a5-9ab9-4340-9213-837e789e2dee,2026-02-28,14,90
ce0ccac7-983a-4f1e-8638-94b475501558,2026-02-28,10,10
d407efb0-c4eb-4dc3-8c30-1353a44c948c,2026-02-28,1,1
0e274480-b41a-40a4-8f7d-e0d34f9b7899,2026-02-28,10,80
2564d811-33c2-4e23-b281-8894c83e14a2,2026-02-28,1,1
33ea6861-3171-4d7a-ac46-f06b80ab01bb,2026-02-28,45,45
71cf983b-49ed-4986-9e98-57f6bf71c6d5,2026-02-28,90,90
c65bb71d-d0b5-4df2-8e4e-97a3b79a7983,2026-02-28,1,1
deb27e11-567f-4f96-8a94-70162bab6d64,2026-02-28,14,14
a469d1bb-3334-4332-b1ba-9134e4837f32,2026-02-28,1,1
a868d8a3-2a51-4043-834e-50b8424746f3,2026-02-28,1,10
ce5180f1-a3ca-446f-b0c5-1e8fe314e4d9,2026-02-28,10,10
d78c3cff-0a49-4db7-a4b0-83620d1e813d,2026-02-28,14,90
2a2ebe5b-090e-44df-8f90-441daacc597f,2026-02-28,10,10
398ce534-f3af-40f3-b521-f8d6979ea1c5,2026-02-28,1,1
3de8e804-81f5-4912-a1de-a4ef53d5b4dd,2026-02-28,1,14
44d38eec-9b89-4229-a093-3f8d65c4453a,2026-02-28,1,1
9591728d-2230-414a-b024-c8dddfd8c98e,2026-02-28,60,60
d303bbac-6c80-440c-9c95-7c3c02a25d50,2026-02-28,1,10
e9fb3318-ee0c-42ea-99f5-eb71a675fa7b,2026-02-28,45,45
ff30b529-1e21-4cb5-87c6-32d2f2b66da1,2026-02-28,10,10
1552474f-4700-4394-b802-d99d6995814b,2026-02-28,10,10
38a94c9a-f2ce-4ac2-9b6a-cf562def7583,2026-02-28,1,7
4e958bb5-2596-47be-9cae-c70fb9890260,2026-02-28,1,14
9c28ab89-ae74-4ee1-b568-83a99bcbb3b3,2026-02-28,1,1
ad14a7ba-34fb-4f55-a4aa-5981f56c047e,2026-02-28,30,30
11148de5-b31d-4c6e-b352-579975864493,2026-02-28,1,1
1468f8ff-5111-45e5-b0e5-613d2d65d2bd,2026-02-28,7,14
4a48bb3f-f07c-4cf4-adaf-ca31cb47d19b,2026-02-28,10,14
6ddeb69a-473a-4186-b662-b835bb5bedd1,2026-02-28,10,10
90f7d7f9-719f-4ab0-914b-27141cd314b9,2026-02-28,1,1
bf545eec-a498-47d2-af27-30417afb641a,2026-02-28,1,1
ed05df06-3d2e-4e8d-b97e-d924da01b43c,2026-02-28,45,45
fca00af5-a7b2-4660-85a5-2c9aeb1fa4b0,2026-02-28,7,7
4b7cd5c5-aeb7-4df6-a8f6-ca677b26e7c6,2026-02-28,7,7
6a71e91f-93d6-4878-b942-dad159ca1a49,2026-02-28,1,1
c733fa2e-3ff4-47ad-b517-3fe3669503c4,2026-02-28,14,14
e924c234-7be3-4b09-8efe-e089ccfe68e2,2026-02-28,10,10
04fc4d86-1130-4fef-ba4d-cd4fb7b63fc0,2026-02-28,45,45
2e3f88ab-77a6-47f9-ae12-af1ca476b157,2026-02-28,7,7
34b5d3e6-9b48-4a2f-8fde-1cc339fd3891,2026-02-28,7,14
5a4c4d89-1114-4826-a183-cfc78c4af46f,2026-02-28,1,1
c5c06bf4-741b-489c-979c-5c2cd3f5ff38,2026-02-28,45,45
12240bba-d87f-4aca-812c-dd37c00cd227,2026-02-28,10,10
2516c476-1405-4aab-ac49-67e149692963,2026-02-28,1,1
426809e1-ab95-4eff-8be5-e17f23c7dba0,2026-02-28,1,1
7ada72e0-d5bc-4ce6-a080-f2c689974883,2026-02-28,45,45
b0f0e23a-b220-47b4-84e2-f6c8cd44f7d3,2026-02-28,1,1
fd0419f1-1a69-401c-aa1a-b88bed46e2a8,2026-02-28,1,14
145b5f47-0a76-4859-a9c9-6b5246893a4b,2026-02-28,1,7
85162721-861e-4ad2-a319-8a65d4f68825,2026-02-28,1,1
a538a43d-095f-4464-b29a-ab3e73ee7dd2,2026-02-28,30,30
b7af5b63-cc53-435e-9688-27790539453b,2026-02-28,1,10
d6df16d1-14e5-4b94-9afa-9695a98bf412,2026-02-28,10,10
f5e21466-e313-49fd-aeb9-a4de6b7dc30c,2026-02-28,10,10
0364beea-9a86-450a-a0e8-3931e3efdae2,2026-02-28,1,7
38d0e94e-0c75-425d-8cc8-c58b23a66c21,2026-02-28,1,1
73f1a51c-a959-40ec-8b90-4c2580f936ce,2026-02-28,30,30
a24a85d2-1d84-4804-89b1-f08dbf1c8976,2026-02-28,14,14
c3bb390b-5cab-42e9-92e6-a5f7dd779ac9,2026-02-28,10,60
e5f1a85a-63b5-46e0-9190-7ce8835df4ed,2026-02-28,10,14
235ac46d-a682-443e-8568-05ae48332ebe,2026-02-28,14,14
26ae2981-ff0f-4b44-859b-1bfdb3351111,2026-02-28,1,1
463c9868-4cbb-4825-8657-0c42d6f86a9f,2026-02-28,1,1
59b5cb2d-3d58-43b7-8c1e-e83982d6f56d,2026-02-28,1,1
c1df745e-152f-4539-bb7b-b615ddabf164,2026-02-28,1,10
cff85634-0c76-4310-b47b-ae4b89c7636b,2026-02-28,14,14
16fc80af-cb09-4ba6-ac0e-4d8b462421cd,2026-02-28,10,10
195ccb3c-366d-450d-96ac-ef1db8c0fb6a,2026-02-28,1,1
2221ef44-c014-4f17-a263-46d6e2bf8cb0,2026-02-28,45,45
79207a6f-d6da-42f8-bf46-21de229877f0,2026-02-28,1,1
a8e1eb3f-895c-4beb-8b43-c58720b87e4d,2026-02-28,1,7
c45c4647-ce0c-4858-b10b-84689f14f87a,2026-02-28,7,7
f7e9e575-b954-437b-843e-79f7fecb8af9,2026-02-28,1,30
31ac89bd-80b8-4d18-86ca-03974a96fbba,2026-02-28,1,1
346586a8-f217-4c6e-8ad8-899cb65820aa,2026-02-28,1,1
3eb6c67c-b13a-466c-9bc8-cb2078bb3519,2026-02-28,1,1
5658afcf-46b8-4525-b0d6-1e8342e9ddb9,2026-02-28,1,1
81c8cd74-26ec-48b5-a6ac-12eb0e5dea62,2026-02-28,7,7
a54fac11-a7cb-42f2-b468-59c5bc716c83,2026-02-28,1,7
ba058cfd-521e-4c3b-9550-c101fd18136d,2026-02-28,10,10
c90bdd88-44a5-49c6-92b2-8b7fa1e6fa3b,2026-02-28,1,1
e50fc532-6c07-403d-af4c-a83d8e08524b,2026-02-28,1,1
fff26fa5-393c-4289-99b8-036e2d30564a,2026-02-28,7,7
6724aa53-a2ee-4110-853f-6b1693808a6f,2026-02-28,1,1
67aee706-9843-479f-954c-651b3e2fc354,2026-02-28,1,1
9391ea36-ca24-42ef-9f2d-efbb9046a057,2026-02-28,1,10
9efff891-587b-4175-95a2-97e76c0cb2fd,2026-02-28,1,1
00d733a0-b0c0-44a8-9244-e401b00c4f0c,2026-02-28,7,10
0cb7e650-aab6-4a2e-bd19-c3fc71eeef02,2026-02-28,1,1
0d565b2a-ef73-45ef-b876-78cfd0d7003f,2026-02-28,90,90
142c7471-7eb0-4bcd-84d7-adaac5d0c15e,2026-02-28,1,1
21c07ec1-6fb4-4a41-ad91-9f35ea1c995e,2026-02-28,14,14
2328fe62-c4d2-45f3-b8d2-77adb0aa8acb,2026-02-28,10,10
38cb6242-264a-450e-a735-c8885ceb4e12,2026-02-28,1,1
581a58d8-53f7-4812-8eaa-fdc32cdd8405,2026-02-28,1,1
672fceea-731d-47be-aaab-855c0ec1c252,2026-02-28,1,14
96b6a7df-704d-433f-a5e7-cd42ae897a18,2026-02-28,45,45
b81e91e8-c950-4ac7-84d9-99c20d6c04c5,2026-02-28,10,10
12a99d5c-d688-429b-95f6-5b03be824ff0,2026-02-28,1,1
914bd75f-d429-4c2b-8edb-f62ca527e771,2026-02-28,1,10
9198c2e9-1a78-43f4-baf3-504993f834af,2026-02-28,1,14
96710841-1ffb-4c11-a8b4-71244a5018db,2026-02-28,45,75
a9443bcf-3e7f-491f-b77a-196a44bb16ec,2026-02-28,1,1
dfe2d76e-2925-4b9d-a194-b36ecabfb207,2026-02-28,10,10
0873b980-6c5d-4757-9bbe-2c40e5433059,2026-02-28,1,1
4a64b552-de19-4dd4-b811-8866002b06d6,2026-02-28,1,1
77ca8c91-bd67-4f21-8d28-523e67162b28,2026-02-28,1,1
87601357-e139-45bc-bd65-5549346b08c5,2026-02-28,1,1
b778b194-79ca-4209-b238-3122f07c3171,2026-02-28,14,14
e7b232e0-1cf6-4be0-88a7-1cdd63adfef3,2026-02-28,30,30
a0233360-8557-40fe-bb2f-08eb58b499af,2026-02-28,1,1
a0f676fd-3066-4dfb-b965-12894bcc9a8f,2026-02-28,60,60
e8e8270d-3754-4cc3-8c7c-d67cc9c5e1c5,2026-02-28,10,60
117d97ed-9af4-48fd-bfda-a667baad0a49,2026-02-28,1,10
470f34d1-9de2-4057-a4b0-d08f7433b8e6,2026-02-28,1,1
5416c60a-27b5-405b-ad97-6a8b47b4d73a,2026-02-28,45,45
6b435ad1-f057-437f-8e3f-693923b01f9a,2026-02-28,30,30
75b6f6bc-638e-4912-8389-78160ca902f1,2026-02-28,1,1
78ed1749-b8ed-4072-af72-3c775a447a08,2026-02-28,1,1
9a6bed6e-fe48-40b4-b4e0-73e61eb87440,2026-02-28,1,1
b10f014e-9bd9-45a4-819b-9ad71ff4b42c,2026-02-28,7,7
b23b6fc9-5ed7-4d71-a5fc-673ab26d4b63,2026-02-28,1,14
b4d069e5-8346-4185-be96-c3bb49d36aba,2026-02-28,1,1
c96e23c8-24a2-4505-b856-7ba6846f4aa5,2026-02-28,1,1
d7eedee0-8a96-4a60-b1a7-33cd1fb413ab,2026-02-28,10,10
ea634a07-5560-4ce8-86fc-12a6273b55a7,2026-02-28,30,30
f2ed41d6-e514-450b-aba4-61bf842cd9b1,2026-02-28,45,75
4410155b-31b0-4596-8678-70d8936a3ee9,2026-02-28,1,1
4be49693-d640-4d3c-a3dd-61b3de2d29a1,2026-02-28,7,7
786a9a53-130e-4ebe-a5b0-742ba3821b90,2026-02-28,1,1
e00524a2-9c48-4f92-b680-4a635bc90421,2026-02-28,45,45
f3eeb051-2470-465d-9fc1-6ac3fc049aa6,2026-02-28,7,7
2cb7c165-a88e-4a64-bbdb-602f8734a8e8,2026-02-28,14,14
30fc5a35-0b64-4429-a15e-085385017a26,2026-02-28,10,10
469294dd-5ed7-4f59-becb-96f0eab03683,2026-02-28,1,1
79a2da91-66a6-4cad-bfb2-e34020bc8413,2026-02-28,7,7
a698eebb-b5a3-4552-976c-e97206b51ef4,2026-02-28,14,14
d22c8f6b-6aa7-482b-9d20-71413cf9c3c7,2026-02-28,1,10
2095ef82-d988-47f2-a02b-30902403dbe3,2026-02-28,1,1
379d7b78-2c3f-4c6e-81d4-c0432a32b865,2026-02-28,1,7
3b123cec-01a1-4881-a335-591b281247a3,2026-02-28,45,80
5f05b511-dca8-4de9-8354-0ba8c1c2ee0a,2026-02-28,14,14
5fb9e00f-64af-4679-84f2-9c396569b41d,2026-02-28,1,1
82ad5000-4148-4ef3-b17f-f8b6d241a31e,2026-02-28,1,1
885a6072-1ea3-4f6d-b37c-63409357b58c,2026-02-28,1,1
c332b306-c25d-485a-9489-ec837c56494c,2026-02-28,14,45
db853cb7-4654-4bf2-a54b-a5326674336a,2026-02-28,7,75
fa92f9a4-88d7-46fa-b4de-a61687d15090,2026-02-28,60,60
3030b759-7564-4fa7-8b32-cd32cb5e0aa1,2026-02-28,14,14
354b2b36-2795-4974-afe8-5b0928de5c69,2026-02-28,30,30
5f5d8420-c207-4a95-819c-e55867dd1ffd,2026-02-28,14,14
9c8e3d8b-464e-4490-adc0-baf4129d08a1,2026-02-28,14,14
b0031702-41bf-442b-a2a2-789e70885d58,2026-02-28,45,45
f2a5cd45-5da8-4de2-bd79-1d78147e3181,2026-02-28,14,30
f6bee606-8d3d-4990-b08e-86f83d408074,2026-02-28,1,1
0109ef7d-d8fb-4de5-81ff-c0fb32ef77b4,2026-02-28,120,120
3eaa9143-9523-40f4-ae22-5fc0b6a33764,2026-02-28,45,45
3fc77ae7-069d-4fd4-996a-c145bdd8d10f,2026-02-28,30,45
4a877052-e391-4481-bf29-44e2f686d52d,2026-02-28,1,14
aef225e1-0e79-4dd4-8a4d-8499db0085ab,2026-02-28,14,14
b629ab2c-da04-4236-b5d0-9c3eac2671e8,2026-02-28,14,14
07d5236b-154b-4c3e-a730-5916c5b3c69a,2026-02-28,1,1
2df22f16-8d93-4d3b-a927-a5e152bc2744,2026-02-28,1,1
4a2e12fa-21d6-4639-801b-1f2019c60ffe,2026-02-28,14,14
a4a26554-2e09-4761-8ec9-143ca1e8f916,2026-02-28,14,14
ae404fd4-27ec-428b-8d0b-da75ea1be62b,2026-02-28,1,1
e2f715de-7b17-4186-945e-430c6e9e56c2,2026-02-28,14,14
f7d2f8d7-4e92-4d05-89ae-3872bbf39436,2026-02-28,1,14
3d712e02-8d15-4570-b6e4-2f6d33ac39f9,2026-02-28,1,1
76096a8e-aa9d-496d-be67-760d2d24a80f,2026-02-28,14,14
7ae8c768-7a79-486b-bddf-8a854cd71d72,2026-02-28,1,1
b58d10f7-1e87-4b04-930b-3d2af14e0f61,2026-02-28,1,1
c2116365-ec59-4596-9501-a262dc1cf529,2026-02-28,1,1
e328b718-ac13-48cc-b4d6-2575d70efeb5,2026-02-28,1,1
ef39cb47-d6e9-4d38-8890-39e0e1eda93b,2026-02-28,1,1
fa998e1e-dcda-42ca-8248-ec1aacb83c37,2026-02-28,7,7
0c8aa60b-0379-4267-bbeb-6c35ecca9461,2026-02-28,14,14
1535535a-e32f-47c1-b008-d115eba9f06c,2026-02-28,1,1
1e482324-1303-4ee1-8783-1b43f621f0f6,2026-02-28,7,80
799aa11b-3fef-46e8-9086-3f1aa9ca15b7,2026-02-28,10,10
dbd2262b-c639-4eb7-b98f-178624ff29e4,2026-02-28,45,45
faecf9f9-b1d6-4b08-a76f-ff083baea1a7,2026-02-28,1,10
6523889c-ec86-4588-a4ee-9a0acd101811,2026-02-28,1,1
7a72a26a-369b-4aa2-b86c-786641620d67,2026-02-28,1,1
13b55f62-035a-40d4-865a-4334963fd965,2026-02-28,7,14
33ff2ddf-7978-41a2-9043-32c897bd1467,2026-02-28,10,10
84c2fed7-6227-468f-acc7-35bdf851fd8d,2026-02-28,7,7
99e7a289-0110-4cdb-afb1-b366484408e4,2026-02-28,45,45
aa30eb36-c3b0-4501-8d65-71dc43b3a4e8,2026-02-28,1,1
d6b82712-8ef1-460e-83a6-f0204d29c3f6,2026-02-28,7,7
dacfb515-b8a8-4869-9d98-8f87fab9ba00,2026-02-28,1,14
e0af29e1-d5ea-4b88-8c4d-0c2a9deb0c3a,2026-02-28,14,14
f1adbb87-d2aa-43ae-b5e8-ac05e4d5d430,2026-02-28,1,30
f5d9353b-55a6-4282-8c08-51fb6f5ac71f,2026-02-28,7,7
f7688019-a700-407d-8623-9b0c6d84ad3a,2026-02-28,1,10
fbaf26e6-2559-4400-9ecd-fad13fdc0fae,2026-02-28,10,10
0e71a6bd-0095-4c0a-96d7-74a430aee289,2026-02-28,1,10
2d1eaee5-d74b-4b30-b15f-7ab6448352b6,2026-02-28,1,1
5d4521f5-182c-458c-be6d-3e04c2200003,2026-02-28,1,14
8049ef8e-b6c4-43b7-bc86-1bd6247f282f,2026-02-28,45,45
89708a1b-73f6-45d9-97b8-5f97dfb9c1c7,2026-02-28,14,14
8c87d840-89ff-4cfd-8cc0-abbd1f207f1f,2026-02-28,14,14
b99609e7-dd74-48a2-9983-44deedecef97,2026-02-28,1,1
be64a7fc-18ab-43e1-a388-c2ee9d0987b3,2026-02-28,14,14
c2c612e8-43a5-48fe-80ac-39852cc35f1b,2026-02-28,45,90
df08adc2-81d8-4456-8172-d17aa94d5f76,2026-02-28,1,1
ee837528-e74d-44a9-a16e-440e0ded3a70,2026-02-28,1,1
071dc88f-61c6-4baa-8936-310c7f3413c4,2026-02-28,1,1
09ef32a5-9e4a-4176-8b7d-9eaac8832ddc,2026-02-28,1,7
1022825d-3bbc-44da-9a24-1040bd8e01ea,2026-02-28,14,14
118c3c8e-d2e3-4fa9-b848-84390cb3652f,2026-02-28,14,14
26147a11-1585-41f8-a848-bc81f5035107,2026-02-28,1,10
57723db0-1eba-4361-b5f7-fc3cadf1f147,2026-02-28,14,14
5c023232-883b-4dd2-a46e-c4e54b6b467f,2026-02-28,10,75
68372ba2-e365-4e07-b553-d258bc0bd9ce,2026-02-28,45,45
8c165f5f-2251-470d-8922-27815b027008,2026-02-28,1,1
a70b8cbe-3b17-4763-acdf-78c0353da2e7,2026-02-28,10,14
c3db0fe8-bd29-4c48-8553-34814007155a,2026-02-28,10,10
d1175fbc-e031-4781-87b4-cad636a41070,2026-02-28,10,10
2eac1e9a-c26a-4696-94f9-7f1112c13450,2026-02-28,14,14
3419fee5-088c-4469-ab6a-a7cc9bbacf77,2026-02-28,14,14
5c46eef0-e94f-4329-85f3-6bd618b3d6c7,2026-02-28,1,1
b4c0600b-d6d6-4726-a101-493090c6f796,2026-02-28,30,30
e58760e1-202a-4970-b0e9-f20110503452,2026-02-28,1,1
f28b8b66-1915-4939-9805-2062cd73279f,2026-02-28,45,45
f34f657c-044a-4cb8-a95d-2b4b05e2d0c0,2026-02-28,45,45
f474acc9-1fde-4ab8-ada3-d971e5247562,2026-02-28,45,45
186f0ac5-e63f-4886-9f90-375e14d3f568,2026-02-28,14,14
465c27a0-2fab-425e-82dd-fb573148c645,2026-02-28,1,1
4dd84b9b-470f-473d-9bb8-68b7e13bde9f,2026-02-28,1,1
785b3d90-cd56-4544-bd54-989fa64e3c88,2026-02-28,14,14
8a8a368c-5026-4a71-a9e1-12ba8407ace5,2026-02-28,1,1
8e1388b8-11e9-4a2c-af26-4c8a63a78879,2026-02-28,14,14
97cdc365-a4a4-4883-80c7-bd479f5025dd,2026-02-28,30,30
b753a295-be13-4d1d-99dc-6326f7f28337,2026-02-28,10,10
2d1db528-2f8d-4bf5-86b0-e712f8506f9c,2026-02-28,1,1
6c0a6b6d-f92d-4aa7-8818-af3b992bc088,2026-02-28,1,1
b0b5b017-765a-4b6b-9443-2c39f4ed202b,2026-02-28,7,7
b51ac730-bf0b-4338-aae1-c16e9904deb4,2026-02-28,7,90
f332f31d-e7c4-4e8e-b7d5-0b35f8a8ac94,2026-02-28,7,7
1bbdd2b4-be58-4622-8654-d2af3c46a1b8,2026-02-28,1,1
3b036ad3-add0-4926-b11b-db202544939a,2026-02-28,1,1
83732247-5424-406d-b258-8fd45ba520f3,2026-02-28,7,7
ac084728-e5e5-4efd-bb96-437825ac81fd,2026-02-28,30,30
ed165743-061a-4875-b5b5-033e3b1218af,2026-02-28,1,1
11215dbd-8de6-405f-afc0-ca84c9c93b20,2026-02-28,10,10
23ff0594-90a7-4172-91f0-213634683758,2026-02-28,90,90
323ff507-69fd-40e1-8155-1b1f3e42febb,2026-02-28,120,120
4d077f52-b265-4799-ac67-d3b2990a215e,2026-02-28,14,14
5e041e1c-2936-41c3-8d70-970e28090713,2026-02-28,30,30
93982f6a-dfdd-423a-a224-739d94d17bfd,2026-02-28,7,7
aab48718-6170-48ed-afca-64e883ac217b,2026-02-28,14,14
d71df342-9bfb-43c1-8dc3-f1072208b584,2026-02-28,10,10
0a174ec1-ab39-4360-bf3b-670b11576b7d,2026-02-28,14,14
10dc8c0c-13d0-43e9-be67-47265a666c07,2026-02-28,10,10
b88e1df4-b2ab-4d89-aa9b-401f3ac73cd5,2026-02-28,45,45
db60ff52-f5cb-4304-b8cf-9850711dade3,2026-02-28,1,1
1c66b9a5-eeb4-4200-9498-843ab9cd3c20,2026-02-28,1,14
682cb65d-b608-4070-afc9-77b80b288fca,2026-02-28,7,7
7e3df0e5-9b00-4155-bcf0-a3e9fb1ca9ec,2026-02-28,1,1
a566a9a8-1816-473f-89f0-748f5b4b3e20,2026-02-28,1,1
cc29a77d-1110-436a-8f3f-41819d4c5223,2026-02-28,1,1
daf6a893-98ac-4dfe-973e-8fdbde5e3b1d,2026-02-28,7,7
0329a8ae-6a56-4853-901b-d8d6e9099905,2026-02-28,7,10
0a365210-e9aa-4dd5-8c78-bb0702340e77,2026-02-28,30,30
26e782f6-ca96-4d32-889f-fc942df328dc,2026-02-28,10,14
48d6d522-a5fe-4fc9-8ff4-29b0940d7d67,2026-02-28,30,30
6a2421fb-0564-4196-aa9d-5d01be82a92a,2026-02-28,90,90
769f8431-2f7e-4f06-8339-ad0b828a5349,2026-02-28,1,1
ac327fe9-b539-4ef9-8d25-7374d9a04bc1,2026-02-28,10,10
465630ed-d526-482b-97a7-584ca3e5c8f7,2026-02-28,1,1
5973e3e6-56b7-4379-89c4-1ccba4205613,2026-02-28,30,90
85e1231f-7008-476e-b831-93e7138dd4e8,2026-02-28,1,1
9e96a061-a64f-42b8-aac4-f7af244ede3c,2026-02-28,7,7
cb3e4748-03ea-453e-9b05-ea1f816f4428,2026-02-28,45,45
26f9adcc-5f99-44ec-8ec4-1f83e0a033b0,2026-02-28,1,1
6cf429d8-fb78-4744-ab73-0fd197ba1602,2026-02-28,1,1
7b8eba2f-c561-45b8-b3b1-6f007ad40795,2026-02-28,1,1
da8c1c89-974c-4563-bec1-663ab04f4fc6,2026-02-28,10,14
de86c656-c36b-4d5a-a94a-1d2d72247ef7,2026-02-28,1,1
f36a0aca-e6b5-4fd6-8c0f-44c57a05a9dc,2026-02-28,14,14
0333daac-cee4-40ac-8771-a5b963865c7a,2026-02-28,7,45
2bcde827-8e8e-456b-a1f2-e4d9337b282c,2026-02-28,7,10
42fd3856-b192-46b7-b8c4-3178c357537d,2026-02-28,1,1
7e1a4db3-71e8-4396-81f0-8812f1d39469,2026-02-28,30,80
e3476534-5947-426c-8979-3341fb0eeb50,2026-02-28,10,10
fc7da63c-e67c-42e6-9312-3ed0e34d9526,2026-02-28,1,14
1252b339-611a-4950-af79-daf4e23a5dc5,2026-02-28,1,10
20856b88-dba3-4627-b14a-b6909c2be624,2026-02-28,1,1
38656ada-25c7-4c8e-b50b-c83234b27321,2026-02-28,14,14
3ef7f530-3d34-4719-85a8-df34f3e1e005,2026-02-28,10,14
4eb4b5ec-98c2-4d6c-a8f6-880588c6bba4,2026-02-28,1,1
4fab424e-3fe1-455a-9006-96ce5be06acd,2026-02-28,30,30
cd9b3801-cb96-41a9-8f53-c7a98aa8a402,2026-02-28,1,75
d0d8589f-97a1-49f2-be56-f35230e5fafe,2026-02-28,1,7
e03dc86c-7da9-463a-85d0-1e4d896ea649,2026-02-28,7,14
2aa7dbfa-2b69-4e15-9346-06751b09dd92,2026-02-28,7,7
3730dc73-1671-4c98-808a-a9418f07d9c2,2026-02-28,1,1
3d287eba-1e0d-4895-b895-1c57a0b0bc56,2026-02-28,1,1
5e6376b5-07be-46c3-bec9-562e6218c9de,2026-02-28,1,1
6c61f8c5-a6b6-42e9-a1e0-99c795f13ea5,2026-02-28,1,1
93c17e0b-2735-4029-9251-1f0f6929b3c3,2026-02-28,1,1
e23310e7-dfe8-4a92-9f41-58ee09fe0676,2026-02-28,1,1
ecc7aeab-b10b-4da3-80aa-65364f90da56,2026-02-28,14,14
185eb61e-5c6d-4fe4-8e89-b691c605d67b,2026-02-28,1,7
2bc61263-c799-4216-9e78-1ac8aea3f522,2026-02-28,1,1
7f9011aa-e994-474c-86cb-b8aba41c05fc,2026-02-28,7,7
889dc2a6-3bc9-43bf-b795-b51f1becdc37,2026-02-28,1,1
a68a0cfc-8c2a-448c-ac20-986104b9ee66,2026-02-28,14,14
c7425226-b146-42d5-824f-1219f0016999,2026-02-28,1,1
d0e173df-9587-4a0a-b27c-d79490dc6d21,2026-02-28,7,7
2705fa3e-e32d-4685-9670-1e2af1869c9e,2026-02-28,1,1
662ef44e-f340-4aae-a4ff-c2caf5feb6cf,2026-02-28,1,1
66358e90-9a6d-448b-8a85-a0c6920d3a7f,2026-02-28,10,10
820d3555-5c88-49ba-bb10-f3f9a4f93150,2026-02-28,30,30
97bae054-e5f3-45de-a64b-bc1401e4ee7a,2026-02-28,14,14
bed41d4d-1968-45b1-87e6-d0d45eb6ff8c,2026-02-28,14,30
c0f7844a-7928-4fce-ae6f-495f634628d1,2026-02-28,14,14
c67e8fc2-e685-4152-b9df-75cb5c299456,2026-02-28,14,14
c740e335-931f-492a-9bd9-3854c06aa5e3,2026-02-28,1,1
ddd345d7-a920-487f-ba3f-9e4207c5e552,2026-02-28,10,10
7c6c0d82-d49c-46e2-87d1-3387cb9aabcc,2026-02-28,10,10
7778d0c9-6a48-4e2e-b051-ff60602e3ea6,2026-02-28,1,1
78653f5d-3d55-40e7-b048-2405ec5f3fda,2026-02-28,10,10
7eef801e-377e-4e8c-b61d-757dc7681eb6,2026-02-28,1,1
8cbe8991-fceb-4285-a0de-f2aef24b6636,2026-02-28,30,30
8de7c02e-8a4b-4b07-9354-4b2b58dfd714,2026-02-28,14,14
937a64f2-6d76-44b2-b044-3d7bbc7231c5,2026-02-28,90,120
c66763f1-1e7c-4dda-9055-4bd9e394cb9b,2026-02-28,1,30
f4791f23-761d-472d-a02a-216f0ae7d319,2026-02-28,1,1
1e10ed44-773c-4c85-95a5-b587520e0f15,2026-02-28,1,1
379697dd-e8c4-4a25-8a24-7c17874423ee,2026-02-28,45,45
56e82dcc-b4d7-4dfa-bb19-31e80de29094,2026-02-28,14,14
92a1389c-e29f-4550-886e-a3f37fb1201b,2026-02-28,1,1
ae1e508c-80f4-4691-af56-be5f84bb372e,2026-02-28,10,10
bd3a335e-5fb0-4267-b327-513096e89834,2026-02-28,10,10
d5d91b30-3e27-4442-af19-d28836fa4cf3,2026-02-28,1,1
1d880ae5-0131-4b0b-ab01-9dce358d4779,2026-02-28,1,10
27eee5e4-6c8d-479d-a5b2-5c6280370f04,2026-02-28,45,45
395a3cb8-ca7e-48bd-9685-e0a4e2a8a88f,2026-02-28,1,1
3d4ebe43-edf5-4843-92ac-c549def53267,2026-02-28,1,1
853efc36-9517-427b-a2c6-7cca43e0efd7,2026-02-28,1,1
9c33b1ff-cfb2-4f44-a1c5-8c1eb82b3d18,2026-02-28,14,14
a85e57fa-3e1c-446e-868d-8b0e6a838fe4,2026-02-28,10,10
b3883f95-1b82-4a47-9b89-3541e0648490,2026-02-28,10,14
c367bd43-b702-47e7-b414-0ee41ccfe4fc,2026-02-28,7,7
feff6408-2f60-44c8-881f-b8068131d583,2026-02-28,10,14
36a8321d-0f9f-40f4-a528-7137bbbd301a,2026-02-28,10,10
9a4c9563-0fb6-4290-bc41-46f5cda2880a,2026-02-28,10,60
7a2682da-653e-4149-a65b-a3e474d430b1,2026-02-28,7,7
a6eaa8cd-cd91-4deb-9952-a3133c853c0a,2026-02-28,90,90
ab3552a5-3c48-4e29-b5cb-a4f5d080d55d,2026-02-28,30,30
bedd25ca-b93d-40b3-b47b-d5e93d507abf,2026-02-28,7,45
04df11e4-fb49-4f5e-ab18-6a7b44bde98e,2026-02-28,14,14
2667c076-db70-4f6b-88e9-e31a707c621b,2026-02-28,1,14
31a60d73-8898-452f-98de-78c595964cca,2026-02-28,1,10
4308006b-de74-4c5b-b927-7ca64afbd0be,2026-02-28,1,1
491ac358-4e74-4d41-aa88-5a7b50b19884,2026-02-28,90,90
58c35ed8-e10a-4583-b4a0-825e5c58adc1,2026-02-28,7,7
5c95a033-2b48-472a-b005-a9543a43ad49,2026-02-28,14,14
8fbea871-a975-431d-84c8-28f96e1bef8e,2026-02-28,1,1
b1cdd8cb-cf0b-4405-ad10-b6f72b6762d8,2026-02-28,1,1
ba4420cd-9d2f-44af-b25c-5e21d7019fa5,2026-02-28,14,14
d912715a-6ae5-4c29-ae0e-13103a780e3c,2026-02-28,7,14
d5ab3c13-9d01-4f42-9c09-181fe879d0b6,2026-02-28,1,1
1b500df4-6e95-43c7-9395-069df6e2f701,2026-02-28,1,1
389e36ce-05f0-4b61-beb2-4c02577b8f1b,2026-02-28,1,1
459d9d9a-2659-49e6-8714-6d5e709e5723,2026-02-28,1,1
4e46b9a9-9ba9-40df-b29c-62c3402dfc99,2026-02-28,1,1
55195a76-af24-49fd-a015-e91327a997f8,2026-02-28,1,7
66e683f3-6faa-4e34-ac9c-7c54f7df2a37,2026-02-28,14,14
7174bb14-9b54-4cba-915a-ca93582a48c2,2026-02-28,1,1
ba8e3f6d-3667-43af-8a49-a62d063965d9,2026-02-28,7,7
c7598b03-582e-4f12-80f7-031b35d0ea79,2026-02-28,1,1
ddecea54-7e1d-438d-951b-ac21283ccc34,2026-02-28,1,1
ef8832ec-613c-44b8-b148-c78d5fc01b77,2026-02-28,14,14
f0a1440a-fe47-4952-a89d-3344796d104f,2026-02-28,1,1
f68382a1-0907-4168-ab59-bd7d2d9d2168,2026-02-28,14,14
fe756de9-2a81-4977-b257-106018a31f45,2026-02-28,1,14
0517d95f-bd3e-4870-aa6a-f1ae9f29732f,2026-02-28,45,45
164b0b74-f89a-42c9-b147-ab84ff0b8ae2,2026-02-28,1,7
226f31a2-31f2-43d1-ab4b-0d9f3d279d18,2026-02-28,1,1
2af104b7-ab80-467e-b4a1-8ba0efd77bdb,2026-02-28,1,1
342c2900-3bea-40eb-9643-1a5546b2f62e,2026-02-28,1,1
34f718c2-06b2-4f3f-8d8f-e85784a1a4de,2026-02-28,1,1
3ece6690-98ac-4b9c-9b58-34ef4f4ed563,2026-02-28,10,10
72e4a5a9-f0b5-4f59-afe1-5ac178d29223,2026-02-28,14,14
d464678e-7095-4e06-8ada-32bc6cb2b6a5,2026-02-28,1,1
dff061f9-af0e-412e-a8b1-b39b95728991,2026-02-28,45,45
e63ef94b-f620-43af-b511-38dc4744f190,2026-02-28,1,1
03201b70-b154-43a7-b4ed-e6a606f8cee6,2026-02-28,1,1
11cbef7c-de26-4e6d-92e4-c09bf40da0a1,2026-02-28,1,30
245034f0-5898-47ef-8910-22221976e77a,2026-02-28,30,30
2551680f-ca84-429b-9666-c685af9644d8,2026-02-28,10,30
6ea2e9a7-ebde-49be-8167-ffbb50b3a1a3,2026-02-28,7,10
6f61959a-6cb0-411c-a2d7-19d31f7af3c2,2026-02-28,1,1
979d14d8-f571-4f1f-b502-844861ae54dc,2026-02-28,14,14
c6a33562-a054-4928-b76e-ce3aaf70b352,2026-02-28,1,1
ff7b3bcf-4ac8-45cb-a0c3-491d955bb480,2026-02-28,1,1
436cc68f-422c-4e62-9efd-a6809d67ca2f,2026-02-28,7,7
7d51e1e2-4f55-4a08-833f-81c61008280b,2026-02-28,45,45
8b07d7f8-ae2c-4be2-a3ca-c155a07b7b8e,2026-02-28,1,1
0516f417-49dd-413f-aa23-4703843908d8,2026-02-28,30,30
343c24fd-0f91-4443-9533-79a3271e346a,2026-02-28,1,1
3b6ffc57-5cf0-4c66-a692-1089bef1e550,2026-02-28,1,1
58b7fbdd-189d-4160-9022-e234950d8df1,2026-02-28,1,1
c993af6d-316f-4d2f-be4d-65895568e0fb,2026-02-28,1,1
d07f70ce-fcc5-493f-ae53-3b73183aa879,2026-02-28,7,14
45598b01-83e9-405b-959e-64338d874ec5,2026-02-28,1,1
d715755c-e9b6-4f75-8ccf-391d7f2ae1d2,2026-02-28,1,1
f8c7569b-5c5a-46d3-a9eb-095afb115837,2026-02-28,7,7
10877a39-24c3-45fd-bf14-836dc82def9b,2026-02-28,7,7
260e5eaf-e161-4822-8f88-7d4232c6c806,2026-02-28,1,1
39b4cbc6-8543-4ad4-befd-8a014bba447e,2026-02-28,1,1
68238e18-86ef-4862-a821-0df003f91ff3,2026-02-28,1,14
beafc4ad-7c04-4653-aa06-53e78e212e01,2026-02-28,1,10
c0bff0c2-a340-426b-ae0e-db7947aacc07,2026-02-28,60,60
50f20b80-c801-4216-96c0-10ec002473fb,2026-02-28,14,14
93cb5126-d46d-4559-bc36-91de05448b88,2026-02-28,1,30
a1cacdff-c063-42b1-8403-5eca7e5a1a41,2026-02-28,14,14
c1466cf7-ba26-4a2e-acfb-d8a8c28f0185,2026-02-28,1,1
1cef7de3-1dfe-4f2f-b5be-35d0afb2fe60,2026-02-28,14,14
3267359d-9eaf-44d7-a0f4-28b834d6df28,2026-02-28,10,10
63930e16-b699-4a2e-a6c8-63c381a4dfc9,2026-02-28,14,14
8dd7a45b-2e6a-4707-bb45-68a614aff2ec,2026-02-28,14,14
936127f3-da1c-498f-803c-7b52008d0398,2026-02-28,1,1
12e31f94-4a9e-41c0-9c1c-9868ddbf71d0,2026-02-28,1,1
e94c342f-114d-4904-80fc-99b4f081a47f,2026-02-28,1,1
a9f8b49b-d1f5-48bd-b1cb-7e079ff02ec4,2026-02-28,30,30
5ff131ac-6c56-4a84-8723-9fed1e4ade93,2026-02-28,1,7
e361b789-6753-4bed-bc6a-7f112258da7e,2026-02-28,14,14
0570c321-474b-4632-bbd5-18af8827f86c,2026-02-28,1,1
154e6358-8093-49e4-98cd-a82bfa7bb4a6,2026-02-28,1,1
1b0d3cdb-1278-415f-aa46-8c15ed341f63,2026-02-28,1,1
6b941a34-5935-40dc-a0f7-a3719e180b3d,2026-02-28,45,45
9fd31df4-b91f-41f5-837f-30755f46f810,2026-02-28,1,10
bf7f2cc2-84f9-43cc-abc1-f9f2f8e4355f,2026-02-28,14,14
f66a87b5-b0e4-45a8-b39e-42bc38c2134c,2026-02-28,14,30
1383445e-7438-460f-9c61-141a3e5bc852,2026-02-28,14,14
231a033d-b1f7-4ad6-be56-bbe3657e6886,2026-02-28,1,1
69ce07dc-28bf-4b49-9ee8-d03cec6b384c,2026-02-28,1,1
6cef0ebd-479b-4f3f-b72b-a174c09a618d,2026-02-28,1,1
7187b13b-5805-4339-b101-320558d74d1d,2026-02-28,14,14
84ad2fde-4c27-4b97-98c8-97699aea4dd8,2026-02-28,10,10
8509cb07-9c6f-4695-a85f-98b741379130,2026-02-28,90,90
ada49511-346a-48de-b0f6-f3f1a279cd27,2026-02-28,1,1
e05eea70-e88e-482b-90ef-3aa2dd37af3a,2026-02-28,10,10
e8e32d34-6a3c-4bc2-8edd-0851c097928d,2026-02-28,1,1
3c577da4-5b2f-4803-a43a-1e8ecf3b8e37,2026-02-28,14,14
53f41bdf-f431-45c0-9cd3-55331b8b0271,2026-02-28,45,45
6706a6cb-e665-4ea9-a3ff-201656e3bfef,2026-02-28,14,14
6e50472f-6e5f-4b66-bfb0-3fe4489c1243,2026-02-28,14,14
b6761249-9a43-44e2-baa8-882879d388f4,2026-02-28,7,7
31633397-141f-47de-9a08-63e4441512bd,2026-02-28,14,14
484c3d8d-7f36-4b33-8fd1-b042aa42e935,2026-02-28,1,1
4fc8533a-ecdb-4c02-9576-9324e03ff337,2026-02-28,1,1
67298d2f-2eca-4398-9df8-91960e9706c1,2026-02-28,1,1
a9a9214a-e616-4a8e-b61d-f7d309a88c37,2026-02-28,14,45
dee5818c-c042-442e-93ae-1995f99846c2,2026-02-28,1,1
1587ed86-c1a5-405a-b76b-935e38a79b85,2026-02-28,90,90
21024a48-8fca-45c0-a748-d9f7dedb698b,2026-02-28,1,1
382b3fce-c2ff-4238-bc3e-47651aa79b0a,2026-02-28,90,90
41e60010-7b1b-4f4e-8c8a-90b0d199589f,2026-02-28,1,1
54399ce9-a481-497d-bcde-ebb4482fac0c,2026-02-28,10,10
a3597266-69bf-4741-a5a3-f9d40e881559,2026-02-28,14,14
09dac0f4-d233-4beb-b7bf-de6af5dd0ffc,2026-02-28,1,10
25e06b99-65c4-4cfc-ae50-f92f9b8d72e7,2026-02-28,45,45
65a06ffe-7f93-494b-a641-582de9675025,2026-02-28,7,7
7123e92b-43dd-4ba1-bc9a-dfc902068a13,2026-02-28,1,1
75d0fa68-f04b-4dc2-afb9-0da684373eb5,2026-02-28,1,14
9b490b1f-2241-4430-8b83-ff2bd0447d60,2026-02-28,45,45
a0886a0d-c06b-4e58-9799-b633dbf5e70d,2026-02-28,1,1
b4cb3f39-f415-4b46-84bf-6a89091750c3,2026-02-28,1,1
c44a6376-bd4d-4427-87eb-14901e30f932,2026-02-28,1,14
1f16038e-ec0a-4ba1-8a4a-2e734da2b3de,2026-02-28,30,30
2e5ff76a-e5aa-4e34-9b93-d27b489bf605,2026-02-28,1,1
3ac00e2b-201d-4a38-b18f-9c29d0a64276,2026-02-28,1,1
4c5a5da1-7679-4ee4-9f60-8c3a3a3a5122,2026-02-28,7,7
8167915a-5e3f-426d-8219-ad292917387b,2026-02-28,7,10
1b13dfe2-29d3-4d72-bbdb-778869acadd1,2026-02-28,14,14
3852c650-941d-4676-82b7-ac267077ee3e,2026-02-28,10,10
3ff9a96d-eb49-4e5b-ae37-b0bb8390d8c1,2026-02-28,30,30
096b841f-f57f-432d-a706-e2ad51f8332f,2026-02-28,14,14
0adeb5b7-5eaa-4323-a7f3-1422614ca023,2026-02-28,60,60
429bfec3-929f-4f48-926a-e9fb620cead0,2026-02-28,1,1
55f912ec-f555-40d2-88e2-4edbbe9adbd6,2026-02-28,90,90
65f06680-44a6-4d4b-aebb-cdf90937e6f7,2026-02-28,7,10
76d85560-5f27-4c64-bfd1-74b70da1227d,2026-02-28,14,60
778c97a1-4c66-4d51-bc32-cb081916633d,2026-02-28,45,45
d239cf2b-093d-4382-8df1-be9b96b09b8c,2026-02-28,1,1
fcfcd156-b1ca-4ba3-9b87-c80bb4de7692,2026-02-28,1,1
8653c070-7e1c-4ec0-93c8-46710f0a99a3,2026-02-28,1,1
586e9f81-9c37-40b2-ad2c-b5f94618616c,2026-02-28,14,14
66884228-800a-40b1-b4a6-56394f84c997,2026-02-28,10,14
a8d3e637-9108-4705-addf-9d518d5ad4cd,2026-02-28,1,1
2f3d53c0-8ab3-4ca4-9a9b-32e8f9fea0b5,2026-02-28,14,14
7ec0aa61-38ba-4bae-ab8a-8b148e81c18b,2026-02-28,1,1
8851bd8b-85fa-4509-8b47-80725b298d6e,2026-02-28,7,7
98df0c78-19a4-4992-b6b6-49e4354eb0e8,2026-02-28,1,1
ac0123af-fd1d-4b7f-9654-c1c9847c320e,2026-02-28,14,14
b263f727-fb2f-4700-8610-95d19c1430b0,2026-02-28,14,14
b2a0c210-af16-4412-a507-30cb968246cf,2026-02-28,90,90
de7fb49d-6786-4e47-aa8a-6002467fd408,2026-02-28,1,1
e334b67f-d1b8-4f40-a25d-70591aefb335,2026-02-28,1,1
f894b647-cceb-417d-8a91-1a49fb653933,2026-02-28,1,14
9fba654f-4df0-4d05-8a91-e10159f2c824,2026-02-28,7,7
aba0c3e1-16b8-4571-a07f-c0d04eb7fe1b,2026-02-28,10,14
e6ec59e3-690c-47ce-9475-465b8a043269,2026-02-28,45,45
f1de9e1d-5232-46f5-8708-af138933a980,2026-02-28,1,1
f8f7113a-8f48-4ce9-bfef-13de1fcd4a01,2026-02-28,14,14
01319254-3ffa-4bf3-9d77-8fed30b97331,2026-02-28,14,14
11a00ffd-e658-4624-a431-c58cf058de5d,2026-02-28,1,1
1f9e8a6f-b7e0-436b-8e29-46981a9ab822,2026-02-28,1,14
294b3f3f-06a5-4543-92e5-b918f0713645,2026-02-28,30,30
373f6440-a9b6-4bbf-8e5b-fe9baf563399,2026-02-28,10,10
cbd7d7de-42e9-4dc7-b45d-0590138a8721,2026-02-28,10,10
cc89595a-c1dd-4eb6-ac85-c181a926d44b,2026-02-28,14,14
f51b5577-929a-4db9-b565-9c2d0e3f04fb,2026-02-28,14,14
fa3cd925-a5ff-4bfb-872d-5395f72ca429,2026-02-28,14,14
01a8c9f2-e9d6-412f-9a31-51bd9a8e2d63,2026-02-28,1,1
0afe2316-681e-45a7-8eaa-61cfa6686824,2026-02-28,14,14
0b2a1108-9a5d-4b25-b63b-b980ea540f61,2026-02-28,1,1
1db781d5-d651-4525-b9b4-cfc789dba773,2026-02-28,1,1
5d75b903-8956-4e5d-a312-517e44fdd054,2026-02-28,7,7
9d2d42cb-2c91-494f-b04a-e23cf3cbd0af,2026-02-28,30,30
05460665-7509-4043-832f-dd8dec17a5ae,2026-02-28,45,45
1a7a11b3-6ed4-4f82-97d3-fa4e9f616f03,2026-02-28,7,7
4b85cee5-f758-40db-b78f-bec83a4d7c65,2026-02-28,1,1
5a273bb0-7f37-417e-bb2e-b36a6f20343e,2026-02-28,30,30
8f7afe0f-8832-41a0-a452-c04c6175fe0c,2026-02-28,1,1
af2d1a5e-ba32-4487-8405-45df36d73b3d,2026-02-28,45,45
cfba9ae5-e07c-47da-999d-edc4ae829c1b,2026-02-28,1,1
dae6edb8-8a0c-4c34-a92d-523fe5b78a71,2026-02-28,7,7
ea358cf9-a85f-4609-8c65-106532c0ed9e,2026-02-28,14,14
fd152523-481a-4664-a329-99982045e55d,2026-02-28,10,10
d8eec979-b7c3-4f2c-bbc2-4cb0e78aa180,2026-02-28,1,10
81b70513-1bb1-4cf5-8aae-b82130b7cfe6,2026-02-28,7,7
d0e157fe-287e-4211-8b8d-87e78f760919,2026-02-28,14,14
0d37d61e-384e-47b2-b490-7374da3c46c9,2026-02-28,45,80
1a68dc74-e0ec-4c6a-a2f8-8c09d50f34e0,2026-02-28,45,45
4513ce92-f2f0-4161-b560-f6678e684d8e,2026-02-28,1,1
0afdc6f4-2190-4c55-a388-afe844881667,2026-02-28,1,1
15c1da95-2891-465d-8694-e18130ed88d6,2026-02-28,1,10
281c9fbe-6124-40a3-91e0-b3429244cf4c,2026-02-28,10,10
3b164fac-082b-4f4c-a7d0-dc733cd7ff23,2026-02-28,14,14
5aec782a-a2d1-468e-986d-5db459832c99,2026-02-28,7,7
d68a6e53-bbb7-40bd-90df-43c453c1b1bb,2026-02-28,90,90
ef0ef74b-5ae0-4b1d-bcc1-702224467a4c,2026-02-28,1,1
ffdb3130-6ca5-4762-9c98-62f49c3f8505,2026-02-28,7,7
0bd2f38e-1ed7-4938-bd06-6e45a140a914,2026-02-28,1,1
24522477-a428-4fc3-a57a-b79a070ad029,2026-02-28,30,30
9be64f5d-94d3-4574-aa64-b362a87ae870,2026-02-28,1,1
ca6e89fe-6ab5-4602-97fa-54468b567b0e,2026-02-28,14,14
eb7eb8c5-7ae8-41d8-806f-11ab0dccece6,2026-02-28,10,10
fe937624-606d-4cf0-9666-4cb090639b2d,2026-02-28,45,45
057bcd80-7985-42a6-9eb8-c24cfa7ea4d2,2026-02-28,1,1
1ca116a6-367a-4927-a0b1-e42f985360f3,2026-02-28,1,1
5948fc2e-e393-4899-9534-e3d186958991,2026-02-28,7,7
6c27ac29-6f8a-428f-8624-ea72cfe98d07,2026-02-28,10,10
7f4e8321-7e86-4bfa-884f-5ee4b55cafdd,2026-02-28,10,10
dfc0c9a9-54f1-4182-a080-4a151cd7f711,2026-02-28,30,30
1bb7fa1d-78ba-4358-8723-72e503815377,2026-02-28,45,45
6f3ebff9-9c27-4de2-a0c3-d4f158a919d1,2026-02-28,1,1
02c3708b-f91d-4cc0-9557-431255e0fff9,2026-02-28,14,14
43bbaada-2f84-40c8-b421-13642ff0b4c2,2026-02-28,1,1
6e14890b-1148-4d92-8cf7-fa8ef1337046,2026-02-28,1,1
7ad7e75f-7cd9-4eb8-a420-c0df2cf19651,2026-02-28,1,1
b0b79fe2-17f4-4a98-a7d2-aa149a0070f0,2026-02-28,7,14
fcfb8265-3d16-4f29-b147-269e7d5d50d4,2026-02-28,7,10
0fb40721-4e0d-4255-a5c9-8f8ea8ed600a,2026-02-28,1,1
1f7d12f3-0b3b-4ef9-ae01-a0ce1faad28d,2026-02-28,1,1
20c5d48c-dc93-441a-8fd9-c0de543a4af0,2026-02-28,30,60
2fab14e1-84b8-4577-94af-b99db8e8e780,2026-02-28,7,7
c4cce564-e09f-4170-b8f3-b14ce8866bd0,2026-02-28,1,1
c67a7a4d-7d78-407d-bcca-7c6bf00a3904,2026-02-28,1,1
e0d5c9b3-2f7c-4e08-8701-ac7e2e09f7d8,2026-02-28,1,1
ebc68a10-47fa-4c1e-8179-61a3024a47f5,2026-02-28,1,1
f64fefe4-60d6-41bc-a737-8de7d32f766a,2026-02-28,7,10
3c69e76d-78e5-4892-9814-642f5979732f,2026-02-28,60,60
856da014-e8c6-43e7-b3c7-54699c58413c,2026-02-28,90,90
88b71b21-9a56-4ed7-9ddb-5e5a6319d31c,2026-02-28,30,45
89da24cf-0ec1-40ae-a738-10b55b653f7f,2026-02-28,1,10
d5b14a71-961f-4b80-a9c2-1fec5544dfaf,2026-02-28,10,10
4eb439ca-5694-48aa-b84b-4595b8273fc6,2026-02-28,45,75
7475dd73-5a55-46be-a556-d496d3bd681f,2026-02-28,1,1
8a2bd2d5-27ef-4501-af2a-fd235471684d,2026-02-28,1,1
e6e14e01-6cc3-4428-b2b7-e4fd7ceed691,2026-02-28,14,14
0655caf9-90af-4a94-bc59-adf475b41234,2026-02-28,1,1
465ca6e2-5a57-464b-b777-e2c62ddafdf2,2026-02-28,1,1
504fc1c3-1a7a-4f3f-86d7-ceb957de64b3,2026-02-28,14,14
87783d6c-1f27-404f-8e27-fe81fd7d9da3,2026-02-28,30,45
b4da259d-c849-4b95-94b8-7eb79ac68b3c,2026-02-28,1,10
b75e1753-fae4-4fd3-a0d2-a22a72d11524,2026-02-28,1,1
2a9641d2-772b-43f8-b0e9-f1c372f8d4f8,2026-02-28,1,7
51f74803-c5f5-481c-8f4d-0d37826c57b4,2026-02-28,1,1
021b9d65-189a-46aa-bc22-dd3ff3980234,2026-02-28,10,10
099b6ffc-736c-4e08-a228-0f4fb92c1fa9,2026-02-28,1,14
4377d32c-f3ab-49a2-824b-6189db9e395f,2026-02-28,14,14
645a7943-edaa-4367-9cfe-924b9762df9e,2026-02-28,1,1
7d8efd24-f289-48e6-aa00-21363051ccf0,2026-02-28,90,90
8057a90d-d0c7-4810-a208-86403d84053f,2026-02-28,1,1
ac86d580-b84a-44e2-89e4-d89d7c8c0b1d,2026-02-28,45,45
ca36ed94-4c14-4959-a073-76d53801c5cc,2026-02-28,1,1
1629457f-e44b-4e0c-be96-9a90357348d1,2026-02-28,1,1
2ee8d371-9188-44fa-9fee-76677e51c125,2026-02-28,1,1
4c9a79bd-f287-4848-a67f-f6a62c1ca102,2026-02-28,1,10
59a70563-219d-4118-8512-8d61cc27b380,2026-02-28,14,14
60c55a59-9d41-4dd8-a963-466b75977fe0,2026-02-28,1,1
8919d629-e35e-4620-bd4b-39c5ac4049c6,2026-02-28,1,10
8e4f7bd9-7d33-4c7a-892c-d5102a4813c4,2026-02-28,1,1
aff24afd-cb22-4a10-955c-1eab37b1fc5a,2026-02-28,1,1
d1e47188-3a53-4204-a43d-ae042e4a77cc,2026-02-28,14,14
058f6044-c813-472e-8b3d-27102904c262,2026-02-28,10,10
3de926d9-f706-4639-9cb7-342736c8b3bd,2026-02-28,1,1
3eec149b-fcda-483e-b16d-b149cf3a4386,2026-02-28,14,14
40a8d823-53af-42a2-b8c3-ed2d39132e91,2026-02-28,60,60
c560aaf5-f533-4ea0-b2bf-dabc3e97c58d,2026-02-28,1,7
e7923941-cd7d-4759-8188-7ff2db406aa4,2026-02-28,45,45
e942c715-b6d2-4e03-ac21-496eac1829ba,2026-02-28,7,14
456670f4-b8dd-452c-b0a9-64a0085c0aba,2026-02-28,1,7
82349167-f892-42a9-b96f-29094a612c67,2026-02-28,1,1
8bd0c825-c658-42ab-a4b5-533de99ae059,2026-02-28,1,1
c8a1f93d-371d-4393-aeb3-3c754ba34cad,2026-02-28,1,1
cfa2f6d1-f88f-4b46-8377-9413595a9e0f,2026-02-28,1,7
d628869b-1892-45e4-82b5-307dc504764b,2026-02-28,14,14
ca23eaa4-2777-4629-96ff-2758357e6b02,2026-02-28,45,45
18f5b2b4-5733-426f-a9b2-a4583fe3cf4e,2026-02-28,14,30
937d3cdc-77be-4b63-901b-bcb4298de77e,2026-02-28,1,1
aad5a8f4-b170-4170-8ee6-7cb26cc14b77,2026-02-28,45,45
f07998c4-fe61-4e6e-9dba-e6db86363357,2026-02-28,1,1
17df0448-eaaf-41c3-b110-428fc3528bf7,2026-02-28,14,14
2de16e9c-67dc-4256-b557-e7282684f2e1,2026-02-28,14,14
6705d86c-e340-4329-8e32-1d6df81ef859,2026-02-28,1,10
6a1a1865-0e2f-42fe-baa6-6d12d1507916,2026-02-28,7,10
ccd8b3ed-a996-4fc6-97e1-64ff4419bd73,2026-02-28,10,10
051acdaa-17cb-4e15-a9c9-03efcf94bbe7,2026-02-28,10,10
0c4d2989-303b-4fa6-9fbf-aeba0032dd12,2026-02-28,1,1
0dcce8c4-d74b-4f37-a07b-dd1f6aa4b657,2026-02-28,10,10
2a58bd42-e47a-49df-8592-2c95ec9a5327,2026-02-28,1,1
63f3b2ef-094d-4854-a8c2-d9f641fc5ac4,2026-02-28,1,10
645c12bc-c254-4ecc-bfe1-236edf8f7650,2026-02-28,1,1
65e28c0f-a555-429c-9dfe-4e04be4c766c,2026-02-28,1,1
a8190117-625b-4c62-8bdf-46b9700d4521,2026-02-28,1,14
c64d9a72-ac2b-4d58-b0b7-aef9d5d9ec07,2026-02-28,14,14
6d7c0f43-1e27-4396-be47-10c9bf79bb4f,2026-02-28,1,1
a9253f0f-d4a7-4400-ba6d-dac857868950,2026-02-28,1,1
e2eba1aa-0470-4230-9ce9-5704abd1a803,2026-02-28,1,1
e73d28d9-7af6-4901-9990-75afac5bf249,2026-02-28,1,1
324b498e-a540-424b-896d-4db17949f882,2026-02-28,1,1
c15bc2a6-c7b0-4c12-bdc4-e40545fd2f70,2026-02-28,1,1
fbbdbb3b-bca5-4835-95d6-511b1c5e7976,2026-02-28,14,14
1fa9d68b-bc3d-475f-9c4e-c9e7c088fffb,2026-02-28,1,1
82153e55-8775-4a7d-a260-3215a3611940,2026-02-28,1,1
983c1b8b-6e2f-42c5-b261-95b730c7d4d6,2026-02-28,14,14
9ead1d98-f657-4070-9cb2-cea160ff03bc,2026-02-28,1,1
aaa6fd2c-2ef4-44c2-a242-a7a78cfd264d,2026-02-28,14,14
c5b19a9e-0a28-4891-9187-b17ccd875ee7,2026-02-28,1,120
d39d7eb2-ced3-4d1e-8222-460de7c4b694,2026-02-28,1,1
d3ad256b-1b91-400a-bae2-ae7827d33ebb,2026-02-28,1,1
138c4371-985b-4b39-8cd9-76faf4c7effb,2026-02-28,45,45
32157ad8-7a42-49f2-9426-d5da6862e753,2026-02-28,1,14
c0c42d3e-e7ed-4c64-ad29-7d12c915c5ed,2026-02-28,1,1
43721fb8-57e6-4291-a09a-b3dc1de255cb,2026-02-28,1,14
5d7a173d-ded4-4a04-8707-7e27db6ddf02,2026-02-28,1,10
ad45f481-69e6-45eb-85ac-cb09839a80d4,2026-02-28,1,1
d0778bf8-103d-462f-9746-4a5e6b97d17b,2026-02-28,10,10
e86ad083-0ce6-4d37-ae31-5dae7bc57a71,2026-02-28,1,1
2e1f8650-fe86-4033-addb-ec5cfa381b48,2026-02-28,7,7
4006ef01-1acf-44ea-8956-6014501ca8f5,2026-02-28,1,1
72ac4fcf-dbb8-433d-8506-da1b1886a347,2026-02-28,1,10
989bb23c-15f4-430d-a9fc-bfc5222ab6de,2026-02-28,7,14
1abf0aa1-2726-4e47-9786-e1d5a3235a7b,2026-02-28,14,14
6e0a4ad2-c6c2-4ecf-8fbb-f5924febab53,2026-02-28,10,14
75f3f88d-f6ec-4048-ae6a-1326d07a372c,2026-02-28,10,10
8844db96-3dcf-414f-b838-5e57731e66c0,2026-02-28,1,1
a84781b0-f6a3-496a-b08b-3e3da518baf8,2026-02-28,1,1
a8a5a2bc-d4e4-4fff-bd4c-36aaf3833d02,2026-02-28,14,14
c8e4486a-0ba8-4cb5-b536-9c777f9916ea,2026-02-28,30,30
ce1fdce0-35dc-4938-bc94-dc76debd0671,2026-02-28,1,1
2817ece5-adb1-4b3e-9ea6-01a1f9aa107f,2026-02-28,45,45
6a65dd5c-bdf0-4627-abea-220a4bedd2d4,2026-02-28,1,1
c889a31e-5a8b-4e4a-8a50-2d436b2ce07a,2026-02-28,30,30
cd8a7d12-3f58-4cc1-bf44-d74a5d0103d8,2026-02-28,1,1
dd41e4ee-8567-4c3c-9a41-8bdd7511f348,2026-02-28,1,1
fa84c5de-d1bf-4577-a2be-5960127b0c65,2026-02-28,1,1
5a29c2b8-75ef-4744-b66e-a2de82a1fa63,2026-02-28,1,1
5f56a7d9-3aee-4486-a024-49ba9b658539,2026-02-28,10,10
97a53f19-5a7e-465c-80e0-e435e93d74e0,2026-02-28,1,1
9d5001c4-a238-4ce0-baa2-a1ae967dbcb5,2026-02-28,14,14
a5b08196-8301-4225-bdac-064c9048e7e0,2026-02-28,10,10
cef393a4-a559-4536-bf58-3dd3245073ce,2026-02-28,1,1
d98a6393-8a15-4774-b5d4-3c324b21d3a8,2026-02-28,1,1
dcb30e7f-8ba2-4e71-8496-e18bcce3a4f9,2026-02-28,1,1
073f7017-a30a-4d01-9a5b-4c3ae55fb3b0,2026-02-28,7,7
1e849ffa-d833-4f92-8d9d-fbcbebf2a53f,2026-02-28,1,1
26741b90-2f35-4f35-971e-5aac17422e2d,2026-02-28,14,14
4c849aba-f29f-4232-8fbd-2f403b0a2e1c,2026-02-28,1,1
6d0c1066-9be7-4837-b70c-34325d00c33b,2026-02-28,10,10
81b2c488-49e8-4acc-9805-72484f467a6e,2026-02-28,1,7
937a81fa-0159-4e3c-a71b-12cd69387cd2,2026-02-28,14,14
b749492d-69ca-4696-898c-76703c7b3bc3,2026-02-28,1,1
d5396568-0855-4e2c-89bb-fef91c04d514,2026-02-28,1,1
32b84a21-a01f-4485-8940-f701804aff3c,2026-02-28,1,7
40423265-aab3-4df4-abbe-bacc716539e4,2026-02-28,1,1
b2b6c05f-180f-4d5a-9d30-94df4841a835,2026-02-28,1,14
ed9f00d7-ef2b-4139-8396-f68b59b406dc,2026-02-28,1,1
0cdec380-9c5e-48e4-affc-cc93b24fb601,2026-02-28,1,1
353d3cfd-92f8-4157-9b91-ff80513ddb6d,2026-02-28,1,1
35c69c11-fcf7-4320-85eb-ea83069cdc2a,2026-02-28,14,14
3cc0a126-8110-4cf9-b862-480035dc8277,2026-02-28,60,60
6ef1c374-a93b-4155-a170-96126047820f,2026-02-28,30,30
7c065b7d-f190-4a63-8441-938e7ced2e03,2026-02-28,10,10
86fe8052-0220-49da-abab-dd9863f3adcd,2026-02-28,1,1
de7eec2a-fa8b-4dbe-87b9-d537afd27dce,2026-02-28,10,14
2d9a76e0-136d-423c-b5d5-b317ecdabfc2,2026-02-28,7,7
2efd4355-a282-4d52-ae2f-0469bde4ac33,2026-02-28,45,45
38216e5a-3837-4bd9-933a-3e446df2f2b2,2026-02-28,1,1
8f0c457c-d947-4553-8a43-d1c7700f7a77,2026-02-28,1,1
a833cb96-1f0f-4894-b568-51993f572c62,2026-02-28,7,7
cd3524d0-73de-4005-9719-63d07f2247ea,2026-02-28,1,1
f1ab67c6-c417-45d8-b80b-c12af8e04738,2026-02-28,7,7
fc958b88-8dd3-403f-8e79-d0952752d6f1,2026-02-28,1,1
0748dc46-a095-4ad9-9d1c-43aed557c5ff,2026-02-28,1,1
07ff2d2c-e463-4fb6-83a1-ee5867db524a,2026-02-28,14,14
36345269-f7b9-434d-a18b-d91c1b23f7a3,2026-02-28,1,1
b13c62a0-d8a3-4dd9-b066-a13dede651bb,2026-02-28,1,1
b9e002e0-c688-4cc6-9f55-f8257c539851,2026-02-28,14,14
2ca6df58-9d62-4b9b-9a35-e594e73354ae,2026-02-28,1,1
38f3088c-6361-4678-8e49-d60d9c8185f6,2026-02-28,1,1
49696e15-5476-4976-a3bd-d3adb2b76151,2026-02-28,1,1
941609f3-e010-45e0-b693-822384f9dc72,2026-02-28,1,1
f4fae99f-111d-436b-8221-8ffd93ed20f3,2026-02-28,14,14
fc8c9a95-7875-4105-ac60-79afd94e1086,2026-02-28,7,14
12df69f5-e5ce-4dc2-bac9-d458c435c1b0,2026-02-28,10,10
3d3c3012-1440-4732-84dc-779f679cad88,2026-02-28,1,1
7ef83c6d-672f-45c0-bfcf-e5c2179893c0,2026-02-28,1,1
b5efc407-ed19-4f82-964b-07007f20b953,2026-02-28,1,10
d037db18-2cd4-4e25-baa1-898180cc321d,2026-02-28,1,1
ee314299-11ae-4f9b-95ce-ec03d1795284,2026-02-28,1,1
f8bde210-ba56-411d-b5f8-0610c69b9f01,2026-02-28,1,1
36533bff-5a00-43ab-93ee-ac95d1c6fdbd,2026-02-28,1,1
65f572c1-fe3c-4029-9168-f9d89fb1cf81,2026-02-28,1,1
aed5eec8-3c5f-422d-bb50-5aa19a658ae0,2026-02-28,45,45
bab0a259-3180-4679-910f-33ed62354402,2026-02-28,1,1
bb47ce2f-e4b3-4868-99df-318e00db0781,2026-02-28,14,14
fa2e4d5b-4009-46aa-b2ec-8074844b6d86,2026-02-28,45,90
08ab145b-c78d-4a1b-afa8-4df576c96dd0,2026-02-28,7,7
1775d4a2-cf15-4f70-8160-ee9df8256541,2026-02-28,1,1
381120f2-72a4-4f6f-a72d-0c9a0f2ac657,2026-02-28,1,30
3bc6c05e-f1ae-4685-a5f2-4aee2a7d3a1b,2026-02-28,1,1
5686a0c4-db5a-41db-b7c9-d282eeb60e83,2026-02-28,30,30
8923fbbf-251f-401c-af60-a558ce8dbdd2,2026-02-28,10,14
9bdf8372-860a-4f49-803e-e33a7693b074,2026-02-28,14,14
ad80212b-de20-4570-9719-affd2670f8c5,2026-02-28,1,1
10a54c63-759b-47bc-a0b1-fb83225a94a1,2026-02-28,1,1
1f0197ec-21fc-4d02-8d17-8c12239e2224,2026-02-28,7,10
4364bdb2-1b8f-4564-9a53-f03d0315af41,2026-02-28,14,14
4784bd7a-f1a0-48da-9c3d-65ff1bc86224,2026-02-28,30,30
9954c92b-ffae-44e8-b79a-351614184586,2026-02-28,10,10
9c64d4fe-0703-40b8-b772-6f7e216b4427,2026-02-28,7,10
a0b099ff-b14d-4f04-8110-669d87c869e2,2026-02-28,1,1
63e4a5a8-d7ab-4bb8-9fe9-44a09c8a2e4f,2026-02-28,14,14
766561a2-391d-4a76-9385-39ccfbf02101,2026-02-28,1,10
81d1ddeb-e8a5-4a64-82e0-57031bcaad3e,2026-02-28,7,7
a1a70d1d-c317-4f49-bd89-36f39247c861,2026-02-28,1,1
c595de82-fb90-4e10-89ad-e0a95e6fd92a,2026-02-28,30,30
7362b703-140a-45bb-93f9-1a430661f570,2026-02-28,14,60
8defb686-d3cb-40eb-aa28-b4bb81346daf,2026-02-28,14,14
e3bf9a96-973e-4a8d-80ab-ea2377a30162,2026-02-28,1,1
f145b6b2-d7c8-4d11-9b3d-43c26cc265c4,2026-02-28,7,7
f57d5abc-5f1a-4d72-a4f9-af9531c1fd2b,2026-02-28,14,14
081ee0e1-f2bc-4f31-bb39-ea3afe1201fd,2026-02-28,10,10
28d2b9d4-898b-413c-82ce-eb9d6d57da44,2026-02-28,1,1
2962a1c8-5150-4fb4-a908-7be59ace460c,2026-02-28,14,14
33a41824-d03d-4d61-a82c-9e082059c844,2026-02-28,30,30
35b999c2-7922-49e8-9e2a-85637caa75a8,2026-02-28,45,45
4903a762-c34d-490c-a28e-edb778f27537,2026-02-28,14,14
83c82343-6bb5-4c57-aa84-5b3d4a1f72d7,2026-02-28,10,10
84ea6cdb-c321-48c3-b890-c368800f01c3,2026-02-28,1,1
9516fd44-ee93-433a-b36f-861cc1afa96f,2026-02-28,1,1
9ff70fe6-6b78-49d3-bc26-c847df8ace7f,2026-02-28,1,14
c146b922-cbef-4167-894b-b8862b43c71a,2026-02-28,14,14
143c384d-a260-4610-b900-cbaa91c922e0,2026-02-28,1,1
65ffff21-64fe-4ff0-9fd8-c053cf8e60ff,2026-02-28,1,45
73b40801-2b4f-4131-a4e0-47e32ac15ceb,2026-02-28,1,1
77a1308b-8c70-4d8c-acf3-9d9e54f50f7b,2026-02-28,1,1
8cc66677-208e-4b46-b046-70e7ad5d3ab9,2026-02-28,1,1
926f3051-3d17-4d7b-92c6-6b7d4781225a,2026-02-28,1,7
1589608c-bb8a-4ef8-91f4-0708595a7130,2026-02-28,1,1
22f65003-6cc3-44be-b1c0-fc189c443991,2026-02-28,14,14
566daa7b-f816-490a-b37b-3ae51377f5b2,2026-02-28,7,7
d1ec4ffa-2957-42b1-a07b-f4106cf53d74,2026-02-28,1,1
568f01b6-19b0-44fc-8bd4-09380125c53b,2026-02-28,14,14
7ea153f4-3696-44c8-95e4-0c65e13aa933,2026-02-28,1,1
b4f8a541-d28e-4642-9399-da3291d026d8,2026-02-28,1,1
05d25824-6def-4aff-8a96-d390d68b8885,2026-02-28,7,7
1e10ff47-18ce-4698-9164-4eacb7c725c2,2026-02-28,1,1
669b8260-1beb-457d-b1f0-849c157cc085,2026-02-28,14,14
b06560af-bb8e-4fb4-8fbf-d9f75f879c25,2026-02-28,1,1
c2dc92e1-7d33-4ea8-be26-0cb2abb4ead4,2026-02-28,14,14
fb133014-7e20-4282-a377-565d516c9f6a,2026-02-28,1,1
00ea88ce-8b3c-4666-912d-817bc76488bc,2026-02-28,10,10
68dc0632-a058-4f31-96ef-41ca0cb3b647,2026-02-28,1,7
cf010e04-1670-4b4b-a5d9-3cc3cdf3598c,2026-02-28,1,1
ea4f1471-124b-4cc6-9ed9-a92fdba81f49,2026-02-28,60,60
2a7b2b67-12be-4079-8ff2-8ae6d56a22d7,2026-02-28,1,14
938ce14e-3274-47d3-912a-62129c3f407d,2026-02-28,7,7
c3e383ed-d07f-4351-bcfb-fad79f343c4f,2026-02-28,14,14
e61d5b18-cea6-4a13-a918-efb7a3bac7c1,2026-02-28,14,120
0729f819-8803-43de-82da-dda13bb963b1,2026-02-28,7,7
435bdfb0-eac6-4375-8021-f0c85ebc2cf4,2026-02-28,1,1
4f9412f1-c365-40d9-aa5c-dc19febc3d9f,2026-02-28,14,14
50e99bd5-8fff-4a9c-b4ec-ec28c6899a28,2026-02-28,14,30
58eb20c1-acae-4d89-a983-6a4eb194a56d,2026-02-28,1,1
85201a64-8fd4-4f31-9807-8e6c4561f847,2026-02-28,45,45
8bfa2716-4327-49e2-b1e6-68cf71b42f40,2026-02-28,7,7
9656c2a1-96e8-48a3-aa9f-020da5ffb0f0,2026-02-28,14,14
f900d7c6-d832-4b9a-b83c-152d6788881a,2026-02-28,10,14
01959c82-59ac-4f9d-82e8-5ccfce28661f,2026-02-28,1,1
302863cb-1a0d-41ba-b31b-6cc10c6a1ff3,2026-02-28,1,1
4d89bcc6-8219-43ec-a791-20013d851dcf,2026-02-28,14,14
7cc9f95b-ac91-41ba-8e0e-f40c5cd7061d,2026-02-28,1,1
92fe397d-f4ae-4642-9bdb-df3d96d5c3a6,2026-02-28,7,10
932919b1-aacf-4340-8b1f-f2b4af57ecce,2026-02-28,1,1
a7f860c4-bc36-49bd-8542-76bb077f1943,2026-02-28,1,1
d28ee148-7738-4d9b-8223-1a6affc8ddc8,2026-02-28,90,90
fa99a59b-6c9c-4243-81de-793a76040f21,2026-02-28,7,30
1f713345-20d2-44a2-a1cb-19b7e494f041,2026-02-28,1,1
7f4aa95d-d536-4d86-aac3-b1bdb07b2292,2026-02-28,1,1
94e5e474-435d-4044-96cb-a5ca7e7624b0,2026-02-28,1,1
5ef5a7a1-6482-4be6-9239-486822e8cd88,2026-02-28,14,14
7bf9cbfe-d245-471f-935e-3425f398ca04,2026-02-28,1,1
c88c4f33-fd72-4ceb-b8fe-9dec30edce7c,2026-02-28,80,80
f4ac3e58-c43a-473d-8873-aa04b50096f7,2026-02-28,7,7
458a6bb8-ef58-4fd3-a8b5-e69d92b1047c,2026-02-28,14,14
4c05cde0-e933-4aba-a49e-359d50366b83,2026-02-28,1,1
66502cc3-34cd-4ed4-8912-adbf371efa10,2026-02-28,1,1
763d96ed-93f2-4068-abc8-d0f59758bd52,2026-02-28,7,7
f121e846-3ff7-4099-ae5a-de16e4663856,2026-02-28,7,7
00d48602-4a4b-496c-b5a0-b4d3f8b9b693,2026-02-28,14,14
0961028c-e152-4e7f-9d55-6ffb5d2b8711,2026-02-28,1,1
53bb2ad8-48f6-4593-b954-73fc7fbc484c,2026-02-28,1,1
fe3dc2aa-db21-4610-af08-9a1d9630c6e5,2026-02-28,14,14
29fa3fa7-44c6-4876-b378-4596768f035e,2026-02-28,1,1
45cd7168-c7da-45a3-8b20-46c89d124c64,2026-02-28,14,30
4a3f8857-0c71-4710-ba63-1b0430272169,2026-02-28,7,7
4ca7def8-5e66-4dff-b43c-8fc28d531448,2026-02-28,45,45
7f2d128d-c558-4d31-a993-9430957f9c99,2026-02-28,14,14
1cbc0f33-e87a-430a-bd03-e87bc42d94ab,2026-02-28,45,45
268c9636-b16c-4599-b925-8573d825ed07,2026-02-28,14,14
3bf4b59f-088d-4c23-817e-2d1c14faa0d9,2026-02-28,14,14
5185b618-8738-4e8d-a606-8f7763baf35e,2026-02-28,14,14
77e250a6-06e9-416b-9707-a54f5b8dc73e,2026-02-28,1,1
9695b473-d370-42aa-9a8f-769a936e64a2,2026-02-28,1,1
ae0d9b3f-f9aa-423b-a816-acd829429ff7,2026-02-28,1,14
cf58d542-be2f-481f-a808-df8475b81597,2026-02-28,1,14
a4004a9a-1ee4-4f0e-b50e-7cb47bf6c2f7,2026-02-28,14,14
f5148ad4-332f-4d27-9e63-c1cb791460b7,2026-02-28,1,1
f8f8a16a-59f9-47bd-bc25-be367f84bbcb,2026-02-28,1,1
6f15ad92-fe69-4e09-bdfd-c67d885f3c4c,2026-02-28,1,1
83d36904-c22f-4a92-a234-024035eb6d9d,2026-02-28,90,90
99b7a00a-6fd4-4f77-8c4a-d331ce3fb6d0,2026-02-28,1,1
d1f75cdc-9dce-4d2f-b641-9cac55b64457,2026-02-28,1,1
efbab6ff-14ae-4d71-a172-b11a69caf207,2026-02-28,10,10
301f6aa8-c24e-4ff5-ba81-4e7b845b939d,2026-02-28,1,1
5cc77869-1b23-47d7-8c0b-9dbdb9edf2d9,2026-02-28,1,1
600751db-8f03-43c9-9313-67e1292cedc4,2026-02-28,14,14
6d04623c-b523-464f-a4ee-213f462e5658,2026-02-28,7,7
9283afb6-9cea-48c8-8fe7-a7af79dc85ba,2026-02-28,1,1
c36456a6-5d43-44d6-b029-54b23cd06b7c,2026-02-28,1,7
f402bfa0-60d0-47fd-9fa4-7ca96c5e08de,2026-02-28,1,1
008bbf09-45f8-4c08-bc2d-ec528ec380ac,2026-02-28,14,14
0b4d01dd-1b7e-42dd-a22a-31ceb8a98bc4,2026-02-28,1,14
2127daab-329b-449a-a5e6-55d24f4dfa31,2026-02-28,10,10
32f1d646-b744-4a61-bba0-cfd8f3c6e798,2026-02-28,1,1
8b0427ef-7478-428f-9f12-a494973a5cd4,2026-02-28,1,1
9db346f1-36b8-47ce-9e3f-a9657bb196a4,2026-02-28,1,1
b8d12b24-8077-4224-b103-23cb1b3edd3c,2026-02-28,14,45
e90691ca-8ce8-46c7-9feb-1b5d8e72f794,2026-02-28,10,10
27d3e45b-d8ba-40fc-9e2b-e5dd80ca03ee,2026-02-28,1,1
3a3b61b7-7322-4bee-9f43-a0e86439282a,2026-02-28,14,14
5e01c930-d037-4736-ae15-6e25d2ccc4d6,2026-02-28,1,1
9d619a0f-627d-4d6d-87df-ba79e9e04f9e,2026-02-28,14,30
cec40c82-5bf5-4978-8683-6628a7518c95,2026-02-28,1,1
e09efd73-4d0a-4df5-9ad2-46adbb31067a,2026-02-28,14,14
f2e0f846-8512-49c2-a8c8-398c4641c3c9,2026-02-28,14,14
05126e0c-d205-40fa-984e-e574e949f237,2026-02-28,14,14
67857a42-8def-4112-a72a-392b92500137,2026-02-28,10,10
d6d11053-68e5-4cb7-8f51-adf37c97055b,2026-02-28,1,1
24634fe4-0882-4f1d-9a65-4c5f1800d988,2026-02-28,1,1
31fb6b1d-2516-4a8c-80a0-22561add92bc,2026-02-28,10,10
3602c5f5-c40f-410c-b38e-64d80257f86f,2026-02-28,14,14
5315dc53-ec1d-46b1-b3e9-2da65c81976b,2026-02-28,1,1
61926d33-079f-4b66-a77d-a3c0a3bd26e4,2026-02-28,1,10
8b3a7ee2-2548-4d4d-a17d-8a87ed2f06c8,2026-02-28,1,1
9c46b639-5166-4ac7-ac8c-fc6be487759a,2026-02-28,10,10
c31fddd4-ca6e-437e-8746-171416280c8f,2026-02-28,7,7
044b37b7-d6e1-476d-b309-133ecce67086,2026-02-28,14,14
4d7cbd45-0b9d-4332-be40-954cb3f88f23,2026-02-28,1,10
618e3bde-2429-4a12-813c-5bac3fc43e5a,2026-02-28,10,10
7f72b922-48d9-4722-b905-db8fab9eccf3,2026-02-28,30,30
89a221d5-801d-4f71-a142-0a9a6ad6bea8,2026-02-28,1,7
8ec601c2-a4be-4754-84cb-afb6b11aa889,2026-02-28,1,1
b2a2aa6e-dc16-40d3-8061-68ddb7fd2ba3,2026-02-28,1,1
b341fed9-03e7-406d-b3f7-631cc9bbf0c0,2026-02-28,7,10
b557ccb0-9923-4d0d-8d51-9e0a117b9d78,2026-02-28,1,1
e097c555-1a9a-4e36-8023-c0a00add5456,2026-02-28,7,14
2024f3fb-fec8-415e-8e8e-3ec3fbdcb2eb,2026-02-28,1,1
209269b4-ee97-477b-ab1e-175d55e0fffb,2026-02-28,1,1
35b4d328-ee3e-4ec2-9bb7-d3d31fef78da,2026-02-28,1,1
4739be67-c039-4809-82e9-03906368b583,2026-02-28,1,1
57fc1ec5-5d4a-45ba-9e38-0a466e83bee2,2026-02-28,1,30
df57edce-2752-4082-99ae-debffa6e6b4a,2026-02-28,14,45
3ea25752-d293-4be7-b06a-86b4c9c8b2ad,2026-02-28,7,7
68095bb4-d901-43a7-be4b-824224655a1e,2026-02-28,10,10
c107ee33-c588-48ce-b6c9-a9325dc3aa0c,2026-02-28,10,30
d36eb6c6-3cb1-40d4-b4cb-05532ff8f6aa,2026-02-28,1,10
f4808582-8df6-4713-985a-f43f5b4e0c98,2026-02-28,1,10
0ee8ca93-5b95-4925-b4bc-400241bddd92,2026-02-28,45,45
1a6f5083-2d28-41af-87ac-d65415ea4b26,2026-02-28,1,1
9acaf366-0466-4a83-a6cf-77c2538253b6,2026-02-28,10,10
9ccbeec4-1264-4b10-9484-cd9f1c0d1a58,2026-02-28,10,14
e8aaaaf1-1075-4887-9794-406fa711338d,2026-02-28,10,10
18648a12-a6bc-489a-a54b-27ef35acb85b,2026-02-28,1,10
1d330fb6-2dc2-46af-b9ec-3ba2fabca0c2,2026-02-28,1,80
2e9a5e2a-0244-4556-b9f4-1e8dde4f6513,2026-02-28,14,14
60f8dc2a-f3ed-4212-8b0a-baf527fd6353,2026-02-28,1,1
88de1a05-aab3-45fb-ad10-0fa9915affdb,2026-02-28,45,45
9dd0dd3c-10a4-42fb-9145-50e4a9cb9b2b,2026-02-28,14,14
e8efe0db-def4-4994-8d12-999ca6f13fc3,2026-02-28,14,14
eb357f61-5450-43e8-849a-a41f0cd63b18,2026-02-28,14,14
0b0575c2-8a83-400f-ae68-291b7f209c2b,2026-02-28,1,14
2f66a582-7ba4-4e50-841c-685a849fc539,2026-02-28,1,1
4793a6d9-bd18-4030-bf54-1150c915dda8,2026-02-28,1,75
54078237-ba58-4a7d-8356-d054cdbed405,2026-02-28,45,45
85f2012b-a9cb-4701-aa70-da5ad7c4afdc,2026-02-28,1,1
39aa66ff-9fef-46c9-93e2-8055342d277c,2026-02-28,1,1
4bc447c9-acc2-43b4-9227-2ef8ab9dbc14,2026-02-28,1,1
8b9eefb3-5568-4c88-b3fb-ec463ebb2416,2026-02-28,45,60
e8e4c62e-6975-4540-8eb9-a27300f5d548,2026-02-28,14,14
f3b6b63e-7b53-420f-8322-a59c3044708e,2026-02-28,7,7
8fede970-5fdb-4ab4-9430-6fa8377ee375,2026-02-28,1,1
c4032808-7d56-4954-9bc7-5cda8f0bbf98,2026-02-28,7,7
d62bf376-8f6b-46e9-8522-0713feaf6090,2026-02-28,1,1
d8adc1cf-e64d-46d6-bf51-8ec0ed0101d0,2026-02-28,1,1
df5de274-6d84-48a8-8d9f-81a448ccc67e,2026-02-28,1,1
e4731100-7c8d-4293-b30a-cc255e013334,2026-02-28,7,10
01aa56e2-2a66-4bd6-a16a-5a38245d59ec,2026-02-28,7,45
780c310e-d071-4738-a5de-c014a27d4da2,2026-02-28,14,90
a6d08fd0-4d23-4a0e-9dd9-58a81812d488,2026-02-28,1,1
5aacfee6-8ef5-419e-a06b-d43f348b8e94,2026-02-28,7,7
75bc7de5-0260-4db6-beab-8feb68366801,2026-02-28,1,1
a3713525-5672-4832-bcc0-df93236a9095,2026-02-28,1,1
bbc83661-4ff5-4c14-b408-587a27e45b59,2026-02-28,1,1
d23877ae-f47a-4565-a849-f7a9f1d80fa7,2026-02-28,1,1
4c656821-28c2-4f1f-b0c3-9cfd8fcb8504,2026-02-28,1,1
9f39d842-91d3-48b8-9ef5-ad7ee7a9e050,2026-02-28,45,45
df38114a-bc7c-4982-9851-48b5a478e53b,2026-02-28,10,10
e81d51a6-c3fa-458e-a26d-851ddee8c63a,2026-02-28,1,1
f75c8f7e-b1cb-46df-a57a-21399ee6f192,2026-02-28,10,10
0d733bcc-a7fa-4a51-8d21-4f2c1288e96e,2026-02-28,1,14
21a1aab8-ebeb-4e83-9ac6-1b9a2a18a970,2026-02-28,45,45
e26f21bd-ee69-4e00-932c-d6561f9a3a6d,2026-02-28,14,14
3b335a84-cf05-4de4-9fbe-ba50bc7701b3,2026-02-28,10,10
6a92d124-6664-4917-83c9-9116c8a09905,2026-02-28,1,14
8b1fa6b8-0d0b-45a6-8388-9151bf2680b6,2026-02-28,1,10
a09c06ba-d5fa-47eb-bb09-8906b94aaaff,2026-02-28,1,1
ef4103e0-f205-439a-bdab-11434836d06c,2026-02-28,14,14
2499290f-a534-45dc-8b14-639568045520,2026-02-28,1,7
74bb42a5-d20d-4f64-99ac-f74f019bef57,2026-02-28,1,7
7a514b81-e1a8-4fa6-baf5-76964b3086e1,2026-02-28,1,1
9be75511-f4f5-4ad5-9f93-f80bf1c6e241,2026-02-28,7,7
bebf7bb5-edfe-4fd4-abfe-738dbae7f9d8,2026-02-28,1,1
196531f9-d86c-4bdf-bd95-db3271bb0274,2026-02-28,1,1
198721e1-b5bd-4c5b-8fbc-5bb41d43f749,2026-02-28,1,1
1c9a81c7-7e95-4ae6-8e94-1b0a516c5eb4,2026-02-28,10,10
d24b451b-0aee-40ba-8ceb-e9a3cee86979,2026-02-28,1,1
fa2b1d09-493a-4285-803e-63da2d1b1b73,2026-02-28,1,10
0b034a1c-e205-4d1f-9ce0-1327cfa13722,2026-02-28,1,1
0c5ad360-199d-4a80-bb30-c7c11d826906,2026-02-28,1,1
51ea7e71-5b94-4c60-8dff-5b2bfb28890e,2026-02-28,45,45
5b9bae6d-96f9-475e-b746-cbaa4d4d40b6,2026-02-28,14,80
5f65faa8-9c1b-4810-8144-7b7b374f503e,2026-02-28,10,14
077ac6af-13eb-436e-8f44-957eb724b3b7,2026-02-28,7,7
11c8c141-8d03-419a-9b56-5e93a5870c81,2026-02-28,14,90
159e144c-e94d-45b3-954d-bc63e4994f8a,2026-02-28,1,1
7e1fb0dd-ffb0-4801-9303-a9d52ad893e3,2026-02-28,1,1
8ae99fbb-6598-4c27-80c5-2268bf8e4d35,2026-02-28,7,7
90861c3e-302c-402f-a067-3e47ddb1e28e,2026-02-28,1,1
f3b7b7e9-b4ab-4170-aeba-1833606546bb,2026-02-28,10,14
b5f36ffb-15e3-4bb3-aab5-984064f8d80f,2026-02-28,14,14
027bad4b-b709-4371-9ac4-9f28e45ea68f,2026-02-28,10,10
19c00067-3b6f-43a1-af7e-900276f45c56,2026-02-28,45,45
300bdcd9-e820-458e-b44a-c23f733f472b,2026-02-28,1,10
3a188038-e7f8-49a4-824c-63fe3b3498bb,2026-02-28,7,7
406e58a6-2847-4463-817c-47541bcb31b2,2026-02-28,7,7
7c6ab9d0-6d32-4f20-a1b8-1895f8254048,2026-02-28,1,1
7d1a581d-778b-4f0a-bddc-300f5e33a23f,2026-02-28,1,1
9af974ee-8c52-413f-80e6-a02d76ada760,2026-02-28,45,45
9deb3939-55aa-4e5b-b8dd-093fe57a3e79,2026-02-28,1,1
a9a8877c-6f7a-428a-b4ae-4be31306d25d,2026-02-28,1,1
d2bd29b4-eedf-44f4-bbe3-e4e3837ca5ea,2026-02-28,14,14
f09be8e2-cec7-4d82-a6e9-9ad230406311,2026-02-28,1,1
295beae5-ddd1-4e8f-87bb-6510a2788cd1,2026-02-28,14,45
62ded431-b1a8-441b-a3af-3ab18bb9cda2,2026-02-28,1,1
a5e1310e-8f5e-4054-96bf-6cbe2e1d8b1c,2026-02-28,1,1
07d9cca3-7041-4669-a71b-154b9ad6a404,2026-02-28,7,10
1221800e-1b45-41ac-bc72-a5260d9a5515,2026-02-28,1,1
1b54c216-a2a0-4c00-a4fb-9553de0f5669,2026-02-28,1,1
5932344a-cf63-42b8-b024-fc5ada3f9ec8,2026-02-28,1,1
cdf8af59-ad95-4cc4-8344-fb35fa980316,2026-02-28,1,1
fb677fc7-2905-4f27-bf28-4c4dee762b10,2026-02-28,1,1
65c7bf09-3c00-48ce-8113-51469e9a0ae9,2026-02-28,1,10
196c6cbf-5f07-4173-af8f-c7c0de02d113,2026-02-28,1,1
33cc02da-6069-4b3d-a431-7a6b7977fcda,2026-02-28,1,10
4238635d-6e85-448c-8895-06bba7026b67,2026-02-28,1,10
8d3f8b1b-8cc6-4ae8-a544-768d6025c15e,2026-02-28,1,1
eacd5111-4724-47cf-985c-bdf8e30e9e84,2026-02-28,1,14
0c681faa-030b-4789-8f6b-88cdaee433f0,2026-02-28,30,30
29cd31d1-e6c1-4791-966e-3b860377003a,2026-02-28,1,10
47a01cc1-c5cd-4aac-826c-8e6485cfb186,2026-02-28,14,14
58a6572e-ee56-46e9-9712-0b0c13253430,2026-02-28,14,14
6bad74d9-1963-4bb3-a934-6cf802f119b6,2026-02-28,7,7
c4db3fd7-b51a-4859-82a6-ba1f1de22499,2026-02-28,14,14
e3e6bc87-ea21-4d3c-81c9-bf768293b663,2026-02-28,14,14
f507c3c6-b0e4-4339-a8ac-30f244c4c4f5,2026-02-28,14,14
3683e328-d9b1-472b-94c2-89301636f209,2026-02-28,1,10
70c7a061-0573-469b-b717-18e40db685fb,2026-02-28,1,1
729ea84e-8496-47d2-9d5d-5c98f16e8db8,2026-02-28,14,14
87d625cd-e5ae-4b53-bf6b-d5dc2c5c5f13,2026-02-28,10,10
fffb3571-4743-4074-b9e9-5006e50427d9,2026-02-28,1,1
0e65651d-c331-4461-a898-a7952c6693c6,2026-02-28,1,1
66e8b183-24e0-45d2-bf60-d81797274d84,2026-02-28,14,14
6a0a596c-5ab6-4451-a3df-5587d38d40df,2026-02-28,7,14
7b4d28a1-9ba3-45e7-b026-1b295da1dbc0,2026-02-28,1,1
a9828908-c098-4ca6-a684-5d70eb49c10a,2026-02-28,7,7
b0330084-1e6f-4bf1-8042-f6e65742e890,2026-02-28,14,90
ec0f18e5-0322-4c11-93b6-fdf4edeb1c83,2026-02-28,1,1
26844520-6860-4afa-a0ed-b187a08f7d5f,2026-02-28,1,1
3d41b49f-49c9-4946-958d-991130d58679,2026-02-28,1,1
8c408296-21e7-4aa3-be2f-ca9ef8498feb,2026-02-28,10,10
8ebc7d91-6b39-4fce-a106-154c94f65b39,2026-02-28,60,60
ae796895-0614-426e-bc52-128afc343ac6,2026-02-28,14,30
b7b23adc-10d7-4d1a-b0aa-98452479bddb,2026-02-28,7,7
fd8f0966-2d2f-45af-86ef-30607cff5aab,2026-02-28,80,90
34e34857-0d82-48cd-9e50-411217d5b00d,2026-02-28,45,45
43db9404-0bbb-44f6-8db0-4b4c86a5749c,2026-02-28,1,1
6f5fedba-465c-4742-90d8-5d183aae62d6,2026-02-28,7,10
785d0c24-603b-4968-8292-b623b32c880c,2026-02-28,10,10
bcaae7e2-ee5e-4ab6-83a3-dc8204ce9a18,2026-02-28,1,1
cf931c2b-c9e9-4167-ad82-40bce14dc858,2026-02-28,1,1
ed20603e-9406-4400-9ca6-ca25b0a4452c,2026-02-28,10,10
f55f5e4d-c331-47fc-8cbc-1cbac5fe17cc,2026-02-28,1,1
389f9694-b5cd-4dd8-b020-0f66d6e3616d,2026-02-28,1,1
5567b4e0-464e-4343-8f65-8e78917e609e,2026-02-28,90,90
5a5d1da3-fff4-4c9c-814f-00ecdf19e94a,2026-02-28,1,1
5f547674-5a83-4fa9-8d19-14280de23d4a,2026-02-28,14,14
628c9f56-7307-4983-ab4e-766138f7dedf,2026-02-28,14,14
ac07c7da-30b9-4656-b994-8dbf9379450e,2026-02-28,1,1
e62ea328-9380-48f1-bc38-3ac0b705a597,2026-02-28,10,10
f956e3f6-4b94-4bb6-9a40-88869f304162,2026-02-28,1,10
379764ba-4e57-425d-8276-038672a0703a,2026-02-28,1,7
3fe4b37c-8c42-43ed-b1ba-440b475fe898,2026-02-28,1,1
5a20efc9-0398-46e1-b537-e266e5e106dc,2026-02-28,10,10
943af334-63c8-4097-9753-6810ff0d3ddc,2026-02-28,10,10
98f1d705-97da-4078-9871-1a0e077ee979,2026-02-28,1,1
ac77b617-5ad9-4c3a-b1ed-5b34abdeaeeb,2026-02-28,1,1
ece8e543-b90a-45db-b550-71cdaa7310d6,2026-02-28,1,1
0ede8173-ca8d-4e7c-b923-ca5527d20ddc,2026-02-28,60,60
9c564f64-5a5c-468a-9374-f95cedbce2d1,2026-02-28,1,1
14dbb675-cdd2-4d5b-9857-35f6e303571a,2026-02-28,10,14
341b2b53-9136-4c7d-a9b3-0989b7dfd6dd,2026-02-28,10,10
4d6214a0-1b91-4796-ae80-4ea6275be3a6,2026-02-28,1,1
68241f4c-4e6e-4cbf-bacb-2f7a5c6fbb1a,2026-02-28,90,90
918ff225-49e9-45a3-af40-a8340462b012,2026-02-28,7,7
9fb4355c-09d3-43a2-8c87-2fd877160bcf,2026-02-28,45,45
ce0ac2ef-5a2f-47bf-9a41-38102aa319a8,2026-02-28,1,7
ddcc1fce-a4c2-476f-bc0d-f101b4bdd7b2,2026-02-28,90,90
1b7f192e-5d93-4a6b-bc1e-d60a31cc1573,2026-02-28,60,60
40b6ac47-e9ac-4c01-ab91-7bfb02aeeff7,2026-02-28,14,14
9e29092d-69c5-4596-8a8e-863cd2298ac9,2026-02-28,10,10
aedc2975-7c86-46d8-8de4-23bcc475a994,2026-02-28,1,1
b1b922bb-529b-4fb4-82fd-1112a3b899f3,2026-02-28,1,1
5c4ba833-ba61-4d43-898e-eefa440e7ce6,2026-02-28,14,14
c8045487-8315-4a72-a45c-9d1e23b2472d,2026-02-28,14,14
cd960776-2d6e-4545-bc36-c309278a5f8b,2026-02-28,1,1
e276dc91-ca58-494b-bfd5-6ab848302828,2026-02-28,7,7
66714b23-78e2-4987-9b52-4da5f47b4035,2026-02-28,1,1
9ef86e1c-1c2a-4aa7-b358-7b591a5f0b02,2026-02-28,10,10
a8bb9819-0478-4419-af75-ec4327feff06,2026-02-28,10,10
c0425682-407f-4d0b-8b40-743fbdaec56f,2026-02-28,14,14
d8ff6980-2829-4ad4-a024-07d8866ec62c,2026-02-28,1,60
ecfe943a-0fb6-4de9-b84f-189ceee8c25f,2026-02-28,1,7
1b4b84ad-7553-432d-8c8f-03d169c773b4,2026-02-28,14,14
3653ff57-9026-4757-8dba-bc17e8d3a65c,2026-02-28,10,10
3ca566a4-6045-4575-aeeb-1a7de8b45248,2026-02-28,1,1
c0e7f23f-d9a5-4a3d-9f88-52ecf775e8bd,2026-02-28,1,10
094dc6bb-595a-4728-b413-e23520e1bf2a,2026-02-28,14,14
0ca9791e-1cfe-4b54-bf63-7567d13d2733,2026-02-28,10,10
44898401-4931-4b4e-9720-53f5b1b52914,2026-02-28,45,45
4abefac1-1ed3-47e1-abe8-3f2c3e5fb401,2026-02-28,14,14
4ae256b3-7d9f-4f6d-bf5f-592080f60b53,2026-02-28,1,1
630de58b-8029-4ba0-958b-490fbef257aa,2026-02-28,10,10
a7baf121-0572-4b9b-8fcb-7cad082d73c1,2026-02-28,1,1
b2d6c30b-b1af-4727-a9fe-72372a4f7961,2026-02-28,1,1
bbae6877-0a67-404b-a37a-727390d979cd,2026-02-28,10,10
f00e1de6-0db9-4ee2-9e2b-3d83602ef55d,2026-02-28,1,10
00312e0c-495d-49e7-807d-6eab282d166e,2026-02-28,7,7
0f0cba72-45d5-4644-a7b9-63e41d1699ef,2026-02-28,1,1
22a97494-6c99-43f9-a7f5-908781137b6a,2026-02-28,1,1
2306710f-a143-4739-a440-d1c9a1340721,2026-02-28,10,10
5ef5c268-1cca-4896-b524-4bf32476020f,2026-02-28,1,1
a398565a-da44-4f50-b671-a75b32f55845,2026-02-28,14,14
ca3483f9-96df-45f9-ae2e-80f9cf00e65b,2026-02-28,120,120
40b4580c-97e0-4426-8b86-ce3f2cad1296,2026-02-28,1,1
69eff512-46f7-4748-bd87-ee32f8e01ee1,2026-02-28,1,14
702b3948-2533-4e0c-9506-20b47b636b8f,2026-02-28,1,1
a1bb0069-3cec-4b57-9307-54fbc32f4719,2026-02-28,1,1
c0eba24b-61e3-4a8b-8c89-2321cc60a0f5,2026-02-28,1,1
ca498f49-4515-4b3c-95d9-e3a2a6394227,2026-02-28,7,10
cbb094e7-dac4-4c53-ac99-1ba44f139759,2026-02-28,1,1
0453d6af-77f8-45e4-985a-25f2d4c126d4,2026-02-28,30,30
2ce9a6ec-5535-4197-806d-384b2d351124,2026-02-28,1,1
542de4b0-f8a2-4ecd-be79-728ee47db028,2026-02-28,1,1
666e2465-7df1-4b6f-9f08-ac9243f0b466,2026-02-28,1,14
6aeb351d-8494-4728-a43f-0d6cdae2f787,2026-02-28,14,14
5bb8eae6-d297-4e97-b473-818b6da86f42,2026-02-28,1,1
7afa7e49-ba41-4737-ab4d-a1ca7b6357c5,2026-02-28,1,1
941f8a6b-20db-4951-a636-5d4b70616b49,2026-02-28,1,10
b7d5e025-a6a0-43cc-b3b1-11f90d20bff5,2026-02-28,10,10
bba9611a-f5c0-4a5d-affa-20b3108cb358,2026-02-28,7,7
faf207de-3aa8-446c-bbf5-74385af7d7e3,2026-02-28,7,14
449aba1d-4ec3-48a1-bac7-55a3f6d277a7,2026-02-28,1,1
852cb660-d603-43b9-9525-f6a472555e1b,2026-02-28,30,30
fd8a0fdb-7602-4441-b7b0-61911ad99533,2026-02-28,1,10
06125c3d-8f0f-4e18-8687-1f4f96a5204f,2026-02-28,30,60
12f4564f-746e-4ba2-85c2-92f0071e1d5b,2026-02-28,14,14
6123c9d1-d49e-4003-b562-70c539bc91d3,2026-02-28,1,1
6661144f-ff80-4d18-893c-f036e13fd6d3,2026-02-28,1,1
761924a3-0c27-4e69-b2d4-fbac3a48f6dc,2026-02-28,1,1
b2ec2066-1304-4204-9e9c-166ac776fb08,2026-02-28,30,30
eac143e9-db8c-4e49-81ab-16364400e842,2026-02-28,14,30
081e9a56-6772-460f-a0c7-c315c9f4fa97,2026-02-28,30,30
2ba57bbc-bcfb-4577-aa23-1591d9a30953,2026-02-28,1,1
37c30263-8c6d-44e2-92e6-8b159ad2974b,2026-02-28,10,10
5c0adf62-666f-4e70-b739-201455816d0c,2026-02-28,14,14
7fdfec6e-a394-45bb-ae07-cc30e6802f6d,2026-02-28,1,1
d5d3d694-3c5e-4c91-874c-02613701f2b4,2026-02-28,7,7
1e470c61-ee2d-4138-94f3-8a4df01b8c60,2026-02-28,1,1
5aa753fe-2ae0-440a-8e0d-6e9f7cdd6bd3,2026-02-28,1,10
de25bbee-694b-40c5-9d75-57fd07230846,2026-02-28,10,10
ec51df9b-5cf4-4bfb-aa6a-0af204b5a597,2026-02-28,10,10
0da8a846-5e56-4b63-bff3-1586f8985526,2026-02-28,14,14
1fbb4ee9-69ca-423b-a9a9-61e889a9690f,2026-02-28,1,1
5bc2ebfe-efa5-4b4d-9c6e-25db0dae2316,2026-02-28,1,1
7001e97b-f59e-4cea-b938-dbaf460dd49e,2026-02-28,1,7
96632ec4-646b-4840-9d17-91d8b8e24677,2026-02-28,45,45
03fa92fc-cfff-45f6-a972-17ca1cda53c0,2026-02-28,7,7
09e0e172-ded3-4aff-897d-90f0806bd476,2026-02-28,45,80
391aed66-8c56-4aa5-a5e4-b392062b1600,2026-02-28,7,7
a0cd67f8-4fa7-4406-ad7e-b39035fc3159,2026-02-28,7,10
b26b90ff-22a2-4065-8ae6-d8c6f1cda2d9,2026-02-28,1,1
c10f15df-fdbf-4ac2-b079-f779324e3311,2026-02-28,10,10
227e90be-c7e4-4453-a9e1-fef567fef23a,2026-02-28,1,7
4a1d13f4-06e0-49dc-b2c4-cf2c613175b0,2026-02-28,10,10
7e6d1b51-dbf5-4517-9d3d-5338f1907345,2026-02-28,1,7
83ad31da-eb4f-40a2-9e91-1b741ec1a790,2026-02-28,30,30
8b11a7d3-a5c2-4647-b19d-a0c752f9e636,2026-02-28,1,10
b9cd512f-f499-4b5c-a6f5-a7351bc34592,2026-02-28,1,1
bbc64cf9-3170-4afc-890a-691763b523b9,2026-02-28,1,1
bd89255b-1724-465b-aef4-c9b47af57fbd,2026-02-28,1,1
c10680bc-33ab-455a-97c9-409d77b3b67d,2026-02-28,1,1
d957a236-f9bb-4196-ae0b-34eabd5e85ff,2026-02-28,10,10
5d5b3a96-4b49-44d4-ac98-5ed11178285c,2026-02-28,1,1
74c1c134-4264-4c10-8c69-48af3fb866a7,2026-02-28,1,10
b70c7534-f9ae-4c7f-9ab9-e0a5518c07b0,2026-02-28,1,10
dea8d6d0-bc22-4f7c-b54d-fbd9aa64c9a5,2026-02-28,10,10
e0a9649f-9bb4-4742-adda-9637da079760,2026-02-28,1,1
f7222d48-9c9d-4515-885d-99f9c23ebc98,2026-02-28,1,1
09290010-80db-407a-8391-713cc7b162e3,2026-02-28,1,1
46890ab6-3d46-435a-8a37-6f93b07e4eaa,2026-02-28,1,1
ad3f3cfb-d079-47d7-810a-d20c47cc420c,2026-02-28,1,1
b4bd5546-aef0-462e-b175-72f81ab1694b,2026-02-28,1,1
c697175e-a7c5-4dae-bbad-024977a5f1f9,2026-02-28,1,1
fbc35b37-be6b-42f0-8910-e61609654a61,2026-02-28,60,60
59d558de-78c0-4f45-98a5-a669e8569cb4,2026-02-28,1,1
9de185cf-d97b-4e21-99ad-df925b8cf7c2,2026-02-28,1,1
ceb0373d-9780-456c-9c26-fb95a0c22878,2026-02-28,1,1
ee318b5c-eb7d-4b01-8a6d-a8c04b1f678c,2026-02-28,7,14
06acd1c3-1349-4e64-af4f-c70145b86afa,2026-02-28,7,7
5f664815-54b1-4319-b819-07f2ecdf7489,2026-02-28,10,10
c3bdcee5-318a-47c3-9f80-8696f300dec4,2026-02-28,1,14
3327190a-5c77-4f56-8bf8-5ab3f6b6c543,2026-02-28,1,1
3759c8ec-e6ff-4dab-a2f0-1bbfceb7d1d4,2026-02-28,10,10
3bbc188a-a7f5-4714-a3a1-a5913a42525d,2026-02-28,45,45
61597c55-7720-43cd-af92-797d07a6419d,2026-02-28,1,1
7ff478f5-9c46-4f17-a17f-9f6f12ddc044,2026-02-28,60,80
b6cb3d92-d7a2-4246-9a8c-5a7cac33f0a2,2026-02-28,7,7
c2fea563-d7b3-451a-9340-e9c84996e676,2026-02-28,14,30
71775b5d-4f34-46b6-b771-e350ea9bb57c,2026-02-28,1,1
b7a3c403-61de-4601-9c83-e6bf355dd63f,2026-02-28,1,1
d2e5e3bc-ffc6-49c3-a12e-b57c50262b6c,2026-02-28,14,14
d3fc1ab6-b774-4a7d-b62c-dfe2ad67d2ab,2026-02-28,1,1
e529d206-a4b5-4b80-bbc1-23e4aa380a7f,2026-02-28,45,45
e65e57fd-8932-482c-a59b-bfeed065bd85,2026-02-28,1,14
26abd728-5e67-4aff-8551-52447c16d613,2026-02-28,1,1
6853a622-07bf-4d3e-9eeb-a56b20d793ab,2026-02-28,14,14
6958b8d3-a55a-43ad-a899-5d493f7910a4,2026-02-28,10,10
73ccfafa-d4e6-4b7e-bb3a-331e0131cb42,2026-02-28,10,10
74040d24-d935-4517-bd3e-a557311a169d,2026-02-28,14,14
eadcd999-9007-4b61-b96b-aa38e1b78bdc,2026-02-28,1,14
f1e31053-933a-4545-a7c7-519dde638c0d,2026-02-28,14,14
16494c4f-d821-4703-97bb-cc108f151b78,2026-02-28,1,1
3cc7683f-8c6d-4b58-a2c1-d856149f677d,2026-02-28,10,10
628f58f5-32ea-4350-ba4f-53dca0445c83,2026-02-28,1,1
7110d057-79dd-42e0-b4bd-951dcef6b192,2026-02-28,1,1
965535cf-c744-42a0-ad40-f2dea67fcff1,2026-02-28,1,14
aa395601-8101-4eac-a981-11581c1726d3,2026-02-28,10,10
af3e3288-fa4a-4e03-b020-44a81e347d59,2026-02-28,10,10
b95a2122-9ad8-4dd8-b1be-76e1f6183780,2026-02-28,14,30
e2eff608-6d17-4012-8573-b5e21fae954e,2026-02-28,14,90
0f2e46ac-1070-409b-893d-e5a31807fc3b,2026-02-28,14,14
160eedba-8960-46d6-87f2-049db8e8385a,2026-02-28,1,1
1ea8e115-de8b-4a49-b40b-789494fa8bad,2026-02-28,1,1
27d66321-0dfa-4222-915f-fc41f705dbcb,2026-02-28,1,1
4798c0c1-845e-4cd1-9e39-f2d350d90515,2026-02-28,1,1
56e1c4e8-d30e-45b7-b9ad-de93f63fe254,2026-02-28,80,80
6a92a7bb-8623-4877-ac7a-92d6bf9713cf,2026-02-28,1,1
9e70e20a-e0b2-42e8-9934-96143566511d,2026-02-28,1,1
a7b9fd59-8bd8-4c23-8eea-4767487ef5d7,2026-02-28,1,1
bf7973d5-4883-4912-ae8b-a943d5e396e4,2026-02-28,45,45
3cff8622-4f91-48e8-86ee-2e70255b2b26,2026-02-28,14,30
4b638fe0-f899-4df6-b4fd-3c9d06354ac5,2026-02-28,14,14
606686f2-aadc-4aa4-aa2e-e4c952094651,2026-02-28,1,14
9ee028fb-0f83-4e46-980d-2e3330d51a1b,2026-02-28,1,30
d74f7dd9-a795-4078-9223-05a9fa8ec1a4,2026-02-28,1,1
0a6601b9-4c3b-4eba-bd14-11c886429901,2026-02-28,7,7
45f56c66-dbed-4035-abe6-50684657187c,2026-02-28,1,1
4ba8fc3a-56a8-4463-8f9d-f1abcbec720a,2026-02-28,1,1
910ddb51-81c8-4213-9739-99a4058663f1,2026-02-28,90,90
c23eb814-3917-4524-a368-f95be9d45857,2026-02-28,1,1
d1b0da74-f984-493a-9793-f570612b4d48,2026-02-28,90,90
3c8aa96c-a217-41eb-97f9-8d336a6504da,2026-02-28,1,1
4819311c-e05f-4504-9ef8-99852240ddd2,2026-02-28,1,1
4b3b0ca2-8910-4c7a-8756-55adc70cd542,2026-02-28,14,14
6d6e6adc-2bf7-4377-9902-1a6a5ae9069a,2026-02-28,1,1
dcc87499-6123-46f8-9199-606cd3eb22cb,2026-02-28,1,7
ef892534-e8de-4d05-8610-34f88ddd8896,2026-02-28,14,14
19c55548-c7ae-448d-9afc-ee8934c10ba2,2026-02-28,1,1
2ffc79dd-b516-4935-a531-9db796db197d,2026-02-28,45,60
69ff261c-a2c3-46c0-aee8-c0f807aca37e,2026-02-28,14,14
6bbdcd10-924c-4caf-b07e-f5da9ad3ec2d,2026-02-28,1,1
960855c7-6567-40cf-9f7b-513c138ce8c5,2026-02-28,1,1
ab676021-18d1-44a2-aaef-13556a7c8b45,2026-02-28,14,14
cf06f1d0-dd8e-4a14-8b94-6e63178705a5,2026-02-28,90,90
db21f6cb-09c4-4cad-b204-a9dd7a127afb,2026-02-28,1,1
02ea401b-3f78-41be-8e1f-9571c3e03a2b,2026-02-28,1,1
27cca1bb-8cc8-4b72-8a07-0824f5085d09,2026-02-28,1,1
2aaf0658-41ca-47d8-bfe7-db915e0a60d6,2026-02-28,1,10
2e2c3325-d3cd-40f2-91b6-f228e2a1ac0b,2026-02-28,1,14
603a4501-d257-4b89-b96f-14a75f066606,2026-02-28,1,1
702bac7f-3520-4f6b-bbb8-9a53bae10798,2026-02-28,1,1
cd6986a6-94a4-44d3-85c6-9e0964c16648,2026-02-28,7,7
e0d5d650-f2e3-48cd-8d5d-fe3d29d1035a,2026-02-28,14,14
e946c77e-0d1c-4873-bd28-a8d6c2c770a1,2026-02-28,10,10
f73c778f-0422-4e03-93e8-59e0bba1fdac,2026-02-28,1,1
14113c51-7c13-4913-8100-dec0caf6d998,2026-02-28,1,1
1b71de84-2d40-4fbb-873e-0251e7df6ca1,2026-02-28,1,1
8bb7d561-114d-4320-8aba-c9ee49a2f4e2,2026-02-28,14,14
99e96166-7427-4419-b74c-47aaaf6f70c1,2026-02-28,1,1
f7ade13d-926f-4f23-879d-1ecda9ff1e4b,2026-02-28,1,1
0c39d614-aa0a-49db-b91d-1b89a61a3457,2026-02-28,14,60
1f4ae4a4-92ce-4729-9a36-fce2777f26ca,2026-02-28,1,1
2651f7eb-646b-411e-b3c0-845bf8196387,2026-02-28,7,7
3ea72b7c-e075-4eb1-899e-9ebfa18edf35,2026-02-28,45,90
41463e20-d381-4c2f-b841-cff9d6296a4e,2026-02-28,1,1
45b9a63f-5704-47c9-8cfe-02466c231916,2026-02-28,1,45
b11aeafc-0736-4eba-bc00-68895eb4b3d1,2026-02-28,45,45
b95133e4-13a1-4f33-9811-5f5f41297ca7,2026-02-28,14,14
f45a057e-3ef7-4fd1-9d2f-29e20a98eb7b,2026-02-28,60,60
48808af2-0f04-4cbe-b431-290a420f9146,2026-02-28,14,14
6c8cde34-f497-43ad-a33d-e0162f924641,2026-02-28,45,45
768f8b7a-159d-4dc3-af04-a3ea89fd933d,2026-02-28,1,7
7a6c4761-3bfb-4134-bf4c-0f2b4963bc3d,2026-02-28,30,30
7fccbee8-fe0f-4571-a939-437b594b2bdf,2026-02-28,1,1
889ee61c-461c-4066-84f8-375deeedd3bf,2026-02-28,7,7
c7320955-be06-4a1a-aab6-faf06d5a5335,2026-02-28,14,14
e5ebc342-c75b-4f60-b898-d415f4313c91,2026-02-28,45,45
0fa0277a-bb9d-45a3-a61a-2491de3e8257,2026-02-28,1,1
364ce56b-ad40-4ad9-8d3f-f7ab6e3d71b2,2026-02-28,1,1
492e976d-26d7-4050-ab86-5ac25a4686c9,2026-02-28,1,1
557d07cb-fa0f-494d-b033-e972df4da544,2026-02-28,45,75
80776918-703f-4157-aa82-ac5a15fc72d0,2026-02-28,1,1
8c188744-40c0-4791-ab62-4ec061a38dec,2026-02-28,1,1
91d65f8b-2622-4174-b988-0d45954dc80c,2026-02-28,1,1
a83fa440-4eb9-4bcc-9e09-108ade5017f8,2026-02-28,14,14
bb25e20d-67fa-4706-9d20-9b693e67dbbb,2026-02-28,10,10
c0fafa61-1084-46c0-b755-3474dfb446f6,2026-02-28,7,7
d22c31fc-99ec-47e4-92e3-3f3e9849cc12,2026-02-28,1,1
61d93433-7a73-4ca6-b11c-2ad3bb8668fc,2026-02-28,1,14
836af988-29e0-465f-b801-64de62f981fd,2026-02-28,14,14
b16ae9e0-5256-4206-b79a-3b111fe86c5c,2026-02-28,1,1
e4b9d8c1-1d88-43f2-8a9a-f2ca2dc28e78,2026-02-28,7,7
f556497e-23c6-4af9-b281-8027826e3584,2026-02-28,1,1
0bbadb9c-1dce-4873-9d9e-ff8942ace15a,2026-02-28,1,1
0dec3eee-86e3-4726-a52c-186b262742a6,2026-02-28,1,1
13621767-41eb-496f-af87-e0579b1e64ab,2026-02-28,75,75
535535ca-6ffc-4b48-b7fe-9b6839ca94cc,2026-02-28,80,80
82829cad-c73d-46d1-a34c-c175ea8ea29f,2026-02-28,14,14
adb25bc7-a46f-461f-80b2-8f4748ed95e5,2026-02-28,7,10
e314476e-ac89-4836-8d8d-52d1c75c6850,2026-02-28,7,7
3c45c681-6f06-40cc-9865-c3f38decb3e1,2026-02-28,1,1
4aa7bca4-9e67-4dc7-b7d6-92778cfd2ba5,2026-02-28,14,14
bc119ab5-50ab-4748-b0d5-a5ebe3f2b5ac,2026-02-28,1,1
f9214c5f-2de3-42f6-94b6-0260f68c197d,2026-02-28,1,1
fffb6f53-e69c-4d1b-9856-61c9248ae8be,2026-02-28,10,10
0424f7f7-22d1-4181-86b5-01f8827faf57,2026-02-28,45,80
0ce4d483-5338-4059-a04b-007355df081a,2026-02-28,10,10
2bbf140c-4a72-4d63-a6f9-55e98189de12,2026-02-28,30,30
2f2dba13-7cf5-4a5d-8ceb-38527b6ec99b,2026-02-28,10,10
3072c375-a231-4c74-86db-320c562b44c0,2026-02-28,1,1
53d15e3e-052d-4347-99e6-168ee44d8d49,2026-02-28,1,1
7b1e3e9e-0b92-4c50-b093-4c45adcca6f9,2026-02-28,14,14
8b4964c0-0fda-4a9c-8574-bcf9daa1aaed,2026-02-28,14,14
9f4cbd6e-effb-4d5e-8fb1-012b57ea8a2f,2026-02-28,1,1
dddd8756-102e-4231-a786-4ed4621004e1,2026-02-28,30,30
e79c2c13-70a4-4d07-a727-b144b2625b00,2026-02-28,1,1
34e89218-2c3b-4413-b322-839abdb04ee0,2026-02-28,1,1
da0f4144-ebeb-457a-867c-3aaf7972a5f7,2026-02-28,14,14
dfc43791-cc4e-4573-9396-69443be4028b,2026-02-28,80,80
0fc2600c-e490-41d5-a31e-5f1d57713ea9,2026-02-28,1,1
458df6a1-2c40-4854-9864-e58c1abf688c,2026-02-28,1,1
a423721a-c160-4684-b6a9-37ee7343453e,2026-02-28,7,7
ab48d9bb-6a5a-4bdc-9911-89dfa2ab0c40,2026-02-28,14,14
b021c0c5-0512-4819-8d4e-3064cbc1b5fa,2026-02-28,10,14
bc229682-0b1b-487f-b9bd-0270f7d85293,2026-02-28,60,60
d7bbed9e-b29a-4a65-92fa-35a7857bc374,2026-02-28,7,7
dfd40e6d-1753-43ec-b2b5-dab7c067551d,2026-02-28,45,45
f4493004-3a06-4e44-ae53-48d4838c0898,2026-02-28,1,1
030b3c71-f473-466b-a33d-0be022c9f84d,2026-02-28,1,1
107651e8-0828-48c3-9729-29a90cafa85c,2026-02-28,14,14
3931f172-aa8f-4da9-bc23-05dec7707a13,2026-02-28,1,45
6fc58d71-86f9-4626-b6be-691f7e0f7840,2026-02-28,7,7
78bb7330-cdde-4962-811c-f2c3aee80c19,2026-02-28,1,1
8519552b-7731-455c-9ae3-e24b41bd9c08,2026-02-28,120,120
88da8cf3-794f-4838-9250-47a2e94b5887,2026-02-28,7,7
9e324223-c423-4e7e-9642-3ebf109d532c,2026-02-28,1,10
b01d320a-3a8b-4571-b669-a7d8060a388a,2026-02-28,1,1
cf702b9d-f06f-4dad-9ab5-65445dbf00b0,2026-02-28,1,1
eb8a32b0-a86b-4ccd-b783-634b561516b3,2026-02-28,1,1
fe15b55d-5939-45c8-b86b-2450f2610d05,2026-02-28,30,45
4771ff25-9af8-48c7-b280-189295db3944,2026-02-28,1,1
597ffb12-95cd-4f58-ba7e-e40841a4a674,2026-02-28,1,7
90731dd0-b7fb-4ee6-bf94-1d34456fa2a8,2026-02-28,1,1
d1c7389d-793d-42b7-9113-91bcfc576560,2026-02-28,10,10
0c337fcf-deee-4e93-a93a-328242ff64d4,2026-02-28,7,7
2018ffec-f26c-4611-829d-e14edeabbec4,2026-02-28,1,7
2b2e87b2-4fa8-4289-bcec-e89da25c3f97,2026-02-28,14,14
58558fb3-3d7d-4df0-ac1e-33ae865717a5,2026-02-28,1,1
660af5b2-c546-4220-a537-9d76b8a09abc,2026-02-28,1,14
830a76ad-6649-4442-815e-be7c0870d9b7,2026-02-28,30,30
c9ef39fe-bc05-4c0c-ba3f-24a9aee7b4b1,2026-02-28,10,10
e55ea9ef-9eab-412f-b692-26fd6cbb7b9f,2026-02-28,1,14
f2ae7780-cf1a-4df9-9760-1c4ce06085f9,2026-02-28,10,10
fa2a32c2-1016-4884-88e1-fd353f24b706,2026-02-28,1,7
c60e9c6c-c833-480e-9888-25c380c4a44e,2026-02-28,75,75
4241e8a3-85f2-4805-88ee-830823c2120d,2026-02-28,1,1
53a631a2-faf7-4c30-ad0f-48a3a03330ad,2026-02-28,10,10
6671f39a-5961-4859-a9ca-78c7c2a9a5e7,2026-02-28,60,60
93e365b7-e161-4fd5-8eba-695942ba3247,2026-02-28,14,14
c05451df-4a8c-420c-9016-144838af689f,2026-02-28,45,45
f79fc056-cda7-40ae-b82f-93e587bb1504,2026-02-28,1,1
0ade95b9-26b9-4c49-a0a5-6c82912de377,2026-02-28,1,1
230c3f6c-02b8-455d-8572-4ac7e4271d34,2026-02-28,1,14
256f819c-5d12-41a1-a4ce-4220e69426ec,2026-02-28,45,45
3383154c-922c-4b1c-947b-89d20e35dad3,2026-02-28,14,14
644fe53d-cd1c-4cef-8f17-5d59fd1bf736,2026-02-28,10,10
6d503074-e5e2-476a-aece-c1f9cc5c41cf,2026-02-28,1,1
77432ed1-57fd-433f-88ab-8527752b4db9,2026-02-28,7,7
9bc36128-4485-4e10-86b4-9642338d6a8c,2026-02-28,1,7
ba7d9d5a-636b-48ba-bcef-7b36f44e6132,2026-02-28,45,45
dd9479a2-5353-49f8-ba04-8c63f823c33f,2026-02-28,10,10
f6520b01-1a57-4485-ac63-88b0acf4afd3,2026-02-28,10,10
20cd6d14-2b86-4225-8b58-9f52e2119787,2026-02-28,1,1
659465b6-324e-4ba6-b181-9f4b32c9e3ba,2026-02-28,14,14
fbaff12a-6dc4-413a-86aa-5421d55ca4bb,2026-02-28,45,45
37b8d9f8-93da-4d83-acc0-d93769671d4d,2026-02-28,1,1
3c71c203-0e4a-4eb9-a9eb-5b85bcaa8c4a,2026-02-28,14,14
8e1e08c5-03a4-4182-abec-175df8cdcdc5,2026-02-28,14,14
eefba972-6ad0-415f-a392-5c94d8e55f2f,2026-02-28,90,90
137d61fa-0c08-4dd6-834f-78b051f508c7,2026-02-28,1,1
3c2a0157-dcb6-4172-aab9-22e9c7908601,2026-02-28,14,14
4d7d4ee6-962d-4254-85d5-6cfc9a3fd0b2,2026-02-28,1,1
573f2a1c-ed54-4c65-98a2-ca4fce790950,2026-02-28,14,14
5ad6eed5-b401-48e8-9369-69349e4c6754,2026-02-28,30,30
80f119be-7ebb-436c-b50f-46d9a4bab8e8,2026-02-28,1,1
8f3cf210-0173-4353-8263-4d0bb82e2c32,2026-02-28,10,10
a70a67f8-38dd-42cd-bd5c-06eff2d2a650,2026-02-28,1,1
abf3a0e9-094f-40bd-aacc-09180945f136,2026-02-28,14,14
1ead899f-06e3-4c51-a140-e6656fec21ee,2026-02-28,45,45
4bc60b9f-bf63-4ca3-948e-a8a2256ddeb0,2026-02-28,1,10
5f79bd89-25d0-40d4-819d-281ee2af74d3,2026-02-28,1,14
8d5700f9-52be-4c69-9e1b-998b18e64c57,2026-02-28,1,1
cc0a6521-dfb1-48fb-9492-0ad11968bd9d,2026-02-28,14,14
48d45c71-3724-473c-9eb6-1b1b01aa0196,2026-02-28,1,1
a4aa4faa-ab7f-4132-a39c-9e7426653240,2026-02-28,10,10
cd47ee85-1216-4b03-b6d1-31a025e23b62,2026-02-28,10,10
d543c9ec-27bb-4210-b145-90f8e722fcaf,2026-02-28,14,14
f89af1c1-e9d3-494e-905c-a57cd989c9ff,2026-02-28,10,10
0a7161ef-8848-48c4-ae62-d42270f5ed01,2026-02-28,10,10
41fad506-e4f8-4fe7-8ff9-67748ba3be3b,2026-02-28,7,30
5f13da35-b885-4716-bc02-03cdd2f4b1e2,2026-02-28,45,45
e5cf2602-53bb-4b90-b9ae-8c2c4d9c8d1c,2026-02-28,1,1
e67eaa57-3165-4338-bda1-fd7e0e571815,2026-02-28,14,14
f1417607-36c0-41d1-8bef-d677d2c57696,2026-02-28,14,14
f657da21-b5b2-4658-90cd-d1a0260d3af8,2026-02-28,10,10
2add381d-ec77-4082-b14d-e89e47aa8be4,2026-02-28,45,45
6405fa9c-3a7a-4b14-b28f-2ecba1127721,2026-02-28,45,60
8495e508-eb56-4eb5-bf41-049e02c385db,2026-02-28,7,7
ae0ecaf3-180f-4c42-9158-01e882033372,2026-02-28,10,10
e10f073a-63a8-4db4-8076-bc80e4c8fb92,2026-02-28,1,1
6b6207b6-5a27-4ea5-9d9b-dcd462f718fb,2026-02-28,1,1
84e24220-b3dc-48f4-8bdb-285f6e1968d7,2026-02-28,30,30
a25475dd-40ca-4695-8a7c-8aebf95337a3,2026-02-28,60,90
df9be317-24e9-4f60-a31c-92cc7c6bc91e,2026-02-28,14,14
04723eb4-7191-46af-ac39-f0e2a0dfc3dd,2026-02-28,1,1
11c6cc20-709c-447f-95c6-b19190abb0b5,2026-02-28,1,14
3c2e8643-0892-43e8-9aad-98f36bc4cbbf,2026-02-28,1,7
6577b155-09d1-42ba-93a7-e53630dbc040,2026-02-28,1,1
7252fbab-13f5-4b31-a3d8-71f1305d7042,2026-02-28,1,1
c8200ca6-d893-4d76-a4c6-4109098680c4,2026-02-28,10,10
1bdea804-8377-4333-9a22-dda8dbc53db2,2026-02-28,10,10
234b0c23-1e0b-419f-a221-e9a8c2932895,2026-02-28,14,14
49b44e63-8321-4ded-affc-f79c048f9789,2026-02-28,1,1
51425817-03a8-45aa-9225-4962a9f9407e,2026-02-28,14,14
5f92d914-1801-43b5-b0cc-80291b390ba7,2026-02-28,1,1
63e22325-0fe5-4829-bfb3-fe6cbbbd72e2,2026-02-28,1,1
b225ec7b-615e-4548-822f-4b3934bee8da,2026-02-28,10,10
c4b316c4-a85e-42ff-87bf-c87a46e1da78,2026-02-28,7,7
22c34fa4-660a-4275-b0a1-5933aa12be59,2026-02-28,1,1
26762cd2-5c8a-4382-bfb8-9e4be3da6e00,2026-02-28,1,1
c3d72b37-e26b-4816-9d30-b4ebcde24ac2,2026-02-28,1,1
0a742c9d-9883-406f-88f3-134a5859e673,2026-02-28,45,45
424dd39a-4691-436c-9f92-1537263a79e8,2026-02-28,1,1
50978397-74b0-4ceb-9039-7435b2f63841,2026-02-28,1,1
55ede91d-a168-4a9b-8afb-0a1bf25144fc,2026-02-28,10,10
f2711afb-3c51-442b-80c8-64aab4e4d0c7,2026-02-28,1,1
f7fe0b86-7ef0-4617-9456-5884eef9e9cd,2026-02-28,30,30
08c50002-f48d-438d-a34f-024429a34754,2026-02-28,45,45
638c35d3-eebd-4e6e-8076-57ec3f961d3b,2026-02-28,7,14
7572af5f-d5a8-4ae4-af19-31e056345d6f,2026-02-28,14,14
8609859b-34b2-4faa-bcda-6d63e71a59ff,2026-02-28,7,30
8df21fb8-8644-49aa-91e0-e775786a38b3,2026-02-28,10,10
05cec60e-191f-47ce-acfe-df09b8388cc0,2026-02-28,14,14
11410b26-07e5-4fdc-805a-c7cec62bc0b4,2026-02-28,1,1
01fdd981-698b-44ba-b0f5-f690833d9d35,2026-02-28,1,1
50e72fe3-29b9-4856-9799-c306d80f0b64,2026-02-28,7,14
7da0b8b0-788f-4cdd-801a-a641a253362c,2026-02-28,1,45
b44ce0ce-70a0-4801-bb04-ba711767c6eb,2026-02-28,1,1
bee8f535-ffd6-4ceb-b73a-2e76d16127f1,2026-02-28,45,45
c39a473b-9fef-4f4c-9c7e-2b0c363257c8,2026-02-28,1,1
85d63307-56e5-444f-bf75-4b91186efe0f,2026-02-28,45,60
d1c4b11f-9bfc-45cc-b4e4-8f74a55317f5,2026-02-28,10,10
fac20cb3-6547-42e3-80e9-5be9a866d4f8,2026-02-28,1,60
1165c2e2-2039-4f51-876e-df9643ad532b,2026-02-28,45,45
1f70f912-2b3d-4619-8ebe-f95248fe19ad,2026-02-28,1,1
4cfb9020-4917-4001-99d1-65c9ab012dc8,2026-02-28,1,1
5357a47d-ef2b-4219-b3a8-07eeb911f12e,2026-02-28,1,1
7a610ba3-a40e-450a-9162-a8fcf0c11beb,2026-02-28,1,1
abe4bd0b-7474-449c-8b34-1e94f19638fa,2026-02-28,1,14
c0e25bb7-7acf-4d90-b3f6-9cb8df0eecc3,2026-02-28,1,14
5666987a-e5c2-4418-9bd6-f8bedd9773db,2026-02-28,1,1
74a563a1-74d3-4d4f-beca-e341df6311b5,2026-02-28,1,1
a43780c9-9007-4561-809a-962b8c05d117,2026-02-28,1,7
b270287b-613d-43b3-ab56-53986c37f62c,2026-02-28,1,10
b61ae933-cc2b-43e3-9185-830e2fecce7b,2026-02-28,10,14
c27538c0-81ee-4671-b902-fff5e0e1a299,2026-02-28,10,10
2deb4ed0-6191-4dea-8527-3e301ff91765,2026-02-28,1,1
388ba703-0a1c-4295-a5af-017b8d4f31e3,2026-02-28,7,7
6ba97c8e-f040-4060-8bd6-8a38151313a6,2026-02-28,7,7
7bd43c52-1279-4f60-865e-4bfd09f7c49f,2026-02-28,14,14
8f9adb90-47c5-42f7-b804-c6f30af28d74,2026-02-28,1,1
91454600-6e5e-4428-954d-0c3049ce6b9d,2026-02-28,10,60
94b2b3db-5921-4270-9cc3-45151453151b,2026-02-28,45,45
b0eb892e-afc8-4625-a6f4-9fba086faade,2026-02-28,90,90
ccdaa9f5-7703-470f-9a4a-e80d648fb6c5,2026-02-28,1,1
d188aa36-850b-4f13-8773-8503daab8a24,2026-02-28,7,14
05cb158a-1874-494b-b8ee-44483705ab88,2026-02-28,7,7
96b7e7cf-5255-4fbb-914a-ce71d695b4d4,2026-02-28,45,45
b4e3e5eb-a1e0-4e14-8f34-a048de9fc90d,2026-02-28,1,1
b96a02e7-4b85-4a5b-9f89-2e2bb433e096,2026-02-28,1,1
bf54259a-3ecf-4111-8cc0-a3cc58730e64,2026-02-28,45,45
e73c7093-3924-4a32-acc6-6199f5978317,2026-02-28,10,10
03a39805-82e1-4233-a606-5e3ce1485e62,2026-02-28,1,1
03b07d44-1338-436e-b381-a7b34cd8e1a2,2026-02-28,1,1
0a231ca5-f1af-4ba9-b51b-57a53ce0eddc,2026-02-28,45,45
345f8b0f-2f61-4dd5-b1c0-a5adfc4b8837,2026-02-28,1,1
4e2cae56-7269-4223-a8d7-4446f8b6786b,2026-02-28,10,10
637cee61-48f4-450d-aa53-10bb3758869f,2026-02-28,14,14
83c0202e-a5f9-43a5-acd5-a2ce2e3ffcac,2026-02-28,10,14
8c577407-a286-460c-b2cb-5501c656cb7d,2026-02-28,14,14
b5a95f0d-562a-4dea-afc4-0d0abb40dafc,2026-02-28,1,1
cd19d320-21cc-4dcd-aa2a-617d0d0e4387,2026-02-28,10,10
3378ae80-617f-4b9f-9ed2-e1d0b29308e6,2026-02-28,7,7
4e03b88c-8f0a-40b2-94b4-5ed378b20979,2026-02-28,14,30
83fc776d-8c5f-462b-aebd-e3552a083bdb,2026-02-28,90,90
ec2ab781-1a12-4e7c-ac4f-4e983eb46158,2026-02-28,7,30
ed27a1c2-bd6b-4174-8f2a-5234ff6547e0,2026-02-28,7,7
f5ecc8a0-9910-405c-a5db-207b8b12a16f,2026-02-28,1,1
0c667652-61c2-4a43-9b11-1a979eb732bb,2026-02-28,1,1
515716ee-2e07-4faa-b667-51d39986cd20,2026-02-28,10,10
f7170f59-ae27-4801-aeb9-aec2ea0327b2,2026-02-28,14,14
f8b4a924-93ae-4ee9-b590-7a7364b47c27,2026-02-28,1,1
fe08815a-1783-4b3d-85b4-512d07998bd0,2026-02-28,1,14
350cdaba-3c05-4a8d-87e1-eceb9bdcdd95,2026-02-28,7,7
37a32ee5-4aff-4ea6-8d83-55d743c93439,2026-02-28,1,1
4e910f5b-1cde-489b-b98a-7c6706a4143e,2026-02-28,1,1
5b535e14-fea6-4d9f-8d7f-3d10794cac1d,2026-02-28,1,1
65acfcf9-9cb6-4d8b-9913-a1a97da9b896,2026-02-28,10,10
7a6cf746-7629-4b09-8e08-76814cf81d72,2026-02-28,1,7
7b8cab03-029e-4f6a-854b-e3ab22022c19,2026-02-28,7,7
cf10441a-aa48-4650-bf62-6d1da0a0bad3,2026-02-28,14,14
d66cd7e5-2318-4754-9bde-520479a16b4c,2026-02-28,1,1
08bdef45-2de1-4fc2-b0f3-04d5e1a02048,2026-02-28,7,7
4f3f437e-4483-4a16-9556-9c97049e8132,2026-02-28,1,7
6918d679-7a56-4083-a56c-23aa941033d8,2026-02-28,10,10
91eee77e-9749-488d-8fc6-58c47345ab20,2026-02-28,14,14
aabb805b-1024-4f93-a6e7-59a917fbee7e,2026-02-28,10,10
d4ef8aed-8051-4955-bc9a-c8024c059f41,2026-02-28,45,45
02dd007f-2030-488f-b4f4-f81d8de84bff,2026-02-28,1,1
a2c79ac3-44e3-4c78-ac74-42d8432759a6,2026-02-28,10,10
cc630ece-dce4-4d74-b7ac-f06fb279716a,2026-02-28,14,14
d7a215f2-7d2c-48fe-83df-1bc8d1f99732,2026-02-28,1,10
1da854c9-55f9-434b-babf-9b6c9465e859,2026-02-28,30,30
9b8475c4-f092-4ce4-aced-b482f8e325bf,2026-02-28,1,1
ac5138ab-1382-40b0-b377-c9c5cdf5d7c2,2026-02-28,1,1
bee2ce58-03f7-4ea5-9b20-f3e1a082b310,2026-02-28,10,14
d70d1257-bdec-4eea-bf94-3c6561039c01,2026-02-28,1,10
e6e58f17-c8f4-431b-b2ea-af6030a8ed1a,2026-02-28,14,14
ec98943a-0480-4e77-9d6c-280d96fdfacd,2026-02-28,1,1
18b4ddf0-6f26-4b9e-8d99-5833fca09d34,2026-02-28,1,1
3c5379d8-5314-42b3-a6d5-9c948c43716c,2026-02-28,45,45
3d376744-3afa-4e88-8ef3-4be3f6216fbb,2026-02-28,10,10
7a002014-e029-4cf0-a228-e417c2ee3cd1,2026-02-28,10,10
a2dd639b-67bc-4aa0-9e89-f7efbed0ed2a,2026-02-28,14,14
d6686abb-e72d-475a-b3f0-a4fcb7d203b4,2026-02-28,1,1
e3a5a2a7-a013-4784-ae3a-a19354e10fca,2026-02-28,7,7
08bf7071-623d-40f3-b8b2-ac5dc443225f,2026-02-28,7,14
45f9dca4-b20d-4623-a9b1-94b2ba283228,2026-02-28,1,1
8efe85ae-c383-40e4-8b68-5de72f39bf55,2026-02-28,1,1
9a0f73a9-c577-4ee9-9176-986f688abda2,2026-02-28,1,1
a1810333-b69b-4d62-88f0-d5a02d9d8ba6,2026-02-28,1,1
b7256cd2-4713-4ccd-a220-851aec39d699,2026-02-28,7,7
dab2b993-452d-4edc-9764-db960fa85a6f,2026-02-28,1,1
e0a15745-69c9-4017-9254-7f58c6e77383,2026-02-28,1,1
eec5e25a-462a-4d18-ab7e-d28f96f1c3ef,2026-02-28,1,14
a2a2fb6f-2f11-4286-943b-172f40cff044,2026-02-28,1,1
b67628f8-5913-4134-8453-ee852c8652f3,2026-02-28,7,7
13814eee-8e0c-41e3-8de8-8117b96ca8d7,2026-02-28,1,1
2f7ac18a-d3e4-4734-894e-b22ce068a7e7,2026-02-28,90,90
3f1bd381-f449-49c9-a5dc-f26954182ffc,2026-02-28,1,14
58f81d48-6e57-4bdc-bfa2-a13eff9b57b9,2026-02-28,1,1
5c6e556f-0df8-4990-b530-0c7d11c7734a,2026-02-28,1,1
82a5f19f-e8a2-4394-ad06-200f36f7a1f1,2026-02-28,1,10
95e912da-32ba-4046-afe9-5c98455450fb,2026-02-28,45,60
f0ed12c5-9307-45c8-ae98-ce8a73bdfd0a,2026-02-28,14,14
408d5dbd-cdfc-49c8-95c1-1bfaabe1e6e5,2026-02-28,1,1
4c939068-ecfc-4c30-ab98-731992bd0d42,2026-02-28,1,1
967e052a-100e-4e35-891d-fb6551d305e4,2026-02-28,1,1
9f699824-86c9-4ac4-88da-f373f93d6494,2026-02-28,10,10
b35409e5-d30c-4972-af1c-fd50e97148eb,2026-02-28,14,14
b78a0a59-aa41-4774-a30e-1314b8a23868,2026-02-28,14,14
bb0f401a-01c8-4318-a1ad-97f14ab4bd31,2026-02-28,14,14
dda503c0-6b7c-430f-9712-65cc2dcf15f2,2026-02-28,7,14
f45eb3eb-e3ce-40e7-8334-b2cc3db6d7de,2026-02-28,10,10
f6b4ffd1-cab2-46de-bc06-d5977f3b8e9c,2026-02-28,7,30
186c08fb-58d8-401c-91ca-d7d1833524f0,2026-02-28,1,1
294676a3-ac2f-4402-90e1-d8d8ab401b5c,2026-02-28,1,1
5cc35a0a-3582-442c-96ec-97969782c8e1,2026-02-28,45,75
a9375183-7b05-4c17-8547-b76b1cbf643a,2026-02-28,1,1
f726cefa-8992-4081-877c-dc0946594e23,2026-02-28,14,45
877d61e1-ad5a-41ed-acec-9ed2ead97592,2026-02-28,14,45
b36e92c7-5003-4208-892e-dc8fe9031ba3,2026-02-28,1,1
b8e4ce2b-1c4c-42e1-9116-5fced38324a8,2026-02-28,30,30
baea88b2-51ea-426e-8232-44da78aa5fb9,2026-02-28,7,14
cbc6646e-5e8b-42ee-9e36-df2725f5df34,2026-02-28,1,1
03f1f248-7d0d-4dc4-87fc-cf5c6767efbc,2026-02-28,1,1
6cfcf706-6f59-4ada-8b30-68ccd0d349fd,2026-02-28,45,45
df35861d-b2bb-4d2c-80ba-8595bb1ffb95,2026-02-28,1,1
2f814596-7cf2-4852-b662-1b5172ac4b4f,2026-02-28,14,14
4826f21f-18f1-4c5c-b775-c7cbd90c2be4,2026-02-28,30,45
58c8d379-c7a9-4dfd-978d-c5b0279b8934,2026-02-28,10,10
d30b60c1-4a86-4ee5-89e3-0052e50d607a,2026-02-28,1,1
26f37332-8a7b-4dc4-98e8-b13f2c7ec5cb,2026-02-28,14,14
37b72cfd-d9f7-494e-9b2c-11dcb77ebf29,2026-02-28,1,1
53a1a898-a679-41e9-b291-7f57bda70a06,2026-02-28,1,1
8e8e1058-ec2e-4fb6-89b5-89847fd662a4,2026-02-28,7,7
ae351b54-e6c6-46ec-9301-41331c1d620d,2026-02-28,1,1
c197a963-1fba-420c-984a-61bdee8112b4,2026-02-28,1,1
dc2fee96-0774-40ff-8288-6cf974ab3c8c,2026-02-28,1,1
2f090fa4-959b-4f20-b0a3-c22252f9ed65,2026-02-28,14,14
7350545b-3758-4662-9e30-e550bc641e02,2026-02-28,1,1
847e80a0-4599-4d09-878b-126ad787a977,2026-02-28,1,1
f34cb2a0-b2a0-4c98-b497-9a446f35444f,2026-02-28,1,1
158146c1-2274-4fba-839d-e8d91cdb180c,2026-02-28,1,1
2d445100-9f2b-4d9f-bab5-0cb468f28ed6,2026-02-28,1,30
1771aca7-2c58-4e3e-bd46-4745814c0291,2026-02-28,14,14
22eba6b7-51cf-4652-af41-35cd2e36d8d7,2026-02-28,7,7
7272a709-37f8-4bc8-9898-29b081f3d2ec,2026-02-28,1,1
97168e9a-acc8-48cb-9c5e-cf5005b713cc,2026-02-28,1,1
bfcfa377-fd32-4af8-a82f-fb837e025899,2026-02-28,1,1
ccb81c31-ec32-40df-aeb9-6c5e91111cf3,2026-02-28,14,14
4cb1799b-36ef-4ec7-bb75-ea89b6fe533a,2026-02-28,1,1
64a70faf-62aa-4304-b4b2-981634491da7,2026-02-28,1,1
67b9265e-d09f-4212-87f2-96e3566269ff,2026-02-28,7,7
de52dbeb-1243-4afb-890b-061face18682,2026-02-28,14,14
f3f92afc-4395-4faa-999e-6e2060ea8606,2026-02-28,1,1
5be63b1f-bd8d-4e6b-9c89-b8af68c506fc,2026-02-28,1,1
97befad1-5474-454c-8ef7-f8379b2a9594,2026-02-28,1,7
0ff1c938-50f6-4603-a1a3-1aa701459fb1,2026-02-28,7,7
27a27e3e-06cb-48e0-ab89-9a0c066b9d94,2026-02-28,1,1
3b2124cc-6c0c-4991-b4cb-b6a31331f66b,2026-02-28,10,10
52df2d41-466b-4f84-9e4b-3bda189095b8,2026-02-28,7,7
7b3b5f0a-9c76-4888-a185-7310e34d260f,2026-02-28,1,1
7ed4131f-3792-4dbb-8fa9-caf4c664daf9,2026-02-28,1,1
abf6fbac-45bf-4cef-9ca9-3ebb46566476,2026-02-28,1,1
32332ae8-efdd-4ce2-b582-da7d8d6beace,2026-02-28,1,1
40da6684-f9eb-43fc-a11e-155ca85318b6,2026-02-28,7,7
6d301a90-c923-406b-b0be-58b9711e1a80,2026-02-28,30,30
ba1cba22-01ef-42ad-a5d8-f8ebfbd946f4,2026-02-28,1,1
e123a2d4-6688-45b5-a5ec-c45fb9527e9f,2026-02-28,1,1
e3a3dbe6-4714-4652-927a-d4e1acd9d1bb,2026-02-28,30,30
22340eb3-e97d-4fee-a0a7-f19b8bb5e3a9,2026-02-28,1,10
48d467d1-6123-4bed-9b8b-45682f153fdb,2026-02-28,10,10
82d1a5e7-5c97-4b16-bdb1-0f02e316147c,2026-02-28,1,1
d1aee61e-2cc1-4b3d-9cd2-ce2ff673a70b,2026-02-28,30,30
e048bbd9-3bd3-46cf-81ce-c362ddd57ccc,2026-02-28,1,10
62991870-1459-4d62-9862-00ae619efbfe,2026-02-28,1,14
ce91d6b6-d3cf-4e10-8086-6fa7953b9ce1,2026-02-28,1,1
fb4cd89e-5ed3-4c54-8e47-958155657096,2026-02-28,1,1
0a4208db-5683-4cd0-9ae8-3a90c4e14db8,2026-02-28,1,1
3c5005f9-3eff-4764-b827-fb0092d413dc,2026-02-28,45,45
5ce8d7cd-c5df-4ec6-a090-cdf95622b9db,2026-02-28,14,14
8af60b2e-813c-4cc3-bae1-3344c5a011a7,2026-02-28,1,1
bae882a1-28d5-4152-9b78-746c55b15089,2026-02-28,14,14
d4013dc4-d637-4cb0-a4e0-b0cbcda97ebe,2026-02-28,1,1
11b67cd8-0ec6-4bd3-98e5-01a0b74a1506,2026-02-28,14,14
4842756f-9f00-429a-8722-9fa0d8807827,2026-02-28,14,14
a73b7d74-357f-4716-a785-40498fa99802,2026-02-28,10,10
536c017d-6e15-4750-820f-f58d20fd30ae,2026-02-28,1,1
a2f06241-83db-475a-9f4a-76fd3eaf2488,2026-02-28,1,1
a84f31df-53d4-4d4a-8817-39ab1773e6b4,2026-02-28,10,14
b6687dd8-de87-4f36-a07e-525e5a94ff99,2026-02-28,1,1
021874b8-cb81-4691-aeb0-5e6a6c10edda,2026-02-28,7,7
305f4747-43ad-48b4-8aba-46fcc6a98bdd,2026-02-28,10,10
3695884f-d56f-4d3f-9cda-921b9a1160e0,2026-02-28,1,14
3cb37e29-c234-415b-a453-4ae873f97fb5,2026-02-28,14,14
73689566-704c-46fb-bfd4-3dea3fa0bbf3,2026-02-28,1,1
97bb637b-2adb-41a0-8722-0a6c170f3eeb,2026-02-28,1,1
0617872c-b658-42e0-9307-2b2a0e1ba748,2026-02-28,14,14
0b3ac1f1-9477-46e2-8cb4-7a506484c482,2026-02-28,1,1
5ab1a264-0731-4bd8-b5cc-b26e5f30a894,2026-02-28,14,14
61ba8b69-a21b-4888-adad-415fa4933a9d,2026-02-28,45,45
b72295b2-06a9-41dd-9ca0-2141f84a746b,2026-02-28,1,1
4654acc1-6c42-4221-a9c9-4c452cfebd44,2026-02-28,45,45
4c478a66-3fc1-4968-9e80-a2e4dc0bd7b9,2026-02-28,14,14
54be6edf-5aa0-4591-b66c-895b61df1302,2026-02-28,1,1
552fa4fe-84c5-4261-b9c3-4ad74baf56e6,2026-02-28,1,10
751e4c6f-9ae3-46fc-b746-5bd63a2d804c,2026-02-28,14,60
83d6a8b1-5f3b-4b58-899b-362cf50f8f61,2026-02-28,7,14
9bde079e-a891-4f2b-b445-68aee9c2cfa0,2026-02-28,14,14
a84c5be1-df85-4407-8629-5e4d4b2c9af7,2026-02-28,90,90
d2d494b9-86a7-4cf7-96c9-d3621cf9454e,2026-02-28,1,1
d43d2b76-e13f-454f-a872-a4d183bc3514,2026-02-28,14,14
ef456516-f484-4f4b-b61b-7bc1b5553511,2026-02-28,1,1
79e4e9fd-dd78-4943-9ba7-002fac191d92,2026-02-28,1,1
84d2416c-aecf-4082-8ed4-829269fdf873,2026-02-28,30,30
c822a58d-f10f-4696-aee8-c6701c79beba,2026-02-28,1,1
d341a1f3-a32c-4fe0-9133-0a64fdb4ab3d,2026-02-28,10,14
e22bcb25-c616-48b8-9ff7-fd8741dd6a89,2026-02-28,1,1
e535edd9-6ae3-4377-84bd-31c747fe3a02,2026-02-28,1,1
0d474b4c-2ecb-4f80-a25e-2e016483ed2c,2026-02-28,60,60
0d705094-7ef3-4520-a4af-765ac10b2c36,2026-02-28,1,1
13e7ce7a-3977-460b-b9e4-4eacaf88911c,2026-02-28,1,1
38835683-5cc1-45b6-b26d-ed58fd2eaf69,2026-02-28,14,14
d05578ef-2011-49b0-93db-984317dc7abf,2026-02-28,1,1
f3d6d2f6-5f10-414d-83b7-82c4837bad69,2026-02-28,1,1
09a35d2e-fe76-48e0-8b89-5ad56eee557d,2026-02-28,1,1
0a1322c4-1d3f-4049-bff0-b90d4407e3bf,2026-02-28,1,10
39b5227a-1972-411c-82f7-4e4428e1f775,2026-02-28,10,10
7d08a4df-f3ad-4cad-857a-b050b66fc8c0,2026-02-28,30,30
ce1ee93b-e442-405a-8103-bb556be6353b,2026-02-28,7,7
e4b0811c-36b9-4a75-ac12-b218ab004c44,2026-02-28,1,14
40ad3fdf-1548-4694-a3b1-d1097c726c0e,2026-02-28,1,1
70125e00-f1e7-4a11-9517-196d24de6d8f,2026-02-28,1,1
cd4ea749-56da-4284-9ee6-a2b626060b02,2026-02-28,1,1
dc9237ef-0ce9-45b0-996c-3addef887a15,2026-02-28,45,45
02e35213-cda7-4fba-84d8-a5bcf2862d17,2026-02-28,1,1
1cfd6edf-b843-4f3e-8129-95d574bc6391,2026-02-28,1,30
274b6255-e7cd-4774-a2a3-fcc2475c3c00,2026-02-28,10,10
a3c6ddab-e6e8-4d94-93a5-588b550193aa,2026-02-28,1,14
dfb8988d-db37-4f30-8840-f1242951b0a1,2026-02-28,45,45
760492a2-8f42-4c60-8441-e7f3b2cb7029,2026-02-28,14,45
9df6446e-3323-4e0f-be19-30edd554beaa,2026-02-28,1,1
b59d3d35-ad8b-489e-9a9f-21b5ed6496be,2026-02-28,10,10
c90d2b2e-cba2-46f5-88ee-59b51dd819ae,2026-02-28,14,14
ec88c491-d683-4427-88d5-5e11b037b2c6,2026-02-28,1,1
0994be28-b9cb-4358-8623-b210ed99f33f,2026-02-28,30,30
2d994e7f-548c-481f-afcf-7bfff17e64fc,2026-02-28,45,45
31b3b5f3-580d-467c-a8cb-9db2425b9d31,2026-02-28,14,14
4cf46ff4-fd6c-460f-b763-5d10032f255b,2026-02-28,14,14
5533dc14-a6a8-4811-9434-f2ac97e08877,2026-02-28,7,7
a74f8374-6cff-4745-9c95-75c6bf4f493b,2026-02-28,1,7
c1b911ac-d495-4931-8d4d-6448c91a6cfb,2026-02-28,14,14
dec06b21-d351-4285-a0a2-3c88bdf5e2f2,2026-02-28,1,1
e05d5264-0859-4829-b5c3-55cb683131ee,2026-02-28,1,1
eefb0d92-bc1f-4747-8f5f-4721e9cd4fc8,2026-02-28,1,1
41f820a4-6b3e-42ae-b4f6-fcd1ea1e50e5,2026-02-28,10,45
5ce121fb-dc17-4a4e-9419-0e8b78f0c3fe,2026-02-28,1,1
60103d28-c8e4-4280-a295-0ec7e98c6cc0,2026-02-28,10,10
97752b08-18a4-4593-aa3f-336e14a320f2,2026-02-28,10,10
ae968375-5be2-480a-a1dc-59927471cd87,2026-02-28,14,14
e9713a29-11db-4ed6-b2c7-c98be067cee2,2026-02-28,1,14
0ca6789c-f0b0-4055-94c0-309dae9bef6b,2026-02-28,10,10
44133b74-e481-4bfe-8426-9aa80a0b440d,2026-02-28,10,10
5cbafe5f-3e45-4a54-b6e7-c44b36af835f,2026-02-28,1,1
7f053f88-1968-4229-aa3c-92288202ded0,2026-02-28,90,90
804d5b3f-292f-4048-a4ea-2e0bceab91c4,2026-02-28,30,30
89a98850-2f21-4fdf-a3d5-54f4979c9b77,2026-02-28,14,14
9fcbaab6-557c-4364-9820-f8a9d8194b1e,2026-02-28,1,1
1d046264-d267-4abc-bcdb-1e6d9b9a9877,2026-02-28,10,14
32b48b9d-200d-4f09-a99f-3c721a6db98a,2026-02-28,14,14
38cada92-2992-4f6e-b8b5-54828c3dc765,2026-02-28,45,45
3913829d-8743-4741-b514-cf65308bcdf6,2026-02-28,45,45
54b7bc6c-ed5f-4fe5-9e00-716c75c81623,2026-02-28,1,1
54f8eb1f-b9a5-4ca2-a7c2-1cfbf42893c4,2026-02-28,10,10
8813d35f-568b-43bc-b9e5-c7ea65607b81,2026-02-28,1,1
9b5d3a9e-9b3d-4d4d-8635-6e045763a2a8,2026-02-28,1,1
cea7c00e-dca8-453d-a14e-538565db5e4e,2026-02-28,1,1
d3e2369d-0d22-43e7-84aa-c47e91cd1a5c,2026-02-28,1,14
d810007f-52a5-4486-9d52-1dfbceaae7a3,2026-02-28,1,1
e1133482-6517-4a6e-9618-80b4d9bf1553,2026-02-28,45,45
f71133a7-1d52-4442-a9f5-c6c55fb50d70,2026-02-28,1,1
fc23898b-c45e-43f6-84c0-3290d558f975,2026-02-28,14,14
9e4ba68e-7eec-4756-b063-8a95dd2b8f05,2026-02-28,1,10
cdf5e0c7-1cfd-43f8-a944-2b314f7bfbb1,2026-02-28,90,90
1d66a237-a4aa-4ccc-8570-7ab3639492c7,2026-02-28,7,7
1ddb030b-e1af-4840-bf2b-e0ed77d7df4b,2026-02-28,1,1
9cab7952-255c-4b02-9378-c6a44a20c839,2026-02-28,1,1
9eab94ec-3612-47cf-a6f5-5c19d80b922d,2026-02-28,10,10
ffafe2b8-7e6a-4888-a063-e411e8a25b5c,2026-02-28,7,7
13a6d3cf-5fcc-421c-826c-f47a1162c1b8,2026-02-28,14,14
2b6517c9-b598-4551-baa3-fdc3d78af1cb,2026-02-28,10,14
5178d83d-84d3-4f18-895c-9b5aa7a36459,2026-02-28,1,1
73486961-44e4-46a8-a64f-a1480ec93228,2026-02-28,14,14
a9bd80db-3a31-414a-a6c2-86a62652f951,2026-02-28,10,10
f5f74b1e-07b3-4be3-afaa-4444140a1b68,2026-02-28,14,14
1b04ea41-9278-4cbc-919e-6430c8ac564b,2026-02-28,14,14
2a0dd595-91c6-46ed-98d1-68a665356ccf,2026-02-28,1,1
4f910c12-f7ed-4298-8db9-733848a8ee44,2026-02-28,60,60
567178d7-d10c-432b-a220-652ef21a9596,2026-02-28,10,30
90772527-93d5-4100-9080-1f54db4799dc,2026-02-28,1,1
e8a3450f-eb5b-4226-bb27-e875a8c3282a,2026-02-28,1,1
1b8ba9bd-2632-4bdd-806e-3373b45e0a4d,2026-02-28,14,80
3ff81dd5-ec67-44c1-80e5-4d5f79bc1289,2026-02-28,1,1
57478b02-6212-4122-bc8a-2ce21b0968d3,2026-02-28,1,1
a59fdd16-8a42-49dd-b1fc-65cde783da94,2026-02-28,14,14
e15a6748-6f8e-4ef1-9034-d150646b9a98,2026-02-28,1,1
182dc8c4-b8cd-43dc-b2c0-67857698428c,2026-02-28,7,7
386d1b2b-9144-4e3a-a776-7c22fd092985,2026-02-28,1,1
38c1ccf2-54e1-478e-b7b1-80632aebd946,2026-02-28,1,1
415cd2bc-5c72-4685-a46e-9db1c8657c7f,2026-02-28,1,14
47536787-dfde-4cf5-9b4a-1675268ebc76,2026-02-28,1,1
8fe827ab-6427-4b28-9eb0-c34ab34a48a8,2026-02-28,1,14
b6dc72cf-b1b0-40c3-a31d-1891fef7b313,2026-02-28,7,14
edd80ebf-5cb9-41b2-8110-00cbe37b62d7,2026-02-28,14,14
00032b3e-4383-4d48-a1d3-d62c6071bc6c,2026-02-28,14,14
0aaa09d5-8dd6-426e-841e-b763f8538eb8,2026-02-28,1,1
28731708-2a85-4a9e-9f24-094a1ca79a1f,2026-02-28,1,14
30264f98-234f-4334-8cb1-517a449d6ddc,2026-02-28,7,10
84ddb9c8-9c7b-4e9c-8acd-f15a50443a95,2026-02-28,7,14
8ff64f24-f86c-4478-9b55-c723321f46da,2026-02-28,1,1
80aa93b9-140c-47bd-92c6-c106ebfb9ccf,2026-02-28,10,10
937ba153-d9ef-4a8a-a61f-87bab313d3da,2026-02-28,1,1
9a8a760a-5d51-4354-b87a-b3924d93f996,2026-02-28,1,1
b86637e8-0a03-4d92-bfe3-3101fcd3682d,2026-02-28,10,75
d8bea96d-ebed-4eb0-842d-edcb128b8257,2026-02-28,14,14
f6d19d8b-1e6b-4b8b-a12f-4092e6392721,2026-02-28,1,1
ffc63e00-c0f0-441c-bc75-66d4973d09a2,2026-02-28,1,1
4f3bf2ca-e0e9-466f-a32d-19546cae363d,2026-02-28,45,45
c2453917-402a-4290-87f0-6e326926fb5c,2026-02-28,10,10
debe5357-47d8-44e6-8811-4790b444b9ba,2026-02-28,7,10
028381e1-0b46-44b4-84ac-991b7b2861cd,2026-02-28,10,10
04065e9c-0b1c-45f7-87d2-5d6b79de62e7,2026-02-28,30,30
00bd9045-ed4a-40a8-b073-bbd163b92766,2026-02-28,10,14
0370b894-9b0f-47ef-8ac0-59dc725d1dca,2026-02-28,45,45
072e1e8d-5a12-489c-b7e7-017086db7bc8,2026-02-28,1,1
22c80dfb-30ac-4cfb-b6ed-0ef134f674eb,2026-02-28,14,14
c7b4b3b8-eb8f-46fc-88d9-df87401fb7e0,2026-02-28,7,7
50943f0a-7b1b-4f9f-8f2a-b95181f3f9ee,2026-02-28,1,1
813b19e9-1f26-4e83-919a-250f5550aa08,2026-02-28,14,14
997cabbe-70b4-4488-9a2a-72a1f4ae01a4,2026-02-28,1,1
b0838740-f9f1-4712-ad51-3dce2443432f,2026-02-28,1,1
1813e829-5598-452f-8ba1-f11b1455637b,2026-02-28,1,1
57c6f9e5-c662-4674-a66e-65b5b442d030,2026-02-28,10,14
e896e7c7-0b81-4898-b30d-ebf8e7f7fdce,2026-02-28,14,14
9a5894dd-20e7-4f7a-ae6b-12e489e17fa2,2026-02-28,1,1
cc02bec4-e0fa-4a01-a9ef-5642be26aae1,2026-02-28,1,1
e3a11da0-3dd2-4799-8461-ed8a22c8fae9,2026-02-28,1,1
f207b697-bd18-4f6a-ad88-7c6df0c4061b,2026-02-28,80,80
0299b381-9993-4f04-a5db-b63ce317b70c,2026-02-28,1,1
21cb866e-0784-49c5-a035-c6ac134c1607,2026-02-28,10,10
263aaf75-7260-4b82-b1bb-4f50cadbe1d2,2026-02-28,1,1
74420cd7-700e-4db4-8ff5-aa63da32f718,2026-02-28,14,30
aaa14ca1-e653-41d9-bd1a-d07825ef4c80,2026-02-28,1,1
153eb3cf-5a8f-4b19-9a9e-0753f79fcf1f,2026-02-28,1,10
65389f36-beba-462e-b167-39d13f5aec37,2026-02-28,45,45
86521627-2b5b-4a69-833e-8d4f78975ac4,2026-02-28,1,1
8bebb508-a89d-45d3-903c-3ce6511819f2,2026-02-28,1,1
478a9b65-6a25-405b-9925-0e79e6f34354,2026-02-28,7,14
6610549a-f2d9-4117-90b5-004afc69d129,2026-02-28,1,1
7265d0ab-6506-479c-966a-49232371f406,2026-02-28,14,14
aad1b9eb-453c-4a7b-8217-f29708ce7d6a,2026-02-28,1,1
1a1ebd66-71ea-4cfa-b059-53fb670252c2,2026-02-28,1,7
1afbded9-70be-42f9-abcc-cdaf6454759a,2026-02-28,14,14
398bf539-5938-4250-89c6-4828baf9abb2,2026-02-28,1,1
42dcb68c-5ed1-4b62-a389-80f26ecc07a1,2026-02-28,1,1
7a552370-4b0f-4324-b82a-98c128164de4,2026-02-28,7,7
a3ddb63e-72db-4795-82a9-0d630a35f873,2026-02-28,45,45
a6b0975e-b708-4961-af79-cceaa5c49d5e,2026-02-28,10,10
f4c81586-7ffe-4977-b953-b01cff93feaf,2026-02-28,1,1
9b46ec54-5e57-40d7-aa73-c8a2c82415d4,2026-02-28,7,7
a2487d72-07d4-4e72-8cc1-9488483d84c4,2026-02-28,1,1
c8225451-95a2-4007-a8b2-9286dd5f0dac,2026-02-28,1,14
cf5c0668-8c8c-4bd7-845d-1e3991d6dab5,2026-02-28,1,1
ead8e584-7f19-477b-9004-1e60d41c042b,2026-02-28,14,14
0452a1cb-a068-469d-ac2a-cdb5b2a9eb1f,2026-02-28,1,14
845c14b5-8167-4217-ae8b-12c2c5049fec,2026-02-28,30,30
8fc17c04-f5a3-458b-84c3-5f7bf991c943,2026-02-28,1,14
9ca15088-23ce-4352-8559-ea3804a04cb0,2026-02-28,1,1
d1b2c26f-7caf-4566-aedd-2a6d6dc90798,2026-02-28,1,1
a66eb733-7803-421a-a2b8-caf3a3ff7633,2026-02-28,1,10
cf503051-bad9-421f-9d74-18a3fda478e5,2026-02-28,60,60
edb4f0af-f1bc-46a2-8e50-c14ba6d1a6f7,2026-02-28,1,1
041c5f6f-94f7-4909-ac8a-209cb6886f44,2026-02-28,30,30
06f4d792-3673-4ab6-8752-0bfcdd0e8f64,2026-02-28,1,7
071d6953-e7f8-41b3-bce2-936edf2cf964,2026-02-28,1,1
a98aee43-11e7-4753-b480-d6f75cb7f511,2026-02-28,7,7
b1f502e1-cbbc-420b-9775-09ddb1ebdee1,2026-02-28,1,1
4b4a67c7-eeea-407c-a0e9-cd5489b118d3,2026-02-28,45,45
4d18257a-c280-4d7e-95c1-d01f37840020,2026-02-28,1,1
5d1688f7-5bc0-4479-8522-ddd54232b069,2026-02-28,1,1
7cba1c74-ff8d-46a2-9c10-a6a9ff4592fd,2026-02-28,1,1
dd7a25cd-6b27-46a5-bf6d-61c0ec5b490a,2026-02-28,14,14
eb70b2ab-ef81-4879-a14b-e261f6754010,2026-02-28,45,45
3b450672-6d2b-45fa-a3c3-35e295fd4047,2026-02-28,10,10
6eef734b-3234-4711-8a46-eedf2b3f9689,2026-02-28,1,7
78908c22-b45d-4e6d-a70e-050ef3048905,2026-02-28,1,14
7d10c78b-07e4-4e3b-98d9-2211159eea77,2026-02-28,7,7
87f0aaa1-d72c-4cf6-94dc-1751803e44a7,2026-02-28,60,60
1009682a-e159-40f3-994f-d5aae1b1a459,2026-02-28,14,14
25ee9156-a310-4dd9-af00-80932fbb4bc1,2026-02-28,60,60
3186a5eb-cc06-4b42-81f5-f621ff87addb,2026-02-28,1,10
3dc982c5-712d-4061-a98f-2f95bfcbc634,2026-02-28,1,1
b6c4164c-5776-4e75-817e-ef7d57bdcc60,2026-02-28,30,30
f4e66b65-ce38-42f3-8100-120d0ebd7cce,2026-02-28,1,1
1e4236d3-d6f0-443a-b822-bd384f950770,2026-02-28,7,7
2f0c626b-8ace-441e-81a3-383faa29ca09,2026-02-28,30,30
7dbcc07f-03ba-43ee-9283-66b69f0497fb,2026-02-28,30,30
a0a92b2f-1861-4d7a-891b-417f5a79e3cf,2026-02-28,45,60
b9dcf9eb-9d6d-48b2-964d-5d6b12060c5b,2026-02-28,1,1
bf380ff4-ba39-4b66-9d20-6354fc1ad83a,2026-02-28,7,7
df15a81e-2b3a-4ad8-b72b-fd3740580c17,2026-02-28,60,60
e468f93a-8e25-4838-8497-c703bb30c921,2026-02-28,1,1
f68f1af4-ed2e-4c70-a048-4ae98513f73c,2026-02-28,1,1
0a0e3e2f-4d9e-4666-b152-d5489266f628,2026-02-28,45,45
279dffc4-8e3d-4c35-bffe-4271e28e8980,2026-02-28,14,14
5fadd6e4-f887-412f-8e26-032a54711185,2026-02-28,7,7
7ba473f5-6bed-4d9e-95cf-5a12a3655a23,2026-02-28,30,30
caf60785-6844-4e8b-82ee-09c31e512f00,2026-02-28,14,14
e9a3ae4f-ad84-485f-8c78-3d935fb78c56,2026-02-28,1,1
3ed6fe19-b112-466f-8228-43d9a5b84c3e,2026-02-28,1,1
4e1073bf-37db-4ad8-98ce-a2525f2145f0,2026-02-28,1,1
8f46afa1-d845-4b02-9bb1-0d8448cb2e42,2026-02-28,1,1
c180eb3d-200a-4244-971d-02e83adf87b9,2026-02-28,1,1
c740ff82-8adb-4188-904e-41feb00c39ee,2026-02-28,1,1
ed40baf0-5d84-436b-bf42-134295f4e016,2026-02-28,1,1
02c1dca7-b81f-48a4-84ca-f97fe1a44ed6,2026-02-28,1,1
379e7845-273f-4e3d-846e-c8f7e1d82314,2026-02-28,1,1
3e677cac-78cb-4cd8-9cc4-380972ca9854,2026-02-28,14,14
66a22213-4f81-4eb7-94d1-d9ebac8a7216,2026-02-28,1,1
b723537a-178d-452e-a2e9-f7f8d1709596,2026-02-28,14,14
decbb3e9-3802-452b-9b44-8b8a5588d77c,2026-02-28,45,45
e1b2d880-568f-400a-8b4c-255ba89c6452,2026-02-28,1,1
2e502dfc-9375-4029-9871-409dbddfbb23,2026-02-28,30,30
4d7dcacd-d1a9-41d7-bd13-62f64d4755ed,2026-02-28,1,1
78929499-1978-49cf-b5d1-cc1dfd63f684,2026-02-28,1,1
93acf973-6e38-49af-8e52-6fc7cb1915a9,2026-02-28,14,14
d39ffa8a-aa64-401e-8457-988f355ecf85,2026-02-28,1,1
d66d30f4-e6ef-4357-9987-407e6c0fb504,2026-02-28,1,1
352f0b1e-4152-429a-9fc9-fd9652bcbc50,2026-02-28,14,14
379b05d0-33b8-455d-8d29-e51ab2d542d5,2026-02-28,7,7
466ee4b1-8d4c-43c8-9e6c-4562264dd265,2026-02-28,7,7
52a5ba54-e827-4274-945c-cbb83eb13b69,2026-02-28,1,1
aa3043ea-ad39-4809-8822-ab55e5f4bb1a,2026-02-28,10,10
c0bd3926-75d4-49e6-8368-4655fd6e0ff1,2026-02-28,1,1
d6eb18ab-5127-400c-ba33-616d85bb17f6,2026-02-28,7,7
20575171-b952-480e-8038-f83cb2c9f22a,2026-02-28,1,1
5542487a-65a9-41ba-aefe-761d3fbbfdb1,2026-02-28,10,10
8085ba7e-de9f-44f8-8b0f-120204ee5160,2026-02-28,1,1
bd658630-4091-40f8-9a2a-2414246fcf03,2026-02-28,1,1
e2dcdaa2-9d89-4a23-93e6-c9133e61a478,2026-02-28,1,1
012b63d0-9126-4a96-8a3e-234c56266bd6,2026-02-28,14,14
1f357e9a-f552-4d93-9c5a-b03eb8d6064b,2026-02-28,1,1
6852696c-fc56-413d-986c-1f76cefc0795,2026-02-28,1,1
68c05ff8-0c56-43d4-8f26-b19ff99ee0e7,2026-02-28,14,14
32fa2bf4-3db8-40e3-8d44-e39bc8f3c33e,2026-02-28,30,30
7975d418-06bd-4e80-8e3d-a9a5e3d0cf2b,2026-02-28,7,14
80277bc5-a308-415a-a28b-b90b15be2b81,2026-02-28,14,14
862e294b-d8bf-4374-8870-231c742879e6,2026-02-28,1,1
a3caa509-c76c-4274-9249-6286980e3f4c,2026-02-28,45,45
1645879e-874d-4bd1-90f2-bc8caa007e44,2026-02-28,14,14
36336c04-ace5-4250-a5a7-bdf54efd965a,2026-02-28,1,1
5ccfd215-ec85-4467-a38d-f8ad5f03bbf4,2026-02-28,45,45
91ac0855-e3dc-4536-bd78-efe41b85c33d,2026-02-28,1,1
ccb0e3c9-9cea-4e88-bc33-0b8ab0451360,2026-02-28,1,1
cf125c8d-8ee6-40ac-825d-5eac0714a13c,2026-02-28,1,1
d99ae109-26c7-4a30-9003-6d36e307f2f1,2026-02-28,14,14
0e1db0fc-fcaf-4752-a041-b0cb71857ae8,2026-02-28,1,1
448385ef-eded-42b7-86ac-5c07a45e93cd,2026-02-28,14,14
51027c3d-3283-4224-a606-db51908dc25d,2026-02-28,1,1
708c97d5-023f-470d-a835-ca8751577783,2026-02-28,14,14
9d538324-d070-4711-8a97-5de86b65a00c,2026-02-28,90,90
9f3a760d-eba5-4ed6-9d36-48550c97009b,2026-02-28,1,1
a6bb7f78-39ca-4b39-9a96-189d962f1b67,2026-02-28,1,10
d1101e0b-f8fd-4bed-92c3-d39267e7728c,2026-02-28,1,1
f7e52c95-4823-4be3-8b3c-07c319578c16,2026-02-28,1,1
022e540f-6d99-4113-829f-96e86b462f13,2026-02-28,1,1
3f744841-576c-406f-b1d0-cf482e5761d0,2026-02-28,1,1
65bfd12a-5254-41f6-9a38-591c19d9a9d4,2026-02-28,10,10
73d54d75-001e-4d7d-9ed8-806621813b2a,2026-02-28,14,14
7b14a5f5-c979-4e92-b2a6-dc453f477842,2026-02-28,1,1
7ca95ce9-6f3b-4cd2-8391-cc1893c01c3d,2026-02-28,7,14
aa581f5b-e842-426e-8cd9-d48c9212553f,2026-02-28,30,30
aeb8e11b-6521-42ba-9f3e-a4c9294bd6f4,2026-02-28,1,1
cf90b9b9-5f59-42fa-9dac-1ee485b544ec,2026-02-28,1,1
da9ebdf5-c1fd-4f1c-a3c9-92b33caa053c,2026-02-28,10,10
f57b04b7-404a-4eb2-a755-80baf1ed4209,2026-02-28,1,1
24e9a40a-3b6a-44bd-a537-7c2e9759bb0c,2026-02-28,10,14
3a4647a3-07fd-4cce-904f-0ddf36375141,2026-02-28,1,1
3b40a1fd-eadb-4e1e-8451-cc4be53b4554,2026-02-28,1,14
f570e88c-90a1-464e-99e3-3818cb9c360d,2026-02-28,14,14
7c844eda-29ff-45a8-a44a-dffd4299b8df,2026-02-28,1,1
9956e232-bc2b-411b-960d-018e3e94193c,2026-02-28,80,80
a91c1fcb-4cd7-4b64-b16c-ef06ddb926ad,2026-02-28,14,14
c53148d0-258c-42b9-977f-c989b7eb35ab,2026-02-28,7,7
1d1318c4-c6d4-4bab-afc5-c08b748c0b73,2026-02-28,1,1
7fc1155d-a65f-478c-a8f2-20cc1d217c4f,2026-02-28,1,1
9c1fd37e-f566-4f72-8211-650c47f009c5,2026-02-28,45,45
09924d0b-a99e-4284-9f82-e9c38f9a66ad,2026-02-28,30,30
0edbbf95-c984-4dc4-9aab-157f6bf128c3,2026-02-28,1,1
1f6be88b-7a14-413f-b99e-f2ee85e89948,2026-02-28,1,1
4df2a80e-e3a9-4a9e-9285-a807f713d869,2026-02-28,1,1
70fc4b76-7bdf-4568-85d7-d2fa0e86d8b6,2026-02-28,1,1
80774aed-6f7d-48fb-a5dd-670c0fa552c5,2026-02-28,14,14
81e5cb15-a437-4dee-a812-0a94218c264a,2026-02-28,45,45
9f8a7c85-a972-4b90-b612-e94c20715f36,2026-02-28,14,14
ac00ca7d-ad20-4362-a3f1-28254eee40ef,2026-02-28,1,1
d536c934-ced1-4f48-9457-816a099b6dab,2026-02-28,7,7
4554798d-a82d-4014-a3d4-16630f3a6181,2026-02-28,14,14
846500c2-c6be-4dda-9f40-c6f02c8bd045,2026-02-28,10,10
88a351f0-0c5f-4ec4-a64e-0fbfc95a5712,2026-02-28,1,1
c0a2a7ff-f031-4087-ba9f-3da2f8a9957a,2026-02-28,7,7
f36ea201-5751-404c-b26f-aad00bc37c72,2026-02-28,1,1
faa8c2b7-efa6-4ebc-b3b1-5008b1dc5de5,2026-02-28,45,45
18c82242-b71c-40cf-801d-97dff3385bf5,2026-02-28,1,1
1f7f2f7f-b7a6-4f5e-8244-a4005d83a056,2026-02-28,1,1
22398aa8-21ea-4cd1-acb4-78463fcf3530,2026-02-28,14,14
3b98d2ad-a6a6-46fb-8f3e-e2da89e21cfb,2026-02-28,14,14
5abcf0e6-cc80-450f-8a5d-dff0d97b76bb,2026-02-28,1,1
7cc12988-ca32-4b01-a5db-7cdab4b21fb4,2026-02-28,1,1
8ef672b2-51ec-447e-9e7d-35decf862ef1,2026-02-28,1,1
f51173c2-54af-4500-bd46-ebbf3f112465,2026-02-28,10,10
0b290adc-29fc-47d8-9b21-915fc6a99e97,2026-02-28,1,10
2d5a1a71-c07d-43cf-a6b3-4bdc893cda21,2026-02-28,10,10
709c7408-ebd4-4305-963f-1a69f8bc059a,2026-02-28,1,1
a4076dbe-a0fc-4f00-8527-d7feb4f6f090,2026-02-28,1,1
ab933353-9122-4180-9929-9a37bc93c626,2026-02-28,14,45
75539971-c67a-4cef-8329-e2bc7e1b17d8,2026-02-28,10,14
24f9135d-0ee0-414d-9cbe-d58f8c8f0f4a,2026-02-28,7,7
7f037097-fce6-4e88-a1dd-d34e6ed3c941,2026-02-28,14,30
d0700ec6-3049-4127-a3e8-a9b9408db8c9,2026-02-28,10,30
de0866d5-f1dc-4f22-a8e5-32db5cdc6bac,2026-02-28,1,1
efccde9c-00fe-4e6e-884a-dc390331d65f,2026-02-28,45,45
0c868886-eb93-4176-87b1-84f492fbf8e3,2026-02-28,1,1
617cd00d-5177-4617-8938-112bb7498d1e,2026-02-28,1,7
692c0948-afdf-4cf3-adab-00ca6d257a33,2026-02-28,7,7
0b2ef778-e96d-42ab-824d-2190a994965a,2026-02-28,90,90
6c9540ff-9a98-41c6-a88e-d74bb57dfb36,2026-02-28,45,60
725401cc-3e9d-42f3-9d38-b7e48dbc7d0b,2026-02-28,1,1
880246de-8372-48aa-9c8d-440f87608101,2026-02-28,10,10
8e45ef63-aa12-49c6-8685-0dde1eeb9c09,2026-02-28,1,1
cf18c10b-510e-437e-918b-6e93d374f93f,2026-02-28,1,1
3434de46-96c3-4701-9d6a-43c89cc246df,2026-02-28,14,14
6895a7c4-29d6-48e2-8683-b036220c4d47,2026-02-28,1,10
aeed1af9-2126-4ba6-9841-845cc321cf04,2026-02-28,1,1
079712cb-512e-4cc5-8fe8-1435967b5f27,2026-02-28,45,45
4330c1dd-43b3-40b8-b970-b1dcaf472665,2026-02-28,45,45
e677eadb-1fb7-4d6b-9fdd-44fd83716abf,2026-02-28,1,1
ead2ea08-7b54-4970-aaa6-a9a63656d104,2026-02-28,1,1
02631255-2cb2-4576-84ef-586563cc9787,2026-02-28,10,10
36e77f10-e48d-4354-92fb-22d04de8db30,2026-02-28,1,1
3c12bd14-33ea-4383-a1d8-69825369407e,2026-02-28,1,1
858be3bf-5a2a-476d-9b27-10d2757c38be,2026-02-28,1,1
88fca10f-cf0e-4661-acbe-2de07394d3d6,2026-02-28,10,10
9cc1390a-034e-45ad-ae10-0f80756878a7,2026-02-28,14,14
aa073aea-2418-4349-9ae5-2b01e7ee6f8e,2026-02-28,7,7
b25a74ac-9381-4fe3-bf27-84602742c862,2026-02-28,1,1
dc6cab0d-49b1-4d40-97ff-c592ae4f3f2f,2026-02-28,7,7
df394c8b-34a5-4f7b-a4f9-a245f77bb081,2026-02-28,30,30
f9cb9935-eeec-4fa6-94be-d16c28ccff12,2026-02-28,1,1
fd22f9de-225a-416d-84db-fad15cabd597,2026-02-28,14,14
9115e09e-0535-49e1-8d4d-1d88fda4eee3,2026-02-28,14,14
cc0112b2-72ab-4c17-9625-0500dfc477dc,2026-02-28,1,1
0eefbafc-45b1-44a6-b382-a58f69bb5a37,2026-02-28,1,1
0ffb324d-4187-4cb9-8e39-20e62fcc8186,2026-02-28,10,10
2fdf9729-a268-4447-845f-0a78ba49c0d2,2026-02-28,1,1
98085887-ebcb-434b-9180-25aa7f1cdc56,2026-02-28,1,1
e2b26fa6-6293-4f9f-be49-764fbec5995b,2026-02-28,60,60
13d8db3a-80fd-464e-8db1-55d426b3e0d9,2026-02-28,14,14
f76da18e-b77f-4051-b723-8eae35279aa1,2026-02-28,1,1
4377e2b3-e0cd-4079-9822-eeb217c541bf,2026-02-28,1,1
47c12e14-4a61-4b51-98b2-1596b146b5c2,2026-02-28,1,1
6aa4c5ef-39b3-4758-ad2a-95535c1b31e5,2026-02-28,1,7
bbd5bf8b-65e6-4331-be0a-05a031052104,2026-02-28,30,30
c01761c4-6293-452e-9abe-ace9117f5c8f,2026-02-28,7,7
de34203a-45c6-4c2e-a0f7-98813dc592ff,2026-02-28,14,14
ffc8322d-5b45-4936-b374-05d4472183da,2026-02-28,1,1
152ec2c6-ef21-4b0c-b131-9f6ff29a9372,2026-02-28,1,14
19d029a0-deb2-423f-94dd-e34dc4b10246,2026-02-28,1,1
4ec4031c-e9ae-434b-8166-62af9244e325,2026-02-28,1,1
77c91f1c-c000-4702-be0a-ca3472a41ef5,2026-02-28,7,7
c1409658-4145-4592-88ab-1c191086bf47,2026-02-28,1,1
cac941dd-9efb-4ddb-abdb-26adb7735a86,2026-02-28,1,1
cf9460b2-9d86-4b11-9fac-c3d7951b3de0,2026-02-28,14,14
2212c582-0417-4299-b8e6-1a507aabee24,2026-02-28,1,1
6527675d-38ff-4b0b-8d97-0dabe75f37ef,2026-02-28,60,60
8a5956d8-54a9-40b0-830b-a7fb7b95fbcd,2026-02-28,14,14
936603fd-d539-4f03-86da-6b7c4918cf2a,2026-02-28,60,60
9e0dbec3-58ff-4107-b3b9-326e42cca1c7,2026-02-28,1,1
a2d83a56-20d8-45dd-9b9a-bab90e405718,2026-02-28,60,60
a794c331-f16b-4569-aabe-14c4c0babd5d,2026-02-28,90,90
d24858a3-225a-4ed3-b321-297707af294f,2026-02-28,1,1
e708ab4d-706d-4508-9458-ced763ecec46,2026-02-28,1,1
1ecadb0a-e377-4eb5-9291-cfe8f573c05d,2026-02-28,10,14
9b350822-c1d2-4de9-9cb8-4d2bc6a1fab0,2026-02-28,7,7
a4dc719b-60d0-4ed9-b408-4b6d7b4164ea,2026-02-28,30,30
05358592-3df1-4292-9156-3001d7999eff,2026-02-28,1,30
338ecf1d-c9d7-452e-a7a4-6b6f8e8418b1,2026-02-28,1,1
3b9a7b75-61c4-47e7-8f7a-3ce06eb388c3,2026-02-28,1,1
7bbaa1bd-86fa-4232-8439-f0ec44c7d6ca,2026-02-28,1,1
9733aa1e-5d48-40b8-9ea6-7b9e55792891,2026-02-28,1,1
e0e3b39c-88e3-4fe7-b4a5-8a006ce6f1fa,2026-02-28,14,30
07e0b0dd-215e-4a03-abc2-dad178bdf0b8,2026-02-28,10,10
3273f497-30ff-4b47-ab34-f82d61bb3e02,2026-02-28,1,1
38aa776b-8c45-43c6-b985-f606b1f9f9b1,2026-02-28,7,7
4ae6ffdd-ea20-4d0a-933e-5eaf47b626ab,2026-02-28,7,14
bfe54c03-ca40-4864-8f80-cdaeb60467e9,2026-02-28,14,14
04f7a71c-3983-4410-86e8-799d6bbe2f5d,2026-02-28,14,14
638299c6-4577-4285-ba51-e5b6eca71e73,2026-02-28,1,1
b19a123c-c85a-49e2-be44-4c6754f97f1b,2026-02-28,1,1
cd2b001f-0b39-43dc-87a6-7fee8eb530be,2026-02-28,30,30
e10e7d5a-62c3-4be4-8edc-0532239c9ddd,2026-02-28,45,60
080ce7e9-26d6-495f-8cdc-747c559f523c,2026-02-28,1,1
5c9b214d-e789-43a3-99f3-59aadae26348,2026-02-28,1,1
c39566a5-0732-4382-a421-b042cf4fca28,2026-02-28,10,10
e25a68c4-b7a1-45c3-936b-82349f6e6505,2026-02-28,14,14
e40014ad-2424-49cd-97bd-7d15d9c70b8d,2026-02-28,10,10
4a8641ba-c18b-4fe3-8df3-27d610468d73,2026-02-28,10,10
969d0da7-0191-49ac-906b-1c7b2ce0a5b1,2026-02-28,1,1
aa5a8a13-5d02-4c76-a016-7b3c59578b23,2026-02-28,7,7
ed682fdb-43f4-4e52-8f9c-975abef8fbae,2026-02-28,7,7
f74d72d5-6247-4e28-b2f4-067f49b68b51,2026-02-28,30,75
189be80b-1b3f-45f0-bd02-5747faa66aa9,2026-02-28,75,75
367c0b6d-0c6a-4878-8af9-964cd394100f,2026-02-28,7,7
6b16a23b-9126-4135-9a3d-f13fc70bd77d,2026-02-28,14,30
b8ef7c40-a838-48ca-9029-04a06a2721a8,2026-02-28,14,14
22cbed17-f1eb-4c9c-a408-42ec3a3dbce9,2026-02-28,1,1
394f1eaa-2e21-4f7f-9d28-3eaa4d839d4e,2026-02-28,1,1
6ed671bb-c931-4a5e-a36c-3f930efc285b,2026-02-28,7,14
bc8c725f-4b25-498b-ab2d-aab7287f7938,2026-02-28,1,10
e4d0f4da-b0d0-4343-bea2-f185c9d5dc1c,2026-02-28,14,14
0cd51cb5-6873-4f6e-ac30-badecc2d61c4,2026-02-28,1,1
202b322c-f625-49bc-9b60-24e7e37d407e,2026-02-28,10,10
24ace948-5504-40fd-b93f-95ed53ca2fee,2026-02-28,10,10
46d6f772-7bbe-446b-a0ad-40b69904456a,2026-02-28,1,1
83830cd6-b8e1-4f1c-b06f-f45264e1ac1c,2026-02-28,1,1
e4f67081-7327-4ce8-bf68-911f37523e6c,2026-02-28,14,14
eab6732b-b0d6-4a3a-81ac-75fd93d06dcf,2026-02-28,14,14
0b5bc13f-2b6f-40f9-ac71-914b02773c68,2026-02-28,14,14
6e934739-f73d-4aca-abfd-4b5208143626,2026-02-28,1,1
73373c8e-971e-416f-8a10-f2aaead6b91e,2026-02-28,10,14
8329c0ce-8613-4380-90e1-dae3b83ef1cc,2026-02-28,1,1
be17e282-fc76-46e1-9de4-8c22f317b89b,2026-02-28,14,14
d03c6634-9f61-4ce6-887b-3963d73c415b,2026-02-28,1,1
fc3c4b0f-4861-4826-8fe4-05aaf6b4c037,2026-02-28,1,80
5411a47d-b697-4a15-888d-5bddd2aada2a,2026-02-28,30,80
6d53dcd7-6920-4426-b8e9-2e8a681c3d87,2026-02-28,1,1
a471d606-83d4-4503-95c3-c2608cae0062,2026-02-28,1,1
b960bb83-09cc-41e5-b72a-2d3a1a993376,2026-02-28,14,14
cc850c39-1dad-4a2e-aac1-38c573383a0a,2026-02-28,10,10
cd303dd6-ea3a-411c-b4de-79d5385fba6a,2026-02-28,1,1
e10b40e8-e985-43a1-98a6-a6fcc2d888d8,2026-02-28,1,1
02a9ea7c-d562-46dd-b7ae-208c0f492c62,2026-02-28,1,1
058b87c5-c10e-4ac2-98ff-9ef05fe65286,2026-02-28,1,1
068de17d-12a5-4585-9309-0b8edee44acc,2026-02-28,1,30
218f5c9f-6e48-4086-8b3e-4c7e2ec6747a,2026-02-28,75,80
35d44702-a809-47fc-a759-b3ae186c0966,2026-02-28,1,1
42de06ea-23dd-41c7-bcdd-63b5b188f00c,2026-02-28,10,10
5468cee4-cec8-44b4-acaf-6e1ba2233473,2026-02-28,1,7
cdeb2663-3caf-4fa6-a055-2cfbe379d3b0,2026-02-28,7,7
25a8d3a1-c66b-4829-b67e-2503f1774379,2026-02-28,1,1
329a2175-e03d-490e-9901-a2799776fecc,2026-02-28,10,10
8304aa1b-a102-413a-b05e-140b1cce6478,2026-02-28,1,1
c45fe846-e7a1-479b-b26b-3aff73f058d1,2026-02-28,45,45
c94a49fd-79f7-46b7-b0c7-9bc94a43953c,2026-02-28,1,1
d1d9b71f-4575-44ab-a4a1-38cc7491e3b8,2026-02-28,1,1
ea749d3f-9a41-41c4-9c4f-ddcc709718e9,2026-02-28,1,7
0290aa0d-9b5c-4551-bf9d-d1e2e77e25a9,2026-02-28,10,14
51dd90db-8458-4bca-be23-6a4602c6bb22,2026-02-28,1,1
77e62a6f-aff3-4302-9f35-35d1d9485abc,2026-02-28,1,30
7d254311-f53c-4873-b3d0-532ad1040ffc,2026-02-28,1,1
b10f4a58-fc78-4882-afb6-a84476ac8ddc,2026-02-28,14,14
13a3e1cf-b8f8-49bc-9bad-f89b8ba6f566,2026-02-28,7,7
6945bc23-84b6-4716-a463-dba2a6d64fad,2026-02-28,1,1
6a80d33f-986d-496a-ac8b-77b88ff7a81b,2026-02-28,1,1
7ccfd243-3610-4dbc-b714-736f54a5cac9,2026-02-28,1,1
86755912-e538-4e5e-beb4-c9a27f662747,2026-02-28,7,7
f4796209-1aa3-45b4-94d5-21734e32c389,2026-02-28,1,1
f5e3f9cf-14d5-45d0-b00b-ec8447433a37,2026-02-28,45,45
fbdb1e12-341f-4d73-a4af-082502bf8dcd,2026-02-28,80,90
10f99067-3c0e-4fc8-80a1-91ea7e347310,2026-02-28,1,1
32fed724-495a-4bf9-871d-ae1ea6ee4eb0,2026-02-28,10,10
4cb20446-3ca8-4ac6-958d-dd729e86bc7c,2026-02-28,1,1
52210a91-eee0-4b0a-9852-ad76d39e7b23,2026-02-28,14,14
5d777576-aa61-4239-b12e-4492060dbca3,2026-02-28,1,1
dfc6d5ba-89e7-45f3-899f-ac0219b9810b,2026-02-28,14,14
136e81ea-3afa-4a58-b65a-ed0b71b76653,2026-02-28,10,10
69041ef8-00f9-4e77-8157-78e70d318ecb,2026-02-28,1,14
71a62285-d366-4c60-a699-fff3a64e8553,2026-02-28,1,7
80402b44-2e39-4c98-bf75-5ec3eec8a665,2026-02-28,1,1
aad8bf97-b65c-4714-8839-3edd844f7a75,2026-02-28,1,10
c581c764-6fb9-424c-8f07-99d5591c92e1,2026-02-28,80,80
d904dbd5-6643-427c-83f2-5fc0810eca38,2026-02-28,1,14
e6c19a0c-b011-4963-b37f-5a30a0f56d60,2026-02-28,1,1
03ec273f-0f40-4b97-b135-704bc507e735,2026-02-28,1,90
1bed3677-80f5-4aed-8703-346500110fcd,2026-02-28,1,1
2a506aa1-6a26-4b13-b392-b47607e7d5b0,2026-02-28,14,14
6ef769ae-51b6-4d1d-a65d-33e2e115976e,2026-02-28,10,10
dd2fe2c7-d3e2-43cc-b124-755cb61c9c03,2026-02-28,1,1
e9923b32-5031-4435-9c9b-d9cf7dde8ea7,2026-02-28,60,60
1062e4f9-7c90-4fb1-a226-c8126f7bef84,2026-02-28,45,45
2bc78c6d-7605-4e47-b81f-3ffb72d5290b,2026-02-28,1,1
41524408-6a97-4072-8fdb-d7e0d2f3928c,2026-02-28,14,60
5aa592ce-c9bc-4895-8b34-c58ab0a68e23,2026-02-28,1,1
a55e46cb-8054-46bc-82c9-9c7288243761,2026-02-28,14,14
accb4096-73f9-49ea-9c01-97048bd10046,2026-02-28,1,7
b1fe5485-05ec-4b52-9e43-5e1279b2a7d7,2026-02-28,1,1
c2f6a543-edc4-4ccd-9735-a35eef3d0e80,2026-02-28,1,1
c5ac79ec-e187-4079-bab6-f36035c05a97,2026-02-28,7,7
f0524728-9029-4d61-9d34-51ec93a5561b,2026-02-28,1,1
194c6ee1-11f1-4db7-a81a-70b208307a6b,2026-02-28,1,1
68ba9363-1191-46d6-a5eb-3a1c34e8ba4b,2026-02-28,14,14
781a8a9f-6fdc-4312-bcf8-9215d07bcdc3,2026-02-28,1,10
c2934d4f-3acc-4dd0-8889-539fee784e37,2026-02-28,14,14
ec7bb03a-303c-426a-8dad-beb7482cc3ad,2026-02-28,10,10
ffb265ca-4fee-45cc-9abd-29d4a78aa563,2026-02-28,14,14
3c2081c5-893e-4357-afb2-484fa370ac7b,2026-02-28,1,1
9eb8c48b-5942-41cf-bfcd-bdbb84ca225e,2026-02-28,14,14
a578c755-0562-4923-b404-8551aef6c7d4,2026-02-28,1,14
dab66a1c-8843-42a8-b9c5-44669d04717c,2026-02-28,1,1
615f4913-5633-4ca6-b1f6-f1ff9cc5d00d,2026-02-28,1,1
88197497-21d2-4c84-b1d1-b631b1169ccb,2026-02-28,45,45
896659e2-a5ef-482d-8311-65ea8c337a3c,2026-02-28,1,1
d9ad51cd-eda9-4d98-9830-45da97781eae,2026-02-28,1,1
fac6173f-3cfc-489b-ab83-76e1673fa732,2026-02-28,7,7
15bec37f-a635-46de-8692-55d6fbf89b63,2026-02-28,14,14
8e86fb8e-d029-468e-9eb5-d8f6db5e08fb,2026-02-28,45,45
d24e9ec6-efe6-41fa-9a26-88d1f8cbde78,2026-02-28,1,1
d7899849-03b3-4e12-8057-bfe5b28e73dd,2026-02-28,1,1
f284fb0a-8bc7-417c-8994-427d032b150d,2026-02-28,1,1
3705bfc5-5c15-4dfc-bae4-1e838fe39279,2026-02-28,10,10
454a6e2c-3806-4ed3-beb8-f158a67936fa,2026-02-28,14,14
4af7aadb-3e7f-471f-8353-f6eaf441ec20,2026-02-28,1,1
4ef8376c-457b-4c52-bccc-8888e7ab6bcd,2026-02-28,14,14
7de7e556-422c-4918-9871-3d3f5ec00edd,2026-02-28,1,10
a3a6fdec-936c-47a0-9a6c-a17fa5951bb4,2026-02-28,30,30
031df946-ca08-45c5-9352-797c9514a335,2026-02-28,1,1
038cf774-d41b-4991-88e2-e29680f99cb1,2026-02-28,1,1
0e67cceb-aa1a-4105-99be-1d9fdc044cf3,2026-02-28,1,7
79e77b3f-13d5-4ae5-8816-f4acbf06f9a5,2026-02-28,1,1
c242d9b8-3abd-4ff6-9779-7056f9da9813,2026-02-28,1,10
d14da7ac-0ac8-4090-ab73-7cd2eb34c413,2026-02-28,30,30
f40734c0-6aa9-4624-967c-df168fc7def4,2026-02-28,14,14
47fe70ba-9e1c-4814-ab2a-4fe17e599c8e,2026-02-28,7,7
5429d174-b80f-4ad8-bfd1-99f43cf99547,2026-02-28,10,10
5d47e3a1-739f-45a6-9d86-785889b25639,2026-02-28,10,10
9d8631dd-d2ae-4856-9275-9e5fb0673348,2026-02-28,14,14
cadedfbe-4fb7-46eb-b582-42a9f375665c,2026-02-28,1,1
d7ffbc11-23b7-433d-85a5-1f17f8f3acb5,2026-02-28,1,1
03d68300-5377-4a6e-93be-9cec8b10736c,2026-02-28,1,1
8dd02671-546f-4395-b4ca-2bc861325298,2026-02-28,14,14
c539844e-1ee0-4bee-969f-9b11f3c64c4e,2026-02-28,7,7
e4e10114-a7d4-4e0d-b28f-7341f8b83df4,2026-02-28,1,14
19010776-50d2-4ce7-bad7-82c0ea5b123d,2026-02-28,1,1
1a36fa0e-dd17-45ca-b91c-790bf54df778,2026-02-28,1,7
3b39c798-0e77-43f4-a995-8d38fd38020b,2026-02-28,1,1
733559bf-9d7b-4b1f-8fc2-a575a1d67e23,2026-02-28,1,1
9dca7074-956c-4afa-a79f-d931f3fc30a4,2026-02-28,1,1
d0d91ef9-9b57-487c-86f5-70efbba19e53,2026-02-28,14,14
e5cbc200-77b5-4257-a06e-0792ffba0e03,2026-02-28,1,1
13c7c5c4-2947-4426-b125-3795eafc5541,2026-02-28,7,7
38670f96-6d1f-4c3b-91c7-850f040a39c6,2026-02-28,1,1
3d8799da-7f83-49d4-8689-52fcb570fff3,2026-02-28,7,7
7dac5d92-1551-491c-b8df-8c7714f5b8ce,2026-02-28,1,7
cc7f6995-9ad0-441c-9acc-7a6d2d517c7d,2026-02-28,14,14
d400324a-c31f-4aef-8464-b60cd13fc24d,2026-02-28,14,14
d47488cb-3b55-46f7-a957-c018d0019c10,2026-02-28,1,7
0583956e-aa53-46bd-891e-18bc20de2118,2026-02-28,1,1
0d5aa45c-7c53-4b09-8315-db94bd7c3103,2026-02-28,7,7
58c1a8db-e5fc-477a-84c3-2bd482ae2c70,2026-02-28,7,45
6a8c752c-569c-4a75-be8f-c23d550ed4a3,2026-02-28,14,14
8ab42860-bb0f-419a-97f8-6fecf2f36224,2026-02-28,14,14
96c3d941-cea3-4eb6-b799-8b5a421ee0d5,2026-02-28,1,14
9af15fcc-b28d-4240-857d-a553374d6e50,2026-02-28,1,10
a0d5d5ee-73c0-4c5d-bfcd-0fb743e20828,2026-02-28,1,1
a86eb2ec-e3f3-409e-80c3-f9cee2cadcd0,2026-02-28,1,1
ab9555f3-cb70-443a-b578-0afe141ffe55,2026-02-28,1,1
c48d3902-5f44-4529-b026-db3f90fe237b,2026-02-28,10,10
edcfc8fe-da75-4af6-8714-7decba879aa3,2026-02-28,1,1
293cb1f9-4b15-4c0a-a56d-0080fb3ef050,2026-02-28,7,7
4d892172-268e-414e-9c22-10f5ffaf9350,2026-02-28,1,1
4e6f0d78-89a9-43d3-889e-7acda64dc37f,2026-02-28,14,14
b92caca8-6252-450e-becb-383230c3688f,2026-02-28,30,30
e2fce047-5f47-4d5e-bff4-93321009dc97,2026-02-28,75,75
03e3c243-020b-4ae4-a091-1026a044e68b,2026-02-28,1,10
16a6219d-4737-443a-8f08-ccb3c3c3229c,2026-02-28,1,1
31b33d53-342b-4d99-bd18-11168ca5c7b1,2026-02-28,10,10
3cfc3c50-863d-4296-bdb1-bc18ed2cda62,2026-02-28,1,14
5ee9a376-8298-4549-ab9b-48516577a73b,2026-02-28,1,1
6674eca9-c0d1-467a-bb22-ff313e196870,2026-02-28,10,10
af5d78d7-b84c-4bd8-bd88-ce5f69789dff,2026-02-28,7,45
326c8696-f7e9-41f0-8a67-824e25985e0e,2026-02-28,1,14
40bbf09d-ee78-4017-bd18-80a28827080f,2026-02-28,1,1
6c43e6d9-6f63-45e1-8984-823dec05aab8,2026-02-28,14,14
6d517ba1-8ec0-47f1-baa8-380caea298bb,2026-02-28,14,14
703e4115-7710-4827-8857-b83f7de707f1,2026-02-28,1,1
b3ae839a-64a7-4d29-9dd7-77b37a8a3e66,2026-02-28,30,30
b5ff1757-3b93-4e82-bada-ff6739fde478,2026-02-28,1,1
fede0b00-b9b8-4bea-a19e-1b2ed7c0e6d5,2026-02-28,45,45
482006e5-2b2e-44fb-a81c-01a3051399d2,2026-02-28,60,60
57ec5f09-4764-4e0e-9221-637237639a74,2026-02-28,1,1
6ab43325-43f9-4c0f-a35a-bf6ba63e8551,2026-02-28,7,7
8236abc1-8b47-44e4-a6c9-e438758192dd,2026-02-28,1,1
86fdcfc5-ecfb-463e-bfbd-ff1da0c77308,2026-02-28,7,7
8ae0824b-7c12-4018-855a-39aa6a3fa725,2026-02-28,45,90
9428c498-5f8e-4f16-b3a6-5d3637f43075,2026-02-28,45,45
e8e8bddb-de59-462b-8659-8c521b3c8094,2026-02-28,10,10
f95d08e5-fe4b-41dd-95b4-008a1a64c285,2026-02-28,10,10
32ad9148-1205-4593-b03e-cd10e4222463,2026-02-28,1,1
33a1943f-271c-4ba4-a739-3f7efc328b5a,2026-02-28,14,14
39de1cca-33e7-4549-9ae9-d108a72d8f67,2026-02-28,1,1
75f2e232-2f0c-4e20-bd90-ff07fb5b8802,2026-02-28,14,14
8dd3c726-4eb0-461a-ad69-104fc5977c99,2026-02-28,1,1
aede0626-ae8f-470f-92b4-9055aaffc5a2,2026-02-28,14,14
ba7e5deb-082e-4628-9b4d-ec9a4f4a7e20,2026-02-28,10,14
c5ee4ceb-9476-4b98-a134-f29c2f863fa4,2026-02-28,10,30
d3d9c6df-4819-422f-bc2f-93921ca598c5,2026-02-28,1,14
d98ddda5-01b4-4305-92f9-e5558038d724,2026-02-28,1,1
d9c9ef31-edaa-4f80-9c0b-a3540815f5d1,2026-02-28,1,1
e4aca862-9386-457d-829d-2e01a2826204,2026-02-28,45,45
02729f7b-384d-48d8-9596-1b6117f514f9,2026-02-28,10,10
816065ac-60fc-4709-928d-55020908139c,2026-02-28,7,7
b82443bb-fb30-4dbc-a715-5991b9747a2d,2026-02-28,1,1
f0eb62b7-8094-43bd-9508-b219f1d47ed7,2026-02-28,14,14
f6bd2ef7-cf9e-4003-834b-6e57d0aceb2d,2026-02-28,1,1
1db5dc7e-5595-426f-8e74-177e02aad55b,2026-02-28,90,90
247aaaff-efd9-44ff-b580-69bfeae8052b,2026-02-28,1,1
3395d4c3-2bb4-4721-b938-a39e6e51bd9d,2026-02-28,1,7
464fbdf6-4ebe-448a-acd1-d19be5a834cb,2026-02-28,1,1
b89620bb-22cd-438f-8592-50deea47955f,2026-02-28,14,14
df5052a8-9c85-4c64-ab4c-fba1bbf0e045,2026-02-28,1,1
229b573c-2d31-42c8-bc26-d3f2b7eb0f0c,2026-02-28,30,30
4a39a6a3-99ef-4039-bac1-11594bff8f1d,2026-02-28,1,1
6b44284a-d758-4410-b74e-4e4f951a0a19,2026-02-28,1,1
74d7b87f-662f-4e58-87d5-f3b86c3dfd30,2026-02-28,1,1
90e74e78-c060-4ea0-a2d4-d7b84f84b4ca,2026-02-28,1,10
ebbdfed9-4a37-4a49-909e-a58a798c6b8e,2026-02-28,1,1
1573c369-d068-4cef-af9d-034f3f9d254a,2026-02-28,1,1
4ecec910-6691-4b31-b1f5-72cc5bdfd2d4,2026-02-28,1,1
de8fef2e-b647-425c-904f-be95d5674cda,2026-02-28,1,1
df0250c5-db92-4849-8fec-1049b68acd2f,2026-02-28,1,1
89c83b40-595d-4f62-b111-58ca15ae48d8,2026-02-28,7,7
a6e5d986-a4e9-4dd1-9438-3c3012df2616,2026-02-28,14,45
b7432c99-5ab0-4107-8bde-0937c3a73ab5,2026-02-28,1,1
c3810d9c-2f66-4526-b8ba-f6f16f749d41,2026-02-28,1,1
26475718-bf89-4efe-91d8-33574d843e1a,2026-02-28,90,90
39c082c7-13fb-4dbf-bce6-293e098b84a7,2026-02-28,14,14
8057e8a8-1cf5-4633-93a0-84d04717f167,2026-02-28,7,7
86f6830f-8a49-42bb-ab59-a6b1e78b894c,2026-02-28,14,30
a283cde4-97f9-4b79-a23c-e03825c3b89f,2026-02-28,1,1
b2f7dbc2-d794-4b88-a6fc-d38c31bfaf48,2026-02-28,14,14
bad2cdf3-9ac7-42b5-a279-b780759e1e1d,2026-02-28,14,14
c9b04ba2-a878-45ba-a23d-917c770e86d7,2026-02-28,1,1
12727b98-ed00-4c44-9d26-b0f8b772e072,2026-02-28,45,45
1bf0fcda-9bbf-48fb-9c94-9bbaf1c3c53c,2026-02-28,1,1
36de79c4-585e-4ed7-9ea7-f93277b1dc18,2026-02-28,10,10
42808aad-efbf-4c3e-b19c-112883a297f3,2026-02-28,45,45
56b8fa6a-aeb9-4e9f-be7a-bc4fa7f01067,2026-02-28,1,1
85039f10-febb-4e3e-b119-4b2f2140c9ae,2026-02-28,1,1
9ba06add-b8f0-4d7a-8530-cc628592cae5,2026-02-28,1,1
e9078fd8-a2f0-46a6-b224-ae93bc220f96,2026-02-28,14,30
f4e89df9-3e03-44b6-84b1-ea25557905b3,2026-02-28,10,14
144c9460-737a-4f86-86c9-ce29ba491569,2026-02-28,1,1
22b7e212-068b-4b24-8ee5-42ae978eb8c8,2026-02-28,14,14
6e28726c-a074-4301-8d03-dfdbfdef8a49,2026-02-28,10,10
7cae9cde-a7b6-416c-ab8d-de9032b2e0db,2026-02-28,1,1
8bccb928-dccf-4fae-99ab-aa694f084e61,2026-02-28,1,1
92e5f01d-77d8-4702-9ef0-8f3e4874900e,2026-02-28,14,14
9523d0d9-8e1c-4fa8-89e9-8fec07b1755a,2026-02-28,1,1
a24aa515-a549-4c6c-8de7-d97a0053387a,2026-02-28,1,10
c0393451-5c28-4e4d-8a54-621c3e5dfc33,2026-02-28,1,1
d129e649-bd68-46b9-b61b-cb3c93e65b14,2026-02-28,1,1
d396b3ec-9fe1-4e72-b89f-91f196e873cb,2026-02-28,1,14
e42687f2-b8e6-451b-b036-246cdba913bf,2026-02-28,1,14
049c9523-f25e-442c-810b-4362225e2f03,2026-02-28,1,10
255f61c1-8be5-48be-b2cc-ff4cbee26a6a,2026-02-28,30,30
510d1422-f227-428a-aaa1-8694e0ddfecd,2026-02-28,30,30
603f40a7-d45b-47aa-bf68-99831419a662,2026-02-28,1,1
610427c4-2145-4ba6-ad99-c88f5606f0b9,2026-02-28,10,14
727bce92-4b18-428d-bb4f-72bb844923fc,2026-02-28,1,1
971e1eb6-01d0-48fa-8266-47d66071bc0f,2026-02-28,7,7
a6e241d4-8177-4ff0-aa70-5677a6c4fb2a,2026-02-28,10,10
cfb4a5d8-0363-413d-8a3e-c51e95f50b18,2026-02-28,1,10
da673c71-4417-47a3-bb74-b44e5f555744,2026-02-28,14,14
01567544-d750-495b-8672-2c1aeed55634,2026-02-28,14,14
413f3871-9b74-4819-a144-9dd821f713ef,2026-02-28,45,60
784c74ed-025a-447f-9d13-f1affd23e6c9,2026-02-28,1,1
88e7deb9-b3e2-486a-86f0-d3b60216e322,2026-02-28,1,1
95f712a9-60b2-45f2-8713-b6f14c8c7050,2026-02-28,1,1
a0b7dc00-addc-4a0a-8a0d-ecdc3ff4b75d,2026-02-28,1,1
d18dc5e0-d093-4c95-b731-9c71d3ef958a,2026-02-28,1,1
e48aeb91-000f-4763-912f-968f601cd5af,2026-02-28,14,14
eeb531b8-edd7-45a9-9981-58fac2f6d5fb,2026-02-28,60,60
f7ab49d6-ede6-4c80-9246-3e8b0ffe0b08,2026-02-28,1,7
040c9a8c-9d61-4c72-9e77-9883339bb2b7,2026-02-28,1,7
098a9005-de96-4426-9be5-742ca3e5f634,2026-02-28,1,10
14f590aa-23ec-4046-9d71-330260e442ea,2026-02-28,7,7
1fd8c97f-a78e-4659-87ec-6be505cdc5cc,2026-02-28,14,14
79b2f9d2-3148-4c5a-9954-978b1e96ac76,2026-02-28,1,14
83bb19c5-f1fd-4c79-806e-f1d3f20969b2,2026-02-28,1,1
cab05d39-8ed1-40cb-9e4a-7615722070bc,2026-02-28,7,7
1efd09c0-8a40-4608-98af-79e400ae7c6f,2026-02-28,10,10
673ab99c-9756-4a54-9d8d-6f7f229fa35f,2026-02-28,7,7
6af1d648-98dd-4db3-94bd-c620d8cf6c02,2026-02-28,14,45
70b7c371-fed5-4e72-97a9-e4e5035bbebf,2026-02-28,1,10
927a03f8-7cb5-487c-bd62-59731a9490ba,2026-02-28,7,45
142be162-1192-42ae-92f4-c3047258e202,2026-02-28,1,1
1f2b7702-b8df-4611-8f62-fb8dc9a6cba1,2026-02-28,1,1
375df52e-9de2-4b3d-9e8f-2008e803337c,2026-02-28,90,90
8ef98679-4757-4159-9dec-2707054b9803,2026-02-28,14,30
97fc0c3e-6126-42a5-ab12-7436847b519f,2026-02-28,14,14
af24d2bc-1d66-464b-91f6-7da00e07ad7e,2026-02-28,10,10
b3d109a4-e171-436d-92fc-b54307ac86cb,2026-02-28,1,1
d2468617-e9e7-4f80-8940-6c465e8f7797,2026-02-28,14,45
0a887f99-8aa8-42b8-8ed8-4f4a4c2ded7e,2026-02-28,1,1
35f5c293-d787-4272-9f65-42749e5071ac,2026-02-28,1,7
78e2fd65-ee6a-40f1-821a-fcfeabe6b37d,2026-02-28,1,1
92c46a01-3be7-4152-8d0c-846ca45fdacf,2026-02-28,1,1
99314db6-d1a5-46da-9f5e-8848cb9d3eb0,2026-02-28,10,14
a16db001-6b19-4495-9de4-b922da5d3dc1,2026-02-28,1,14
a7ef1450-ee18-44aa-9403-be734f93c426,2026-02-28,1,1
c0349353-2a02-4593-8905-c08cbcdb74ca,2026-02-28,14,14
c6a14069-b5fd-4fe3-a7b8-82b43d83acf6,2026-02-28,14,14
ef11291d-1f0d-4c39-8114-ac318c3b66dd,2026-02-28,1,1
d212c525-6270-460b-b5d0-cd465e546024,2026-02-28,1,1
1a8550bd-7050-4bda-945f-8b12eb086874,2026-02-28,45,45
5d0280ac-57dd-4e60-89de-7df481b35c46,2026-02-28,1,1
60f73b76-71fd-4def-9772-3d0949e075d3,2026-02-28,14,14
6ec28c00-78d0-4ad6-a1e1-a9dee46fc2b6,2026-02-28,1,1
b7d1f9b4-deaa-4c08-94bd-8a47692f8bf6,2026-02-28,14,45
c6b3336c-fc9c-462b-99ae-230eb2970a50,2026-02-28,14,14
f8775294-73e8-4f54-b1f2-296401c0c750,2026-02-28,1,10
fb526a86-ae1f-47ab-b29b-005d28857cd9,2026-02-28,10,10
3187acfe-72e8-42f8-8f75-619a2f60ca95,2026-02-28,1,1
515ffa8d-5111-478e-b1a0-00ae92ff6431,2026-02-28,7,7
5a312604-d805-485c-b5e3-1b9c8a2f45ca,2026-02-28,1,1
5a9a1eb3-b87a-4bb7-8e72-e39c4b3bbbc4,2026-02-28,1,30
9ee8dc9a-812b-4a20-8978-90123465e0b5,2026-02-28,14,30
a5f09a8d-e09c-4390-8275-9739642d80bd,2026-02-28,1,1
f6933127-8b63-4f8f-bf51-7f4ced018011,2026-02-28,7,10
f78c8f16-4d91-43f4-a338-eef2c27fe59a,2026-02-28,1,1
2af44f8b-3ca7-4d88-96be-e895fd48f449,2026-02-28,1,1
341959c6-00ed-42de-b3ec-9c9b5d76ff6b,2026-02-28,1,1
50186b2c-caa6-4041-9b5b-4e7cb90f806a,2026-02-28,14,14
5d5a1877-7a8e-471b-ade8-ce75175c5c54,2026-02-28,1,1
649f924c-aeed-44c1-bcaf-135f74375e03,2026-02-28,1,1
ce56a164-eafa-44b5-a2ab-35a77454531b,2026-02-28,30,30
ec0fb14f-507a-4aa6-a9f8-97e0219df05e,2026-02-28,1,1
f2865aa9-7542-45d5-9d75-5ef177faa49f,2026-02-28,14,14
15ab579f-eab6-4cbb-9079-b25b1295f450,2026-02-28,1,1
66295acd-4717-4650-ae01-a4d5c932d1ad,2026-02-28,10,10
6be5f85c-7682-41ce-831c-1158af2fd1ca,2026-02-28,80,80
a3ac6eee-f8bc-4769-9dba-5e67e569400f,2026-02-28,1,1
ba3de913-b62c-4109-86b8-5965a62504bf,2026-02-28,1,30
e5fffcd4-bce0-437d-8331-1c5f2028097a,2026-02-28,1,1
52457735-4066-444e-977a-f6cf65f5ae70,2026-02-28,14,14
815da436-896c-4bd8-a6a0-455c983661a3,2026-02-28,1,1
b3650296-d684-47f6-bc24-f8c64dd6d80c,2026-02-28,10,10
ba944b01-7bf7-4217-bdad-072281366872,2026-02-28,1,1
6ccbc161-c789-4761-8535-fb8b3d1ac574,2026-02-28,1,1
8ff0fa09-16ce-4b84-8f4e-507f82bc79bd,2026-02-28,7,7
cc207048-77ef-4cf0-8484-7b9148092f93,2026-02-28,10,10
fca02e92-75dd-418c-93c2-2dafcf71f27a,2026-02-28,45,60
fd802fc8-82ec-463b-9f1f-57907cac8b0d,2026-02-28,10,14
0e0c8d38-c55a-40de-bc09-db786f20c1a5,2026-02-28,1,14
4571f8fd-1397-4cd0-9e64-a2752003be76,2026-02-28,7,14
7fce470b-2472-49fc-8978-13b551d38043,2026-02-28,14,14
d6c8814d-2628-435b-9036-b6039d033df0,2026-02-28,7,30
d9ffd962-ab1d-424c-b565-5b03b04c2e64,2026-02-28,45,45
ac6aefe9-06ec-43df-bacc-195518182ea7,2026-02-28,7,7
ae757241-e395-4eb5-8864-32ebec527154,2026-02-28,1,1
fdfc67e3-eb32-431b-b67f-b25d85172e52,2026-02-28,1,1
06fc3943-68c9-4e43-9365-868a330fe96b,2026-02-28,14,14
1d630561-4e6d-4f44-8aa5-d410e3ceb387,2026-02-28,1,1
602c7248-339f-4a03-bada-2009f4373315,2026-02-28,1,1
6a87e089-4805-4109-92b7-a8f223f9c705,2026-02-28,1,1
877a2e9f-72f0-4705-943c-2623f07e0139,2026-02-28,10,10
9217da50-e722-48ee-82f3-427ef3db2484,2026-02-28,1,1
b2e17064-cc76-44eb-b97a-f0c411ed226f,2026-02-28,1,1
d5aea0e5-4178-4b89-b6b3-2e6d4459cbf0,2026-02-28,1,1
e3936bc5-317b-462e-9a27-612e6a1e9990,2026-02-28,10,10
95566653-3cb2-400f-b788-8b1d11dde836,2026-02-28,10,10
1a355306-bb73-484c-94d0-f1cf709231a7,2026-02-28,1,1
42aae323-9921-4f25-8c7b-ab202c80c10f,2026-02-28,1,1
705240b3-ce14-4127-9ee1-029eb1462774,2026-02-28,14,14
fff5e510-d32c-4ac1-a103-ea3405829a2f,2026-02-28,1,1
00a6d11a-273f-46f5-af0d-7a35a0e5c868,2026-02-28,1,1
3e5e0ebd-46c1-4683-aefd-0b1b6db2b3e2,2026-02-28,1,1
7e712ad3-9a03-4fea-abf8-7dd0716b4a98,2026-02-28,10,10
eb0c7b95-f880-49c5-b951-f2bf53c5c8a0,2026-02-28,45,45
1705e0f5-40a9-4e7c-abd0-85825d18b038,2026-02-28,1,1
45eefb6b-5f94-4787-bb7a-91b647839a76,2026-02-28,45,45
dad98fce-dd0c-4415-a7d6-175177abb8cd,2026-02-28,1,1
08edba5c-7afb-4c52-9192-1ad6a2dcca1e,2026-02-28,45,45
199024f6-b1c5-4034-9037-9bbd74b56f50,2026-02-28,1,1
34ec69ca-933d-4a90-b96e-e7a19f8d120f,2026-02-28,1,1
4d905314-c63c-445e-a4a5-ec0298cacda2,2026-02-28,1,14
92a01d15-c47d-42c9-8800-5b68dfde0dd3,2026-02-28,1,1
993695b6-a10d-4497-a0a6-54074204f0c6,2026-02-28,1,1
c6bcae78-f8f4-4f48-9909-402fa3a749b5,2026-02-28,14,14
d2424d85-e3e1-4945-a1f5-4a4c1bc8ad10,2026-02-28,1,1
d4177711-1989-4f8b-8981-aa357ac0c0bb,2026-02-28,10,10
19200652-3526-445c-9dd9-37b108d5f60c,2026-02-28,7,7
5a08cb46-78ed-4150-886a-e0975f10f375,2026-02-28,30,30
fdba9066-0c52-4d17-8c7d-3a8f9ee02fe3,2026-02-28,1,1
398d76f8-56ad-41ee-913f-3979735bd7f9,2026-02-28,1,1
58a0bee1-fb9e-4d89-aafa-7c5fd4a80f5d,2026-02-28,1,14
8c3d4fd0-9f5e-4a54-91a3-7a6daad79c66,2026-02-28,1,1
b6a4771c-358a-41ae-be77-dd5bad485d8d,2026-02-28,1,1
f25d41f5-cd7a-4edc-ab8b-1e052cbd9acd,2026-02-28,7,7
faefc9a3-9764-44e1-a089-afb1d3e42d54,2026-02-28,10,10
7b8333fe-31f2-4132-bd95-8d9a28a65ff1,2026-02-28,1,1
89827a24-dfaf-4a24-ab1e-15e9f5d6e293,2026-02-28,120,120
d8e74078-00a2-4265-8a27-c33e17b5c478,2026-02-28,1,1
fd19a16f-c606-4c09-abb4-b628c5d59ba5,2026-02-28,120,120
0826df9c-ce18-4a23-aa77-799a0ec2016f,2026-02-28,1,1
1524a45d-23b3-4847-99e6-2e8378c9908b,2026-02-28,14,30
4679ac8b-5667-447e-8440-2bd6ec590da5,2026-02-28,45,45
63fee1a0-d4e8-4bfb-8f8d-270f2ac50629,2026-02-28,1,1
6496605e-8403-4635-8bf2-6c4263d56a6f,2026-02-28,1,7
7dddd202-df2e-4218-8668-f3f70acd8019,2026-02-28,1,1
ca249f2c-f550-4fd6-b647-00e8d37ac60f,2026-02-28,10,10
f8ff0801-b120-488c-9014-e0bc3bae241f,2026-02-28,7,10
301c794e-c902-47c1-9d1c-de86235c4661,2026-02-28,14,14
35fb05a4-60b9-47d8-8770-2904285145b8,2026-02-28,14,14
3ff19ed1-e374-4dc8-9034-406cefbc1a5e,2026-02-28,7,7
43de5044-8224-465c-ab5d-e06045aca7ec,2026-02-28,1,1
5945c817-d3ba-4b3e-ad1a-a433857e24b7,2026-02-28,60,60
5e721c13-2684-4d80-ae2e-4edb591b7dd6,2026-02-28,1,1
88c51478-f725-4fa6-9793-04f0b85b1f93,2026-02-28,1,1
9675a3c7-d54b-45cc-99c4-804f93b29865,2026-02-28,14,14
9dafa54c-2410-4d17-a1ce-3d3059848b20,2026-02-28,10,10
c978f4c0-3970-4fbf-bd5a-d71533094ace,2026-02-28,1,1
d71a697b-63b1-4be2-a13d-f8f79b018a6d,2026-02-28,1,1
09d35ac7-4307-495d-b987-2badd5ae6bd1,2026-02-28,1,1
57c690f1-7e8c-43b2-9666-6512da21be62,2026-02-28,1,1
8fea9730-cf71-476b-903d-138504fe5769,2026-02-28,60,60
ca211a51-a190-46b0-b9ab-8e0b55201e3c,2026-02-28,1,10
f02282eb-1c23-41e1-b3aa-62d5ee8e4c47,2026-02-28,7,7
1bea632e-3c7b-427d-ab26-27ecdf792838,2026-02-28,1,1
5b95f693-9930-4978-9147-6fed2d4521bd,2026-02-28,7,7
8374024a-b69e-44d9-be1e-e847b7aed5e6,2026-02-28,45,45
aa4c87d6-64d5-4857-95c3-6776b92a4502,2026-02-28,14,14
090548bd-bd1d-4f6f-aadf-5e231418b7f4,2026-02-28,1,1
0a839fc7-445d-4ffd-9581-3b042998b31c,2026-02-28,10,14
0b8938f8-5afc-4ca9-8d46-cf7fd2ee54ad,2026-02-28,1,1
190d3d15-9247-45c2-a122-6570a72647e4,2026-02-28,7,7
2ee3ed56-4fe0-40e3-92ed-87bf3df29a0a,2026-02-28,1,1
4dc42347-9d88-421b-b25d-6197848e9a1b,2026-02-28,1,1
8abcde1a-0f5f-4f92-9118-7503848e4f95,2026-02-28,1,1
d3c673a3-cb74-4de6-b10f-b46941a11592,2026-02-28,1,1
52b29b1c-b740-468b-9abe-dda3f3f362db,2026-02-28,10,10
54b01512-fef6-43dd-8507-3287510d3947,2026-02-28,1,1
83f06dec-e020-4a5f-bd82-6d3d4d12a642,2026-02-28,45,45
96a88105-e0c8-4db8-98de-a00826bdad1e,2026-02-28,1,1
97d480ac-afb1-40a2-9c2b-125dca3e3b95,2026-02-28,10,10
e47af376-b64b-4298-9c9f-01daabff3760,2026-02-28,1,10
ea674823-574a-4287-a7d8-e7e0266e6c4c,2026-02-28,45,45
0397c7e0-c953-424e-a59f-e7969b6599e9,2026-02-28,14,14
08b0c2c7-ef7e-4e0b-8050-48a690da99ca,2026-02-28,14,14
3553567d-c2c3-4f15-ab62-6558180d39ea,2026-02-28,10,10
59d415d1-102d-416c-afc4-8200120eca93,2026-02-28,1,1
bc05bbec-6dcf-4e02-a37f-ac3e7d6ee75c,2026-02-28,1,1
d3a3f4d8-2708-452e-b4a4-eec2be3997ca,2026-02-28,10,10
d40b05de-46cf-4cdb-92fb-683a571673e7,2026-02-28,7,14
02092084-855c-497a-aa23-e41f31cd7f90,2026-02-28,1,30
52d14e88-88fd-4a7d-9d73-bfb850685ac3,2026-02-28,1,1
532c2bde-f574-4d9c-bb8f-9d164fead678,2026-02-28,1,7
b8b5800f-d41e-453d-87cc-4f3d97e1d481,2026-02-28,14,14
f5230c75-9be4-4fc6-a7ac-0c79e552df3a,2026-02-28,1,1
fb745f69-70f2-49b5-a81a-57f8c651fa28,2026-02-28,1,7
02ba1323-800d-47dc-ac1e-2b1ccbe9607e,2026-02-28,1,1
04c8c057-e562-4db3-95d4-437a387e23b8,2026-02-28,14,14
0da2714d-5c2e-48b0-ab3e-72fe1b33d65e,2026-02-28,14,14
1168e718-d450-498d-9b02-203ac647e137,2026-02-28,1,1
52bc7afc-86ae-4282-bab6-a4bb75a539de,2026-02-28,45,45
78a7ba50-a85b-4e14-b2a6-bc59ccbf958d,2026-02-28,1,1
cb1cbc71-2660-4d71-9792-e207dd11eb7e,2026-02-28,45,45
e163cd60-6982-41e4-8fc8-b4c925fafa8e,2026-02-28,7,10
f8e8d09e-565f-489f-a2d2-4827006b79b7,2026-02-28,7,7
414672ee-e63b-4815-8476-7a7ee1e802b0,2026-02-28,14,14
465b49cb-60e4-492d-8c32-1e0d135beebf,2026-02-28,1,1
994e38af-7d0c-4bef-83a0-964711a75e9a,2026-02-28,1,1
9b13815d-c17b-4708-a20b-d463003657ac,2026-02-28,1,1
d120206b-04dd-456a-bdb2-418509beab46,2026-02-28,45,45
d257bed2-2e84-47b1-9cc5-46b6f2d7d8de,2026-02-28,1,1
da0ec1b0-4171-4862-a274-f5d28f842271,2026-02-28,1,30
26610ba5-6a1a-4b19-b379-9c49c0454e19,2026-02-28,10,10
88c4d2e0-bff1-4ad1-94a1-efe25f82598c,2026-02-28,1,1
a48d95db-92ba-41e1-bbe5-214fc2f63ab0,2026-02-28,10,10
ccacd97a-bd98-479c-b44d-383c172f6080,2026-02-28,45,45
ea7fdc2d-c513-4eaf-b2c4-b4b08df9dce7,2026-02-28,14,14
1bef088d-dbef-4476-b715-42aa8c8d7676,2026-02-28,60,60
238cf4c4-4093-4e15-a8c3-606b30f7bdac,2026-02-28,1,1
2cc9edf1-ad3f-41aa-93d3-47b56476c455,2026-02-28,10,10
3062d0ba-73cd-47c9-a6ae-af71e78334cf,2026-02-28,14,45
7420f3fb-a059-42c8-9c2f-29250cfb1040,2026-02-28,1,1
c345a5f5-d63a-4392-92ff-92992bd4c323,2026-02-28,7,7
321bf2fa-9095-45a8-8b7b-c0eb51905a91,2026-02-28,30,30
49e96cff-b9bc-453d-a69b-58d8148c334e,2026-02-28,1,14
57f3151e-e8df-4899-ba8d-bef20979e048,2026-02-28,45,45
759ed2c1-9709-44e0-934c-9e8be50d4810,2026-02-28,7,7
a1e67606-2ff4-44ab-93ba-be6713095290,2026-02-28,7,7
b1ee824f-2ae2-4563-89ac-8c84aab595f1,2026-02-28,1,1
eb0045f2-89a2-4cc6-9b3b-283ab4daeb07,2026-02-28,1,1
f2f8a0c7-d5cb-4e56-9528-5428f450834a,2026-02-28,1,1
001d2aa7-d364-46ee-9a57-9611ee336913,2026-02-28,1,1
2df09a58-a122-4068-b7d9-e3d84035aed2,2026-02-28,75,75
3996e9d2-2493-481b-9232-e17a3150438a,2026-02-28,80,80
3b03b922-55f3-4c6f-876b-7ec10cb79054,2026-02-28,30,45
443ced44-10fc-4a6e-b7cb-32e3a3bfd03e,2026-02-28,10,10
5556e960-ab7b-4c0d-ac10-5e9103177d65,2026-02-28,1,1
906c1861-ca8b-40ac-9c4b-54eb910495fb,2026-02-28,45,45
226c4220-1c7b-4c3c-92f2-297cdfe9e5da,2026-02-28,1,1
503e7836-b0a5-42b7-b756-10b04670f56b,2026-02-28,1,30
55723c14-9802-41e3-9c20-5f48307dc3df,2026-02-28,1,1
7bd036a4-b23d-45be-a4e0-9a2c59443815,2026-02-28,14,14
995f401c-4dd9-4de4-a86d-a8f834e2f1e2,2026-02-28,30,30
f114ccd0-1d58-4691-b652-907e03a1f5ea,2026-02-28,10,10
fefea8fb-3da1-4f5b-a87b-b652762070a7,2026-02-28,1,14
108e10ce-937c-4cc6-8349-ea81f0712086,2026-02-28,1,1
49b4edb1-d0a3-4923-834d-bdd7b48efd73,2026-02-28,7,7
6e004d64-af9b-4a4c-87a9-83c18436addd,2026-02-28,14,14
77b31293-8d9f-471b-ad0a-15cf2f7c7374,2026-02-28,1,1
b77ddd4e-babc-445e-9627-6d1f6f109d97,2026-02-28,14,30
062842fc-8da8-4f30-8948-8e104de948a8,2026-02-28,30,30
11a56c6a-fa13-46e0-aaf4-4266cca9b32d,2026-02-28,1,60
1c68d3e5-ca45-48e0-aa3f-743f736edea6,2026-02-28,1,60
4b714588-7754-46e8-9c8e-252a9c2c448b,2026-02-28,14,14
c5483ff8-02f3-485a-b6fa-6553876d8d7b,2026-02-28,1,1
0831f225-ff05-404a-9906-ab3320cde834,2026-02-28,60,60
70eedc81-8928-466b-81b7-27c3beb80df1,2026-02-28,1,1
7c808906-3353-4efe-8190-fcfcbec955cc,2026-02-28,1,1
7ee6e2bb-b56d-470b-804f-aad438e09787,2026-02-28,14,14
9e3f572f-9b18-4c34-9e0d-548fb3e95b80,2026-02-28,1,1
a3a6f916-873e-4c90-b3f5-6defa5ab9510,2026-02-28,1,1
b746cc04-e40a-4507-8f6b-bb781e6bf0cb,2026-02-28,30,30
1e629ad3-3192-4ca0-816a-a265ff03e836,2026-02-28,14,14
2202979c-32b5-4170-91ca-5ed7433bd37a,2026-02-28,14,14
5b261f90-2c1d-4b5f-86a9-1c798462debb,2026-02-28,10,10
5b2bfcff-304b-42c9-b513-f2f0b1b16c32,2026-02-28,1,1
cfd724a5-98e5-4473-bda9-8499a41da84c,2026-02-28,7,7
0d741774-085e-4a29-88d0-43c958dc6433,2026-02-28,1,1
59c6f3ff-259a-4856-93e3-414ba232a252,2026-02-28,14,14
6ff5b24b-ff02-4f6d-bc8b-a55f50f34521,2026-02-28,10,10
d3ae0daa-913c-48a9-b8f1-804134927a32,2026-02-28,45,45
e51de0d6-35da-40f3-9431-f4899ed07f50,2026-02-28,1,1
06ef139c-358e-421c-9ae2-577adbbcfcda,2026-02-28,1,1
21a55da9-bcb8-4342-83a1-379b750abcf6,2026-02-28,90,90
5a9231ce-2d1d-4451-9b60-967b10309788,2026-02-28,1,1
6bc5ec06-d757-43f8-a7ec-9ffb84e778ee,2026-02-28,14,14
a46c15dd-b43b-4f5b-b995-a69b3aa1d49e,2026-02-28,45,45
cd943864-3f03-46f1-a595-c3d881c5658e,2026-02-28,14,14
d0354dd7-e5b2-45e3-b7e4-9b19994d3ba2,2026-02-28,45,45
db2c1348-1c67-4fca-9bc3-b566985b4da2,2026-02-28,7,7
03e423dd-99cb-4355-ba0b-e651421d63ea,2026-02-28,1,1
3a5dbf0a-ce8e-4270-8262-b780ce359318,2026-02-28,1,10
408b991a-e246-44e4-9927-66ecb56763a2,2026-02-28,45,45
99542bbb-d0bf-4508-8b09-42bd7684d06d,2026-02-28,45,45
b9ade92d-319b-49e6-bf53-37fc1cdf5a72,2026-02-28,45,45
be26f313-91c3-4d27-a000-7ed2dfa3c12e,2026-02-28,14,14
8e3364a2-f8c2-4d24-b62e-0128860c11f8,2026-02-28,1,1
9f806ee7-62e2-4289-adda-6fde9e1e859a,2026-02-28,14,14
0ed624ab-4011-40c0-8c64-95fadb6369f1,2026-02-28,45,45
4e8075ad-62d6-48b1-8bf7-897a60230903,2026-02-28,14,14
8735615b-d22c-4697-9aaf-b8a61f76c04d,2026-02-28,30,30
91192e10-fa5b-458d-a39f-a400d8934b92,2026-02-28,1,1
9e91c72d-0911-4f7a-8e81-70bac9c050a9,2026-02-28,14,14
a6f7073e-975f-43e6-b11e-94bd8fc2ab2c,2026-02-28,1,1
29d2d6d8-efd8-449f-9827-93e17c1c64c7,2026-02-28,1,1
514a00bd-c06c-400f-b8ce-645ec388ca4c,2026-02-28,1,1
5c583b81-de30-473b-b58f-adf1cfd3609e,2026-02-28,14,45
641e75c8-eb49-4bca-baee-4891f51af26d,2026-02-28,1,1
7f0548b0-79dd-4f25-aa31-8e02fda7d4a3,2026-02-28,45,45
b04031b0-ebd7-49c3-94b0-6e7bb5226238,2026-02-28,1,1
d4a693c9-2a32-4835-9ff0-8123b8c904fb,2026-02-28,14,14
f28a4b0c-abff-4332-819c-988e53a8d83b,2026-02-28,30,30
feca201f-3f28-4cc6-8b1a-58b9f75fb33f,2026-02-28,1,1
15ffbab8-22ad-41bc-ae65-fcc461533b7e,2026-02-28,1,10
225776d6-8482-4cfb-8fe7-ebb54966bca3,2026-02-28,10,14
2fcf3820-1521-4713-8cf1-21289217ce53,2026-02-28,1,1
316c7216-509a-4a68-93ae-c717e55f7814,2026-02-28,1,1
39889df0-d96c-4745-b926-496c209d420d,2026-02-28,1,1
7d7b60fc-b9d5-4fb1-af76-79c4dc9ca195,2026-02-28,1,1
dffa859a-f9a7-47e2-967b-8a6a0aabd1b9,2026-02-28,1,1
f00ae306-1673-4789-a8de-9dd60c8887fd,2026-02-28,10,10
f6bd9ce0-55e7-46be-8e6f-37ea036541ce,2026-02-28,1,1
80d166ab-10f4-4539-937c-23d2ab010b5e,2026-02-28,1,1
8d0323c0-0e0d-4c02-bd4d-fabdcbcfcfa9,2026-02-28,14,14
b26bbce2-d4cf-41dc-89fb-11b3a59475f9,2026-02-28,30,30
b54c2577-f338-43b6-a4ae-a53a4a54da81,2026-02-28,14,14
0980fd30-bd04-4b4f-9397-a218c39bddf4,2026-02-28,10,14
7501a76f-c4a2-448a-8bcc-03009b5bec17,2026-02-28,1,1
7972b73a-25c9-4dfa-b25e-843698ef0d78,2026-02-28,14,14
8d2ef58e-b324-466e-a251-2b7fac167ce3,2026-02-28,1,1
fada6638-2c46-4d35-b761-7cad460d03c6,2026-02-28,1,1
2b901b59-8881-4838-9ad1-1e96540cc616,2026-02-28,1,1
41adda37-ae41-4ebb-b3a1-56a6c3553296,2026-02-28,1,1
691deaed-7571-450a-9c7d-2eaef6455057,2026-02-28,1,1
84530b43-7cee-4507-af5f-ae5fc87f7330,2026-02-28,1,14
cbdf8c3b-8386-4c76-bf4c-f872919a3a7c,2026-02-28,1,10
e3fba4dc-bef1-4fdb-a5db-8c52d2531072,2026-02-28,7,7
08d5f368-cec4-43bb-8164-f83b1299adb6,2026-02-28,45,45
3e99b432-2273-4f63-bbcf-bb666434745a,2026-02-28,10,45
891afba3-baf4-4c1c-a45b-abfef1bdc453,2026-02-28,1,1
acf35fcf-ffd8-4cf2-91c1-1d2068efa254,2026-02-28,7,7
bbd1bdb4-ee58-4fc5-9c89-f55e69053cf7,2026-02-28,45,45
02a782af-5467-4ab8-96d6-c8b011d2f999,2026-02-28,10,10
888b1be5-7d84-43f5-9988-8a68fc95c20e,2026-02-28,14,14
b6aca818-29ce-4193-b778-84d2bdef0df4,2026-02-28,1,1
b6e690f4-b834-4954-bb73-ed3c02ef0755,2026-02-28,90,90
f783b680-03cf-45ef-8c67-dd9988e747cc,2026-02-28,1,1
4c2fbd23-4800-41f6-b84e-be3527cf1da1,2026-02-28,45,45
9c58789e-415b-4f32-a614-8617eec8f27c,2026-02-28,7,10
9c8cbf35-90ff-4825-9a6b-d4cd589da0aa,2026-02-28,14,14
b3aad9f8-2b53-4e30-b46b-9a4956c74dde,2026-02-28,1,1
e341aeaf-88e0-43bf-bc12-805695181cf3,2026-02-28,1,1
55ec61f7-f690-441d-90fe-300fc57ddf13,2026-02-28,14,14
74c40f3e-9b5d-4964-a627-2dd04cad5346,2026-02-28,10,10
ad1a36a5-89cc-485d-8e7a-85c6f9ac21f5,2026-02-28,45,45
ee62b09a-9716-48c6-ba3b-a347d4f5e805,2026-02-28,1,1
048880d5-20d9-42c1-ac15-808e7dd63ef3,2026-02-28,30,30
154f2494-9fd2-45d5-824e-012dae400a25,2026-02-28,14,14
27b3234b-a68c-41db-93b8-b012a6aa95d5,2026-02-28,1,1
2e1f8403-3208-44cd-be64-bbbebbc43771,2026-02-28,10,10
47f41931-a407-4ccc-b01e-0191efa382d3,2026-02-28,1,1
ad6a00a2-5038-46dd-95f4-5ca1aedbeec3,2026-02-28,1,1
16551a30-5640-48cd-989a-0ffed6d030dd,2026-02-28,14,14
64fa7a1a-2e4c-4c68-a092-ed7179ebc743,2026-02-28,1,1
7f256225-a456-42c7-a92e-97fa2fbdf609,2026-02-28,7,7
d76dcfb6-bad5-4201-b4a4-1089b1cfb1b0,2026-02-28,14,14
f12e9607-76f4-4f47-8887-b3ca194e1458,2026-02-28,7,7
1b45b04d-6963-453a-b04d-3ec7d9c2e3ee,2026-02-28,7,7
227be62b-c5a7-4392-af79-5a2d82b8f2e1,2026-02-28,1,10
bdb18ebc-370b-4e59-bfa2-0549e561faaf,2026-02-28,45,45
e9da6825-71a6-4ad8-a57f-e36201009de8,2026-02-28,14,14
ec34d0da-f487-466e-99d3-2330b98eba62,2026-02-28,10,10
ee4fcd93-1c7f-42c9-8704-5c59af176874,2026-02-28,14,14
58298c13-4d9b-422c-87b2-c56fdba6bdb5,2026-02-28,80,80
7e73542e-b21e-4c1d-8e82-8f30765b7f24,2026-02-28,10,45
f3364198-05e0-4495-b08a-e2ab6c81830a,2026-02-28,10,14
aeb8d918-f36b-46e5-bc82-ef8355938418,2026-02-28,1,14
236a474a-5b81-498c-923b-eac842a6f08d,2026-02-28,7,7
588db09f-17b2-4999-a91b-ecb1ffc1a085,2026-02-28,10,10
5b40f408-8051-4148-ae34-50f94037246f,2026-02-28,14,14
701e97b2-c249-4dba-a9af-9cdb56ed9eee,2026-02-28,1,1
9199ca21-f6ec-4ea0-bb46-55096ed3875d,2026-02-28,45,45
f01f1dd3-4f7d-4598-bc2d-8c751af75c8b,2026-02-28,1,1
1f4dc19d-389f-4527-ad6e-c59c6a58f96f,2026-02-28,14,14
25d5a6ce-79e1-41c4-a6e0-cf6492ec068d,2026-02-28,1,30
403cb4b7-f47c-413e-9258-ca7ffa43a564,2026-02-28,1,1
872afae4-c949-4b8d-8db0-1157ca98c9e7,2026-02-28,30,30
b88f6de6-a39f-4494-af1d-0fa54199f7cc,2026-02-28,1,10
c4982932-d163-481b-b961-b9c03cdf25ac,2026-02-28,14,14
ca3ad8ac-2654-4185-bd37-8e387d46e948,2026-02-28,10,10
d1e033a3-4169-4444-8000-778992fe1958,2026-02-28,1,1
dcc63373-db8f-4be3-9ef9-3f226147b656,2026-02-28,45,45
8a2c4a64-ed27-488b-9607-e5edeb30c455,2026-02-28,7,7
97b20178-d804-4f1f-a6ab-b2ed8a5c0c66,2026-02-28,1,60
cac86609-604b-4b9c-9c8d-df6891c56634,2026-02-28,1,1
1df65d32-b8be-4a47-921d-880f4c8739f8,2026-02-28,7,7
4c62bf82-f35e-428c-91f7-e71892ee0b8c,2026-02-28,14,30
4ec8c6a7-f186-468d-909d-a361a3e9e217,2026-02-28,14,14
54745ac9-6a78-4681-acb3-3bbb6971c64d,2026-02-28,7,7
60ced91a-412e-4abd-8cef-3c545152cb9c,2026-02-28,14,14
66d298bd-3c8f-49f4-ac0c-df7377741b9b,2026-02-28,7,7
c7695cbc-e733-4a6c-ba0e-2be2a47382c5,2026-02-28,1,1
151a8642-0bea-43db-a8fa-3e52690f48ab,2026-02-28,1,10
3ac202f7-4129-45ba-bba0-4942169afeed,2026-02-28,1,14
4ed0e435-9ff0-48cb-84b0-f5263bf200cf,2026-02-28,10,10
7beaebe6-840e-4203-8fb9-5c1ab0496b0b,2026-02-28,1,1
8eba369a-375f-486a-baa5-21f6ebe27dc9,2026-02-28,1,1
9dcdc111-0022-4c1d-a18e-8239377867dc,2026-02-28,1,1
9f0725d8-2b50-45bd-8fb6-4c65465e0f8f,2026-02-28,1,1
ca8f96bb-f614-47aa-9156-cffe3051660f,2026-02-28,1,7
d67649c1-b648-4da0-bd63-2114e319a8fb,2026-02-28,1,45
fde6a862-a01c-460f-91fd-748c5d7a9286,2026-02-28,10,10
5884d58e-54e4-4f18-88dc-aff0247cb9e5,2026-02-28,7,7
7969f5d5-9e02-4ccf-84a9-8df8806fa03d,2026-02-28,1,7
ae4da69c-1a60-401b-b9af-50378ab25349,2026-02-28,1,1
c2f5e9de-3d46-461f-86c8-263d6ea3d357,2026-02-28,14,14
d464102b-25f6-46fb-bfc4-3f301ec4075e,2026-02-28,7,7
e8c0c494-f963-49b8-89a6-28eb0d258898,2026-02-28,1,10
0b5e6c17-8c47-4d34-b444-2f751982eed6,2026-02-28,1,1
178ef442-cea5-4805-9fb6-048faff56d40,2026-02-28,30,30
7c4f0cd8-83bf-4c77-98ad-687b964888d8,2026-02-28,1,1
8ce97885-02cb-4bb7-8ef1-6ab657a8ba31,2026-02-28,1,1
905aa5f1-9052-4525-af69-f4aa6e532e8e,2026-02-28,1,1
b0a74bc0-eed9-47d1-ab9d-043888c61ef6,2026-02-28,1,1
c59a480e-6b2c-422f-bd8b-52c7ef8ef6b9,2026-02-28,1,1
119d6472-3705-4473-a450-2186c818c8b0,2026-02-28,1,1
793062ba-23c7-48ce-aeea-f382d7aed0c9,2026-02-28,7,7
7e192dfb-5fad-4758-a8b6-d182e1496f00,2026-02-28,1,1
942648a4-9ce1-459f-9dc9-4a3d780686e8,2026-02-28,1,7
81f6866b-76e3-449c-bf78-d8c18e26fcb9,2026-02-28,1,1
a3899807-7729-4c90-969f-e4ec9da96fbf,2026-02-28,1,14
2e715f8f-539f-423d-9d54-327bcc621d5b,2026-02-28,7,14
c20881e5-f929-4338-9820-1c6833b2498f,2026-02-28,1,1
06f3015a-e1ae-4357-b865-d8f3b61fdf96,2026-02-28,30,30
20da33d0-a6cd-428d-a5c3-00437e33af02,2026-02-28,1,1
3bb9432a-a7bd-46c1-b03e-4be46bb127bc,2026-02-28,1,1
81e9e1a9-1f49-4e40-99fb-10d2b57bd3f4,2026-02-28,1,1
0aa70b4c-a044-4864-bc12-93ffb32ceb2b,2026-02-28,1,7
7addc290-5736-4b1e-86c8-2b6fae45a462,2026-02-28,7,7
baf0baa7-591b-4168-a4e5-a069a62390e0,2026-02-28,30,30
c52b3bdd-5c5a-49c6-8f23-fe427ad2d3fe,2026-02-28,1,1
ec931a8d-5df6-4885-bb1f-d83426b4f80c,2026-02-28,10,120
f948618a-b8bf-4ba7-8fec-6e50e01b1304,2026-02-28,1,14
113d88fd-93c8-4577-a4e8-16f4d8b20f12,2026-02-28,45,45
656358a1-efb1-4295-9895-03653caf6c43,2026-02-28,1,1
7f6ae1d5-5fd0-45df-9d23-e500e822c4f4,2026-02-28,45,45
8c457820-af54-4438-8cc6-ee1fc4b0acc2,2026-02-28,1,1
0b4e6c6d-6125-4661-9c77-2d12b5c2fbe9,2026-02-28,90,90
173f3f71-3d96-4f03-9da0-4b50e4c70e60,2026-02-28,45,45
65fffc52-9ebf-4f8f-9b10-424b4583e61f,2026-02-28,45,45
791d9af6-26b3-4348-8245-6ee9cc1fd90c,2026-02-28,45,45
bd9de3bf-deeb-465c-a1b3-786432d5e7cd,2026-02-28,1,10
577849e4-b420-42a2-a2e3-de5d1580bc6c,2026-02-28,7,7
5d036612-ba36-4dbc-9bbb-6661a48171ed,2026-02-28,14,14
68a740fe-f1d0-4045-b282-6353bd4bc38f,2026-02-28,1,1
c31a89b0-73e8-4d00-a4fc-a4ff1d030f6d,2026-02-28,30,30
3d3520fc-dce7-4288-b7c6-4392409db875,2026-02-28,7,7
bfcc752e-0086-463f-97f3-bf7d91e99bc5,2026-02-28,1,14
c7e1958f-3251-4d45-b0da-e04fca066f03,2026-02-28,10,10
481c7c61-5560-45da-bdb2-2d83206db273,2026-02-28,45,45
5d75309d-56ad-41f6-8d36-bc0d25ecd252,2026-02-28,14,14
8523e569-5314-4bd4-90d1-4834df4b3a59,2026-02-28,10,90
8c54976e-b805-49a4-bd7a-14b60dbb2f03,2026-02-28,7,7
9e5fd93c-a8bb-4e7b-b5ab-c0d04563d681,2026-02-28,14,14
d1e025f6-7dfa-4a51-b025-f53b25558947,2026-02-28,14,14
d2b90f03-022c-4670-b4fd-334064b7bbf9,2026-02-28,1,7
db68824a-03a3-4f11-aeb6-7db52e28f450,2026-02-28,1,1
609d047b-ae6c-4305-8d2a-abe121284ff1,2026-02-28,7,7
8039cfbd-d7f8-4c16-a34b-4b3addde0746,2026-02-28,1,1
a1536aa9-5e48-4a80-9273-63ab5a20467f,2026-02-28,14,14
a45b51c9-6081-4cc7-acac-f20a5860da35,2026-02-28,45,90
a4c55488-ed06-4f4b-b4e5-d25b39b21095,2026-02-28,1,1
b44313b6-2c25-4de8-9ba0-6af71f721cfa,2026-02-28,14,14
c108cca1-efe3-4ce1-9830-10ba44508235,2026-02-28,7,7
f6bf5251-0901-4b53-8026-ecc7f938de47,2026-02-28,14,14
217621a5-e6b3-4d49-89f1-c1ce2210373c,2026-02-28,80,80
37cc3c9c-9cf5-4a0a-9167-b861ec5656d0,2026-02-28,90,90
3a1123eb-25f9-486e-a67e-ef0e259a2d29,2026-02-28,7,7
54603a8e-197a-457a-877e-cefa7b91710b,2026-02-28,1,1
7f0698f8-3da6-44c9-aeec-17427d4764a9,2026-02-28,1,1
b2c6abfc-4b5b-4a94-b3ac-25ec2aee3a9f,2026-02-28,1,1
185c11de-044d-4d56-8799-b659b24bbfaf,2026-02-28,1,1
2e110e78-13ce-4e9d-9ad8-15bf700ea076,2026-02-28,14,14
5e528f69-dba5-4cfc-8ed7-c8ece47d79fd,2026-02-28,1,1
68bb1b58-a740-43b1-b8a9-67d8a5c12443,2026-02-28,1,1
6af1f9a7-ec5f-49a8-a744-bd03a582102d,2026-02-28,7,7
c69799ca-7902-447f-b82c-b751c0115385,2026-02-28,1,10
f5d2ed73-f184-41a3-966e-244742287076,2026-02-28,1,1
11337f0d-fbef-41a6-8579-8e047fd4a458,2026-02-28,10,10
3eb026a9-5971-4da7-a88f-94e389ce283f,2026-02-28,75,75
42388d40-9559-4504-8dce-3d9bed8a5bbb,2026-02-28,1,1
49df3002-e3b5-4c16-a05b-8ceb4267fc35,2026-02-28,10,10
9f7a659e-efc4-4b6e-bf30-4f2a32d08d2e,2026-02-28,1,1
a71b52c4-fc51-4935-a904-1f8a2cc665ef,2026-02-28,1,1
c3930b5f-16ef-43fc-8ba2-7ee447d93bbe,2026-02-28,1,7
da049cea-528b-4155-be97-97f52169fe3b,2026-02-28,7,7
dd9ad82c-db45-4b40-a3d1-960e934f4f2c,2026-02-28,1,1
13510d68-953c-4866-bbac-b9f48aa0adbd,2026-02-28,60,60
606884e4-5f9c-494e-8fff-208013f8cbdb,2026-02-28,10,10
8ce63a10-7ced-44d0-aeac-05d05d6dfb80,2026-02-28,1,1
ad7ea968-3e69-455e-914a-d23750a96d9d,2026-02-28,1,1
c401c103-f607-4705-84d4-a1fc69f51278,2026-02-28,14,14
e9f0099f-5ccb-4c06-9f12-5ae509924954,2026-02-28,10,10
3a03f132-230e-49f0-b8ea-8b498437c823,2026-02-28,1,14
72d35d3f-99ce-4057-a07e-92b8b421663d,2026-02-28,14,14
8098e59f-1eba-48ac-a5dc-ef2da4ca6d4d,2026-02-28,1,1
27477ec0-ddf5-4ee4-ada5-329ee85c0737,2026-02-28,14,14
27f04baf-16aa-4147-af94-9b3886a09a74,2026-02-28,14,14
77663fa5-0865-46bf-9d20-6cf661b60286,2026-02-28,14,45
83ac0e02-4624-4dbe-b2b6-d6d0c4a56ac9,2026-02-28,14,30
9f638d61-04c0-4c46-95de-460b8948ed0c,2026-02-28,7,7
c8312ffa-9bc3-4c8f-9871-d61afb935504,2026-02-28,10,10
ced64777-a342-4f6f-8d19-f6fdd1386af5,2026-02-28,1,1
d4407991-8a57-4c32-a74a-f5a0ccd82f37,2026-02-28,10,10
dd4e993a-9a3b-4b05-9fb0-b3126f94ac78,2026-02-28,14,14
050d3425-3002-44a5-ad3e-6b3e0989a189,2026-02-28,1,1
108b5aae-e206-4f07-8f8d-c22712d9b660,2026-02-28,1,1
26a0c85b-0754-49c7-b3ff-9796f77762b9,2026-02-28,7,14
32de510e-d37d-4a73-822a-593750d4a9ec,2026-02-28,10,30
33fbb645-b3dc-4929-9593-42e096cb6736,2026-02-28,14,14
505d868c-c0cc-48be-aca2-32b822409822,2026-02-28,1,1
ac0adce8-f824-4f25-9411-247e719b7474,2026-02-28,10,10
f7096f59-4178-4e65-b3c7-b45a2a8b510c,2026-02-28,1,1
2f06afdf-9356-4323-a9ab-9ae365c13371,2026-02-28,1,1
cb332e8f-d9a5-4a71-8849-21c5cec0f01b,2026-02-28,1,1
e06eccc5-f269-49c7-99f0-416a5f3b2046,2026-02-28,1,14
2b8f3d27-d444-44f1-a5d5-82a9c4ffd301,2026-02-28,7,7
cecfd3a4-cd05-4bcd-a472-8eb3b6f85940,2026-02-28,1,1
dcaa40ff-4ddc-4d07-8607-e582b59da34d,2026-02-28,1,1
24bfb9b4-f14f-452f-b452-d2d71e3f3345,2026-02-28,1,7
43db3c83-1ccf-49b3-9223-270611b219fc,2026-02-28,90,90
80a05947-0818-4aad-866b-cdb7db5828d2,2026-02-28,1,1
95769688-3237-405b-baa0-d0e328ee07ab,2026-02-28,1,1
9d2220c7-4cfe-40ea-94fe-66b04354d135,2026-02-28,30,30
aa0f7b9b-9dde-41e4-9d90-5f3f720907b8,2026-02-28,10,10
b0a3e1a5-6648-443b-bca7-0e456d2cdea6,2026-02-28,1,10
ba275541-392c-46d8-b1c3-45eb1615ca89,2026-02-28,1,1
ed63aae1-c326-4eab-8b06-99f3d2da403b,2026-02-28,1,1
69ff77ce-dd38-4ed0-a61e-2700c5de78fa,2026-02-28,1,1
867b8751-c0f8-4926-bed3-3b2c7d7a6585,2026-02-28,1,1
95c59a1a-3bee-4731-8a5a-b558ceafbdac,2026-02-28,1,1
b9a96ef4-84c3-47d0-8526-8614a87909b2,2026-02-28,1,7
d158862e-e091-489f-a1a6-3bbc4b06db13,2026-02-28,1,1
01aaa318-8151-4c87-9d0b-0aabcbc5b325,2026-02-28,1,1
213e6b23-c564-4ffc-b0c9-3bc5da07ba7a,2026-02-28,1,1
473c8230-9d80-439e-873a-c9f6557deaac,2026-02-28,10,10
64ac9f14-30c3-4f25-8bac-62bf4799ad73,2026-02-28,1,1
69adfd0f-3286-42b3-80e3-54b59699284a,2026-02-28,1,1
b538b30a-a092-4103-89c8-76d2dde20d2e,2026-02-28,7,7
b5872216-8ad2-4c7a-9a5f-71318ab24359,2026-02-28,1,1
f67fb61f-b40a-4a37-b825-cafeb059d38a,2026-02-28,1,1
fbe85e2b-baf9-40de-ba45-be28ce6a5c8a,2026-02-28,1,1
12c0f134-8b8b-4b6b-90a9-6ef263bf1e2e,2026-02-28,1,1
172450f1-c879-40d0-8f0c-105701a3abca,2026-02-28,10,10
193f7ec1-c5ae-41ab-92b6-f646215ceb19,2026-02-28,90,90
61b9d82c-e986-4a98-a322-aca6b68e4ecc,2026-02-28,1,1
71b3aef2-173c-4dae-8f56-88b010eba0ed,2026-02-28,1,1
7aca471c-c6ba-4a30-a754-c2d9c82b54f0,2026-02-28,45,45
7d5957f3-70c3-4676-a463-153116497515,2026-02-28,14,45
b534a4f7-e466-4ccd-b56a-2ef9d1ff06e6,2026-02-28,45,45
2dadf8c8-6c97-4cfd-a7af-e6b971bd7880,2026-02-28,45,45
4768ff4c-f44b-43ca-bbd2-99a88f23601b,2026-02-28,7,14
5cce6811-ec00-44e2-850e-32ed629cf454,2026-02-28,1,1
9a379b3a-ae9e-4e68-99b6-234323406d03,2026-02-28,1,1
a6df860a-5a1c-4788-a440-a5995052102b,2026-02-28,14,14
cb7e943a-b8bc-4c1d-9513-a51dc2f37e8e,2026-02-28,1,45
012f5b41-258b-4f2b-a46e-15423c1a6a72,2026-02-28,14,14
1013826e-3ae9-494e-9fc7-f3bcecae3e6d,2026-02-28,14,14
10d1450f-7778-4a31-863c-76e25e934351,2026-02-28,1,1
93535b84-73b9-491c-be6c-769d910d6380,2026-02-28,1,1
028f9dac-24f5-457d-b7ba-42e473c4d20d,2026-02-28,1,10
68ca8815-ebd7-4b26-b5c1-8c9a77896344,2026-02-28,45,45
80fdc22d-f891-4c52-ad05-665120927bb6,2026-02-28,14,14
bbd3a651-48fe-4a63-9283-223c43c0208f,2026-02-28,30,30
68397294-03cf-4b4d-b0ca-125917d08013,2026-02-28,45,45
8e18c64e-2d7a-4314-b6a5-6edd7e516bfe,2026-02-28,10,10
a24ce0d3-37d6-404b-9f85-f6269c0c3273,2026-02-28,30,30
d89b6eaf-4f1c-4ef1-9697-76d4e31afb09,2026-02-28,1,1
fe5e827b-8872-4351-8b03-ac7d56398695,2026-02-28,10,10
4aef16f9-6dd6-4f1e-bb64-87253ffefcc4,2026-02-28,1,1
94319467-545d-45e0-bc4e-8937f18588f4,2026-02-28,7,30
9c9dc607-b7d1-4173-b2b0-3451564272fd,2026-02-28,1,1
ccd6dc89-1fb5-4589-b276-d24d06a6fd2c,2026-02-28,14,30
d9c9d5bd-3068-46c2-8e59-3d092d17e6ec,2026-02-28,1,14
ea7c42d5-fee2-4dc5-a513-507ab4099667,2026-02-28,1,1
0e2bfdd3-5e45-40da-b2f6-345ef590ff1b,2026-02-28,7,10
11141652-6e76-4f33-90a4-19798a5c376e,2026-02-28,30,30
1aa6c047-1080-4bae-be6e-ab061ae3cdbf,2026-02-28,7,10
214bad33-462b-4e19-861d-ecf087f2201c,2026-02-28,1,1
75582b72-68cb-4fdc-9f6c-7907273fdaed,2026-02-28,7,7
a405763e-29b3-4bfa-870c-58b16479428b,2026-02-28,14,14
b947290c-5d78-4631-afa8-3fbb78e99f8a,2026-02-28,1,14
fda72de2-88c0-4c59-88ad-5b7e723d25ae,2026-02-28,1,1
8ec5aaa4-5d7e-4f0b-8fdd-dd7712cb89e9,2026-02-28,1,1
b1b71c3f-b28f-4d71-af71-e9dd628e8bd7,2026-02-28,1,1
dc55c23f-1e7a-4896-a61b-8079ab7cda3c,2026-02-28,10,10
7efc0add-ac79-4bfd-8467-dc4cd6f31183,2026-02-28,1,1
8bc512b1-7f8f-48cc-840e-4b6b4b315502,2026-02-28,1,1
c538b84b-951d-4d8f-886b-06508e47127d,2026-02-28,1,90
eaadb50a-8b1a-4e29-b357-9243fcc21489,2026-02-28,1,1
f12104f0-260f-4c25-8e42-9e10bafa41f9,2026-02-28,14,30
9243311e-0f29-4402-aa9c-a2090661d1aa,2026-02-28,14,45
00fea5aa-76e2-4627-a3d7-a698e0e2d912,2026-02-28,10,10
14bb0ed6-be07-4c22-8758-60bf6837d4ac,2026-02-28,14,14
1d4371e5-4258-4575-abf8-69f40aac8b65,2026-02-28,7,10
631fad38-c405-4ac8-bcfa-e43896af397a,2026-02-28,1,1
6d59672c-d45f-41e9-8d75-ec056b13c22b,2026-02-28,10,14
7537e95f-f7f4-49b4-8055-7c319f150bc2,2026-02-28,1,1
78983a08-d6c5-4f8f-87a8-4889f680ba68,2026-02-28,1,1
949bd280-32db-41e5-bbb9-71c36177271d,2026-02-28,10,10
101155d5-0239-4225-8189-7d1ea1a53c89,2026-02-28,1,1
24ac09a9-9d59-40ab-9bc3-6c388140033a,2026-02-28,1,1
6c284f3c-7c42-4ec6-b817-10f6770bee63,2026-02-28,14,14
857d4594-0402-48e5-96f9-547cb7d57173,2026-02-28,14,14
f5e155d6-3fe2-4548-ab89-ebd455b2b8f3,2026-02-28,1,1
0c2631d6-cfef-40e9-8092-b781f711b5cc,2026-02-28,1,1
3c65f720-c343-41b9-9c6b-655a419d8fe0,2026-02-28,1,1
401d30da-5562-498f-9f50-a5c1d74c6a6f,2026-02-28,14,14
42f9c2b5-f630-466b-8be3-51387b4d5ce2,2026-02-28,1,1
5cc2a0a3-0428-44b8-b4a7-6bde4fba3b9b,2026-02-28,1,1
812d408a-f507-44b7-8517-cf478360deed,2026-02-28,1,1
0c6f8d9e-0391-4751-a078-b68ca0c488f3,2026-02-28,30,30
32570a84-bbb2-4875-9f3c-fb1b28ea0a5e,2026-02-28,10,10
3919b465-4ecd-45de-925e-400a69346b11,2026-02-28,1,14
4718ee96-a9b3-4bc6-8195-fd831645e17e,2026-02-28,1,1
7a5a0a40-2a92-4272-a9bd-a915e9988b6d,2026-02-28,1,1
959b9a30-b9da-4c92-9535-7a53a98a7f7b,2026-02-28,14,14
9c8b4020-c9ce-4661-8bc9-d7e4827f8d74,2026-02-28,1,1
a017af60-e52b-44b0-a64c-6f1e7203874a,2026-02-28,45,45
c428be87-88ff-48dc-a26f-831394eaa21a,2026-02-28,30,30
1ca67af4-5b92-45ce-9070-6dfcec1cdef8,2026-02-28,1,1
2eff1df8-3a47-4ae0-8a67-dfb004dbf226,2026-02-28,1,1
5bdbbd7d-618c-42e0-8b4c-aa1f30799097,2026-02-28,14,14
604c4aed-82eb-42fe-8428-7c3a1136a338,2026-02-28,1,1
6799c038-40fc-4700-ad69-939217cebf14,2026-02-28,14,14
d5e4a3ed-9175-4cb3-9a6a-459f5345cf49,2026-02-28,1,14
dc1012d5-1dcd-4e86-8432-e7a190499142,2026-02-28,10,10
d6f24bbe-5bc9-4397-95c5-0fa9a1af4361,2026-02-28,1,1
85c17c65-8035-4538-9952-24c0f9ae0566,2026-02-28,14,14
908904ba-3f0b-4818-9e34-1739ba9019b1,2026-02-28,1,1
a8255ce4-d7c0-4b5c-999a-9e45967d6f52,2026-02-28,45,45
d98fed04-7d9f-49fe-99e0-050f24648507,2026-02-28,10,10
deaf4b60-587d-47e0-8672-185a98ba1e85,2026-02-28,1,1
e66e4b08-c47e-44a9-9ce8-081c57cf3b4d,2026-02-28,1,1
fa5b6b38-8435-40a4-b9cd-bb1f0bca8f85,2026-02-28,7,7
3111d3d9-7a44-465c-ad21-eb531268431d,2026-02-28,10,30
32bc4733-6bcb-4662-824b-aa6b1bf46ed3,2026-02-28,7,10
72aa73c7-a363-4c6d-8f37-ef1d1960f8c2,2026-02-28,14,14
978de583-166b-465c-8f2b-4a67bdb36ba7,2026-02-28,1,1
de0e43de-ad8d-4102-992d-6626c3cd4dda,2026-02-28,14,14
f5c53703-c0ca-43d3-bc1f-4e5f14884d93,2026-02-28,14,14
210ffe6b-b27f-4e87-9f16-2c91e2720f21,2026-02-28,1,10
385d4155-e0ae-4ab5-8c29-203f4d19a8c4,2026-02-28,10,10
8e54f8bc-3e3e-4413-92a8-262004a06b64,2026-02-28,7,7
ad9742ee-437a-48ba-8146-e9684a6e8205,2026-02-28,7,30
fcfeaab1-e29f-4d1a-bd54-42f087d8d618,2026-02-28,1,10
2e1de230-c41c-4966-a87f-bf44b6460cd5,2026-02-28,1,1
4afbc09a-ed97-447f-bf69-1a0f54f8d08c,2026-02-28,14,14
7750a82f-86b3-40f0-ac3d-58cb017bcbfb,2026-02-28,1,1
7d1afa99-7b98-40e8-8cd8-45811b75da76,2026-02-28,14,14
4c220ea6-c1c2-4d1f-82dd-b4a87efd00a8,2026-02-28,1,1
72284348-2a7c-465f-b647-9d53f9d245a0,2026-02-28,1,7
8fedfffc-7e98-422c-9ec1-cc7c4bee6ad3,2026-02-28,30,30
cd31cd58-a577-4a02-8cd8-abe898b804d5,2026-02-28,10,10
e760c222-1f9d-4cc2-8e11-2d8ddcbd527f,2026-02-28,60,60
f278b600-88fc-4e83-9405-b67c498ada78,2026-02-28,1,30
8cc389b9-c7eb-487c-907e-b06d62243b17,2026-02-28,7,7
9ffde807-d5d6-4db0-afc2-dedc835e8bf1,2026-02-28,1,1
ae70c2db-eb97-4f2f-a623-c8f249236045,2026-02-28,1,14
12062be0-3d9b-4691-9f25-ffbca40556a0,2026-02-28,1,1
3f36a854-1877-4d23-924c-bf7ccf0b2fdb,2026-02-28,1,1
5be03495-8bf8-4037-a6cf-3932a950eb9a,2026-02-28,7,10
8529e52a-f5d4-4aea-96cc-1bf204d802a0,2026-02-28,1,1
9a5023f4-a488-441c-bbea-46d709a72fea,2026-02-28,7,7
be28a0a8-1727-4017-bfc6-70f90158be4b,2026-02-28,10,10
d7da6514-860a-41bb-91d6-6501153f9eac,2026-02-28,1,1
161f7af5-5e0c-4eb8-93e5-41d2c5e5d9a0,2026-02-28,7,10
1c0c1d7c-7de1-47e7-9203-736df958385f,2026-02-28,14,14
3576fcfb-70da-49c9-b141-3fc5b2f802f9,2026-02-28,90,90
bdefc29b-2cdb-492b-a498-a90cc3bff300,2026-02-28,1,1
c11483fd-609c-4d65-8a8d-f34cb0fbd9d0,2026-02-28,1,1
e1a09a66-c785-410f-ac46-3350bf030b1f,2026-02-28,7,7
12ac213f-7249-44e8-bb15-e08547721edf,2026-02-28,90,90
565a925d-f85f-4a96-9392-61cdff643e2e,2026-02-28,1,1
68d6722f-88f8-49e9-9da1-1b2e10d6fd70,2026-02-28,7,7
7afacc9f-ce89-4b35-8e4b-a3c1fb7b22d1,2026-02-28,1,1
9bf4c487-7341-44e3-93ae-e8164fdb3387,2026-02-28,14,14
c2ec50f9-ef51-49cc-8a63-8b8334c8a0b2,2026-02-28,1,1
e602752c-a0b4-4107-b5f6-cd9f2af88053,2026-02-28,1,1
fec59265-69cf-4452-8dab-24f706b2de19,2026-02-28,90,90
055edd34-8363-4c71-8a39-8c4b191c47ee,2026-02-28,1,14
2f623250-9189-4b7d-85ce-967050404b20,2026-02-28,1,1
5cadd032-09e3-4096-803a-abd50d3b5550,2026-02-28,14,14
7dde66e3-faed-4cf9-a2ce-9030cad475b1,2026-02-28,1,14
91e7753b-9fe0-47cf-bbcf-b302d203ce2a,2026-02-28,14,14
c7d037f5-d464-4d41-b34a-8eccc2c6fbb8,2026-02-28,1,1
ce9d7fe6-ba1c-4ee4-b435-b4bdf810e226,2026-02-28,14,14
cff95e17-4498-42b5-aa1d-409236f69812,2026-02-28,7,60
0c05361d-4434-4f2e-a8dc-8f32af1cf7da,2026-02-28,1,1
1c08df05-7de3-4067-b994-54978a2fbb87,2026-02-28,1,1
24e5e1b8-2800-4271-9f09-6e44f9205cb9,2026-02-28,7,45
3ed67371-5760-433c-839c-f9c4e4eea7c0,2026-02-28,1,1
4d8e8109-05e8-42dd-8bfb-05dcf96a7b62,2026-02-28,14,14
513f77df-ddb6-4207-85a0-ff13cffeaa77,2026-02-28,1,1
8784b749-96bb-44e6-a65c-72aa3d07336a,2026-02-28,7,10
88cef1dc-b5f0-4b4d-ab4c-e5b2f1c8e355,2026-02-28,1,1
9574de75-6694-4c71-841e-54ce333c0b9e,2026-02-28,7,14
d66f4510-ed0a-47ee-ac32-497195470d33,2026-02-28,10,14
14d924ac-c5ed-46c4-a58f-43f918a40c77,2026-02-28,10,10
1b9e683a-7be9-469e-9073-ed6006e30539,2026-02-28,1,30
9c412982-c77a-464c-8944-cbd64863063d,2026-02-28,45,45
1c86a44e-f281-4780-b2af-a6613244d99c,2026-02-28,14,90
20bd2c6a-d7d5-4561-9306-9a6473810df9,2026-02-28,1,1
234bf7c4-a14c-4653-848f-3bd9fe719b66,2026-02-28,90,90
63ff1895-71f5-4c34-9019-497e61102261,2026-02-28,1,1
8d803dc6-1041-47ab-bd66-486082983319,2026-02-28,45,45
c35fc910-75fc-4a60-a218-e49dcb159238,2026-02-28,1,1
0536bdb7-2fcf-44a3-ac18-edd38dcc2222,2026-02-28,1,1
1d193b8b-d53d-429f-863d-3d67bb5e6633,2026-02-28,1,1
80cd2287-47bb-4395-96a6-1095a220a871,2026-02-28,1,10
973023b2-cbe8-440d-82ff-6c78f3f694f2,2026-02-28,1,7
a7154fbf-c7a3-48ba-9024-89bc5bd0bd54,2026-02-28,1,1
d348fe86-9690-472f-b8a9-7c5c6d284f2c,2026-02-28,1,1
30dd5439-5d50-444f-8050-dd0fb43875a7,2026-02-28,10,10
741bf909-f111-44ce-bfb2-ddb81f7b1134,2026-02-28,60,60
7a251972-437e-4b5c-bbcd-b36c8f9077cb,2026-02-28,1,1
96eeefc3-109b-4d86-a1af-289207149bcb,2026-02-28,14,14
9c0bccab-dde5-426a-a1f4-3397e7248f4c,2026-02-28,10,10
a24cf5f5-93de-4c98-8d5e-277403d348e2,2026-02-28,1,1
c8ad8982-bb57-47c3-8be4-83af46724b3d,2026-02-28,10,10
cc63b51a-9011-4b8d-aa15-86d8ab9eb95c,2026-02-28,14,14
3628e35d-701d-4ad7-b259-f062e240e703,2026-02-28,10,10
0ae3fcf9-8671-49bc-8b8d-e46b49c94969,2026-02-28,1,7
2693c189-b2c5-4954-b7a9-7bff965acf56,2026-02-28,1,1
31cbe172-2faa-4cf7-8d73-a5ad37f117bb,2026-02-28,1,1
45a24ae0-5d1d-4161-9fb6-8b25bed9754b,2026-02-28,1,1
4e4a046f-d5ef-4034-9b47-cac4f8d01a5e,2026-02-28,7,7
7b69530f-5aa9-437c-b178-431ab130ef7f,2026-02-28,1,1
814002cb-da06-40e7-82e1-d74f7310a11d,2026-02-28,10,14
86f51465-3bf9-4d14-b711-49a456fbb546,2026-02-28,14,14
d4a5448f-0781-4df4-a38d-2b200db09236,2026-02-28,7,7
e0a3cd51-144f-41fa-b351-24b646bc6b20,2026-02-28,45,45
4f4e8233-5781-4b8a-ae98-bc3fa7432914,2026-02-28,1,1
51dd0a06-0772-48bf-8954-6b95c8e67b03,2026-02-28,10,10
d9461b59-65f5-4731-a2c8-4fa7158c792f,2026-02-28,14,14
090cc34a-c7cc-40b8-bceb-fd4537c860ca,2026-02-28,1,1
368239fa-af79-442d-8d45-c1604ad9abb8,2026-02-28,1,80
4b7752b7-66fb-4c6b-bc2e-70ad2b9a3506,2026-02-28,1,1
d749fcc5-685b-4d39-8c7d-92cbe9a9d5e1,2026-02-28,14,14
fea35267-91b3-45f5-a697-02c72aab8ee1,2026-02-28,10,10
ff29fcf7-c535-4124-b552-d70fc36caff6,2026-02-28,1,1
218dff94-a805-4209-9b50-a7f60e6f0077,2026-02-28,1,1
39d34af7-83fe-45f4-9838-b8e3bfbf4549,2026-02-28,1,14
b4068693-7952-4690-a8b3-34e40b00304b,2026-02-28,14,14
be1f278d-8964-4529-9831-195c46ce6e7d,2026-02-28,10,10
07d20a9c-aa04-4ef2-9830-3da5ace0c8c1,2026-02-28,75,75
51b24e19-24e0-41e8-a26a-30c63c379382,2026-02-28,1,1
5683dbcc-a739-420b-9b1d-54badff1606b,2026-02-28,1,1
785aae5e-ddd1-461b-a238-288445ee6f19,2026-02-28,10,10
915d3c89-a107-4a37-85ce-3787554ed97f,2026-02-28,14,14
a888b818-616e-47a2-b55c-fdf328d1437f,2026-02-28,45,45
bba03dcf-33e2-432b-80ff-51f01a542cfa,2026-02-28,1,1
bcc6f799-ea2d-4d49-8ef7-c82c04eec4cc,2026-02-28,10,10
db5a5b3a-c078-4b53-83f5-7b727e5b9a49,2026-02-28,1,1
034cb47b-dd0b-4bfc-84f6-ecdec23f05c0,2026-02-28,45,45
1e16efa9-1a75-4d74-874d-e839443e7dcd,2026-02-28,7,14
0fe7e520-775e-4d43-9199-25d5df2b4763,2026-02-28,1,1
569ff509-6f99-44d0-a927-75a718f62684,2026-02-28,10,10
7be5792a-0b04-477d-bada-ea5a16542075,2026-02-28,1,10
88975dea-753e-42d7-8979-5e3f51917715,2026-02-28,1,1
89655602-1713-4448-9a85-b00db8d140de,2026-02-28,7,14
9264c78e-2990-463d-887b-f174ffcac16c,2026-02-28,1,1
a5326fa6-f27c-419b-95b9-eb0350fb1b72,2026-02-28,1,1
e98579a7-2831-435e-9c0e-cfbaa7abbe3b,2026-02-28,14,45
3a5569d1-9bf5-4da7-884b-f0bf3ea24458,2026-02-28,30,30
4e7f8923-88b4-4ad0-80a1-1de0b74ba1cf,2026-02-28,1,1
9f4fd1fb-bca4-4a49-a036-c614959bad0c,2026-02-28,1,1
ce6bb253-e83e-45cb-aac0-827caefdad31,2026-02-28,14,14
f101e8be-777f-46e1-8b3a-faa147e9c231,2026-02-28,1,10
f7096bf0-067a-4b3a-9987-8711d199d491,2026-02-28,30,30
007482b0-00aa-4c79-be55-a73da6aeb45a,2026-02-28,1,1
053c5044-6e16-4979-b783-e2efad05807d,2026-02-28,1,1
4dc3d779-950b-403f-93b3-9360f3ec2cdc,2026-02-28,7,7
6f01f701-9017-4902-8b7f-e3a0eeb03795,2026-02-28,7,7
4c41187f-a167-40ec-a92a-803a82b12016,2026-02-28,30,30
86dd1589-f5db-42c0-b0ba-076438a3742f,2026-02-28,30,30
8d0171df-29f4-438b-8ed6-d3b09d8d68bb,2026-02-28,1,7
ad3d9111-defa-4769-a028-1f2545713ec9,2026-02-28,7,14
cafdc2bd-0bc4-46dd-ab5a-edee986fb41f,2026-02-28,30,30
e834f43a-5dbd-43a9-b480-2cf5a957bb0b,2026-02-28,1,1
fa1bd4bc-041f-4f09-a46c-40e82a1e1054,2026-02-28,1,1
fccb073c-e712-468b-afec-87788c9865fd,2026-02-28,1,10
0d1f7210-44f5-47cc-b64d-21963e57e3b8,2026-02-28,14,80
772f2389-6987-4329-b311-61238f7a0778,2026-02-28,7,7
8da0ce02-e975-44f5-9d08-2ef184931404,2026-02-28,1,1
ac912e10-db2e-4c31-bb11-d1bc433d79c0,2026-02-28,1,1
baac931c-1ea8-403c-be57-ca423daa9352,2026-02-28,1,1
df4e4de5-8dbf-46c6-b55e-02e223e54b46,2026-02-28,10,10
f0f2ce01-01a0-4518-a278-1f5a66d4f8dd,2026-02-28,10,10
f14928d4-6187-4489-9726-949f04cfbb5d,2026-02-28,14,14
027106b0-01f3-4f1a-b8fd-259cf6e2aff2,2026-02-28,1,1
12bf3358-6005-4278-ac96-63d43a81a389,2026-02-28,14,14
18472bc8-f83c-499a-b416-60acd97dc405,2026-02-28,1,1
41acf574-9908-401f-bcf1-f81f867b4b86,2026-02-28,14,14
6c2a158a-2367-4584-8bad-1f554e7f3fa7,2026-02-28,45,45
98b3211b-2181-4309-92d7-0cbf571d25ad,2026-02-28,90,90
9e3653c2-9c80-4476-8bf7-dcbaa5bd1e85,2026-02-28,1,1
b863bd14-bba8-47eb-949d-7afb14612294,2026-02-28,1,1
d152d0c8-cffc-4429-a14f-9500ae494692,2026-02-28,14,14
deb9239e-9318-411a-874d-20955f368085,2026-02-28,14,14
e0e1c1b7-7dd9-4dd8-9414-254ee4ea22e3,2026-02-28,1,1
e8ae5eea-53e1-4836-85b0-45e3ebf43204,2026-02-28,1,1
1816fa4b-8364-452c-a999-894289b19ebe,2026-02-28,14,14
347f456d-23d2-4fdb-8e9f-29eb89cac2f3,2026-02-28,7,7
a8c355f5-72b4-4b95-b686-440997d3a375,2026-02-28,80,80
bbc486e8-40a2-4d35-b6e1-a888cd805d77,2026-02-28,1,10
f4217a61-7e04-4cf7-a402-cb9907d983bd,2026-02-28,7,7
3b14e8f4-704a-4cdd-859c-613c848f0c65,2026-02-28,75,75
6756795d-f433-4b92-aae8-4c5fc5623cb1,2026-02-28,10,10
0abd0dee-2549-46a0-919f-cd5b56d85071,2026-02-28,1,1
0f5c5a8e-e16e-490d-89c1-19ca864286c8,2026-02-28,1,1
1e04bfb4-1ab5-40ff-8172-f7d3b446d236,2026-02-28,7,7
3495cd1e-04c1-4b4e-9f25-6c1accfea69f,2026-02-28,1,1
5ba5e799-d76b-4266-92b5-3ee1c0e9522f,2026-02-28,1,1
86e38fa3-edda-4251-adb9-6d3343ba7206,2026-02-28,1,1
f1ae18ae-4d7f-4ee6-8c40-9eb1b84fe4a9,2026-02-28,1,1
f2cfe2ed-e160-4cf1-bfb8-614bc966af46,2026-02-28,1,1
1c1cec36-5758-4006-bcc2-76aee4231a27,2026-02-28,1,7
7455924d-9b44-468c-8a01-17e37e0d043b,2026-02-28,1,1
c7b886cf-3e12-4edd-973e-1ecccffa60c6,2026-02-28,45,45
f211fb38-1a1e-4f6d-9dab-1b867bc8c34f,2026-02-28,1,1
f9520cd3-eafb-40b1-904f-3e7afb2dade9,2026-02-28,45,45
1c8c04ed-cfbf-4014-bd07-4816c4ff514b,2026-02-28,1,14
2cbde9fc-7d8d-47d8-8a7b-8fddbc27adb3,2026-02-28,14,14
836b94c4-0006-43c4-a1d7-1f18f6f084b6,2026-02-28,1,1
89fd4368-0fa8-4682-a24e-a2bc1dee271a,2026-02-28,1,1
a370eb63-a9db-4560-b44c-e9e09591a72d,2026-02-28,10,14
c15f16d1-5f8a-4649-a86a-3a45dfdcc49b,2026-02-28,10,10
e183ade7-4900-4012-8aac-7e7bbae20dd9,2026-02-28,1,1
2fb76123-65c0-4f8f-8eca-3109fba95800,2026-02-28,1,1
4ae075be-fccf-4f86-8e7a-0be4fb99e382,2026-02-28,10,10
5440f8a9-d11b-46aa-a3e0-8292bfb6abb4,2026-02-28,1,1
709e65e3-a875-4c8f-bbca-bc324c0eb96f,2026-02-28,1,1
215e3682-1217-4ee7-91a9-a388ede1ea12,2026-02-28,1,1
c86dfc30-6fee-4b19-b668-ea3abd300793,2026-02-28,7,7
c97a5f0a-0d8f-4bed-8ff5-32d97863f955,2026-02-28,1,1
ce1c2bb1-2c57-4006-8adb-ee9125982b4c,2026-02-28,1,14
deafe722-8492-4db9-a86c-55a7340d2850,2026-02-28,1,1
112de110-7b29-48c8-bb13-9c355d97e430,2026-02-28,10,10
387cf720-1022-463d-a5f5-81bf3bfb9ea2,2026-02-28,1,1
399f1f19-136d-44fa-b56a-61f1c6adb06e,2026-02-28,7,10
50b493af-284a-4513-a541-88481ab5f71f,2026-02-28,1,10
8020a599-92c3-4ab9-9b33-f7bca210c103,2026-02-28,1,30
add8c4b1-8d67-4105-acb9-307bdd2126eb,2026-02-28,10,10
b8bd4732-6f7a-4b1b-85cf-9f71a28c5506,2026-02-28,1,1
d8c15070-f471-4357-b367-3850e817cb11,2026-02-28,45,45
dd2f1ec6-6f41-4f7e-9d00-0636d19672bf,2026-02-28,1,1
ebf80f47-01d1-4103-bd97-5437ebee232b,2026-02-28,10,10
6ef6799a-0e8f-4235-97c0-5790c5cb23be,2026-02-28,1,1
78ed845d-1a75-4063-976a-2204ce141a10,2026-02-28,1,1
89ff3d7b-677f-4c59-802f-f33bb7ea04e5,2026-02-28,1,1
e583f58b-5a3c-4812-ac48-a44dbfaeca66,2026-02-28,1,1
02bb2e19-f62b-445f-b801-f91eee747d0a,2026-02-28,1,1
2adce001-5289-4603-a882-1ac77f43a62f,2026-02-28,1,1
33d550e3-515b-4efe-8cd4-68a892b409da,2026-02-28,1,1
afb0f944-4dc7-4c94-81e7-1772798cf59f,2026-02-28,14,45
d97c9d27-3261-4f1e-9dac-f742252b5ffa,2026-02-28,30,30
dba3208a-9b24-43a6-bb4c-3e88382d5372,2026-02-28,10,10
f020aa15-0595-4e57-8854-d9670b54860d,2026-02-28,7,10
30638f25-1dc1-4551-9ec2-b5a7cd21a715,2026-02-28,1,1
54428125-1726-45dd-bfe8-f5d155919207,2026-02-28,1,1
610db1be-b769-4b8f-9e00-c9c11a14611a,2026-02-28,1,1
66524a65-6b19-46a6-991f-65cbd1d609ea,2026-02-28,1,1
98aa1967-bdd9-4a10-b175-37f4d8240e20,2026-02-28,1,1
c77e2aa2-4013-4ef7-a87e-ed4f576eeaa4,2026-02-28,30,30
eb1b1444-4239-4b39-84b8-38354ef071ad,2026-02-28,1,14
1bfa85c6-e988-47ad-a530-c60801284b7c,2026-02-28,1,1
25086bb5-c2b0-4f04-b9ba-53710436c642,2026-02-28,14,14
27382add-3520-472d-bc5e-f06009cdc275,2026-02-28,1,1
2a0fe129-4dc6-4488-af97-02ff017a1080,2026-02-28,10,10
59af20c9-90f5-47d4-8d2a-351576ff407a,2026-02-28,7,7
67ac0ae5-ece2-480a-82e4-98b7c0fb2511,2026-02-28,14,14
72965d0b-defc-4a6a-b9d3-8156c57dbeed,2026-02-28,10,14
b68e616d-5525-46ab-b355-f125df1f7d93,2026-02-28,1,1
eab4a15d-f199-45b4-ba44-a9538a534a64,2026-02-28,1,1
5080c9ad-7cc5-4ae3-a85f-db40b6593433,2026-02-28,1,1
5aed400f-2c29-4a16-98c1-959084d4186d,2026-02-28,1,1
5e57271e-3b22-41e6-8f5a-76bfa159482d,2026-02-28,14,14
6e2c2337-4449-4c43-8174-36408c233cc1,2026-02-28,10,14
7e04583c-d603-4089-ac7c-eaa067dd8da8,2026-02-28,1,1
8ebfe5ed-ac95-4bd9-a99c-9af85dabab34,2026-02-28,14,14
9755193a-ffc0-4285-88e2-d62cdf9bc052,2026-02-28,1,7
e33e11cc-5605-4d8d-92ab-f0b15ddc5bc6,2026-02-28,1,10
fd220e46-375c-4529-ba90-dbcab650c3c1,2026-02-28,1,1
0353023a-2b5b-454c-bc04-fa3a3b237795,2026-02-28,14,14
67c3e16d-52fc-45bf-8402-18a189149b47,2026-02-28,1,10
6d3b5bdc-482d-4676-a7f0-b6062414990e,2026-02-28,14,14
7258a0e8-d7e2-4210-af7a-e8c70f3d2b13,2026-02-28,1,1
acb5b7c3-5268-4784-962e-3ef66f692ae5,2026-02-28,14,14
c6633459-16ad-4c6a-9cbd-9159ff3ae451,2026-02-28,7,7
c7098431-2005-4784-8f4e-9036aa02f61d,2026-02-28,1,1
f52b22de-b1bc-4af6-8f56-536de82ef575,2026-02-28,10,10
f9eb5508-4b70-4935-baf3-a94f20a82967,2026-02-28,10,10
0a655f30-9101-467c-8b3c-417731099e10,2026-02-28,1,14
5f4efc74-b536-4afa-8a63-5c6d8393f8f3,2026-02-28,1,1
7c84d5c9-8a84-47bf-80d4-b371df93b13f,2026-02-28,45,45
b1ff41e3-ade9-49ca-b733-fe5b310c0530,2026-02-28,1,1
e5610d04-1911-45b3-9b86-9e33cacfb9fc,2026-02-28,1,1
ece429be-392c-4daa-aa4d-ded59078547c,2026-02-28,1,1
fdf69916-efe3-49df-b97f-e194e33d1ef7,2026-02-28,14,14
1fd715b4-f7b3-4e50-91fe-4289b9817faf,2026-02-28,1,14
208b8300-d17b-4d2f-9055-80f0200beb7d,2026-02-28,7,7
52cd19b9-3c80-4f03-adc4-29b478717e1c,2026-02-28,1,1
5cbe17e5-22a5-459b-ad3d-7c171d45583a,2026-02-28,1,1
6032f8cc-edde-4880-9fe6-7bc753eb6ab9,2026-02-28,1,1
c6517eac-db1c-4583-95c7-b59ca954fd6f,2026-02-28,30,30
cbf1e502-6915-4de5-93ac-0e4ba1f22382,2026-02-28,30,30
0239df9f-9607-4922-875f-da01a1c5f9db,2026-02-28,1,1
5cdf0d74-6a11-4bf8-9406-ff7736304b72,2026-02-28,1,1
7a837190-2b1c-472e-b5f4-e27e925e2e61,2026-02-28,7,7
7c26693d-b11a-4d8a-91c2-798a724b72df,2026-02-28,1,7
981271f1-e0bd-444a-8715-bd16680c9662,2026-02-28,14,14
06541009-ae3a-4092-b873-770da49597e5,2026-02-28,1,1
068d822c-bfe2-49c9-9323-8df3821e0985,2026-02-28,1,7
0e2e3439-8438-4d56-aa00-148bc7520a17,2026-02-28,1,1
0e64b0cb-dfd7-4eab-a92a-089db90cb5c1,2026-02-28,1,1
15b0a517-ce81-4531-9124-9dde0023aca7,2026-02-28,1,1
49e06be5-d6c7-41d9-b09d-dfcab53b029e,2026-02-28,1,1
99ec185f-26f4-436c-96cf-86afde1d5daa,2026-02-28,1,1
a4e346d8-436d-4ad7-b689-37b7eb3d323f,2026-02-28,14,14
cf9d8073-f67a-4279-b672-becb4f59f2bf,2026-02-28,45,45
d3fbf3eb-45a5-4af7-86a9-cab25d7d8f5f,2026-02-28,1,1
d7ba16c9-9d4a-4ba3-946f-cbe9318af391,2026-02-28,1,1
faec9c7d-c55f-48aa-b5ff-72e66944c671,2026-02-28,7,7
fd4b6f92-606f-4a07-824f-43d63dbeb1df,2026-02-28,45,60
a04c9100-da23-4c61-88c0-4379a465268f,2026-02-28,1,1
a6ea1219-23eb-40ed-be0a-ceb347d3817a,2026-02-28,10,10
dd4f63f4-72ee-47c0-b7af-90be686bb1f1,2026-02-28,10,10
ddb5fbce-cd9d-4929-bfd3-629cc3b7706c,2026-02-28,1,1
035c1176-1791-45ca-a45d-ff07d5edbb99,2026-02-28,7,7
0438752b-6627-4209-8ad4-8ea455d29c04,2026-02-28,30,30
0d9cb00c-2619-44c1-90d3-051a773bf34c,2026-02-28,14,30
1740e73e-873e-4822-b15e-434232209859,2026-02-28,14,14
3f550267-95ee-4252-86d7-b5e239dbbc74,2026-02-28,1,1
7e695617-1809-462f-8be3-c7f9ddd1dd74,2026-02-28,14,14
8788e86f-f4d8-4611-88e3-c45cca9c5539,2026-02-28,1,1
91bda4a3-bf72-4925-a9c3-829471fd98c3,2026-02-28,10,30
e4437100-bc6a-4109-85db-cb148a32911c,2026-02-28,1,1
ec7f018c-de18-4e39-ac94-ca10bd308e8a,2026-02-28,30,30
354f78eb-a867-448f-9936-d57e350c6fe9,2026-02-28,7,14
3c98a274-8988-4561-8b26-1d7170a64c33,2026-02-28,45,45
13804060-a1d8-4ae5-b9bf-8820a61bc32a,2026-02-28,1,10
32edd021-9a01-4a55-8e6f-566bd5cd0f0f,2026-02-28,30,30
3aab7e64-c20b-4527-80ad-621a68a8a603,2026-02-28,1,1
6ca2ab30-fa93-472d-bec6-547b49aef44b,2026-02-28,1,1
7baa5327-f2c5-42a0-bf7f-31d405759268,2026-02-28,80,80
80098f57-a5e6-4a3a-82f2-a1e0a98873d7,2026-02-28,10,10
596bdf8f-a6db-4fa1-80b6-bb37401bbfea,2026-02-28,1,1
a1071e8f-1c28-45e6-a0d9-38063e56b9b2,2026-02-28,1,1
db02d3a0-615b-4e0d-93f0-3af81f69a4f2,2026-02-28,1,1
008b0f9e-92ac-415b-94af-126c9e662000,2026-02-28,7,7
4494c6c3-a8cc-433b-9ae0-203f77674f7b,2026-02-28,14,14
6a5a483d-77c4-4811-9cce-940b69f69d24,2026-02-28,1,1
c090db25-f2bc-4ead-aabe-1ee5ff5d105c,2026-02-28,1,30
fb9279fd-b0d2-4bed-b677-09ae9e1f04ae,2026-02-28,1,1
31d6dcfb-b380-40f9-817c-2a6c76a83189,2026-02-28,7,14
32f0b436-112b-4fb9-abf7-39570630ebf6,2026-02-28,10,10
453f2bad-8421-46ab-9d86-7eeb2ee3f9a8,2026-02-28,7,14
62850678-617f-4b87-8320-ed18a91ae179,2026-02-28,7,7
7e1dc301-f793-45c5-9b47-46a5b7062813,2026-02-28,7,7
86ca0817-672a-4cd1-88de-68f82aa26264,2026-02-28,7,7
b2786c84-95d0-4e87-bede-374621b998c0,2026-02-28,14,30
c83043da-160c-4b0a-833b-3058c8b4ca79,2026-02-28,7,14
d537e04d-3ede-43b0-bd84-302cec0285ea,2026-02-28,1,1
33663687-d288-4cc4-a21b-924d0776078b,2026-02-28,30,30
945d165e-b939-4757-bd44-ef00cd860188,2026-02-28,1,14
9ac67492-c6b5-4f05-89b0-b952fb745ed7,2026-02-28,1,1
a5373ba9-adc1-41ca-bf50-4a38ff399eed,2026-02-28,1,1
fea7ba18-7ce9-413c-9692-bf580142ffca,2026-02-28,10,10
1cc85826-07c6-4f9f-9535-a9a712061848,2026-02-28,7,10
7aee8c0b-0652-4ad5-9b3f-ca9176c04556,2026-02-28,1,1
90a32766-aabc-4ee4-8328-6095583c0429,2026-02-28,14,14
ce10aa12-6fee-445e-92f8-bb082895f4ef,2026-02-28,1,1
10977334-64f9-498a-857d-bfe8e12755b4,2026-02-28,30,30
1a04c035-577b-4aa8-94dc-6b6b2f62d96d,2026-02-28,14,60
2e00a67c-b584-49fd-bb3d-be32a40126ca,2026-02-28,45,45
4b9b6acb-dfb4-497c-bf2a-abbf2786377a,2026-02-28,90,90
e076f636-b13d-4209-963c-61ecb483cbc7,2026-02-28,1,1
0a67bf8d-ad1c-4c69-9f2f-2325dc506be4,2026-02-28,1,14
1350ed8c-22fa-46fb-81a9-b29dbf7c1b1f,2026-02-28,45,45
1b5f782a-f770-4809-aef7-962159066336,2026-02-28,30,45
1e3dee35-0f8d-4e0e-a788-923d59e737cc,2026-02-28,14,14
41ee6d4b-0787-4c1c-a281-1f2b9b6e3dd8,2026-02-28,14,14
9dea9550-c7e1-40f3-af32-56f09cfbe032,2026-02-28,45,45
c7e968c1-104d-4346-adcf-675fb3837fd8,2026-02-28,45,45
18768cea-f818-46ab-b23c-77e03c454220,2026-02-28,1,1
3c1564cf-f928-4c58-b2e6-5ee327962b32,2026-02-28,1,1
73904c0e-d940-487b-a196-766143f61700,2026-02-28,7,7
a7a452ed-cbe4-47a9-8551-fd02eeeb7e7a,2026-02-28,14,90
c51757e5-3aa4-4623-bcb4-0648c146927e,2026-02-28,1,1
d45c9c61-fb73-4acf-afd1-0fa3a8836972,2026-02-28,45,45
d7b23b03-c132-4d0f-bf16-0cf50fed9b4d,2026-02-28,7,7
eef87812-037b-4e82-8180-feb8dd939404,2026-02-28,14,14
53d26c95-7959-410c-b8f1-b17524bd0caf,2026-02-28,45,45
9a72556f-787e-42fb-8ebf-974b79c3371b,2026-02-28,80,80
9ded68e3-6dbc-466f-b3de-8a7069901f2a,2026-02-28,1,1
b76b8ffe-ed03-47f5-bb3d-c763fe982e02,2026-02-28,1,10
3f908e39-af69-4f75-9970-80c4f5a83aa2,2026-02-28,45,45
5835cc59-7fc6-4c84-95bc-de1656bf103f,2026-02-28,14,14
59e15c8d-add2-4b94-bcda-a46eb507be2c,2026-02-28,10,10
71a2f67a-af6f-4b8d-9763-179dc5ab12e9,2026-02-28,1,7
cbc2c31e-157a-422d-ba4b-44c77d71d502,2026-02-28,10,10
e2e2f7d3-939f-4d4d-a233-272446cd9acd,2026-02-28,14,14
2665b680-8b63-48c3-a858-3fc5d8e19a6e,2026-02-28,1,1
53e820b9-5853-44bf-af5c-4cf7d4dd3471,2026-02-28,1,1
a7ac0727-5e0c-4698-87f6-6d2270844ce6,2026-02-28,10,10
aac5012c-b13c-436c-937b-e553ada7662d,2026-02-28,1,1
bfa6e0ed-323d-4a9c-bc93-ea3c03991931,2026-02-28,7,7
03c4f3bb-0d0f-495e-ae59-2dba173cf52d,2026-02-28,1,14
171ce8a8-e698-4d6f-b88f-0c35edbb9a68,2026-02-28,14,14
278a775b-9c4e-4650-93c1-720393d13339,2026-02-28,1,1
2eff3eac-ac46-4429-9e26-a27fba84a756,2026-02-28,14,14
c3965e1c-0676-4f61-8876-60bf1ee23224,2026-02-28,10,10
c58aa7af-efa9-4733-bc17-a5a56542ca8f,2026-02-28,14,14
d083cf85-6b0b-4beb-a34a-916db908751d,2026-02-28,14,14
d2a52cd7-e8bb-4510-93cd-6d0910836c62,2026-02-28,14,14
e00cd772-76f1-4995-b7ae-c63fa68dd102,2026-02-28,1,1
4b7a97d7-3d98-4dcd-8fb9-b15be07edeb3,2026-02-28,1,1
6533dfd4-28a2-485b-b80b-609c63f06432,2026-02-28,1,10
7dd4afa7-4a3f-4b84-9cb1-3ca3b54e5ee8,2026-02-28,45,45
991d1c17-9492-401c-a650-685640f2e92c,2026-02-28,45,45
b7dd6526-1989-4ec7-bc10-e1db7fad8e22,2026-02-28,1,7
b951cb74-69c7-420b-aa7c-d2ad2a4bde1a,2026-02-28,10,10
c605cb54-8912-4497-a8ca-2eb281220f9c,2026-02-28,14,14
ee8964e8-3b61-47d0-acb7-a5787bba37f9,2026-02-28,1,1
33aa7cd2-9496-4147-8862-49c24ce7c524,2026-02-28,1,1
447c9f99-3842-4d3a-bf57-d12bb280e9c7,2026-02-28,1,1
4805b23b-669a-447c-9145-741cd7772a6b,2026-02-28,1,1
78aae441-3752-43e7-8eb4-5b2d4224da2c,2026-02-28,45,45
a207ea1b-5303-4da3-996c-3dad1e4fb310,2026-02-28,7,10
f2ddb294-a7ae-4b31-96f0-812b88958266,2026-02-28,90,90
091923f1-fc24-4987-a0bb-640525f627f7,2026-02-28,1,1
110858ef-970c-44ab-8daa-974ac2b4ee11,2026-02-28,10,10
62b390c7-d3cc-4324-9729-b92331a0acc8,2026-02-28,14,14
917debd4-685a-4753-8cc1-1569db17310d,2026-02-28,7,10
95eed5cb-d26a-40dc-9c56-b574e7fc362e,2026-02-28,7,7
a3c182db-9492-4a31-9ad3-8af44b13227f,2026-02-28,7,7
af9a891d-49c1-47d6-ba40-bd8b5da22c46,2026-02-28,1,7
d989e3da-9814-4444-9732-65d6b8acf8cc,2026-02-28,14,14
e01dc103-e8c8-41c1-ba94-1c28c7177aca,2026-02-28,30,30
3d538b03-839c-432e-ac56-e149cdc61ec6,2026-02-28,7,14
72007075-7362-4754-8646-003064fb1b31,2026-02-28,1,1
7f9f24eb-1e64-457b-92d3-2948efaa83a5,2026-02-28,7,14
8a0269b0-871d-4ba8-8673-9bc9eeea242a,2026-02-28,1,1
8aff128a-8304-43c2-9763-29234ebdb312,2026-02-28,1,1
99213c70-8e7c-4f7c-929f-54d5a297d8bc,2026-02-28,1,1
acbce02d-d262-4519-b6eb-99a418a706af,2026-02-28,14,14
cb7ef84b-a057-495f-b864-30d60fee19f2,2026-02-28,90,90
2e1a1897-b106-43d5-b7da-5261fe87a947,2026-02-28,1,1
3ef622f1-991e-4d62-8588-99fb4e3d34f2,2026-02-28,30,30
4e0f5038-784c-4897-adc0-3f4422fa158b,2026-02-28,1,1
5dd92353-d5b5-4b35-88df-12efe8036df9,2026-02-28,1,14
ab794f59-e296-4a94-a76b-a77d013a7c8c,2026-02-28,45,45
ce805d6e-bfe6-4cf9-979d-f76dd50217f9,2026-02-28,1,1
0fe7d1e0-40a6-4f45-b06b-6b123519e788,2026-02-28,1,1
b2ad282c-7553-435e-9b08-0f741df77ceb,2026-02-28,1,1
e9e3dac4-e7ad-423a-a1ef-9b07bc500d54,2026-02-28,1,7
eb93193e-cde1-4606-b1c2-9385c580798f,2026-02-28,1,1
f003f251-622e-43c2-ad6f-41cadbb6ad44,2026-02-28,1,7
f6051df7-1fe0-48fd-bf85-68a114a8c6b9,2026-02-28,14,30
0466feca-eb91-40e9-818b-02bb00ad3eb2,2026-02-28,45,45
080a8fd8-cbe7-4739-a85c-3134cbded92e,2026-02-28,10,10
476197fe-5af7-448b-896f-91123b7a735e,2026-02-28,14,14
49aad10e-46d8-4a48-b318-c550ecef5639,2026-02-28,1,1
4f9eeba6-9c7b-40e9-bacd-039e825614c0,2026-02-28,14,14
8e58069d-7a3f-4157-a070-0ed069be0faa,2026-02-28,1,1
a12dc6b4-9ca5-46be-b9b3-7f3c28020efd,2026-02-28,1,1
b75a6e7f-e3e1-48f5-a333-39c66df9e651,2026-02-28,1,1
d7862874-cc66-412a-9d00-98512d1a27de,2026-02-28,10,14
c2fbd8b9-bac4-4732-934c-a1b90fcc18a5,2026-02-28,10,14
d95f3e6a-645b-4831-aa09-5833dfaa6683,2026-02-28,1,1
ea913ddd-0bd7-4d14-a743-412cb834de53,2026-02-28,7,7
f2d34e38-9014-4cb7-8095-a29111a16239,2026-02-28,7,7
01496610-bfb3-4202-a4d6-50366b49454a,2026-02-28,10,14
383f59db-21bb-4f6c-98ab-dc59bc22d88e,2026-02-28,45,45
391bee1a-1b63-4016-a223-5449fe66b4cd,2026-02-28,1,1
e374bee2-f3ca-4477-be29-c450e1701ca5,2026-02-28,7,45
fd4b5023-ea38-4941-be91-6c8d41381c9c,2026-02-28,7,10
f950e738-1ed1-4de8-bea5-7561bf3e15bb,2026-02-28,1,10
039b9020-f11f-499a-8f53-584ab5967d14,2026-02-28,14,30
133efa4e-dfda-4764-b308-beefe432a0a1,2026-02-28,1,1
4c8536cd-f92c-4b76-82da-4928de06b41b,2026-02-28,14,14
6a6001d6-32d1-4bb7-8cca-1371a4a8ee23,2026-02-28,1,1
6d6462c4-3c27-44bb-a2d3-80c21e542c05,2026-02-28,10,10
8f85cae2-ada3-4193-9668-dbc6faddf82e,2026-02-28,1,14
99919021-c974-4875-8cbe-5ed856fa064f,2026-02-28,7,7
c256c865-3019-46dd-82d7-04bbe6155a18,2026-02-28,1,1
c26112da-304a-4f33-bb54-f80d59f96164,2026-02-28,1,14
011d84aa-09aa-42cc-b434-dfa759adc8b7,2026-02-28,1,1
0e777b92-8cd1-4e81-ae0c-da709bcfef2e,2026-02-28,1,1
1be48389-74e7-453c-bb47-268150df6ea6,2026-02-28,10,10
6fbc9c5c-13f7-4aad-8118-fc519d64fefa,2026-02-28,1,1
9827a793-9823-4228-b313-2910c8bda025,2026-02-28,1,1
03d55c22-ad01-4a52-ab30-438e11b67de6,2026-02-28,1,1
a136e483-c7f1-4979-846c-7998886f4199,2026-02-28,1,1
e24f5cba-5dbc-477e-926b-007b7e7b3bb3,2026-02-28,45,45
e38a609f-1f5e-4746-b78f-f83208999ec0,2026-02-28,10,10
f809db28-596c-49aa-87a6-0883f5498a6e,2026-02-28,1,1
27495503-ee0d-4899-b9fa-b44a2b35d698,2026-02-28,10,10
3bff4f38-eaeb-4503-a2ca-f7769086f431,2026-02-28,14,14
47337be0-39c0-4188-8c32-5c71492f8ec3,2026-02-28,1,1
d24c4fcd-9165-4512-8ba9-0f91e5836222,2026-02-28,45,45
fcc538f6-bbb5-41a0-9e47-7c7ab04974b3,2026-02-28,1,1
277550b0-4aaf-4b6e-8522-afde20445290,2026-02-28,1,1
3a4aeb80-47c5-43c6-89ec-178093d74ae1,2026-02-28,45,45
6fd46f89-e7f6-4495-bcf0-78731eaef6fb,2026-02-28,1,1
7b4a46b2-fc13-4102-b577-8d59b62faa89,2026-02-28,1,1
9e55365a-fed9-4ace-a26f-c0581ceff86e,2026-02-28,10,10
dd7c61d8-958e-458a-aac1-47e7f36bb20f,2026-02-28,1,1
06cd16e4-1edc-4b68-864e-370fc194ba48,2026-02-28,7,7
2033c930-0eb5-49ea-be06-30e1b00e522d,2026-02-28,1,1
4af38199-1b31-409b-bca5-cb0c29c6a870,2026-02-28,1,1
69fb4974-cc3e-4857-80f8-046fd27dffd2,2026-02-28,1,1
c3abef45-a706-445e-858b-fceeae7c2d40,2026-02-28,1,1
ddb308f4-2908-4a5b-a86d-760ba47aea48,2026-02-28,1,1
53a897ab-b74b-47b0-af42-a60ab5c8f116,2026-02-28,1,1
5fc8962a-42c8-493e-b728-4c67c5f253a3,2026-02-28,45,45
723c64c9-bc85-454d-8ec5-d66a9ded6b76,2026-02-28,1,1
c5f1767d-d064-4ce9-a669-7e07daa3a7bd,2026-02-28,1,1
db57d524-b463-4f09-9b6e-9e223e834e02,2026-02-28,1,1
0a79f902-252b-480f-be93-30be5e99d8fc,2026-02-28,1,1
2bfa2088-5e60-4a36-bada-282d819dc83c,2026-02-28,1,1
660f4ab1-bb02-4ec1-9f1b-cf6c691ced4b,2026-02-28,1,1
7b5f8dd5-1dc2-48fd-bda9-0060000af665,2026-02-28,14,14
bcab1f75-3891-4c7a-a6c4-7edc410a6223,2026-02-28,1,1
dcdd5b6b-820d-4fa8-9122-8d787040d0d4,2026-02-28,7,10
002a02cc-640c-4181-a0d0-bd30117405e3,2026-02-28,10,14
661b50e7-3da3-41be-8d9e-c6d9001fb745,2026-02-28,7,7
6a861790-5a87-4d97-97b8-2f5bbb787982,2026-02-28,30,30
965524f9-815f-4483-b693-8da0b38348fe,2026-02-28,10,14
d818be88-6fa1-4450-b0d3-18629855d38d,2026-02-28,1,1
e9a18d87-7c88-4e3b-837b-f662ea9fad9e,2026-02-28,14,14
1ade9135-70b9-4332-a22d-a842245446db,2026-02-28,45,45
55f9d771-995c-4453-8787-79d9a05ee5f7,2026-02-28,14,14
647784dc-5d93-4061-ba96-7ecdd305d482,2026-02-28,1,1
a9990703-b11a-4eb2-b2f6-0fb80af6d27a,2026-02-28,1,1
c5d3ccc3-fda5-40f6-9226-2178790e2532,2026-02-28,1,14
031763fc-5c15-49d6-8bef-35712c4fe3c0,2026-02-28,30,30
17d9d2f1-f60f-406b-b29f-3bf2fa436a47,2026-02-28,14,14
2e81c15e-ccb3-4b2a-add3-9b9ed086f37d,2026-02-28,14,30
323525d6-3b1d-41c9-bb92-f0e2f6f009d2,2026-02-28,1,1
3e3f6593-3bc2-42ad-b89b-9a0f1f1b2a3a,2026-02-28,1,1
74930f84-01c5-46f9-8b12-0a0f67d7b98d,2026-02-28,1,1
baa2341b-e73d-49ec-b5f5-a493c5980114,2026-02-28,7,14
bb2522ba-eeda-463d-ace0-b5e4c664759b,2026-02-28,60,60
0b213da8-a300-488d-8132-12dd72dbbe73,2026-02-28,1,1
5e1651fb-61e9-44c5-aa8e-e1e68ad1212f,2026-02-28,14,14
d1de7c2a-452c-44e9-a4c2-90278d8cc529,2026-02-28,14,14
d6cdae63-dfb2-4f45-86e7-ab070c9eaa9c,2026-02-28,1,1
f1d888e6-9412-4169-ae0e-273a05cbf472,2026-02-28,1,1
f6b3ae33-9ca6-444e-b8c7-998271ab39d2,2026-02-28,1,14
557404c2-6e25-4e0e-abee-ac8a41b7cb96,2026-02-28,7,7
5cc961dc-8abc-448b-83e1-4b30725f26e2,2026-02-28,10,10
6215aad3-897f-4c6c-9641-acd7849f6910,2026-02-28,1,30
c11bf5ef-a10e-48de-a036-c4f93b95db61,2026-02-28,1,1
d97b6645-f771-4fa8-a712-4775d8ac017e,2026-02-28,7,7
31e12d98-32be-46ef-b234-3e26b307253b,2026-02-28,30,30
8c2a4a3a-1c4d-40da-ac71-93272dc8b006,2026-02-28,14,14
b441c166-f109-4f7a-b53f-9843395da555,2026-02-28,45,75
4794159f-3019-4ed9-bca1-3bbd11bec02a,2026-02-28,14,45
4a2b8baf-c4dc-4cc5-99f1-0418cd79f24a,2026-02-28,14,14
953014ba-4333-415a-8aa3-a24df9a27007,2026-02-28,30,30
c01b229f-876f-4ff4-8caf-9d40f45a9920,2026-02-28,10,10
d2a7de0f-3217-4c03-ab1b-35caa5cb967b,2026-02-28,45,45
e82b9945-710b-48f8-a109-ab7d2daae76d,2026-02-28,1,7
eee2ecea-7563-4026-a41b-39af32fc0964,2026-02-28,10,10
f2fafa68-bbed-4a69-90df-6a8e9a6ae7d7,2026-02-28,90,90
f9a21e78-cf32-40e0-8ecf-08237d893d06,2026-02-28,7,7
fc57039b-889b-437a-950a-209308b636ed,2026-02-28,7,7
1817ae2e-2e2f-44c7-b914-3aa0dd228549,2026-02-28,1,10
43f41c3a-1785-4a75-8154-c6e04446cd8c,2026-02-28,7,7
49075973-8362-409b-a112-80ab00812b36,2026-02-28,1,1
6c7fb539-cdaf-4f51-b06b-cb4276b5d0c0,2026-02-28,1,14
89315ea3-aa1c-454d-9841-ba41616bf2a6,2026-02-28,1,1
b22103a7-fb7d-49fc-b158-71e82d8bbc88,2026-02-28,1,1
db680f5f-2113-4c8b-b106-62cc5bc516bf,2026-02-28,10,10
741b3840-d61d-433f-86ee-16c9c7006441,2026-02-28,30,30
d8462497-39e2-48f5-9627-a4be49491e60,2026-02-28,1,1
1047d747-8ff0-424f-b055-84b4a941d533,2026-02-28,1,1
3fc4c8e0-e0f1-46a0-9704-8f1df9fb0d91,2026-02-28,10,45
5819ba65-ae20-441b-b6e9-c63d703b77a2,2026-02-28,14,14
8030b4f9-69bb-4ae8-a8ca-c4462f48552b,2026-02-28,1,1
8258f235-1228-4620-afdd-a69ce7493ab8,2026-02-28,1,1
361328be-dc60-4468-aed0-013bde96e93d,2026-02-28,7,7
6545369d-756c-4b15-aedf-0410545c873f,2026-02-28,14,14
d441be5a-b59c-488b-8ab8-78c20147c0a9,2026-02-28,1,1
df0bc11d-59ee-43c7-85c3-a561cf0c0bff,2026-02-28,14,14
eddff4f9-3bad-44f8-a592-42f18485b35c,2026-02-28,1,1
fb7642f7-c33e-4bc2-b955-708469becd3c,2026-02-28,10,10
03d063e6-ea8b-4546-9d52-10c751952ab8,2026-02-28,1,1
285dd542-0169-4645-af7f-6a2a40e10859,2026-02-28,1,1
32b9a048-2e7e-4a45-ba68-c415a10daa5f,2026-02-28,1,1
348e988e-f4f5-4c36-adfb-5186ae2fb90d,2026-02-28,1,14
4e7fe5cf-ab6c-47f7-9c50-40e7f25897ff,2026-02-28,14,14
6bb5db54-a161-4cc5-b303-75d6dff72c8d,2026-02-28,10,10
6cf969cc-37db-4902-a917-f76ea3e4b166,2026-02-28,1,1
b38ee03e-9828-4a55-a598-3bfe0d33d9a5,2026-02-28,1,14
bc9d8937-2602-41e9-a628-8ff2a6ac009d,2026-02-28,1,1
eef88000-7857-4c1f-bf27-9d6dc304badb,2026-02-28,1,7
0effc999-3e35-4b65-8f09-91ea336b1547,2026-02-28,7,7
1c6379cd-b38b-485a-a5fa-50e370af9f28,2026-02-28,7,30
20d7a24a-3025-404f-98ce-bcb34cc0f7ff,2026-02-28,7,7
51746f2b-95de-48ba-83d8-70c27d85da1f,2026-02-28,1,1
5d6c5d7f-e2e5-418c-ad66-f6062156b21d,2026-02-28,30,45
7845b2fc-3df4-4546-a662-64651c03ec02,2026-02-28,1,1
db46bc93-dfa0-4125-a86e-35594322110a,2026-02-28,45,45
492623cc-c77b-4d2e-9e5e-53852fd23e88,2026-02-28,7,14
9d49ef5c-7bf1-4113-ae4f-2591e4068480,2026-02-28,1,10
2c10bff2-7e25-474c-9c37-9858b660b031,2026-02-28,1,1
7f2e9002-ee9a-42cd-8816-ad829417bf69,2026-02-28,75,90
a5067c5f-2187-47fa-bf3a-defb248d36ea,2026-02-28,1,1
a81a55b3-e04e-4458-8b9a-4aa8ea4beef9,2026-02-28,14,14
0ebb2014-6a3e-4d4f-a12a-5564e92e8e1d,2026-02-28,1,14
12553870-3735-438a-ab45-dba9f6f625eb,2026-02-28,1,1
13909a5d-4669-4e2d-a58b-09c7461f3a83,2026-02-28,14,14
16d66c5e-e045-476c-b070-25e68c95b7ef,2026-02-28,14,14
2d8468d9-b957-410a-9ede-8e20a696e84b,2026-02-28,1,1
5e215118-2140-4160-b3bd-a3032553dd2e,2026-02-28,45,45
978b2eba-d840-43ac-afac-704c0583eb5a,2026-02-28,1,1
a2734cc4-bba5-463d-ab6d-4325a8a18d37,2026-02-28,1,14
b03948f8-2483-4281-bc5b-4bef281cc543,2026-02-28,7,7
094f81a3-0873-4fcb-bcb2-bc9420f9739f,2026-02-28,1,1
369e0896-6de1-4f9a-8ede-96380cb5580d,2026-02-28,1,1
379b941c-10b0-4464-8771-5a8d94cf38ad,2026-02-28,1,1
79c40686-d916-4c39-946e-774684c512a6,2026-02-28,1,1
c05bf0c1-7190-43f3-9dcb-0d74ace67f67,2026-02-28,1,1
ccc83f31-9ebd-423e-acbf-25a5ec30bf4d,2026-02-28,1,10
0422699b-bd1b-4e43-a109-ff414395c809,2026-02-28,30,30
1d260b7d-f0d9-4e90-8b6f-1a926b811454,2026-02-28,14,14
2c829384-2bf9-4f96-aa25-8df233a51bbe,2026-02-28,1,1
5fa30b1e-e8c7-4771-a4d4-596a000d9277,2026-02-28,10,10
65cc52c1-ddc3-497a-92ab-08a6996d0954,2026-02-28,30,30
6a759411-1cca-46a4-8c69-3cdd38a1ef32,2026-02-28,14,14
7bb45b5d-b7dc-45ec-ad0f-a1360d4aecaa,2026-02-28,1,1
80794931-833b-40bf-91e5-6132cf14b0e8,2026-02-28,14,14
98a0c692-b1b6-49c0-ae6c-2f079e60df0e,2026-02-28,1,1
b39959d7-f60e-4220-881d-7f368f61d9a6,2026-02-28,7,7
c83440df-0e80-45aa-8854-566bc5acf3fa,2026-02-28,1,1
d5b3130f-1497-4e5e-8a02-d17f3ddd90d5,2026-02-28,1,1
3ce91940-f09c-475d-8148-ed0e62bf5dde,2026-02-28,7,10
48ede699-a871-4c16-a4b3-38e59442bfd7,2026-02-28,10,10
76a83c35-749c-4ffb-b552-1ac017560b23,2026-02-28,1,1
7fc2176f-8e4e-48d8-a781-4c00265a8acc,2026-02-28,10,10
9826feb5-26ca-4cdf-b394-8b1191c1c255,2026-02-28,1,1
b988ec6b-d9e3-4f17-bef5-3708481b43a8,2026-02-28,7,7
bc04e6b7-d63d-40d0-a271-81bdb20d386d,2026-02-28,7,7
c43fe751-ab11-4aff-bff2-a1d3e119d69a,2026-02-28,14,14
cb80fa80-ff89-4db6-a0f1-e3404f9ffd22,2026-02-28,1,1
e447262d-f493-4844-92b3-43fa81864605,2026-02-28,1,1
41516853-e1c2-4099-866d-7476cca03c51,2026-02-28,1,1
59bc044d-da56-4df4-a15d-01a8d1f18ad1,2026-02-28,1,1
799cf077-91a5-4c29-a583-09001deb7277,2026-02-28,14,14
aa2d134d-7b66-4b7e-b5be-554c4a773b2f,2026-02-28,30,30
b7365447-52e9-46fa-a0a5-efc955d23246,2026-02-28,14,60
82d4c8b5-a50f-4f33-b77e-7f07bb1cac97,2026-02-28,1,1
face4629-c803-40a3-92d9-974b1621909d,2026-02-28,30,30
410f0a38-df58-4b00-bc64-bb83cf1fff0b,2026-02-28,14,14
5640afa6-8905-4750-a980-92e096e0ba12,2026-02-28,1,1
f277297e-4173-4be2-bd28-ab82b17804ec,2026-02-28,1,1
01a9dc9e-6446-4967-ae10-94802baaf73c,2026-02-28,1,1
19f61748-10d9-4544-9e59-6db2fe692116,2026-02-28,10,10
33413fa4-20ba-4b06-9274-f10c0a4e099a,2026-02-28,1,7
5bbcf9ea-75e5-43a2-ab10-dd3a5b4a8d23,2026-02-28,7,14
5fc616de-522f-4efd-9efa-05b16e70633e,2026-02-28,1,1
65b9729e-6061-4995-9ac3-907a127633cb,2026-02-28,14,14
a6150dab-57e9-47be-9787-bf8b0390f463,2026-02-28,7,7
c4863de5-3f42-4720-b3a8-47e4f51b49b4,2026-02-28,90,90
ce5aaa40-0f8c-4b90-a791-20322abfdafe,2026-02-28,1,7
dc3f5fc3-e120-4508-9555-f8face7a72f2,2026-02-28,1,1
43558cae-1457-4cd4-9ed5-b280519c2349,2026-02-28,80,80
552d1d20-9e4c-481b-b58a-b1ea94dba99f,2026-02-28,1,1
56022b36-4346-413e-a040-d535779a5c4f,2026-02-28,7,7
73596272-c644-4f11-b5f4-5d000815bd1f,2026-02-28,1,1
cf55daa6-27bb-47ce-94ff-58327aa7cbfe,2026-02-28,10,10
e955625f-4016-498e-9634-01ebe743ff92,2026-02-28,1,1
9e2454fe-9b95-40cd-abe1-592b019446e3,2026-02-28,1,1
a6858570-a588-4551-9905-6a8e91552807,2026-02-28,1,1
e314a08c-607b-4d90-8445-68cabcf0014a,2026-02-28,1,1
2babc93a-0905-42f8-b50d-bb2ff996f23a,2026-02-28,1,1
5c84da89-21cb-43ba-ba04-25adb563f394,2026-02-28,1,1
6819e2e0-d011-4b5d-b083-021768d49c6f,2026-02-28,75,75
69709d92-5027-4cc3-aa17-4f685bbe0b5d,2026-02-28,1,1
7c7feb5b-7bb8-4016-9d19-9dc7ba62b03d,2026-02-28,10,10
d48eeff3-d2cd-4a06-9a02-f8424ceee18f,2026-02-28,30,30
f7da13ab-0bf3-46f7-9867-c2736fe2b667,2026-02-28,7,7
39909a39-2d4f-47fb-aaa0-80f86e1d9fea,2026-02-28,1,1
ac972817-da86-4bd4-9d3d-f217ac63ae82,2026-02-28,7,7
ad64e2cc-05f5-4c56-9ec3-4bfd2151320b,2026-02-28,14,14
b919be26-d95e-42ed-8b56-e7584a962e16,2026-02-28,1,1
fc56431a-4fba-413a-a416-2ab4b4f307c0,2026-02-28,45,45
23a02e7e-3aa0-4b85-8103-5b987d6ea76d,2026-02-28,1,14
2b4221a1-eb68-417c-9b62-f6d89a80b841,2026-02-28,1,1
a13787c6-ac02-4625-ab43-ec2e5c54f2e5,2026-02-28,45,45
d0dfe0ec-58d3-4d8c-89da-7166c4448dbe,2026-02-28,14,14
fe2e7ff4-983d-4dad-aab4-a7e0f973e421,2026-02-28,14,14
07bebc5d-915d-446a-b167-01d68ed9753b,2026-02-28,1,1
0f7dd0dc-4528-44f4-941a-1822e86548c1,2026-02-28,14,14
5571e659-848d-4ed7-aa68-4670626f518a,2026-02-28,1,1
6aee864c-ad32-4f80-8ccf-329f04a54a2a,2026-02-28,1,14
74b81d39-ac72-4981-bd5a-56d3701e4487,2026-02-28,10,10
7eeb3e78-f537-44fb-ba5d-54ef6f045c45,2026-02-28,1,1
8e454752-c239-4c54-ab87-6ac238941d1d,2026-02-28,1,1
bf627500-35ee-491d-a638-abf2371957f9,2026-02-28,1,1
cd83944a-f69b-4df4-908b-ba3785142cc6,2026-02-28,1,1
e38de462-cf01-4fe2-8aee-66276c947b8b,2026-02-28,1,1
13c4434a-9373-486f-8626-a0092485dfff,2026-02-28,14,14
19ce22cb-85f9-4505-93c7-ea2ec6533550,2026-02-28,1,1
431a1fdc-ea31-4ea9-a302-483b32fc568d,2026-02-28,1,1
43aae975-dba1-4581-926f-a49973d62044,2026-02-28,7,7
7e526eae-27f7-4480-b487-c6315e046524,2026-02-28,14,14
948fe752-f451-4e8a-8126-d02ced52a6ef,2026-02-28,1,1
9b2d90b6-ea15-4dcb-8301-23c67b9cdb28,2026-02-28,1,1
d55ca446-570c-40e1-9b54-f69e1470bccc,2026-02-28,7,7
e2cf6df8-1b53-4dc2-8e70-575f9561936a,2026-02-28,7,7
02f7a615-3995-4404-9a9f-115f284b8ca1,2026-02-28,7,7
09fafcee-3dc8-4c54-aa7e-77b5b9898935,2026-02-28,7,7
12cb91eb-e248-464d-9e13-143ce7e891d5,2026-02-28,1,7
21c46b9d-0930-4a26-83fe-849801a1c23b,2026-02-28,1,1
fd223418-3e41-4f57-bf5b-54029f9e64f5,2026-02-28,45,45
496d0dac-3bce-4cab-bb2c-6de3767e606f,2026-02-28,45,45
58595ba7-cfc0-487c-b8ad-3221dc6ed0e0,2026-02-28,45,45
62ca36cd-7e53-44f6-b5ba-4c257bc8c528,2026-02-28,1,7
6ee6f2a9-b847-4e49-9b8e-47f0c8ed61cb,2026-02-28,10,10
6fb3ca58-4435-4250-b195-e996d5667020,2026-02-28,1,1
7fa9bdee-1940-46fa-9e93-bb22bd1be21c,2026-02-28,1,14
8a5924bd-a801-4a1b-b7d1-9aaa58c5b3b4,2026-02-28,1,7
b38aed9e-b1e1-4223-82bc-927d7f4c7396,2026-02-28,1,1
bcdf3887-83f7-467e-94cd-830a989a72cb,2026-02-28,1,1
d219ce48-5e89-4b15-90f2-0944905eacf8,2026-02-28,45,45
1d0ca7b2-b176-4497-b603-5c2b0bd7df87,2026-02-28,1,1
442c1071-46a2-4928-be6f-8cfe683b93ce,2026-02-28,7,7
89411b3a-3ce4-452d-94dc-b2c5b617b8cc,2026-02-28,1,1
a3f57532-1016-445c-a74a-205715db6845,2026-02-28,1,1
cd2bc9d5-4e30-455c-a1bb-1c8329153200,2026-02-28,10,10
1eb69f4e-cb00-4082-aad0-6c37597211f7,2026-02-28,1,1
b63f7b0a-f9ca-44b3-9ae4-5245fbca8fa0,2026-02-28,1,1
f111353c-445f-4aa3-9b0c-07c336aa5341,2026-02-28,1,10
f26daf95-40c4-419a-9f14-b392e9955684,2026-02-28,1,1
4221baec-736b-45fd-8966-339fc97e564f,2026-02-28,45,45
9c177164-eaec-436b-885b-52687b0b35d2,2026-02-28,45,45
b218b3c1-fe20-4b00-b120-e364d0d111c6,2026-02-28,1,1
b4b88827-50cf-43cd-9809-3dae32afe49b,2026-02-28,7,60
c37543fa-5dc9-4539-a344-170a16e41846,2026-02-28,14,14
cb5f6dc0-8082-4103-a655-b22090d9db2a,2026-02-28,1,1
025e0d25-df88-498e-9f48-2ff542421e49,2026-02-28,7,7
0cc52460-a84c-4ae6-b736-a4810b1bdae8,2026-02-28,7,7
514b81c8-8276-41c9-b750-be76e612e365,2026-02-28,14,14
672b3356-f9cc-456d-997f-aafe5eb7f562,2026-02-28,14,14
880b109f-1da1-489d-a4ae-b8160a638873,2026-02-28,1,1
a94ace8e-3483-4cdf-a71f-b0885c21bfbd,2026-02-28,1,60
af848a59-cdc6-4fcd-9ead-df04c7821fc2,2026-02-28,14,14
c530ff0f-0c0a-4669-9c81-af8d2b576e14,2026-02-28,45,45
094b17af-e044-424e-97ca-956e46012f56,2026-02-28,7,7
117e168a-2efe-4bca-8ba6-791596d7ee03,2026-02-28,7,7
1f70ca09-46e8-4920-9b16-8ebfddeecf1f,2026-02-28,45,45
5e1e9e2e-e28d-4131-a958-107074c4b65b,2026-02-28,1,1
7fd2d61b-0a23-4b1c-9c2d-8d1b418ff265,2026-02-28,14,14
a928fdf9-a4b9-47f5-be15-86ce91166465,2026-02-28,60,60
b6015922-812b-44ea-bddf-4cf6f3e01e6e,2026-02-28,1,10
15d58df4-c6c7-4930-b672-dbcd198b9633,2026-02-28,1,1
4fd49215-d6dc-49e0-a8bc-131418b3e38a,2026-02-28,1,1
5b076e1a-c961-4f53-98a9-15c19f15abaf,2026-02-28,1,1
9b803e94-9fa4-47f5-9694-440315f0969c,2026-02-28,1,1
d873a10f-d5db-47eb-89f5-5274d2f2714d,2026-02-28,1,1
343e8bbc-79d8-409c-afd0-d4bfb3a2e66d,2026-02-28,1,1
57b9d274-c1fe-4186-a26f-c88c93206bf0,2026-02-28,45,60
7830057f-e06f-480d-98c1-65c82f76471a,2026-02-28,7,14
80099ac8-0aac-45b5-8419-1815d4c84251,2026-02-28,10,10
8913e243-1876-4b36-b846-45e7fa8aea1f,2026-02-28,7,7
b5836f18-301e-4e4c-8859-e2e893e9916a,2026-02-28,14,14
52750a7d-afb7-4b80-9036-7f047ba76b4b,2026-02-28,1,1
628a0513-7c44-4760-85f6-deacf3e09535,2026-02-28,14,14
7596acf9-43e6-48ab-a4b7-6083f61ee0fe,2026-02-28,14,14
af0923a8-64bc-4fc1-8b24-bd462e90c43f,2026-02-28,10,10
c5523a25-22fc-4a71-b7f1-60ec77031139,2026-02-28,1,1
fbff3ad6-b26b-4541-9874-f50341436a62,2026-02-28,14,14
165b1e51-5845-43dd-8ed0-2ec99a26f62e,2026-02-28,1,1
239e9b61-4b48-4432-bcc0-a72c8c644f93,2026-02-28,14,14
e85aac26-2e73-4848-ae36-65bd8a5ab281,2026-02-28,14,14
f12f9529-9c40-45e9-8918-91e989e51d69,2026-02-28,1,1
bc180a54-5571-4fa8-b630-2fa429ea9efa,2026-02-28,14,30
bff8e0cc-8997-4a7d-8e08-c27ee153e2ef,2026-02-28,1,1
104a5120-2135-468d-8ae6-1add254b0391,2026-02-28,7,7
5689dfdd-6fdc-4b99-80f4-2eb1cbca0214,2026-02-28,1,14
6101ea8c-5173-4c47-b8cc-a10d723f0f24,2026-02-28,10,10
634ece25-61fb-4b8a-b469-cd81a0254c86,2026-02-28,1,1
d0625de4-35c8-4f1b-b307-a1c44b3ff810,2026-02-28,14,75
07a4a769-daf6-4f3b-a1ef-6fa6f2f6b21e,2026-02-28,14,90
0c0a4a02-929a-4708-86b9-3751d5c13677,2026-02-28,7,7
7b925b7c-a607-48b0-89cc-2d38340c9371,2026-02-28,45,45
f4dc850c-1aec-4987-bbd7-7b6490b27359,2026-02-28,7,7
289a4b4f-7711-4c8a-9b7e-2fd01a7ae94b,2026-02-28,1,1
48fb6ce8-fc95-4b22-b439-a233ab228a1d,2026-02-28,14,14
51d2cfeb-366b-481e-82e9-6ff2c5fdce0c,2026-02-28,30,30
a9424964-f6d6-468b-b72d-76b9adcdc603,2026-02-28,1,1
e2401b31-031a-4d30-a99c-a607a27c480c,2026-02-28,1,1
e8dbae5b-2991-4a6d-89b7-4fbb13364b4d,2026-02-28,1,10
feb8a82b-e1bb-4874-a00f-bd8c3ca06b6e,2026-02-28,7,30
31e1ed51-2f49-4538-9bc4-bf69ad9002d1,2026-02-28,1,1
54ad4412-d094-4a57-8c98-4f5c679ad6b4,2026-02-28,30,80
622cb628-29ff-4bbd-8185-b4ee60ab5423,2026-02-28,7,7
6d38c821-6f0f-4a89-920c-5951286e9e83,2026-02-28,1,1
89659a7c-b949-4000-8bff-3d9d1855bbe3,2026-02-28,14,14
c1517b31-d868-4ac2-a11f-e071b88f63d8,2026-02-28,1,90
dd8fbc92-96aa-429b-8b9b-de8ec724b788,2026-02-28,1,7
ee94bc5f-d960-480c-a3c6-3819ee654c67,2026-02-28,1,1
fd4870da-6b17-4557-8f67-8bd58189cf8c,2026-02-28,10,10
25eb5afb-52f1-40c1-944a-4eced5931009,2026-02-28,10,10
2ddc0dd4-c365-4147-9873-e6e0e40e4a36,2026-02-28,30,30
3a19bbc1-4e82-4a27-83dd-29221d9bedc8,2026-02-28,1,10
50f37fac-7a69-4857-8b24-b5e230493bd8,2026-02-28,1,14
ab234e19-c279-413d-bf96-b6a43a518ce6,2026-02-28,7,14
dff896da-022b-45bc-b031-ea1145bbdbc3,2026-02-28,1,1
41c7e6db-75f2-48e4-b692-ba37f60841f7,2026-02-28,1,1
91c9edce-f84b-44da-bd0c-8fb3ae72ddb8,2026-02-28,45,45
d09e2f10-2852-4b61-9869-915c7df79d8c,2026-02-28,10,10
d24e7959-6490-4cd3-93d3-1af6bb2958ce,2026-02-28,1,1
07fac44a-488f-40a7-b3d5-4e1a11882e61,2026-02-28,14,14
5a424cbe-19fb-41ee-a623-d066f81b71c3,2026-02-28,10,14
91396373-9d65-4084-8ed7-8e1554869bc0,2026-02-28,30,30
a8dde382-4891-4f56-ab99-604de40e330d,2026-02-28,1,1
e5157e15-c53d-439f-ba71-c6a26ae55bfb,2026-02-28,1,7
1f63f33b-bdc2-4f2a-8d17-1fddd1577cb4,2026-02-28,45,45
2a7c0bcb-82e3-407c-bafb-f067c5d602a0,2026-02-28,14,14
6ad6a490-348f-4696-9379-182d660be324,2026-02-28,14,14
bc58514a-8d59-4487-b176-04a091f61a05,2026-02-28,1,7
c29a28b2-de72-4d4c-9be9-497471fab1a9,2026-02-28,1,1
ca87ab7e-7c9e-4185-b00b-6e3463b40b67,2026-02-28,1,1
f045eecf-b957-41ca-9e7e-8eb59f06a33f,2026-02-28,14,14
1413d752-6335-4277-9031-ec6df1698b8c,2026-02-28,1,1
15c4eaa6-8d64-4171-badd-4bd1234f451a,2026-02-28,1,1
1e5b4e33-99c2-43f7-a52b-2aa02a0b0588,2026-02-28,10,14
24e99420-6226-42ee-b41a-4c13bfaf24ed,2026-02-28,7,7
2b5b380d-60a8-495c-9b98-a4b9a30b0dc8,2026-02-28,1,1
594435b1-0c09-447e-8286-0fa0af2f465a,2026-02-28,10,10
a66c836f-23be-4f61-848f-14b855ef548d,2026-02-28,14,14
b00608ff-e134-4ecf-80b0-19489ebc7237,2026-02-28,1,1
13921188-1096-444b-a696-885ce372d687,2026-02-28,45,45
5261c5f2-7c1e-4a12-bc15-ea6b55877e6b,2026-02-28,1,1
b0e03a89-8904-4fc4-a2f4-fa303384cbbf,2026-02-28,1,14
be9bbdf7-b44e-4618-a9c5-7998598a5c50,2026-02-28,14,60
ca7d0425-93bb-47a5-93ae-901edc81b86d,2026-02-28,1,1
fb041016-6691-4d9a-a258-860d930902ab,2026-02-28,1,1
53af22b0-379d-4ded-9e26-ae4a13b41f16,2026-02-28,7,7
6571c8e8-fd38-4dd1-a134-5a8134b1760d,2026-02-28,45,45
6ba79eb9-6937-4e21-9540-16282d084f03,2026-02-28,1,1
6e380ac5-d1bb-4603-9ee3-8d7de2a6b020,2026-02-28,1,1
86231363-c404-4162-a994-396534b67e2f,2026-02-28,45,80
9f0c0437-131c-496d-8603-698101b398c4,2026-02-28,1,1
0102e7f0-c764-4117-aead-7fe266df6522,2026-02-28,14,14
5392e175-dd6a-4faf-9523-a9dc31f9c07a,2026-02-28,1,1
f8f6bebd-5549-4bba-83a4-c7988db50fa1,2026-02-28,7,7
22934334-9666-451e-894d-673f05f36e1f,2026-02-28,1,1
5b389d16-6968-4075-91ec-cdf1246d4913,2026-02-28,1,1
97bed125-4bd7-4ee2-b93c-41a28eaea33d,2026-02-28,10,10
b668941b-b434-4dbd-a333-cf31d4c44aa1,2026-02-28,1,1
01b3fc17-fb56-44c9-96f7-5dbfdf7659fb,2026-02-28,1,1
278e7b10-2508-4169-8e10-e33700b6e378,2026-02-28,1,7
696887b0-c65d-43ce-aef2-cf24fa4784f5,2026-02-28,1,1
ce645526-3c86-40ba-82ee-a30cb7b0b620,2026-02-28,1,1
f04e917a-762b-441e-9e67-7af71c901b30,2026-02-28,7,7
f175d25d-5171-4c3d-895b-3d77937e09c1,2026-02-28,90,90
32654bb5-8b96-4c09-9986-04ec5665dae9,2026-02-28,14,14
4ac96890-99f1-444a-8e7b-a9d388392599,2026-02-28,14,14
73ed2b8b-849d-4815-b60c-3fa63813e04a,2026-02-28,7,14
aaa194c6-f05e-4000-b518-b2178da632a0,2026-02-28,1,1
ac158be1-ef21-460d-adc7-5464a4c29256,2026-02-28,14,14
143b0c45-464b-4c8b-8dcc-f1eb76c47b5f,2026-02-28,14,14
5553b23e-388a-42c4-8874-b5b55e8870bd,2026-02-28,10,10
a2a4b9c6-067c-4134-9521-d629767ea9ff,2026-02-28,7,10
c2d9c1b0-2b49-4995-981c-98a1238634bc,2026-02-28,1,7
d51c83f0-31d8-4ede-9447-4bbb3e55ae11,2026-02-28,1,1
bc849711-7fcc-4ec0-91c1-dc8500c2e45e,2026-02-28,10,45
3afa5468-8b2e-4561-8a25-01424e7d7a99,2026-02-28,1,7
4093dcaf-7a15-4c03-b7e3-5770ac2f273c,2026-02-28,10,10
58bc41e1-3dce-468b-a578-d923f4ad57af,2026-02-28,1,1
85a0c89a-2ea1-4ed1-b748-cb9b23a527b3,2026-02-28,30,30
868bd1d1-ed1f-49fc-86b5-e805578a7401,2026-02-28,14,14
eefe669c-89e3-420c-88e8-2f18133bab3f,2026-02-28,7,7
12d51d19-bb1e-4d4d-905f-321141e8c16e,2026-02-28,30,30
5529d485-03f5-44e0-bb60-5586b69fd377,2026-02-28,10,10
c53cf0c7-1fd3-4c85-9db5-2231fb682b09,2026-02-28,1,14
cd995d9a-8eb8-4bdc-b5c0-ce6d3ad05755,2026-02-28,14,14
d0ea4de0-8235-42e9-98c0-992ec090d717,2026-02-28,1,1
e33b7ee6-a102-454b-9359-efcbfe7ab4e8,2026-02-28,14,14
ed2e6381-7ee4-4688-a8e5-1536e4daa307,2026-02-28,14,14
ef8b883c-dd29-4599-9ed3-d09416780ef7,2026-02-28,1,7
0056d079-b074-4df4-90a4-8d76b06d53d7,2026-02-28,30,30
0a2ee445-1425-49fa-9c32-c21072c7f558,2026-02-28,1,1
288487ea-bfbd-4338-a819-535927932fc5,2026-02-28,14,14
56c9ab34-56e0-4427-8c5a-d56e8089304e,2026-02-28,14,90
6e0da290-5ffa-4f58-85fb-b6a5978f970a,2026-02-28,7,90
78d76b34-b623-45de-80b1-bfc08eb35c79,2026-02-28,1,1
798be4d5-e906-40b1-b373-60d0bbe1bbe4,2026-02-28,1,1
80892c29-9e6a-47c4-bc9e-9de590d73e6d,2026-02-28,14,14
b63309df-1cc5-4ac0-94a7-967b5147fcf5,2026-02-28,30,30
1da036cf-f8fe-4191-9c44-107df2c5c29f,2026-02-28,45,45
2569006b-0cdb-4677-b553-8ed1ecec09e4,2026-02-28,45,45
dfef507f-2447-42b2-9253-e868521394da,2026-02-28,1,1
f02c31f3-42c5-49e6-bc85-fcbede9e0057,2026-02-28,1,1
1395d019-9ca5-4345-8242-1504b110bfcd,2026-02-28,1,10
261203b6-9547-4bd2-afd6-43e2e202dbf9,2026-02-28,14,14
293933d9-cd83-46ec-92f5-546d03dd4468,2026-02-28,1,1
38095035-93f4-40e6-8aba-96ad5e0c96ea,2026-02-28,1,1
5e7c2e50-4217-4ca4-9669-6abea7b1f8a3,2026-02-28,7,7
6c3337c9-e693-48bd-955f-a016e4dace75,2026-02-28,10,10
7e377d78-713b-4ece-949a-0e9e8d167511,2026-02-28,1,1
ac26a71f-80d2-463f-b579-9904d1f925fb,2026-02-28,7,7
ea7f59c0-d76f-4f2c-938f-afb9ed9e1afc,2026-02-28,1,1
f60cac89-5aa7-45f3-868c-4677743ef3fb,2026-02-28,14,14
2f18f1a5-fbb9-49d7-b8d0-ecf9d4b0bc68,2026-02-28,1,1
43522a1e-3901-48ee-bd1c-67660eeacda9,2026-02-28,10,10
46ee2288-a694-43e8-a0e1-bfe2356c7ff9,2026-02-28,1,1
1225a845-564f-4c0d-8f69-4fea5f86791c,2026-02-28,1,7
a7f40cea-3168-424b-af1c-2a9d09d644c6,2026-02-28,1,1
5408d365-7884-4e5d-9f56-b825bde8c352,2026-02-28,7,14
76533a53-aa5e-447d-b8a1-10ed456dda90,2026-02-28,1,1
d91d2cdf-80c5-4888-94de-5a41d3016da4,2026-02-28,1,1
23a7e2f4-b7fa-4b11-b605-b3df4330135e,2026-02-28,1,1
71a6f641-73df-4169-9bf3-0bdf1ed3af0f,2026-02-28,10,10
951437c2-01d4-4c8b-95b9-710f26d16da1,2026-02-28,1,1
bd8651e9-594b-4103-b1e1-283833cb03ce,2026-02-28,30,30
fdada811-4853-41f5-ab2d-34181ff457ec,2026-02-28,14,45
14c5bdf6-5c18-4786-b805-5b6c953be937,2026-02-28,1,1
1d55bc45-c8c1-4f71-9890-2930a8162c22,2026-02-28,14,14
5e0ea474-08f3-4c88-b139-ee44983c963d,2026-02-28,14,14
731bbcb5-6130-4361-a7d3-47bd210e9568,2026-02-28,14,14
8e5fe490-b45f-43c9-8667-ef5a85754743,2026-02-28,7,45
b41c2eec-2bec-41bd-9842-6b537e167c26,2026-02-28,10,10
d34bb473-a421-4385-9a4f-067e6998f777,2026-02-28,1,1
199587fb-ad73-415f-b1db-34e4bd0664dd,2026-02-28,1,14
63259c53-7de9-4d08-b36b-969ab322eb39,2026-02-28,1,1
779fd76a-b73a-42ad-a7cc-f2e247293cfe,2026-02-28,14,45
c0ca6540-42b2-4533-8546-284e773503b3,2026-02-28,1,1
da7ad20a-4cd8-43ce-998b-e626180e312a,2026-02-28,10,45
ee6560da-8544-443a-ae19-6dd788d34f7d,2026-02-28,1,1
314675c8-5874-48fd-8d7c-5164ef587ad5,2026-02-28,1,1
7fdfbcff-c2a8-4b57-a15a-b34d86562e2f,2026-02-28,1,1
9036c44c-fa55-452d-bee8-1f8d2d6fb25d,2026-02-28,1,1
973eb07a-1f6e-4f8b-a1e0-ae72e45e9dd6,2026-02-28,1,1
d1175713-7102-48af-b691-9419512bb9ce,2026-02-28,14,14
dfacb357-be87-4597-bd72-3efffc93d213,2026-02-28,10,10
e52e3543-83e7-47e4-a11a-6bdca6f9aec0,2026-02-28,30,45
23a36034-ffb7-4cba-b10c-7a0e4a54fb3f,2026-02-28,45,45
a42e742f-0048-4263-9da3-4bbcf302ed9b,2026-02-28,1,1
c5e4ea48-b647-48cf-9703-3a2f3702a9aa,2026-02-28,1,1
d80058d1-d6c1-4c01-9b02-144e615d004f,2026-02-28,1,1
e26ea52e-bd01-4f5e-8ba4-61f9d008518c,2026-02-28,1,1
e58f8a86-7516-4417-9642-451084845b45,2026-02-28,1,1
f6745472-3ff0-41ae-bc07-c130744ef238,2026-02-28,1,1
05c8d2ae-5421-478f-8061-cdb5a85d026f,2026-02-28,7,7
06420de9-c044-43f3-9b35-c3dd639e31a8,2026-02-28,45,45
1732aa91-ac4e-43e5-a6fb-d7262ca7f8c3,2026-02-28,10,10
2c28d642-a596-4693-8183-409d718e6763,2026-02-28,1,1
6e392856-2298-4cc0-bb8c-ed282b4f06f4,2026-02-28,10,10
c168559a-2853-4632-8d25-aca6600dcf04,2026-02-28,1,1
cb85232a-413c-4eb2-8264-0abbaff5c08a,2026-02-28,45,45
01d0d0b5-875e-4fb4-9756-4d50ead269ea,2026-02-28,1,1
3c3086b5-3df3-430a-8817-40f99f9ec967,2026-02-28,1,1
3d3f3a66-e353-457d-84f7-488f7a031e89,2026-02-28,7,7
3f373276-644f-4e28-827e-80572fbde4d6,2026-02-28,10,10
a8fe3f75-8d0d-4aba-84c6-fa1e354f61e2,2026-02-28,10,10
c0ea553d-38b7-45d9-a98f-55ddc5e87f0f,2026-02-28,7,7
c32cfdc5-50e7-4c4d-a632-a321dbef3aed,2026-02-28,7,7
e42d96df-c6b3-4c0f-87da-befcb1d9afee,2026-02-28,1,1
028e74bc-6fa5-447a-be12-a096a74c47dd,2026-02-28,1,1
274a0ad4-f479-4db5-a505-8ea450740f0d,2026-02-28,1,1
53a78c2e-cbaa-4b47-96a3-0e0f1d46d4a2,2026-02-28,14,14
5fdc39c1-54a9-4a26-8265-b01a5a73f1ea,2026-02-28,10,14
ab3f5e9d-e535-470b-92e7-87651b10ebc3,2026-02-28,1,1
b158e8f6-104b-4ce3-adfe-0edd16a3f445,2026-02-28,10,10
e0455132-cab3-4389-b724-b10ac8e781f9,2026-02-28,1,14
f6b49086-f590-413a-b692-8cc4d478d792,2026-02-28,45,45
20b2a845-8a68-4d26-ac94-9e79b192facc,2026-02-28,14,14
55f8499a-46d8-41cb-b6ec-6be363649c24,2026-02-28,45,45
59013add-9f37-4e78-b4f8-01890434e428,2026-02-28,14,14
6685d5c9-80bf-4706-9764-69fb48b64b52,2026-02-28,1,1
b1a12706-b3b0-4e2b-90ba-1f5467e355bb,2026-02-28,14,14
d475aa40-7beb-45fe-9d3f-a765d972ddb8,2026-02-28,1,1
353957f6-2c70-463a-9671-7a031dda8ba3,2026-02-28,45,45
aac9c652-20e7-41c0-9bbc-80cf7d7c2d60,2026-02-28,14,14
b79ee9ff-9fd9-42aa-80d8-d6929774b1c1,2026-02-28,14,14
289b0aa0-e10c-4641-8195-e1dd7abe98ee,2026-02-28,1,1
2d92c128-99c5-45bb-983e-775494d30489,2026-02-28,14,14
917b4da2-7b83-4774-98f6-4aa9f15052d9,2026-02-28,1,1
9714dc41-a581-4217-9e24-0e78356bf327,2026-02-28,1,1
d827c9f2-be64-42bc-8754-0ca31f3c1fcc,2026-02-28,45,45
d2a6ea96-3e01-40d7-97d4-1113f90bdad6,2026-02-28,1,1
46ad83d9-7842-4627-bd48-3664d9b8e402,2026-02-28,7,10
ad96b906-ecbb-4c54-89ba-793bf1fc3c58,2026-02-28,1,1
c25b1368-c49f-47eb-9f84-c2ac84c8dba8,2026-02-28,7,14
51f09dec-8af9-49d4-872b-948cde3f7e69,2026-02-28,1,90
6118bd27-93af-4c07-b425-85301106ccae,2026-02-28,90,90
9f7d811b-dcf8-47d5-a41d-9e9f4e284aa6,2026-02-28,75,75
26f248f0-fa6f-41bc-a822-ae3e00ae3d05,2026-02-28,1,14
470071f5-daba-4cc5-8da2-93b0609e3394,2026-02-28,1,1
50dc27fa-d52d-4145-979d-c6095122628d,2026-02-28,1,1
586abf19-d98b-421a-9298-b440f5d36ef3,2026-02-28,30,30
5b1d34d4-8563-402d-ae45-b73f895e546e,2026-02-28,1,1
6682eef4-9b20-499e-a1dc-6107927134e0,2026-02-28,7,7
effce973-845b-4518-a2d9-d4787a80ec14,2026-02-28,1,1
02035ac3-9591-40e3-8319-d52c11b210c6,2026-02-28,10,10
11800b30-ae9a-43d9-9ed9-122c0ce06a14,2026-02-28,1,1
23cffd96-c1ab-4244-b80e-6416e1eaa672,2026-02-28,14,14
6cdfc222-a2a2-47d1-994a-52a271a9f8fa,2026-02-28,10,10
b3ffaf9a-dffd-48ba-95e2-1bccdcf5eada,2026-02-28,10,10
d019b387-ec64-48fc-bb9a-5f0aeef7ee90,2026-02-28,7,7
ead522db-7187-438c-87e9-6280de645a5c,2026-02-28,1,1
4428ad6a-ff47-4e44-af0c-78e520c6bb3e,2026-02-28,1,14
6934d233-383a-49f3-92f2-2719471f15f2,2026-02-28,10,10
77f559da-917e-4d36-91a0-bb040a8c46f0,2026-02-28,1,1
8699ff47-2493-461d-af43-0ab63884a65a,2026-02-28,14,14
a0088940-a136-4b3a-9454-1f8538f54323,2026-02-28,14,14
a14c0655-7bf2-43dc-8a27-dae4a835037b,2026-02-28,14,14
0403bc8f-74ce-4d7b-afa0-9e8cb3da4181,2026-02-28,45,45
08c2da39-cc17-414e-8762-a6c6920d3c48,2026-02-28,1,1
094918e7-a60c-4d8d-9789-0dd2c805fef0,2026-02-28,1,1
103d37d4-3f12-4d4f-8a4f-aca5ffe46107,2026-02-28,1,1
70b9b246-e2cd-4a31-9bff-3e9b9641bfa6,2026-02-28,1,1
8d6c0b93-95f2-4100-853c-751629673f0e,2026-02-28,1,1
97d752c8-da0c-41aa-998e-df2b8eb9ce5b,2026-02-28,1,14
c876e161-6cf2-4c73-acbb-c3a77d34a6ae,2026-02-28,1,1
f97c4b22-6bec-47f5-b76f-59176436704c,2026-02-28,14,14
099658ce-9fb1-4d6e-bbfc-6dbbdbb2256d,2026-02-28,1,1
25d5f68b-704f-481b-988f-934bcb96a142,2026-02-28,1,14
43585b36-2465-49fe-a8ab-8ed4a1e6a6d2,2026-02-28,7,14
43ca0cdf-6f05-440f-a221-7e803892ae2c,2026-02-28,14,14
9c2665d0-110d-4966-8d1d-d5d0602f7a34,2026-02-28,7,30
ae03d98f-dc50-4e6b-9a70-53af2904e4a7,2026-02-28,1,1
f7ab54a5-4701-4a2e-9486-24e36df6b4ca,2026-02-28,10,10
f8527a22-07a1-41c3-97be-b13da00ff212,2026-02-28,7,14
642b4ba8-bb20-41c3-9d14-5f779d0e263f,2026-02-28,14,30
72f9a023-5a7e-4d8d-b497-e8381daaa111,2026-02-28,7,7
7534f469-4edd-4189-862b-5b0b3d16771e,2026-02-28,30,30
7ed8a9a3-6323-4d54-b6e1-8356bf843d2b,2026-02-28,14,14
93f00565-6964-4589-b44b-887d2de9e9a4,2026-02-28,14,14
5a033f9d-fd8a-4da8-bdb5-7522572295f0,2026-02-28,7,7
6eb6ed14-3af9-46c4-b9a9-84876ed7ba32,2026-02-28,45,45
7f12257d-7f23-4cd2-a7fd-4700c0f66a47,2026-02-28,75,80
98b66c79-26cf-476e-bfc7-e96d6f8b70da,2026-02-28,14,14
be968a81-27b7-4233-99ac-ced137806bff,2026-02-28,1,1
c3681bdb-6abb-4eac-b34c-c4b833bd07c3,2026-02-28,1,1
d261f2bd-4b9d-4a0e-b718-099cc7d59a07,2026-02-28,1,1
f184c65c-7ada-4501-9a35-c8b87ea9b9a7,2026-02-28,1,1
00bb0c27-616b-4ff3-972e-0670b0a4cf52,2026-02-28,1,1
1523d217-ce42-4f58-82e3-3b9ca8240b9a,2026-02-28,45,45
52f32f80-e5f2-4267-ad7c-ae5ab984156c,2026-02-28,1,1
64a9c181-6970-4f5c-95b2-0adc0072de88,2026-02-28,1,14
72c66148-ec16-43c6-a962-201e7b22d9e4,2026-02-28,10,10
ccb2302e-71d5-4094-9bb9-e261de61d138,2026-02-28,90,90
10ad36db-da8a-4cbe-ad0c-b6e358a73f07,2026-02-28,1,1
5ec3952d-505d-48c9-95aa-3c534fdebe9a,2026-02-28,14,14
7b9459b2-90fc-423d-8643-291ac312bf3d,2026-02-28,1,10
9b351179-c0fe-43cb-a657-20e0296d4b42,2026-02-28,1,14
0ac17053-68b0-4eb7-ac49-e5f7dff2fe01,2026-02-28,1,1
4bb3adf5-e365-4a33-97a2-d966ae34d6b9,2026-02-28,7,10
4cb2d2bc-6a81-45fe-af2e-ea71745ff40f,2026-02-28,1,1
677e5d59-05da-4652-9097-732f9eb7f944,2026-02-28,1,7
6daedbd2-e9c2-4019-80d4-0dd93415f1ef,2026-02-28,1,1
e28fe750-fd78-4403-87b0-af2731e1748d,2026-02-28,14,14
5cee4fda-0737-4621-8d40-afc37bab47a0,2026-02-28,7,7
928c0580-707c-4c98-9fd2-66808b7e8827,2026-02-28,10,10
9ac4db4c-4c65-4882-9808-6e62268b825d,2026-02-28,1,1
c94c6274-acb5-46ee-a9f8-a7b32578b947,2026-02-28,7,7
7a97efe0-c03d-4193-8051-8477d6e80fd6,2026-02-28,1,1
de72845f-5e16-4e57-be37-d8f4be574fac,2026-02-28,1,1
f271ebd1-28ac-4410-830a-0003eb32ceea,2026-02-28,1,1
5031f23a-49d7-4aa4-96b4-d4ab4958fcd9,2026-02-28,1,1
50e7a5ce-2740-4310-9c69-b0a214397280,2026-02-28,80,80
564a421e-7734-48f5-8612-aee2a9bb1921,2026-02-28,1,1
916c45b8-cffc-4a41-a209-2ebcc3fee088,2026-02-28,1,1
9d431433-3f0b-4c7b-85c9-3146fafd95b1,2026-02-28,7,7
0594df7f-9c12-44c8-a49b-feaf7d309521,2026-02-28,7,7
796af93b-83eb-4f4f-9428-5dbdc68cd58b,2026-02-28,14,14
85c26c4d-1ba6-4724-a8a4-0e0023ed0302,2026-02-28,10,10
97172cfd-7fbc-46d7-a522-b9f5c6fa6ed4,2026-02-28,1,14
a4b1eff9-8a46-4843-b7f7-3e652c36b421,2026-02-28,7,14
d4bbc88b-f10a-4110-a155-77516628ffea,2026-02-28,1,1
1105f881-3846-48c6-84dd-1ae5671f5d8e,2026-02-28,90,90
117a8ee7-26ee-4fd8-b7b2-3a86cb35bee1,2026-02-28,1,1
29c2fe49-9989-4865-940e-2e2e834c8a63,2026-02-28,7,14
90d4a854-3fc2-41f9-8e03-dfc42ce9d415,2026-02-28,1,1
9db2375f-cdf4-43cd-b27d-c1b02826c8c1,2026-02-28,30,30
9e875d45-4d72-4a91-b599-082fbdf846bb,2026-02-28,14,14
bdd68c3d-3570-47ad-b9f7-98f4e299945b,2026-02-28,10,10
c523e8b7-8955-4158-b7b7-f7469eb47c94,2026-02-28,14,14
f3a157ce-6a7f-4acf-b8e9-ec1e1c5d025b,2026-02-28,14,14
14525bac-3d23-44ff-a2f2-abfc86f6e698,2026-02-28,14,14
2e2a06fc-b307-4edb-b165-c3086f005cc0,2026-02-28,1,1
4381858e-996a-44d3-a0d1-56f493c5e1d2,2026-02-28,14,14
469c317d-d9c3-4f01-8a8f-0387f71afdbc,2026-02-28,10,10
765895b3-d804-4ecb-8038-a2ce9fe83f48,2026-02-28,1,1
82a4f03b-8ae5-4f88-907e-da0dec7297f2,2026-02-28,1,1
93be42f6-1333-4e7d-9dda-77a3a1fb520a,2026-02-28,1,1
4089dfd7-202d-4a30-b0ff-b68ff0a93b36,2026-02-28,1,1
416ace57-539d-45fe-a5cf-215aafd9d4b8,2026-02-28,1,1
6b797c17-39ad-44a5-9862-003ca2b9f6a8,2026-02-28,1,1
931be56f-23e6-476c-819d-b8d6ab5be232,2026-02-28,1,7
9586212a-2893-4231-bb93-efd79d5e965a,2026-02-28,1,1
97a25e6f-6703-4bd6-baf0-629b104e3711,2026-02-28,1,1
54d0bd58-47aa-4668-b61b-dd5c2fd5cb65,2026-02-28,10,10
138384eb-104f-4e88-9499-0b9b0f5c304d,2026-02-28,45,45
6b60aa49-abef-4b44-89c5-e33d9e637852,2026-02-28,1,30
7aa6de25-bb26-4783-bede-9a8ce2db3bba,2026-02-28,10,10
88e9f9e8-26a7-478e-909b-afb92c6a1538,2026-02-28,10,10
8fb503e4-ad71-40c5-9d4e-0899ab0b11be,2026-02-28,1,1
a07dceca-9738-4747-8531-27c18db2e405,2026-02-28,14,14
cb26ec7d-0d53-4526-a57b-2316118bf8dc,2026-02-28,1,10
0eed9946-79fe-4f2d-9e7e-d2d803180a60,2026-02-28,1,1
93709d18-2033-4fe2-9171-5a2bfcebc46d,2026-02-28,1,1
e788e73f-e940-4ac1-9734-3dfe7128a922,2026-02-28,10,10
2f782b15-5257-44be-8cb5-cbe3701fb8c4,2026-02-28,1,10
4f9ac5f6-174a-499e-ab2e-37fff52ef7f2,2026-02-28,1,1
75227e2f-a6b5-4000-9efc-5da48c687bef,2026-02-28,1,1
2bd0ca1e-0a21-4803-8ab5-13f6d69cfdc3,2026-02-28,14,14
4fc3f6ca-3c08-42f3-b4d1-203bf4a8d470,2026-02-28,45,45
545c3206-465d-40c0-99e0-52d77190905a,2026-02-28,14,14
cb280ddd-cd0e-4e49-a4fd-0ad78e999b6f,2026-02-28,1,7
08c39015-9e27-49ae-96a9-d4bce7a88d28,2026-02-28,30,30
30f870d3-342a-4929-828b-d3c8cae77d66,2026-02-28,1,14
31a6304a-921d-431c-b385-fcccd49c355f,2026-02-28,1,1
37e65615-5d44-4d7e-9a53-31998fdf87fd,2026-02-28,7,60
b73f9dcb-89ac-457a-979c-cdb8e34e85c7,2026-02-28,7,7
c3eb13a2-b741-4bfd-89d3-e38e37ad5f2d,2026-02-28,45,45
dd91fa93-ae37-4bcc-be67-0665412696ac,2026-02-28,7,10
f376f75a-dcd9-4edf-a850-d2f2f8d542da,2026-02-28,1,1
4e0694d1-1afc-4121-9cfa-065710299ade,2026-02-28,14,14
53afdcc6-d384-4104-a89d-9c342296b40c,2026-02-28,1,1
560cc2d5-077c-4c25-b0d4-761d5d30f6cc,2026-02-28,45,45
5aceb86a-0ef6-4ceb-935b-b1e4ec4fca80,2026-02-28,1,1
28a6bb8b-89ef-4344-bc68-073241626d6b,2026-02-28,1,1
6359558f-aba1-4ed3-8763-9ad70ba6d600,2026-02-28,10,10
9985db27-b770-41bc-98a2-08be89513b91,2026-02-28,1,7
b617aefb-7d56-43df-bcfc-c4c4441e0a5c,2026-02-28,7,10
cedef50c-0889-4626-a3c8-5829f186f6cc,2026-02-28,1,1
f28831d1-bb02-4d66-a141-8adc62783723,2026-02-28,1,1
fe0d911c-a9f9-4f29-8195-7fcf5ba35c9c,2026-02-28,10,10
2b1e74cf-b0b3-4f29-9aef-d7c350daba88,2026-02-28,14,14
3df16808-b2c2-440f-89f8-46530258e9c6,2026-02-28,14,14
49c841f6-ef5a-4898-9e9a-c624d476e8ab,2026-02-28,14,14
71ba06a2-a4bb-4811-be5c-8a79daefd386,2026-02-28,10,10
b10e6be2-dcc8-4090-8d3a-8763799a135e,2026-02-28,1,1
db0dc70d-84fb-4892-8793-8e5bd9c611f7,2026-02-28,10,10
f5dc09a2-2f39-455f-84a4-3a44f28a73ad,2026-02-28,1,1
24ada7fe-5c29-4398-a5a1-b188e917cb40,2026-02-28,45,80
b67d17da-355a-4f11-bba2-f4e6eb78a966,2026-02-28,14,14
e0371133-3649-4161-9ddc-c30e97dca500,2026-02-28,1,1
054ff223-6364-43a2-8934-3ac7c7f5901f,2026-02-28,14,14
6f34601d-7c2d-44c9-810c-d291d96f9829,2026-02-28,7,7
b11b7e00-4a95-4d76-a804-5c0396281868,2026-02-28,14,14
e6c1b4f9-6f4f-4068-8a3c-2f8e5b1c47a3,2026-02-28,1,1
f7b68590-8571-4f37-a678-fbde0e71bd78,2026-02-28,10,10
17908414-7022-461f-bfbb-374a6ee92917,2026-02-28,30,30
2935a46e-dc87-48e6-895d-8cfa93afb1b9,2026-02-28,1,1
489cfd3c-4cb3-4ef3-af1f-7a3a0a34db30,2026-02-28,1,1
732a09c5-6cff-46f6-bfd4-a0901af4c1eb,2026-02-28,45,45
8882690f-26c3-4518-b950-87498f5b2cef,2026-02-28,14,14
b8b05a27-ea10-4da0-9a18-22794f3961f9,2026-02-28,14,80
c4079bf1-1857-4766-8b49-ccd32fcc8635,2026-02-28,1,30
dec9c805-963d-4ac5-92f9-be410745e3fb,2026-02-28,7,7
04ced4dd-1952-4c60-8c2f-e5a37bc972fc,2026-02-28,1,7
8e2b65dd-e56a-4105-8479-c5cba4741da1,2026-02-28,14,14
946037d1-8068-4544-b27f-9a44da4f86f9,2026-02-28,1,1
9a5b8adb-54c8-48ad-af6e-0793f13045d0,2026-02-28,90,90
decbe7fd-a222-409f-8819-c2211dd588e2,2026-02-28,10,10
3d5cad68-fe02-4a1c-bcee-a457ba62df43,2026-02-28,14,14
4976c26c-2ae9-4a9f-9153-eacadb187abf,2026-02-28,14,45
5d84ef3f-774e-4f1e-bc61-84f61b53edc0,2026-02-28,1,1
72286505-9f62-4bde-91e9-470004ef8911,2026-02-28,10,10
ef19ec6f-47e8-47e3-be11-ae9fe6760798,2026-02-28,7,10
0b00eeec-7bfe-439a-902e-02f05876234d,2026-02-28,1,1
13599e1e-a74f-45be-9eeb-423e2be3461f,2026-02-28,1,14
1cabcf34-2434-47a8-bb1a-1ecb3956d7e3,2026-02-28,1,7
288186ae-a555-4e81-a5ed-cae362ea4695,2026-02-28,90,90
7092be91-a099-43a5-ad5c-c3536d023c81,2026-02-28,14,14
a7451272-9ccd-4333-b1ab-59cb1de5397c,2026-02-28,1,14
b2d17bf0-b184-46c6-8f0c-51913f3f0076,2026-02-28,1,1
b5f73364-14f8-4b4d-8119-612a399a2299,2026-02-28,1,10
bc355dcb-2e39-4baa-b0ca-eedf5e5a73e9,2026-02-28,1,1
fa527210-bcaf-45d8-8aca-6da1d80b4b32,2026-02-28,10,10
0247d68a-cd17-49df-a030-dc1e979e9261,2026-02-28,1,1
385bbf42-e255-4e00-96d5-af9a3b4a6503,2026-02-28,7,7
4e37cd57-e437-40ad-9f3a-53190e14f688,2026-02-28,10,10
4e4aca3d-52ae-445f-870b-a358f93e1299,2026-02-28,60,60
80f42821-2b93-445c-9f84-424f0d6df750,2026-02-28,1,1
88b9c344-ac51-4ea8-8559-e6f947ab0302,2026-02-28,14,90
e9facf65-d7fe-463b-878d-dd08497d8339,2026-02-28,1,1
f3cef4bd-b416-4b17-801a-2ab1ab4263bc,2026-02-28,30,60
8d82e243-0fb8-44bc-9ad0-679a9bf43ab0,2026-02-28,1,1
cfd12949-7d43-4f8d-90dc-75dedf39968d,2026-02-28,1,1
d97722e7-b1c1-45b6-a5d3-4d2654ba2476,2026-02-28,1,1
dfd1ad5a-bd46-439d-8834-6e3a64676dee,2026-02-28,1,7
04452e7a-09ee-4bda-bb5f-bfcc6070b033,2026-02-28,45,45
41705b10-f4c8-4b6d-bd56-eba257196704,2026-02-28,14,14
777c8a5c-3b83-4fc3-9e58-04fa2545a20f,2026-02-28,1,7
786c5539-e0e3-4281-9be3-4b26b28a6bc6,2026-02-28,14,14
a1bd2ea6-8e01-40bc-ace0-4bf2f93fb702,2026-02-28,30,30
d9a51c34-4e8e-4fa2-80ee-3a811110cccf,2026-02-28,10,10
14b692ef-05a9-454f-9c1a-78ce0daa3e48,2026-02-28,1,1
86ef4a56-eec0-4fc9-ab06-7750976e83ee,2026-02-28,14,14
936ed8f3-26f3-404c-bf01-18b9fbf0afc4,2026-02-28,10,10
b4804967-b24d-4152-822b-a40e160607d6,2026-02-28,14,14
c6162269-e5c3-418f-9e57-bbab5f557f34,2026-02-28,1,1
0379d510-78db-4076-8609-28de95a542ac,2026-02-28,1,1
7a15a182-cdba-4e42-89dd-a01ce42eb141,2026-02-28,10,14
8c9e5178-5f9a-480c-b44b-17f4027b5557,2026-02-28,10,10
9f4b759c-1d69-40ec-83b0-8163aa35e1ee,2026-02-28,1,10
e8217860-a092-4e69-8e9d-7c77a8e96ccc,2026-02-28,30,30
0822171c-1599-4990-99d6-1af626cbfc07,2026-02-28,1,14
1ecf48d7-eb69-452e-88f8-541812a3938a,2026-02-28,30,30
20cbde34-a5f5-45b1-a337-206285ed71d1,2026-02-28,1,1
3392f80e-bd97-4195-a135-e767d991d166,2026-02-28,30,30
4e4bd1f9-06cc-419e-9c7c-2d5dd525f715,2026-02-28,10,10
5231d955-cd49-4320-8da0-3b40ed55702b,2026-02-28,1,1
57d8e7d5-4289-4e63-b950-09bdf25692c1,2026-02-28,1,1
5bc1462f-3ab2-412f-a06f-991043a55499,2026-02-28,1,14
969dde69-89b8-4998-802b-55ac4a1d09ac,2026-02-28,1,1
9e36e67c-bbe0-47a5-bf02-1027c2ee3ac0,2026-02-28,1,1
adaefa4e-2bab-4f30-b4e8-b011c196e7b0,2026-02-28,10,10
ed0dafb3-3f47-4e98-b783-0b1ada7bf537,2026-02-28,45,45
1c564ded-6016-4b48-aec9-4d645b3effca,2026-02-28,10,10
5e88aad9-f175-4b95-8f30-ca44327c169c,2026-02-28,7,7
7f78df58-a229-4636-8180-24208a6bd9fe,2026-02-28,1,1
071c88c4-80fa-4c12-8b03-43a20e1eb0d4,2026-02-28,14,14
0e40b383-38e0-47a8-b062-d3e724a03ab3,2026-02-28,1,1
4ab147db-3646-4130-b77b-205a35df8bcd,2026-02-28,14,14
52875f1b-48fc-418a-8496-99afebfee0d0,2026-02-28,1,1
5f89c8dd-4aff-45d7-9afc-92b12d3a999b,2026-02-28,1,1
669c232b-65c0-4ee4-af4f-52f380b4975c,2026-02-28,7,7
7749cf8a-0088-47d2-98c9-3718a570918e,2026-02-28,14,14
93b5808e-bd91-4ffb-bba2-b54d8ad47319,2026-02-28,1,1
9dc00187-4ead-4fd8-b8d9-44a92c3aaab7,2026-02-28,1,1
eca3741e-350f-41c4-b94b-40d0cd96c515,2026-02-28,1,14
f3bc7fe0-c385-4928-802f-59850252b29e,2026-02-28,1,1
61456860-6f3b-42f4-90d5-0bdcaf032488,2026-02-28,1,1
ad8c00c2-7495-40c1-b10c-8307c6780c35,2026-02-28,1,1
e240ac17-1cba-42bb-8cad-cb22dbf3edb3,2026-02-28,14,30
ecdaeb14-c37e-4510-a66b-b481ea0f8d5d,2026-02-28,1,1
17776869-02ac-41f7-a32f-62320d4a6059,2026-02-28,14,14
4ff4b3e3-3ac1-42b4-8201-a9dccbd6efff,2026-02-28,7,7
8520bc73-4b0a-4c0b-809a-d27025fe4a4b,2026-02-28,1,1
c1d4b004-aa40-4265-9e77-8c1b2049a980,2026-02-28,1,14
23ac3762-0fb1-47ab-b0b6-0add2e20c9fb,2026-02-28,14,14
2b4dcfad-db98-4140-80f0-0dd9a39f4ce3,2026-02-28,30,30
5e61bb39-096b-4dd8-9145-93d574a67dd6,2026-02-28,45,45
774b925f-bf85-4b11-af40-d50dd6396fd9,2026-02-28,1,1
7df93393-27f9-4373-83f4-3f6469c54141,2026-02-28,1,1
8a23ad56-73c6-4f8a-8323-e4285ef00a16,2026-02-28,7,10
8bd04474-15cb-41cc-8147-3f51c51d1319,2026-02-28,1,1
be773988-31b7-4617-ba8a-65fe7cef2915,2026-02-28,1,80
cc750fb5-45b0-4c05-a3fe-8d6e98c86ec2,2026-02-28,14,14
f97fa9aa-5f31-44c6-ab82-20febd6e3a3e,2026-02-28,7,7
fc925974-398e-44db-8fe2-757139bfe3bf,2026-02-28,1,1
3fb712d8-f229-4b02-9724-667a0409ec26,2026-02-28,14,14
4c42b0e8-be1d-47d9-84cf-7966ff718bfb,2026-02-28,7,14
5a5ba594-b4e7-4e3e-b1a3-bc7098e41ab7,2026-02-28,14,14
ad1c365b-a9de-4ef9-9487-8566ba520ce7,2026-02-28,1,1
3e1efe53-18f2-4bef-b4c6-aab3fb87d474,2026-02-28,7,7
489f5998-1ead-4689-bf2b-928f6894b4a0,2026-02-28,14,14
a0283584-cab2-4079-9cf7-145a04209ec9,2026-02-28,14,14
caa1e660-b063-4741-a351-6323658dbb73,2026-02-28,7,7
ce454a7b-2087-45bc-9ea0-a2387b18779e,2026-02-28,14,14
0039e4ce-f974-4709-8d24-d70e99d81e90,2026-02-28,14,14
1b8935fc-b7a6-40dc-9d0a-7837967c2f9e,2026-02-28,1,1
21521368-f8fa-4af4-8791-64fe8a98c50d,2026-02-28,1,1
9373dc5b-89af-4dea-bf20-b078575adf28,2026-02-28,14,14
9d354a13-7377-4705-a091-ce96ae4aa474,2026-02-28,14,14
9e126c6f-02bb-4f0c-8d80-c9012e3df222,2026-02-28,14,14
ea8d1bd9-6a59-41f7-93f6-538e37fc8783,2026-02-28,1,1
3683b372-035c-42d5-843f-2aba7ad460b9,2026-02-28,1,1
4fd152d4-c0bd-4059-a412-699c29a80f30,2026-02-28,1,10
14a9f88c-cfd2-4674-8778-edbef55ab2da,2026-02-28,10,14
29a2a92c-f923-48fd-beb8-0167eefd6a06,2026-02-28,14,45
3d7338b8-ccc1-4fba-b9ce-e70affc00b5a,2026-02-28,14,14
5844b8e8-5a0f-4943-95cf-25a212e7e8ce,2026-02-28,7,7
5a58aab0-6f04-4578-8f22-37f6f0d6bb0e,2026-02-28,7,7
7fede8f5-d705-4141-abfc-9a54f960f5d5,2026-02-28,1,30
bd638b10-deac-47fb-bb9b-41c5a2e75d64,2026-02-28,7,7
102eb31b-55f2-4f75-885c-53df69a32d61,2026-02-28,30,30
17f46483-adb4-4614-bcd3-157d57ef7f00,2026-02-28,80,80
521ce8c3-b501-4c83-8acc-c1327919d257,2026-02-28,10,10
58dab9df-36b7-4929-af95-763e22d39efa,2026-02-28,80,80
6560f61d-2f30-4fa1-800e-701a7a49f0f1,2026-02-28,7,7
66d67ea1-83db-4058-b00f-51d1749f1957,2026-02-28,1,1
9738924a-934f-44d8-9f38-a21a23bfe1c8,2026-02-28,7,7
9ab36346-3c5d-4bc7-92d2-b2a9aef36ab3,2026-02-28,1,1
f86e7929-6b3f-4451-b638-6785c6145a39,2026-02-28,45,45
f8e4a9b6-0e32-4231-8ddd-d4f53641289d,2026-02-28,1,10
87a22571-c207-437f-808a-3580814fe3be,2026-02-28,1,1
99a83624-fa73-413d-9027-1aec056f42d2,2026-02-28,7,7
e67ea9f7-8778-49ee-82cd-27645282b47b,2026-02-28,1,1
efa522da-69ca-4a58-a6dc-83aea70f1d3a,2026-02-28,1,1
371cf17a-9755-43d3-a977-c38a36c649ac,2026-02-28,7,7
5722bc8c-64f7-4f65-b332-8207bd473895,2026-02-28,75,75
88488d0e-8f29-4a88-b580-59a63296c5fd,2026-02-28,14,14
9be1a8d7-907e-424b-ad0f-f196bd3aa43d,2026-02-28,1,1
d983ec61-1cca-4739-9cfd-aaf20e303b5e,2026-02-28,1,1
f3431da5-a94b-4a48-a498-17975f103cf8,2026-02-28,1,1
38891450-bb8b-437a-b2fd-433b2d3add77,2026-02-28,60,60
6fdeaf5c-92e1-471b-ae37-813b7f1626dc,2026-02-28,1,7
b69a9f39-6f22-46c0-8804-3423ca329c3a,2026-02-28,45,45
b9096a4b-d06e-4a29-9be6-6ac1c472142b,2026-02-28,1,1
c73da49c-4b14-4c0f-bc99-8e06bd55cc29,2026-02-28,10,10
d096869f-3598-4e61-ad4f-80d79e583516,2026-02-28,1,1
ee602ca0-359e-4e45-b8dd-b46219613ebb,2026-02-28,10,10
fddc9bdf-c16e-42e0-85c1-3d311bf70a31,2026-02-28,60,60
07751eac-e0c3-468d-acc7-89c7608a981f,2026-02-28,14,30
4bf985a6-58be-4d11-a7e3-0f943b38ae3c,2026-02-28,10,10
7ca715e2-66f5-4aeb-92b0-974cfe3f4ad5,2026-02-28,1,1
81f4028c-c58e-4ad5-92ee-f8a97f197b8a,2026-02-28,1,1
831da95b-3d65-4b16-8bee-ad25d267b2e9,2026-02-28,14,14
1b40329b-2b94-4da9-9c74-4cd7fd6c410b,2026-02-28,14,90
7152027f-448d-4c05-816c-a170e1c66f1a,2026-02-28,10,10
9d970ec1-5a7e-4586-9293-575b7892fbb6,2026-02-28,1,1
60480faa-48c7-4aeb-8e23-6f1be3c459da,2026-02-28,1,1
71d9ff3a-55fb-4615-9960-eb214af1718a,2026-02-28,7,7
ad8acbb5-830a-454e-8550-247bec66bb2b,2026-02-28,1,1
bf373a4c-5653-4f8c-b2a1-5714cd11fce6,2026-02-28,1,7
5b71ac2d-d5ba-47ae-8e85-c406bed95a0f,2026-02-28,14,14
816960fb-05be-474b-92dd-bf6f155eae0f,2026-02-28,1,1
c59e0aee-da4b-4661-a699-b85120e847bc,2026-02-28,1,10
0198b39e-e128-40a4-8efe-dfa4c87f55f2,2026-02-28,1,1
278e2368-85a9-4320-b68f-e4142a406f38,2026-02-28,45,45
27cb1683-214d-4aca-9955-a78d61b9d487,2026-02-28,1,1
3751f886-e5e7-4c0f-8555-04d38809ca5b,2026-02-28,10,10
437baa7f-83aa-4ace-ad14-e3a07c347ad9,2026-02-28,7,7
47f7789a-a51d-480c-8289-c83b569c220a,2026-02-28,1,1
56bae302-7afe-4f43-bfd8-a73533a08e3e,2026-02-28,10,14
7b5a6f9d-c70a-44d3-a979-14323679e399,2026-02-28,7,10
864c41e1-a008-4c38-8e5e-4d3ab723a8c4,2026-02-28,14,60
944d6240-c7b5-4a87-a855-21ed09e35855,2026-02-28,1,1
2f038ccb-4df9-4bff-b976-7a8b8c35bd0f,2026-02-28,10,10
6cb7861f-0142-43f6-80d6-011395a30508,2026-02-28,1,1
910cd610-8656-47de-a455-1c70622911ac,2026-02-28,1,1
575c2973-de26-49f1-8713-6fbde13c29c2,2026-02-28,14,14
a43a0bb8-b913-4eb7-9485-e9c559a6cd54,2026-02-28,1,1
c98c27f0-a698-4d10-be1a-dbebdab6148d,2026-02-28,1,1
3d2313a4-cf0c-48eb-bd11-917cb1f979a6,2026-02-28,30,30
408f10f7-3fd4-4f39-ad9f-cc4d8055b46d,2026-02-28,1,1
839e6946-4075-4964-bbb7-318bca27a3b6,2026-02-28,7,7
874888e5-303e-490d-afdb-986d070e2098,2026-02-28,90,90
af32e007-f20b-4dd6-a8d5-fcab3293f7d7,2026-02-28,14,14
b8c2bd82-76d5-4261-b1b4-c0a0ee659df4,2026-02-28,10,10
c28e04ef-2103-486f-87d7-368ab8514ac7,2026-02-28,1,1
c69c7e64-642c-4851-b8e8-ec6cd02f83c7,2026-02-28,14,14
7dae389b-6e6b-4298-aa0b-34084f61209f,2026-02-28,14,14
848c16d8-a6b5-43d8-b414-086509fa021d,2026-02-28,80,80
8f550b34-c13a-4d81-b4c5-4ca07d2fc500,2026-02-28,1,1
2a53fc8b-f337-46a9-8f82-5abe935fea3f,2026-02-28,1,1
f4967536-d9d6-4822-ad3d-f167af2d7b90,2026-02-28,10,10
034414c0-716e-42bc-969b-374d60ca1c5e,2026-02-28,1,10
3e8c660e-41e3-4991-9e99-f993d36bc3d0,2026-02-28,7,14
4c9a6336-71e3-4d8b-a23f-aa2ba3ed28b5,2026-02-28,14,14
8e1d3cc3-3695-4e1e-af26-bbeee8e6fcc4,2026-02-28,1,1
d2220d77-7828-4a20-a361-0056deded723,2026-02-28,1,1
ed8795a9-f1dd-42d2-b581-b00d1ee1a22a,2026-02-28,1,1
070d8a48-65c9-4339-bb18-3af5de235510,2026-02-28,10,14
0972c0b4-4c27-4898-9c93-0ad493ef0487,2026-02-28,10,10
79072a53-9756-4567-8330-5bbba8121084,2026-02-28,30,30
7a8ef015-5b46-4efd-914a-6850b7531e88,2026-02-28,1,1
8d5a2f2c-dd72-4943-98f2-d002befacd6e,2026-02-28,1,10
d0c3ffe4-c2d4-4744-b1cb-07b69dcace53,2026-02-28,1,1
412cac91-c194-43ce-9df2-a02038848b22,2026-02-28,10,14
6b15c438-40ec-48bf-ba4d-3dee5ee3d79e,2026-02-28,1,1
c035e9a7-ff92-4feb-be5a-606552ff2127,2026-02-28,14,14
d0a2621b-0cf2-417d-9e68-d9664db4ce8c,2026-02-28,10,14
d3863d2d-20da-4e36-ad12-eecdbcc022ca,2026-02-28,14,14
ee5d26e8-8fe9-4b9b-bdc0-123092b635a6,2026-02-28,10,10
f875813d-5a9e-45bb-af1e-5e7eaa1bda14,2026-02-28,30,30
0b364183-c9d6-498b-b0fb-276cea06df49,2026-02-28,14,14
1501a909-7c16-47eb-ac29-729ccbb5babe,2026-02-28,14,14
45fd5a05-46bd-41a7-950a-0e403081dd8d,2026-02-28,1,1
5495b664-9195-4b98-990b-675962667395,2026-02-28,1,1
6bee4a2e-0797-4ab9-9852-84daa564baae,2026-02-28,7,7
8828ed93-8bd1-4228-a13a-689cba5ecb04,2026-02-28,1,1
a8fc673e-d24a-4a37-a981-9f56f9e6ff54,2026-02-28,1,1
be927dc7-79f6-4b32-88e5-f7db96547cfd,2026-02-28,1,1
d1795bc0-6d6f-49c4-bf46-00beb4bd51c8,2026-02-28,1,1
5d9b6aad-532b-47ce-9af5-07115f704157,2026-02-28,30,30
974b0c0b-4c4d-48ec-8919-ff4aada3f46f,2026-02-28,14,14
26b18a3f-0f48-4d4c-bce0-1b249ec7136e,2026-02-28,1,1
4e1240a8-cc7f-44ce-8e96-933c6fb32eb4,2026-02-28,1,1
66d362c2-8665-42b0-8d81-0a49f2a05a40,2026-02-28,1,1
6c5dc876-255e-4939-a3ef-92826be4fa47,2026-02-28,10,10
7bf0fbc6-7237-4c46-9cc7-a5b9580801be,2026-02-28,14,14
8f279a95-9c2c-46c9-8ce0-483e4e15ed21,2026-02-28,1,1
a52ec974-6612-4ed5-bd70-504180d98752,2026-02-28,10,14
ba1b6732-e242-4c0d-a7dd-85868087a260,2026-02-28,1,1
1780f368-b034-4488-8516-a4d876b342e0,2026-02-28,1,7
45848d7e-5161-4d49-870e-7863a24ada15,2026-02-28,1,1
4b9fdf0a-78e6-4225-ac6c-f822dc8ed666,2026-02-28,10,10
8c3759c9-30b0-4bd0-ba62-48fcfdd7cf01,2026-02-28,30,45
e3fa4fc7-6591-44d5-9bef-99592bca3109,2026-02-28,45,45
fd082339-ec30-4f88-ae32-51bbbd3f0bed,2026-02-28,10,10
5ee3cfcd-227d-4b11-9ff6-e559432270a2,2026-02-28,14,14
61e8f7cf-c2c8-4ac6-90bc-f6165d23dd82,2026-02-28,10,10
6618034b-bf5d-4592-b4b3-829e9959686a,2026-02-28,10,14
d4556c54-cb1e-4b33-929b-43becada6d4c,2026-02-28,30,30
e9aca8e6-c3be-4552-94f6-1efd26987b70,2026-02-28,7,7
f65d1a3a-637d-4d29-bfdc-924ae458518c,2026-02-28,14,14
1f6ed308-ca4c-48a3-afb1-9cc7fecbe3f9,2026-02-28,7,14
39bfd1e9-1db9-4919-a466-1523db34f461,2026-02-28,45,45
c40335a9-62b3-41c8-bf48-8dae231ffc19,2026-02-28,1,1
cd1e62ae-f804-41e4-be22-8c1c2e2f4fdb,2026-02-28,14,14
ce4c24b7-a665-437a-8f9a-be0630f60bbe,2026-02-28,1,1
33837741-07b9-4d20-a598-5ae632adcc00,2026-02-28,1,1
62d34fa8-c720-4a09-a52c-708f64f7f8eb,2026-02-28,1,7
171e282a-6571-44c9-b816-70b9dd32a154,2026-02-28,14,14
332a763f-26f7-46cc-841f-5a9ae07f83a9,2026-02-28,1,1
61fb2928-00e3-4c9f-aea3-00ad418d2030,2026-02-28,1,1
649335df-6973-46fe-89ef-3920c1bbb35e,2026-02-28,1,1
657b71cf-f096-48fc-bb88-233af2e285cd,2026-02-28,10,10
8f7dd2cf-47d8-4cbe-9b10-b96014edcc73,2026-02-28,1,14
91d2c0ef-db7d-4e22-866c-0eb40ae63b1c,2026-02-28,1,14
9b56c495-f29d-4f22-921c-dd5227a6eb04,2026-02-28,7,7
b7e8fa0f-0562-4e56-b0d7-f4108c57226a,2026-02-28,7,7
f3a55651-6ae6-494d-9764-a3b0d2090cb3,2026-02-28,14,14
05e976b1-64bd-4212-a6dd-66b784320f72,2026-02-28,1,1
0b160e44-de8c-40dd-b377-e22ace6c0a85,2026-02-28,30,45
29f58a03-28a7-43bf-8f52-83091ff8069e,2026-02-28,1,1
40ec2ab2-6c8f-4cfb-a4f0-22e72e40750c,2026-02-28,1,1
4a5c7268-314c-4388-890f-a1a1598b1f7b,2026-02-28,14,14
6c9bd655-ace6-4d87-8804-1043a49b010a,2026-02-28,1,1
beaa724a-d19c-499e-b2cf-c8bc4c7387a7,2026-02-28,1,45
e554569f-ed83-467b-ac6c-473d6c116f8d,2026-02-28,7,30
f61385f4-7674-4459-bcf5-5fc0fb1e2ec5,2026-02-28,10,10
23c487a3-6769-4b1e-a338-1e6cff0a3312,2026-02-28,1,1
72d4b8cb-2e17-4d8e-aa61-d4a83c11f0df,2026-02-28,1,1
bbeefeaa-dcf3-4d62-9fb9-12e909841595,2026-02-28,14,14
d7606d6b-a682-4a2a-8d87-f486fb99df6b,2026-02-28,1,1
f83ded07-fed0-47c7-b1d8-ca7e5be692b4,2026-02-28,14,14
238040a7-98e3-429d-a8be-9e0d3ed50060,2026-02-28,1,1
2ed2cb2d-dff5-42fc-b8cb-28f8dbefdb6c,2026-02-28,10,10
3572f5ff-b606-4110-bcb4-b9a12ea0d488,2026-02-28,1,1
3dee0d84-2af2-46e1-9f43-7ade29b3a171,2026-02-28,10,10
d01d555c-cae5-460c-a157-2f3e426d9f79,2026-02-28,1,1
ed747d09-6186-4fb0-bf0a-7519f97e8de7,2026-02-28,1,1
bd4c46a7-d091-4bf0-a5ae-1ffcf7d7583c,2026-02-28,14,14
c6f4b676-23c9-45fa-99a3-0187190a2fd7,2026-02-28,1,1
c7ea9053-a412-400b-88d6-7781ab909f95,2026-02-28,1,1
f9e6c2d8-2c6a-4697-96e2-aa857fabb35c,2026-02-28,1,1
31b25ae7-6d0e-46f1-b91d-6d13b874e995,2026-02-28,1,14
5040c2c1-e660-42b4-872a-f5136a45a3cf,2026-02-28,1,1
bae25a9a-8f2f-4a86-b263-5ca6a95b029d,2026-02-28,1,1
c73b0ee1-b59c-42b4-bf82-0cc489b353e4,2026-02-28,1,14
7afb6aec-6882-4ebf-9779-798b3d0a58e1,2026-02-28,7,7
8c9de8cd-f0df-449b-866a-eb6475eb4352,2026-02-28,1,1
b8806c0c-f14d-48a2-bd07-2f18f486ef30,2026-02-28,1,1
c1ace718-c245-497b-87e2-8138abb4a6d9,2026-02-28,10,10
cfc2e871-d23f-4372-988d-27fbe4b50669,2026-02-28,1,10
e327b3f9-3062-4f2c-93f5-1fffc4cdc005,2026-02-28,7,7
21923a3a-9e1b-4f9e-92c6-d7d1dcfbee27,2026-02-28,7,7
26f44034-8cd9-4cc4-a2bf-910d336cbfe5,2026-02-28,1,7
92477cef-b61c-410a-ae07-d25dac2809d2,2026-02-28,1,7
9c723078-f3d3-40de-b807-c493177fe511,2026-02-28,1,1
a2d4c73c-4c2e-43fb-85fc-aa993632349e,2026-02-28,14,45
c606fdb4-a6e4-4f83-ac69-576005db0f6e,2026-02-28,7,7
cef0bb17-2bde-45f1-a2cf-583857e87403,2026-02-28,1,1
15cdc593-6397-4bc4-be1e-7e6e7d76d354,2026-02-28,1,7
270f5467-be68-4904-9a17-8d6f0bcbbbaf,2026-02-28,1,1
342ecdc0-8531-4d62-a249-e1a8617f4d44,2026-02-28,10,10
4e4fc568-adc3-4436-ad2f-90ca7bf36650,2026-02-28,1,1
9373b176-b026-4035-b4ee-470fbd5ee1cf,2026-02-28,14,60
4a74f5e6-2c8f-42ce-aa01-0f67180a49f8,2026-02-28,1,1
dcb10917-c192-44dd-842f-8ad5b56837f3,2026-02-28,14,14
07573750-63db-4dbb-80be-3225a38c09c4,2026-02-28,14,14
2e8ad5f8-33b5-4065-842f-71b8de1fb595,2026-02-28,10,14
ac775c3f-7e49-4b12-84d8-bfcf681b75f7,2026-02-28,1,1
2b5af01b-de66-4d99-bcce-d0bdf1c5976a,2026-02-28,1,7
52de2ef5-d6db-4231-8d47-8fd03ac22475,2026-02-28,1,1
91b60783-3a08-4b69-af70-11c37d956192,2026-02-28,1,1
93a818da-259a-4637-b6c4-1dcf566d465a,2026-02-28,1,1
a693398a-1442-44b9-8568-7e69c7ec3079,2026-02-28,14,14
c55593f4-a419-47ee-a044-1344adfbaf16,2026-02-28,1,1
d149c61e-c2a4-470a-8f66-4f5dc2fb204d,2026-02-28,14,14
2f7c32e6-cded-46f7-bdc7-dbdceb6232d9,2026-02-28,14,14
3db7ea9e-1060-456a-b054-503fea760dab,2026-02-28,1,1
45efe083-24f1-4c64-8561-790c4f542cf6,2026-02-28,14,14
65e0ba40-7bc2-40ad-8186-39e53dd5aee7,2026-02-28,1,1
83c15c5b-4b9f-4d50-9d75-daa4457e30f1,2026-02-28,14,14
98b19a52-117c-484b-b37e-d2e305d37b64,2026-02-28,30,30
9fd220a9-c512-40f5-b56d-b65ddfd70691,2026-02-28,14,14
ad468f7e-273e-4770-a8fc-2240c0be5f0a,2026-02-28,10,10
edc7c24f-273d-44e5-998c-7d84674b9f50,2026-02-28,7,7
01e8b054-92a0-4850-8731-4932fbed6d48,2026-02-28,1,1
44687869-b4ec-4ea1-b659-ce14a205ebf5,2026-02-28,90,90
4ad8e401-8f15-43e1-81ab-c7dfc573ba6c,2026-02-28,30,45
4bad2c02-2d88-40c3-8a7b-3517f2e0b32b,2026-02-28,1,1
535aa790-c418-473f-a415-8d61d672b035,2026-02-28,7,30
53ec9ff9-32d8-485a-9aa1-a03ef7b62cd3,2026-02-28,1,1
71b2e918-7626-4ab3-85af-b1664f449fd5,2026-02-28,1,1
7523da86-a729-4187-91c8-c90735c8923d,2026-02-28,1,10
7e04db3f-077c-4af4-bd28-b80fa9bcfa85,2026-02-28,7,7
8379eca6-ef35-40bf-9af3-aa5f2eff768c,2026-02-28,1,1
afae732e-a2cf-49f5-8c73-0635534bef08,2026-02-28,1,1
0f8c3a02-2717-4c02-8440-48254d5aa38a,2026-02-28,1,1
94c8c778-4a1f-41bd-b660-f4c81826e298,2026-02-28,10,30
be3bc7d3-356d-4c6d-b80d-13ef5b472c32,2026-02-28,10,10
ca1cd338-7144-4359-ab61-dcc878406f09,2026-02-28,1,1
20d6eacb-a2ef-45e3-9f86-5aa4c5b1aed7,2026-02-28,1,1
93027337-eddf-4fcc-bf24-b77bd42d4b9d,2026-02-28,7,7
977eab15-6505-4280-91e1-06c311e45405,2026-02-28,7,10
a3ec5354-e5a7-430a-bd3d-3f3aeb9235a5,2026-02-28,1,1
b61ff144-785c-4894-9f3c-8cc13837d68e,2026-02-28,1,1
532c4bd5-c89e-4145-a837-21507605187f,2026-02-28,1,1
59fc8f27-5e79-497e-aea0-a5e9217a06e2,2026-02-28,1,14
5bef3786-a257-460e-b29c-bda97dfdd2a7,2026-02-28,1,1
732e7158-b381-47e3-ac43-d0d9ffcd2ebc,2026-02-28,7,7
209c6673-460c-4935-98bf-786587672cd2,2026-02-28,1,1
3f4b331a-784f-408a-aa52-3ff78b173d50,2026-02-28,1,14
70e0b5df-493b-4a0e-a1f9-d69d1d0afa82,2026-02-28,1,1
81bf216f-0fe6-42cb-acff-aa9d319d476f,2026-02-28,30,30
a8d9a018-4ec6-4284-af27-62f16ca139ef,2026-02-28,1,14
bf80af37-e38b-4917-a4eb-3b936522b634,2026-02-28,1,1
cfbd8485-3925-458e-a359-e28b2c63ba10,2026-02-28,1,1
ded5216d-c4be-4cd6-8801-f715f1809578,2026-02-28,1,1
f5174bb5-46ac-4bbc-a9a3-f31a1f7b08e1,2026-02-28,14,14
285bf978-013d-4510-95e8-f248f78142be,2026-02-28,1,1
7b5d5fe6-5431-481d-99f0-9bcf0a201364,2026-02-28,1,1
ac045d50-b328-4af5-bd7a-e3a925342fc8,2026-02-28,1,1
cad6f465-ebe0-4959-b13a-eca1632fd117,2026-02-28,1,1
004319f7-fa3c-47fe-a315-32d6bdd63da6,2026-02-28,1,90
14a709c4-514e-4f53-ad75-e95eda8598a2,2026-02-28,1,1
3ec64631-9b79-4b3f-b3c5-b79be8edcb29,2026-02-28,1,1
739de581-2b40-4903-bb59-4d72699d4b77,2026-02-28,1,1
d1a87cd0-32e5-4356-8cb6-4e6b60945c2b,2026-02-28,7,14
ea92bdc9-4b8b-4e1d-a769-36eca85d0f32,2026-02-28,7,7
13347aa2-4bb9-4188-a21e-8dec93fc0496,2026-02-28,7,7
22762b8e-2e64-46f0-b2c2-feb64be765b5,2026-02-28,7,7
b3303c72-0646-490e-a4fa-87e6366487ca,2026-02-28,1,1
c91c1ca6-7929-4278-822b-d333b1e5d373,2026-02-28,14,14
27ad119a-cc75-4bd5-b5ce-8d81b7613846,2026-02-28,1,1
384ecccd-ff3e-4b17-a706-ade03c84577a,2026-02-28,10,10
41b60f39-48c9-493a-850a-6c823d774050,2026-02-28,1,14
6dda81c2-06cb-487f-a015-8d39b01d72dd,2026-02-28,1,1
982371d1-a175-4323-a0e3-eb620fa28270,2026-02-28,14,14
9f253045-cde5-493f-924f-2c89db08e2c1,2026-02-28,45,45
a5120ba4-108e-4d9f-b56c-370f7280177f,2026-02-28,10,10
f58662ef-5dbe-4bc1-aece-8c21ed58212c,2026-02-28,45,45
1773d176-ec11-4a07-8e22-a9653ebadd20,2026-02-28,1,1
3f3af517-ed83-466f-80ec-2e879836cd68,2026-02-28,7,7
f42b268d-1774-43cb-baf9-7163a11c86d3,2026-02-28,10,10
32e2404d-48c2-4d3f-b913-2920fffd2880,2026-02-28,14,14
46f876c6-8410-4172-a522-9aab341bd7fe,2026-02-28,14,14
601a7592-2e3f-48b5-9e6c-dc77ad1b40dc,2026-02-28,14,14
819edaf2-c3a4-4c33-b794-aaf331743c2d,2026-02-28,14,14
a0656276-5ee5-4556-9b5e-fe92e4a5538a,2026-02-28,1,1
a5513662-2345-4cf7-9f48-edcca34fdc89,2026-02-28,1,1
e7bfa2b6-04e5-4bcf-83d1-351cf66ef566,2026-02-28,14,14
051c4709-760b-482b-b58e-b7679ce2ab12,2026-02-28,45,45
1491e905-84f5-4695-8b4f-c7a0abc4f2cd,2026-02-28,1,1
38a8d92f-d3a6-4dfd-9c3e-845e96570034,2026-02-28,1,1
4b01e79d-08fb-44a0-a11c-5b30d0031988,2026-02-28,1,1
66d4a91e-989b-4d7a-a77f-fa7e4191d1d7,2026-02-28,1,1
7a39391b-7e47-4253-ac83-fbfcf205fa1e,2026-02-28,14,90
f02bfddd-03fa-4565-828a-f42f643439a9,2026-02-28,7,7
20ca787b-53c8-4ed2-9ee4-b7eb10609f1e,2026-02-28,7,7
6cb5a6cb-2379-4390-a9a5-2d77de5d63e7,2026-02-28,1,1
ac1b2349-56dd-4306-ad90-81da9ef6686b,2026-02-28,14,14
e072f5ee-59d1-41dc-8061-21a22e36b226,2026-02-28,1,1
30690ea2-bcd3-42ce-a037-91301fce6a20,2026-02-28,10,10
5f4381e6-e200-4ff8-9ba4-5a7689855f41,2026-02-28,1,1
6171edc7-c69e-4a13-ac91-e88c9de6879a,2026-02-28,14,14
645cbc15-89f1-4c3a-9ca8-ca1aae110513,2026-02-28,7,10
79b927a7-bdef-417d-a790-3479c88fedb4,2026-02-28,1,1
825d94b4-6c86-4c99-aa3d-9df98ca4e97d,2026-02-28,14,14
8c34eb45-2e6e-4b6a-93ef-917d4256c7b5,2026-02-28,1,1
986923ec-c27a-4e7a-9e0c-20947a6e1139,2026-02-28,10,10
e48404ec-5a9a-40fd-a6da-535d6d03cdfd,2026-02-28,30,30
4b241891-0cb4-4d70-a160-55afca2fb7fe,2026-02-28,14,14
af027e1d-2d40-4a4b-bd54-74039dff9346,2026-02-28,1,1
d8068e50-3b9e-49a3-a06a-f32b80a80304,2026-02-28,14,14
04e91920-36b6-41c8-96ce-157cde11e9ba,2026-02-28,1,1
4e1dd7be-9fd8-40f1-b2dc-3f7a1ef78f9b,2026-02-28,14,14
84f170d3-0695-4517-8c84-b1315b4a6477,2026-02-28,14,14
b357fa67-eed6-4386-b761-78debc3ef49c,2026-02-28,1,1
c2f4092e-4b1b-4d7f-8fc7-a689db60ac54,2026-02-28,1,1
eab3ebee-cfb7-4a6d-84ff-46ab439cb0fa,2026-02-28,1,10
0c2e8064-7989-4da4-ab0f-f814d3759169,2026-02-28,1,1
36dd887c-f1b2-45a1-b0fa-710c9a448a27,2026-02-28,1,14
387adb02-3b80-4c26-93f0-0b611b785bb3,2026-02-28,10,10
5934d3d4-62f3-404a-a520-3f97a2548b67,2026-02-28,1,1
67385f3e-4687-44db-9d1b-03f358646fa1,2026-02-28,1,1
6aec84ff-2c8c-4549-949f-8173ba9e448e,2026-02-28,30,30
6b9ae74b-f3bd-459c-afab-db8b81635b46,2026-02-28,1,1
7cb65813-50d5-4172-a472-9561d83382b9,2026-02-28,10,10
8621b015-d435-403e-b4ec-f056a8869c5c,2026-02-28,1,1
8d2fba61-7829-4b17-a8e5-6d6a37373957,2026-02-28,14,14
aeef1483-19ef-48f3-9849-17e345d665a7,2026-02-28,1,1
b894e910-8538-4cf9-9d2e-f20251e2a255,2026-02-28,1,45
e74b42e2-457e-4d93-888e-00e56bd37450,2026-02-28,1,1
e802a784-1eda-451b-9db5-d1d28e3a4f16,2026-02-28,14,30
37bd3595-6dc1-4f11-be15-3a02fad050d2,2026-02-28,10,90
3e16c835-0449-4a7c-94c1-6e5233e59cfd,2026-02-28,10,10
41a5e571-afd6-4a32-91c2-e821a1f9fae9,2026-02-28,45,45
7786f8d1-b968-4801-9b45-48cbf0d138cc,2026-02-28,7,7
9dd4757d-8ca4-480f-a6e2-20bc316aa091,2026-02-28,1,1
de30d095-8ac0-4737-92dd-5a34fee6310a,2026-02-28,1,1
e15e19c1-177f-478c-8b9f-717d81c9929e,2026-02-28,7,7
eb732c3e-a665-4e5f-bcf3-a91a564efbdd,2026-02-28,14,14
bcb757a6-4679-4102-88a6-85ad67f34d7c,2026-02-28,1,1
e84aa411-4502-4081-99c9-f07af3b2f118,2026-02-28,1,1
258db295-96d8-4d9e-a0e9-21405e661fd3,2026-02-28,1,1
3749a883-94ed-49d1-b4f1-cf9c24c5781f,2026-02-28,1,1
468b6b90-eed4-4ca8-b1b8-fcd6289cebfb,2026-02-28,90,90
5fe1c3bb-59c6-468f-8c41-afa6a43f7a7a,2026-02-28,1,10
b7706a66-6900-4a61-8549-0aafedff385e,2026-02-28,30,30
bef6b2ac-fb43-4153-8fb9-a3e511a0f17d,2026-02-28,14,14
edd2346e-b70e-4b97-a57c-56455bf8cf56,2026-02-28,45,45
3aecef17-ae46-4c9a-9bd9-ad86635cac9b,2026-02-28,1,1
57d0e347-4afe-43dd-a050-7f0bed551550,2026-02-28,7,7
6c5f46fe-141d-4add-b445-99784692e178,2026-02-28,14,14
baba0a10-18aa-46f6-99b6-a40be7cdc683,2026-02-28,1,1
f21a19de-9a99-4df7-b062-5f893ba710c3,2026-02-28,1,1
4dd8d14e-a81f-4586-9523-72af839f949d,2026-02-28,1,1
819dc59f-c7f0-4dd7-87bd-8351f1bbe202,2026-02-28,10,14
c263deba-fcef-4900-9be8-7cbf09e93c96,2026-02-28,45,45
bcf60c9c-23db-413b-90b3-c9f1bbb6d9cd,2026-02-28,45,45
bfc6f64c-4e40-4d83-9cd7-ff88c94bd019,2026-02-28,1,1
e21d5752-e0cb-42c2-823f-ac3967cd1a0b,2026-02-28,14,30
16eadd8b-34fc-41c6-8723-33c39d5f821e,2026-02-28,80,90
2d162113-6962-4d1b-a76c-17a47f5a0873,2026-02-28,1,1
646bbbea-884f-4a53-ac44-8b54acce718c,2026-02-28,1,1
870c6306-3b54-454f-98d8-359a3d8aed32,2026-02-28,10,10
ab1ef75a-817e-456f-808f-feb7d8eac542,2026-02-28,14,14
bfae38f3-d345-4d27-9303-a05cf8230cd9,2026-02-28,7,7
cbf7bea5-a56c-4915-aa94-0f7a94fb4491,2026-02-28,45,120
d74aba30-741a-412d-984c-231ec675a0cf,2026-02-28,1,1
5a3addef-27a4-4279-9f7f-5d039649c1fa,2026-02-28,1,1
5d6734d8-9e81-4690-8316-19aca952d8ab,2026-02-28,14,14
88eb6e9d-61e4-4c66-8377-80041928b4c4,2026-02-28,1,14
bc7392ce-a3dc-48d2-ba1d-f250a2393499,2026-02-28,1,1
c6f4bfd0-94f9-45c5-9682-7cfe05ed831c,2026-02-28,1,1
f78ea0c9-5c8c-4a26-a173-ff946fe6bb32,2026-02-28,1,1
63cda7a8-462e-485a-8c7b-7c594c7f746d,2026-02-28,7,14
6de8df39-fc02-4281-ae81-98bd1e8c6975,2026-02-28,14,30
6e2913d6-4c1b-4ed9-9d9c-00a3dd171c30,2026-02-28,7,7
717f26f0-649a-43df-8dad-f43ede430801,2026-02-28,14,14
98c52e6b-76fd-4793-9932-617d0f32541b,2026-02-28,1,30
5ebe7dc9-3cce-4caa-863c-e6264c50677e,2026-02-28,1,1
712c720f-dd70-4537-aaa6-5599b884b4de,2026-02-28,1,10
dd79c482-a8b3-44b2-b239-1e7863a8bde5,2026-02-28,7,30
ecd2ce50-2bdc-472c-9254-e2715030b35d,2026-02-28,14,14
ff06eafd-74b0-40bc-9581-138b5ec26c35,2026-02-28,14,14
0ca25171-8e88-4541-b294-a88f47f78b57,2026-02-28,1,1
400cf8c4-2e95-4596-9b01-4fd295c556ae,2026-02-28,14,14
864c858a-67b3-4fdf-a668-eb9ce2551368,2026-02-28,14,14
a33ad287-1e38-4319-8057-f1cfb12d0b01,2026-02-28,1,1
c128a1d0-6c11-4c8e-91da-daa3192e4354,2026-02-28,1,1
c447b238-dd9b-42f7-95e8-fbe857792db7,2026-02-28,1,1
c76d9e46-0d13-4ee3-ba4b-61f376034bac,2026-02-28,45,80
eefc6b60-7a13-48e3-87b7-bf51506c0ee2,2026-02-28,1,1
f550ef05-5612-4f33-87c0-52210cabee45,2026-02-28,1,1
10c2f9e5-38c8-4413-b88c-ba9bdbbf30ec,2026-02-28,1,1
1b0cf5e0-f89e-4959-ae14-2a1e738ffb58,2026-02-28,7,10
20abacd7-308b-4eff-96f1-974399e1d3f4,2026-02-28,1,1
28c97d43-346b-474f-9fd4-b28247eccc1d,2026-02-28,1,1
54a97190-4cac-4a64-bd5f-44a8ccb346a5,2026-02-28,1,1
67ce349a-6525-4a6d-beaf-41ddfc28cd2b,2026-02-28,30,30
922f995e-65c4-4b25-b0f1-4ea932fb7307,2026-02-28,14,14
96609b69-d998-4ba6-929a-2c75fbaff39e,2026-02-28,1,1
9a1834d7-ccc6-45ae-80d2-ddbab3d56a98,2026-02-28,30,30
16dbd42c-4950-4466-8c0b-bfef625690fb,2026-02-28,1,1
76ad6918-09d1-47a8-a8d6-f015750dc792,2026-02-28,14,14
ce730669-2cdb-4e9a-986e-ce367e07aedb,2026-02-28,1,7
d22cc6b6-a9c0-4b1b-b824-b6834a2b1038,2026-02-28,1,1
03a84f78-3180-4164-92b7-d4840a91b64e,2026-02-28,30,30
0ac97d8d-b40c-4662-9079-4217112df301,2026-02-28,1,1
18563a96-9574-4fdf-b248-5cc1674d9891,2026-02-28,30,60
4172acae-151b-4b45-8d43-96a24cf2a4cc,2026-02-28,30,30
9837a9f2-9586-4576-9ae7-8f876d1ffe39,2026-02-28,7,30
086d4226-5557-4d57-9aec-436851baa590,2026-02-28,10,10
1d485cd2-8237-4694-a6ee-d6eacf48a267,2026-02-28,1,1
46a1e8b5-2f7e-48bf-b001-dd46d9ef0b8d,2026-02-28,1,1
87ebf738-5a26-4958-b1af-8baa5212c3df,2026-02-28,1,1
90bfe8cd-b9f4-4f2e-a11d-fb0c17c6a575,2026-02-28,10,10
bc1698ef-542f-47bb-b3f4-7a3bb95db3a3,2026-02-28,14,14
d15eca55-c2b7-4f5d-ab1b-379e2cbc3f2b,2026-02-28,1,1
fd7934b0-59b9-44c7-b114-84f27a048561,2026-02-28,1,1
0dc4ebaa-3eb3-45c3-a095-3b189223381f,2026-02-28,45,80
24ff9d7c-4114-447d-a0b3-dd21eb486a08,2026-02-28,1,1
50015efa-8c22-4cc8-9e05-0ff37ba7268b,2026-02-28,10,10
7742b572-4c62-4ce4-b556-e0928633e02f,2026-02-28,14,14
77742cae-2d14-42ba-a609-f02ea1052f41,2026-02-28,1,1
7b5f6e8e-e049-48fb-ae81-c8f40b098f96,2026-02-28,90,90
83705de7-e8cb-468f-8b33-2ceb607cb2a1,2026-02-28,45,45
8a95c9d8-b28c-4f48-8d0b-32854f7e8711,2026-02-28,1,1
9303c61a-3944-4d61-8a2b-788da675fe6c,2026-02-28,14,14
a899b788-eaaa-41dd-86d9-87d3f4b51a4b,2026-02-28,90,90
f24ce9c4-7066-4226-b832-8fba69a4087f,2026-02-28,30,30
f4c85680-5727-43de-8a10-02b6fdc39c5e,2026-02-28,45,45
409d71ef-01ef-402b-8d0d-b32190f56fed,2026-02-28,45,45
4413f3ad-05d5-4a24-8eea-104c36863fa2,2026-02-28,1,1
590a2ddf-e6c6-4694-ba4c-b72419a41b1b,2026-02-28,10,10
70019e9f-9dcb-4dde-b0a3-52503f69b8a4,2026-02-28,1,1
76bc140c-9dc1-4b60-bd06-40e5f2e68c44,2026-02-28,1,7
be80b80c-d304-4c33-bfce-0f70538de3b3,2026-02-28,14,14
d6bebcfa-3f1b-4156-92e7-e461d641dd4f,2026-02-28,1,1
82bceea0-fe41-4463-94c6-da3f8a2cd8f2,2026-02-28,14,14
bf5773ab-d7fa-431a-9aa4-f41e34d57adf,2026-02-28,10,10
c323dc51-4f0e-4a27-b6ad-8c79bc887ab8,2026-02-28,1,10
c625ef53-c0e6-4a5f-8a80-3ac2250cde2e,2026-02-28,1,1
0b4675db-fb2c-4ef2-8dcc-3b00b2c24ed3,2026-02-28,14,14
0efd0609-0ff7-4e6a-b86e-67b8d8f23fa1,2026-02-28,10,10
18b226b6-b674-4d31-a08b-55856b2539fb,2026-02-28,10,14
35c1510b-fb68-45a7-b877-27633473b35b,2026-02-28,14,14
827e7bb1-ed5b-4bfc-89e0-46b55413fa40,2026-02-28,1,10
8d108ef5-37a4-4ea2-882e-15bed8f6af6f,2026-02-28,1,1
94f612e0-440b-4651-8d30-4b141d5b582e,2026-02-28,1,7
e5ce8061-3ba8-40d1-b9b6-c8c9e424d017,2026-02-28,7,10
e64717aa-9d0c-4ee4-b4f0-810ea0c28b4f,2026-02-28,30,30
f2db89bf-3fde-48c7-939b-331eefc64f2e,2026-02-28,1,1
058689c7-928c-45f9-ad6a-9c9b541000f9,2026-02-28,1,1
0d4bb3ba-4c1c-407e-989c-04fc2df37576,2026-02-28,14,14
2b47fa7f-2919-488d-aa5a-aa7cd693060a,2026-02-28,1,1
8e6bb43e-7467-4645-af62-62b31e1687d2,2026-02-28,7,7
9b036dee-353d-4cbc-9d80-81216ebeba8f,2026-02-28,10,10
d3bf999c-eb1c-40cf-8065-cd741518514d,2026-02-28,45,45
eedb0dd2-3daf-4013-963f-a9ee64e98ce7,2026-02-28,1,1
f4c2a84a-c931-4070-8935-3092f16f7cb2,2026-02-28,14,14
0377ccf7-f620-4f28-b969-06ac28a3425b,2026-02-28,1,7
2084783c-64cb-4bb2-af8f-cba2f0871ce4,2026-02-28,1,1
2a545893-b745-49a3-9885-0aa7a6496ab5,2026-02-28,90,90
3568944e-0645-46aa-8020-7b8bd72a641f,2026-02-28,30,30
aaf23f4c-13db-4bb9-ba56-f61e8d0a703d,2026-02-28,45,45
d7d73800-f038-4f1a-90dc-9d879781d601,2026-02-28,14,14
dfe07a82-4b48-48a2-8d07-848af0e9e5ff,2026-02-28,30,30
f46c6428-2ad6-4898-b187-b40cd7fcde94,2026-02-28,1,1
27a713ae-a2c5-41b8-a895-76c28f8bfba4,2026-02-28,1,1
28a0d2eb-43f4-4123-9c26-d9023a92b98b,2026-02-28,60,60
3d4148f9-096c-403a-a968-cfb1c9eb6b67,2026-02-28,1,1
c8c96880-de2b-41b7-a0fa-81d400c54a95,2026-02-28,1,1
59bbb7ce-3c71-4f21-903d-f9c152404c26,2026-02-28,7,30
6841c0c4-85e5-427c-bc4b-aced6ad92c2a,2026-02-28,1,10
83175032-08f1-40bb-a6da-edd48271aba1,2026-02-28,14,14
885d5af1-9217-4d0b-aad8-15007b3234d6,2026-02-28,14,14
8bdd2143-d993-4f18-a331-b6e2cb2ef3b1,2026-02-28,14,14
984cc84e-916d-4029-8a54-de4a58b8324e,2026-02-28,1,10
a27fce0b-7037-4cb4-9f47-f3632ad44baa,2026-02-28,1,1
cac281c2-cd43-4ef2-a651-4bf6857400a0,2026-02-28,14,14
ebca43e9-ecf0-47af-a93b-efbce57b455f,2026-02-28,1,1
f8c4287b-ce90-4015-94b3-a17fdc66ccbf,2026-02-28,45,45
30793dcd-8750-4fab-aee6-d01c911d5449,2026-02-28,10,10
4c550c34-0696-471a-a2f1-f3852a2eb852,2026-02-28,45,45
7083185b-2a59-4eb9-acbf-c42cbd72ed94,2026-02-28,1,14
4f9cb545-cc4b-4387-8843-76c9861f6517,2026-02-28,1,1
6ca3fa6b-2b88-4cec-a600-111ea9788ac8,2026-02-28,7,7
81ddfc83-6145-4e63-b4b1-0e3f35f9aed8,2026-02-28,1,1
0027a7bd-f771-4ee3-900b-1ebbbeb72550,2026-02-28,45,45
0401d68b-fdfc-4ccf-81a8-caac6bbdb069,2026-02-28,45,45
109a671e-61fb-4555-bf5f-c40be17326cf,2026-02-28,1,1
35cddb10-41e5-4699-b3c2-e9162feec4bc,2026-02-28,1,1
4682698a-2b18-4604-9f30-6e946eb1f00d,2026-02-28,1,45
ae2f019b-5067-4594-ba2e-d6380f5ddc6f,2026-02-28,30,60
ba2712e1-1244-4957-8aaf-9b8ab222893c,2026-02-28,14,14
4a4c3b46-9e9f-459a-a889-578f47c98636,2026-02-28,45,45
70400c10-a01a-4908-aa4d-21f15bb1cc55,2026-02-28,7,7
70810e54-c3bd-4f2c-b64d-189d9b212c86,2026-02-28,1,1
d239900d-5d44-4be1-ab6d-0da94de4e15d,2026-02-28,1,1
e1aa57d2-62b8-476c-8752-5db686f40c48,2026-02-28,30,30
e5c6c7e7-69ae-468c-b52e-19599fcca7ea,2026-02-28,1,1
ea595ae0-e116-4072-9c88-4c69774dd701,2026-02-28,1,1
0ce6286e-edbc-4bc4-8baf-5e9b2d63e35c,2026-02-28,14,14
69fc3416-1262-460b-886b-5ef6b50db4dc,2026-02-28,10,10
9796a2ae-a876-41f1-896b-3295f4acb1f4,2026-02-28,14,14
d005eb37-15fb-431e-8f9e-e6c406a93a56,2026-02-28,10,10
d50b86c3-01c1-4979-ac9c-b38de60f1c92,2026-02-28,10,10
3e226fa9-6789-4f04-b6fa-c31c1976fa8e,2026-02-28,1,10
819d344c-f077-41ca-843c-ab57fce6b6df,2026-02-28,45,45
857dc197-2c68-40dc-9a5b-1f4c5c99dc6a,2026-02-28,1,1
31962158-d184-413a-8525-e5cd0a912cf9,2026-02-28,1,1
35f1ff3f-63b8-42d9-89cb-3269464b1cb0,2026-02-28,10,10
49d63a32-8c6f-43e1-a52b-07df7e671829,2026-02-28,7,10
5f2979fe-bc87-4340-b528-4fae4d0c1fc0,2026-02-28,90,90
8715ebe3-e0a5-46ff-bb97-3b54d2e340fe,2026-02-28,30,30
aac9a788-1cbb-413e-82f3-17de35fc2412,2026-02-28,1,1
e0bd5347-7212-4649-b3f1-bb3789cc0484,2026-02-28,1,10
10ad9342-0d66-4f0d-bd59-e83c78f3e77d,2026-02-28,14,30
1caacd09-de5c-4cff-a580-3cea7a94248c,2026-02-28,1,1
337c78e2-75bb-42ed-aad2-d08b90baae4f,2026-02-28,1,1
5e794e14-ba48-4dd0-8a0d-0c890c11849b,2026-02-28,1,1
9ada32f6-138b-45e1-bc8b-7eb4a36abe21,2026-02-28,14,14
d1983194-5a9f-49be-b6e1-d59b1689ea19,2026-02-28,14,14
d754f3dd-1007-48a9-8f72-b249c1cfd68b,2026-02-28,1,1
291db6a0-8672-42b5-a11e-f59438fa6766,2026-02-28,1,1
46e33a56-9c6b-4b39-9e48-3c7eff1b8e66,2026-02-28,1,14
701cb28d-46aa-4c9e-bc76-e68aaaad1e49,2026-02-28,1,1
7c61be0f-f828-454a-bed9-a7a72a59d8ba,2026-02-28,1,1
85c2ab78-410a-4dee-8cf8-517828f7cc7b,2026-02-28,7,7
9ff0ee5e-a5de-4a49-a7b5-f9f3e1f45259,2026-02-28,10,10
a389ad3f-b4b4-44a5-b776-897f9cf732af,2026-02-28,1,7
d03f3c30-7508-4bfe-8784-13b03b971777,2026-02-28,1,10
e8124b68-5f07-4339-ae7e-f6db6f1bfaff,2026-02-28,1,1
ec29ef87-b5f0-4a5e-a058-6f2425c22ca4,2026-02-28,45,45
f48256e8-4d9e-4965-8864-98602143cfc9,2026-02-28,14,14
ff266ff9-38ac-4a4e-8711-80988276da3e,2026-02-28,1,1
03689f48-0792-45a3-b203-a83bcdf44725,2026-02-28,14,14
2d941033-3958-4c62-b7b0-980fef2f1242,2026-02-28,1,1
3475e71f-b1ba-4416-91bb-afb256f31057,2026-02-28,7,7
3ebe367c-0435-4a21-a19f-f15936d7fd87,2026-02-28,14,14
3f603b2b-7f26-45df-a495-c5c8de063d22,2026-02-28,7,10
47e06caf-7ede-4c01-8a44-4f174c756083,2026-02-28,1,1
7b0fd270-af02-46ff-ae39-ab6aefa05e51,2026-02-28,45,45
38a3c5b7-8382-4c50-8859-e10b9c4ae742,2026-02-28,10,10
6a1c5822-af79-48ec-a8de-2eb89b946bb4,2026-02-28,1,1
742c5842-53d0-414a-b8ae-b15c1d90f770,2026-02-28,14,14
79177dca-b627-4d9c-918b-ae5b804bd27f,2026-02-28,1,1
de2e7fa4-f2b1-4853-9a57-5e3dbe56143a,2026-02-28,30,30
eeb18a0b-95d6-4e82-8bcc-7a5bc423fa25,2026-02-28,90,90
e9307df1-1e9b-4428-8985-c87918d8e890,2026-02-28,1,1
faf42f18-b60f-4b4e-84fd-16fad2498e05,2026-02-28,7,7
fb592680-0bb6-4866-962a-dd9b96de5f6d,2026-02-28,1,1
0083eafd-d559-42a5-881e-e07bef837c40,2026-02-28,1,1
0a9d1649-cda1-4d5a-8bde-97159f07712f,2026-02-28,1,1
3796603a-d402-47c1-865f-2b759dbe8d41,2026-02-28,1,10
39a4b4c1-ffd2-4a0a-a519-96bb9873c780,2026-02-28,14,14
5dadc90d-56bc-468a-9d52-dfce72fe1c2a,2026-02-28,14,45
66b7ea23-cbff-449e-a5f0-3e32370dbbd9,2026-02-28,1,14
6f39542b-eca9-40cf-ac09-029ca50f146d,2026-02-28,14,14
24104955-99cd-4ac6-a6bc-dc524da07cc2,2026-02-28,7,7
cf77c401-0d53-4188-86dc-84c7d45f0d5d,2026-02-28,30,30
77b623b7-0947-467d-ac8f-724cad29245b,2026-02-28,14,30
87cca06f-5887-41d3-a338-34014b28a911,2026-02-28,1,1
8c6ab9d1-9e6c-450a-8533-a4d7cc02a16f,2026-02-28,7,10
dc0bd430-acb0-445a-846d-6ea47c478c98,2026-02-28,1,1
100c64f7-51f0-4761-b7d9-e0058853da9c,2026-02-28,14,14
1439b1c8-d01c-4136-b598-1e3f948fc553,2026-02-28,14,14
b78e9dd4-865e-48ff-b35d-7dcc313e76d7,2026-02-28,1,1
dd2ef117-6563-43fb-9778-ae1d8b4612c0,2026-02-28,1,1
de35c0f7-4e6e-431a-b4fd-1cd4ef0116d4,2026-02-28,14,14
fc7a1deb-adbf-4175-b0ab-adb0269e79d0,2026-02-28,1,1
583b4602-79f3-42dd-86c7-cae3bacb62f3,2026-02-28,1,1
6ab81e56-7b47-4346-8c5e-9677c17eae72,2026-02-28,1,14
6d5dc777-0129-4e3d-a3ea-964bf26e78de,2026-02-28,30,30
7c665047-e259-406b-b6cb-bef938569d59,2026-02-28,1,1
9bd7e961-3275-4d48-a943-338a4076b739,2026-02-28,1,1
9e4ff115-f216-49c5-bdbb-06e620713761,2026-02-28,7,7
e3523949-1db7-48d8-84a2-cb2a6032710e,2026-02-28,14,14
012e09d5-9345-4fb5-b8b3-a306d4db5314,2026-02-28,1,1
238e5ca0-7a13-4f05-a92e-9d05188a6503,2026-02-28,1,7
54e42a5f-fea7-4b9b-b5c1-856874b39b5e,2026-02-28,1,1
92e2e6d4-3d19-4c6f-a327-6217df0d5a8b,2026-02-28,45,45
ecec32c4-d99b-4057-9252-c116b0cd83d3,2026-02-28,1,1
0c2294a1-a495-436b-8baf-ab237bd888bc,2026-02-28,10,10
18674caa-8d23-4bf2-91e1-2e898ab4ee82,2026-02-28,14,14
22305ebb-e11a-4854-809a-5235566e85e3,2026-02-28,1,10
2a83f453-61c9-4edc-b090-ef2f3b330ad5,2026-02-28,1,1
5f86a1cc-46ab-427f-bd7a-59bdfd3b3b31,2026-02-28,14,14
8cc7e306-afa5-4234-a811-8aa1ed134f24,2026-02-28,1,1
a3a6bc01-f912-41de-8ba6-f9aebcbed5d9,2026-02-28,14,14
24bdf6db-df00-41f2-8e79-b1d83fc6e71a,2026-02-28,14,14
5147d54a-ebb2-4e95-a08d-1a21a8a840d0,2026-02-28,45,45
7158ec70-0677-4f8f-8522-aa7ddb90cbed,2026-02-28,14,14
e7769025-e88a-498c-89fb-c88aa9ab17bc,2026-02-28,10,10
20be5cb0-7695-4180-b6db-948bde3153ed,2026-02-28,80,80
25a253df-faf6-4e92-a70a-9aaa9f4b7901,2026-02-28,1,1
33b68918-52b9-4dc5-8245-b0caf22f437e,2026-02-28,10,10
442a4955-3560-456f-b521-89c8cc7fed48,2026-02-28,10,75
4d332265-991e-448b-b689-3d56c29dd310,2026-02-28,1,10
635714d6-c72d-493c-8cc0-c63e6850670e,2026-02-28,10,10
689867b9-1d73-4a36-8ada-089f2ec2cde0,2026-02-28,10,10
eeeba15d-7c52-45c8-9af7-a7173333c75f,2026-02-28,1,1
fec15542-040b-426e-803d-6bc530e47287,2026-02-28,1,7
656f269e-6812-4838-9d5f-068f20cf4750,2026-02-28,1,1
74908cb6-7568-4eed-975f-2998f65a94fd,2026-02-28,10,10
92aa0069-895e-4ab3-b9bc-b3f4d9a39f57,2026-02-28,1,1
aee27d14-32a8-4991-a33f-240714ccfeee,2026-02-28,1,1
c4f89ac9-1c03-429c-92ec-b55635dfde58,2026-02-28,1,1
cd4b7a5e-7b7c-4741-b4bb-79b40003ea9b,2026-02-28,1,14
d700a733-1c91-4f8b-8b84-1ca5f7be8574,2026-02-28,30,30
f19abdf9-f891-4aee-8987-767363917006,2026-02-28,1,1
26ba0322-4f9c-4596-8997-8b7eae95315e,2026-02-28,1,1
37f5262d-f01a-4737-955d-55f4c85f94a2,2026-02-28,10,10
5bde4cd0-5734-4e3b-b03d-e2070122bb2a,2026-02-28,90,90
9ecc558d-69a1-4ff0-bd0c-59d2057c1c6a,2026-02-28,14,14
add1d273-c01e-4424-ab6c-9ebc84b55dcf,2026-02-28,14,14
c0107519-ab37-456c-a251-08b74086e65d,2026-02-28,1,1
e6abb620-88e9-4eb9-b540-3d8face6ec4c,2026-02-28,14,45
f117bc62-efd2-419a-a4f3-84f0833a3e95,2026-02-28,14,14
13fa4299-9e53-498e-af13-2dc40dc031d8,2026-02-28,45,45
246a126c-9fd8-4bb9-a5e1-2a24057842de,2026-02-28,14,14
35fe5178-f751-41bd-82fe-27f7c9cebb9a,2026-02-28,1,1
40fb5fff-857f-4bd9-b90b-753cb940dd56,2026-02-28,1,1
6d0bba60-5c43-4227-b990-6aa8b19e6474,2026-02-28,1,1
a8b2f32b-1e94-4fad-a4bb-3b98783c1990,2026-02-28,1,1
cde53955-9862-4503-b1ea-eba0f9ec70de,2026-02-28,1,1
d7e84b60-a3df-4b09-9072-4bd920dc5e80,2026-02-28,1,7
f2dfa673-653f-45be-8b80-3964453ff688,2026-02-28,14,14
25861dd6-6a12-4624-bdce-da536d0e17cc,2026-02-28,90,90
3f15e1e8-6e40-4c0e-bba8-e224b6baf21e,2026-02-28,45,45
6b88ec67-0578-48d7-93f6-e977245bdb9b,2026-02-28,1,14
7ddf6eea-e04c-4040-9ce5-141ecfbc4f74,2026-02-28,1,1
b800c3d2-cdbb-49fe-b02f-7200827a5505,2026-02-28,1,1
bbbae619-0b94-4005-a272-8bdb9f4cdee4,2026-02-28,1,7
2ed78231-c517-418c-b4cf-ba04e6a3266f,2026-02-28,1,1
2fae403f-748b-48d4-af7b-4811cd9e7b34,2026-02-28,1,1
4303b43b-8e1e-41c3-82e2-8c9fc54fd46c,2026-02-28,1,1
97102336-56a5-49ec-a099-28613e1b7272,2026-02-28,7,10
beb6aefa-9d40-40cc-bb57-6076c84a7f9a,2026-02-28,10,10
d9fc6573-fe97-4cee-9bc8-e6654c3614d4,2026-02-28,7,7
df404462-79f9-452c-bd38-9f0089e7b84a,2026-02-28,10,10
ee1c994e-1fa3-4f48-9b09-9c10e9163a6a,2026-02-28,1,1
00d5a437-ac98-47a0-87fe-474ab5c95925,2026-02-28,10,10
1c35e8c3-720a-469d-8e9a-648f045945c0,2026-02-28,10,10
29b17cc9-b03e-4d86-876f-4cfe7a54bd77,2026-02-28,1,1
2aa1dafd-8048-489e-becd-73a87ec5771f,2026-02-28,1,10
3d04500a-b462-4cd6-8bff-dd9d1543c8a2,2026-02-28,14,14
3d411371-6fd1-4a5d-ac3a-a596427c5017,2026-02-28,1,14
d24740aa-db25-433f-88d7-74c1e4e05e84,2026-02-28,1,1
6dd435ff-da2b-48ec-8e40-5924416091f6,2026-02-28,10,10
c446784c-e41e-4d5b-8a96-79bcbf768418,2026-02-28,1,1
041401fa-f627-43d3-9449-d0217089d457,2026-02-28,1,1
0532c831-6e31-4187-9b9c-2a08de154d0a,2026-02-28,1,7
24a7c02d-f051-4452-92db-e59c83b66d4a,2026-02-28,14,60
32bb0101-2a04-4957-9553-026815230522,2026-02-28,30,30
4d8d1615-9b7c-40d8-a998-e8a8fb0c79ff,2026-02-28,7,7
cf5ee6d7-6041-4176-8003-3d74be5596be,2026-02-28,10,10
a2778ee2-b1d2-4ff0-b563-a51b4cc30640,2026-02-28,1,14
6836be45-821f-4413-abed-d77ad58f9b1f,2026-02-28,7,7
6992e945-2a2c-49ff-9efc-041a8686af2b,2026-02-28,14,14
6d9acdb5-c890-4442-87aa-448c913197dd,2026-02-28,1,1
7f6b20c1-1196-4d7f-a97b-939bdb20450d,2026-02-28,1,1
b36db167-d182-4d15-996e-0bbd238936e8,2026-02-28,1,1
ba6f86bd-499c-4663-9ff4-a4f814672e95,2026-02-28,7,7
1329c728-7ba0-45b6-aefc-225fcf04e0f5,2026-02-28,7,10
1b841683-27ec-4a0d-82e6-121ec07681fa,2026-02-28,10,10
ab7c58e5-fb44-4f0a-b0f8-c852726ad918,2026-02-28,30,30
0d60db5e-3fa5-4506-a0d0-2a367cbc9d38,2026-02-28,7,45
2916be3d-7742-4747-ab8e-50c94c08542d,2026-02-28,14,14
38e169db-8052-498f-86c7-543755f27c60,2026-02-28,10,14
5c9805b6-2e7e-4401-9bd2-df1c7ddb6c4d,2026-02-28,1,1
5cfb9712-2e4c-4335-a12a-560688f80ed4,2026-02-28,1,1
65c41a75-de3b-464f-91e8-3d30b7d4fdd7,2026-02-28,14,14
9c3393a8-a11b-4c88-beae-28b5b03c07b5,2026-02-28,45,45
c1ef15ee-7897-4694-a128-75ba8ff5dce9,2026-02-28,7,7
1c022606-1e39-43a8-948d-77fce2fd882a,2026-02-28,14,14
53a1cae7-38f4-46ae-a661-b790c9f6c441,2026-02-28,1,1
901340b7-201e-4939-a2a1-1c6a8a135c81,2026-02-28,1,1
b3c405e5-68b0-4337-b412-5054ab57cbba,2026-02-28,10,10
c9c9f7ae-6838-4134-8ea8-a238b11fce87,2026-02-28,14,45
1e4bdbc4-1fe5-42ed-ad4e-852df895c114,2026-02-28,14,14
290f0c57-e5c6-417f-83d2-4e2a3288cf97,2026-02-28,30,45
316082f3-9c88-43e2-b6e3-6b6aadef051f,2026-02-28,14,14
42722d10-83ab-4c85-a2dc-f259b51d7a15,2026-02-28,1,1
8fde1566-8f1a-4d0b-b761-0cbb356c4122,2026-02-28,1,1
9fd0964b-039f-45ab-8d22-62595f3a2024,2026-02-28,1,1
1464e21d-3e66-4d3a-b561-fee27413c75c,2026-02-28,1,1
381a1dc0-0cbc-4259-af56-4d8fd77ff544,2026-02-28,1,1
43b34a31-a33b-4fa6-8c1c-183f5424a0f2,2026-02-28,1,1
7bdf2662-b4ba-4e41-9d1a-f76a3ff842d6,2026-02-28,7,10
a222575d-6954-49a5-9093-9d6cda9dc5d8,2026-02-28,7,10
03d0e941-7403-46a7-8477-67df84abf037,2026-02-28,14,14
112a3ca8-6d2f-4b3c-90f5-7776a38ffca1,2026-02-28,1,1
4b682cee-c3f6-4015-add9-c37c7e0e30be,2026-02-28,1,14
616f8ffe-069f-404e-8980-af77ee578e17,2026-02-28,1,1
668c0b51-5dac-4bae-92a0-2a1e1dde0a54,2026-02-28,10,14
9124ce7b-14f3-42a2-8e8a-2c6f2b8d1493,2026-02-28,1,1
a7313b66-c95a-471a-a502-a57e612c92a3,2026-02-28,10,10
bcc7d903-ecc5-41c8-bd69-155116421c23,2026-02-28,1,1
c8f8fcfd-8262-44e5-a215-9e994e7b53ea,2026-02-28,1,1
04d908ff-cb59-4b33-b14a-7cf291fa12b3,2026-02-28,45,80
0bd57134-16be-4e61-88fe-e3bb796a0871,2026-02-28,1,30
4851bad2-3757-44f4-8f13-ff428aff3645,2026-02-28,1,1
5b92a047-df22-4cf9-89e0-488b07630f21,2026-02-28,1,1
76240dd2-a23d-4806-bc59-272e9916edf4,2026-02-28,1,1
89ba79d6-6409-48d4-a6fd-f8c683f1f768,2026-02-28,1,1
95d11dde-60d0-4802-b163-19b0f0e3a36f,2026-02-28,14,14
ecff9f7e-e3a6-46a1-8908-6a5bf0a9472d,2026-02-28,1,1
f5983096-f717-45ad-b404-e17d64d1956c,2026-02-28,1,1
de63481d-e808-49b9-9bde-1f6cfd2fafd5,2026-02-28,7,7
1c2f6546-1a0c-4e57-93d3-b7a2271870c3,2026-02-28,1,1
40cd090f-5cb0-40a1-a879-a19463e68efd,2026-02-28,1,1
4df8331d-6d44-4327-9350-bdd892319407,2026-02-28,45,45
50198f64-cfb6-4e79-9ad2-3e28a2c83cb7,2026-02-28,1,10
6e7c8b8b-e363-4def-b3d5-afdf3f500abc,2026-02-28,1,14
78d0168c-2594-4bc7-8be1-4785c58e67e7,2026-02-28,1,10
9ef14302-e263-43c9-a988-7bdf028a58b7,2026-02-28,10,30
b46838ae-afc2-4696-9389-9afb245e8c2e,2026-02-28,1,1
bd58c4b3-3b0f-4360-abe6-54b53c92d96c,2026-02-28,14,14
de8abc33-c72d-4ca8-ac19-3075cfecbaf4,2026-02-28,14,60
3cd31f54-8928-4c2c-8af5-a81719c382f2,2026-02-28,7,7
43f0c243-1082-4da0-9b4f-9d3debac02e0,2026-02-28,7,7
cd4f31fb-4c21-4ecf-b727-1b082860557e,2026-02-28,1,1
d902bbef-943d-47c7-8248-b2dc28059907,2026-02-28,14,14
da609fbd-8c62-4141-97e2-c8e78394f556,2026-02-28,14,14
3e3169f9-936b-4085-8045-680633f3ddbb,2026-02-28,14,30
8a51c4d5-460b-4d49-a15b-cfda886d64de,2026-02-28,1,1
9ffd2d0d-6577-4055-b1f9-3b2b644480a1,2026-02-28,1,1
bc28a644-3a3e-4203-b540-b1a588cccddb,2026-02-28,1,7
c29879ab-c09d-4d14-b3ba-6c09c67c66bc,2026-02-28,1,1
652538ac-69d9-4bab-a0de-fe9cff2f50f5,2026-02-28,1,10
aaa3236d-68a3-40e5-b7ad-c585049b5e5a,2026-02-28,1,1
0f4eb159-3c33-47f4-94a7-a3d8de3b08c4,2026-02-28,1,30
2011c84f-c4ac-4bef-b469-2ee6821594d9,2026-02-28,1,1
5b362972-1578-42f7-b809-a3a5d36d1ac1,2026-02-28,1,1
ab0d2d4c-35f7-4e22-896f-e3d3875816e4,2026-02-28,1,1
b6acb64f-2291-43d2-a2d7-740854b0122c,2026-02-28,1,45
c55e3727-4d4a-478d-87e9-3a89aa553aa5,2026-02-28,1,1
cf4afd71-8fd6-4177-9106-7ee5e671f21c,2026-02-28,7,7
fcd33790-9a25-446c-a149-c7ea2fea0bab,2026-02-28,14,14
85e6f281-c79f-4d5a-ac34-01eb8cc4aff5,2026-02-28,45,60
85f7bcf7-ab14-4f28-82b7-9dc4dd3f8072,2026-02-28,7,7
ad189d5c-d26e-4ff8-ae33-ab3742695b13,2026-02-28,14,14
fe575cc4-3b0f-461e-9853-8c45c8f130fe,2026-02-28,14,30
264bcd3f-0c88-498a-bc8e-2a8ad61069cb,2026-02-28,1,1
2bb31cd9-7662-4ded-937c-26f430f587cb,2026-02-28,1,1
3414c760-ed0a-4ac4-b3f0-ebe9bda6e61a,2026-02-28,7,7
85a38fce-2b33-4b83-97d0-2f6c1f85c115,2026-02-28,7,7
cf5e7687-577a-448f-97e0-8f854d819876,2026-02-28,10,10
e3d7cc34-97f5-4f32-84ea-78d6d2a653b8,2026-02-28,14,30
06968cf4-12d7-4778-81a3-401be6996618,2026-02-28,90,90
36a4aa77-1db3-479b-8cd1-c47f4dc7168b,2026-02-28,1,1
646c4cef-267a-43c7-988d-6367495aac89,2026-02-28,7,7
a546c598-eb2c-49e9-aeb0-1803eb443b5c,2026-02-28,1,10
f1478921-0560-497c-abeb-a708e94976c0,2026-02-28,10,10
1dc39110-0bf3-4681-84db-b8191188986d,2026-02-28,10,14
47dabfef-39fd-4671-bb33-3c50f04ee18d,2026-02-28,1,1
674d4d23-7fc2-4d05-9f0d-3394da1564bb,2026-02-28,30,30
6c4bc661-359c-423b-bf94-7dc282850c63,2026-02-28,14,14
876aa3ce-1671-41ed-865f-2a9068dbdb64,2026-02-28,1,1
bdf982ba-159e-46bd-bfda-c47d3d45f187,2026-02-28,14,30
d2cc02d5-bd0c-4942-b585-5ac6a5c0cafd,2026-02-28,1,1
561ddcf1-67ef-45a0-8b43-170d3e1460db,2026-02-28,1,7
64688a56-703f-4073-aef3-940dca8bbeb1,2026-02-28,7,10
64fb3778-2408-40b5-8cea-e4284322df19,2026-02-28,14,14
b39c8e64-b6d9-40e6-8fa2-ec1dbbbcaaf7,2026-02-28,14,14
bae9e5e3-164f-4ae2-92ff-7a21920f3895,2026-02-28,1,1
fa6bdd65-5513-48dc-80b1-2f38c8505f0f,2026-02-28,1,1
9153298f-1f58-4858-9155-6d8284299553,2026-02-28,1,1
afc5981a-fb14-4f8b-8d28-06f5dc780da2,2026-02-28,10,10
e2c00478-391d-40ed-ab1f-7a824343c8c6,2026-02-28,1,7
ff31ea11-340b-4b5d-8d1b-3bd7d877a16a,2026-02-28,10,10
0520f481-d641-46ba-ac1a-55790faad856,2026-02-28,1,1
093e9dbd-17e4-4ba0-9083-abd460fb3d7e,2026-02-28,1,1
5e0ef881-498b-428e-9e36-0707543a5035,2026-02-28,1,7
877dc4dd-35a3-4e27-967d-1ec6f81eef12,2026-02-28,1,7
99d3cedc-f245-4819-8e9a-8b995f2a135d,2026-02-28,10,30
afba9f8e-ca8d-45f7-9776-5b0d03b7d503,2026-02-28,1,1
d79eed44-4cd1-4123-b2db-1c2301740bad,2026-02-28,1,30
54a7b801-8936-4c7a-a425-884edcbda635,2026-02-28,14,14
78756da9-d5f0-4276-9f95-eee4694188a8,2026-02-28,1,1
869aa148-9cea-4634-bb11-6e195f1c1ff0,2026-02-28,14,14
93e30877-2d2a-44db-8f43-46a876653328,2026-02-28,1,1
a0cc7014-41ea-4df9-87d7-f2d967af8841,2026-02-28,14,14
bfb1788e-0fef-437a-bc1e-abe0a9c1fbb2,2026-02-28,1,1
f9d659df-ba77-4566-8926-a4068b0c0805,2026-02-28,10,10
031ccc53-fd23-4e15-970b-ef013639b5f2,2026-02-28,1,1
1a308c9e-23ef-47ad-b3cf-730d4c5d3e93,2026-02-28,45,45
3bc2fb4a-3483-4de5-bb07-4287c5ce3b1e,2026-02-28,1,7
5f94973b-57c3-4254-9fc6-ec6d5c6a2ea8,2026-02-28,1,7
64ec0fa9-1585-484d-a958-663797e0e01d,2026-02-28,45,90
b6b31736-83c9-47fe-a601-320f64249cc7,2026-02-28,14,14
bc19090a-4f80-4f5c-8473-7378570bebe7,2026-02-28,10,10
1dae7fc0-8c57-440c-b411-854b9d2133f5,2026-02-28,1,1
c0e37d30-87bb-4660-b7ad-a749722722e9,2026-02-28,14,14
e3c708ab-a17a-4ed7-977d-6fc3e7a766c1,2026-02-28,45,45
e75bc07b-51b6-4d36-9c2c-66995d80754e,2026-02-28,7,7
ed334511-f1bd-4b35-8e71-9238074ffac8,2026-02-28,14,60
1981eab1-46b0-46df-9e1c-30797a3731a5,2026-02-28,1,1
25bf7f66-2fad-4253-9c89-67474d6d8a22,2026-02-28,1,1
4543365b-e745-4005-9b64-7fa10d88fcd1,2026-02-28,1,1
5df28b07-895b-46a5-8f10-32e34912b6a4,2026-02-28,10,10
9511d2f2-b516-4bc5-8402-9a793333a5f0,2026-02-28,10,14
2d77d391-2a93-4d4e-88eb-616005c53af8,2026-02-28,10,10
3cc78d01-bdc8-495d-a14a-077b156aaa37,2026-02-28,1,10
3f42cce8-8110-4d06-9a63-7497b0dd7e5b,2026-02-28,14,14
48d8e8c8-0713-41e1-a03d-5b2ce967acc4,2026-02-28,30,30
676fdd05-07a9-4369-9c86-495e41873cbe,2026-02-28,7,7
79c1b8f5-7468-4158-b8fc-8db2993b3d14,2026-02-28,45,45
ab119ffd-044a-4537-a31d-580afb40ad81,2026-02-28,1,1
bb933960-f42c-4170-a33c-69c3fa397eb1,2026-02-28,45,45
1418310f-f3e1-44d5-8387-bf4ebbfcd19f,2026-02-28,1,1
1a68c77c-0a35-438f-bcc6-dcd03f4a0e48,2026-02-28,1,1
1aadfcec-3b8a-42cb-90a8-cab173f9fe18,2026-02-28,10,14
5f4c9628-a3d4-4d64-80cf-1ef8135f3e72,2026-02-28,14,14
65c8a2bb-c553-486f-be9b-d7c13b0718dc,2026-02-28,1,1
79f14f46-693c-4717-bbaa-80480f301fa9,2026-02-28,14,14
86545a4e-6f53-4a1b-a41b-7c553ba9e4ca,2026-02-28,14,14
87aa73c0-6466-4c18-ba51-8aa7aabc0eef,2026-02-28,7,7
8cdbd7b6-1d2e-4c80-8e87-ac910200eea1,2026-02-28,7,7
0b2957a2-48e9-4ca8-b49b-326fc5aac504,2026-02-28,14,14
37a9636f-3534-43d9-a2c7-47d59fd6c592,2026-02-28,1,14
3e8d2d98-50f0-44e1-a321-9daec9b1d474,2026-02-28,7,7
4be62467-c057-463e-b7e1-0d70c3d9ca0b,2026-02-28,14,14
67cc86f3-630b-463b-ba0b-3c5f39e6758c,2026-02-28,1,1
8efbc712-c564-4033-8246-da19070867ca,2026-02-28,1,10
bb5b0a75-1210-4893-97e1-1a31cfbe2ca4,2026-02-28,7,7
e4754c81-ce90-4f8d-9af5-73ab690266ed,2026-02-28,1,1
6b87b0d5-4230-4fd0-ad18-e12c627ee0d9,2026-02-28,30,30
74fda7b2-10cb-4bbb-864b-ea5f585d1dcf,2026-02-28,10,10
de8118c4-1722-4d4b-9c75-1bf1a18656bf,2026-02-28,7,7
fe0c1117-141b-4c9b-9c42-d2269ae45f59,2026-02-28,1,1
607ec728-ef9a-4f7a-b38d-d299d5285693,2026-02-28,1,1
814a597f-3f4d-40b4-9211-818ff27d4dfb,2026-02-28,1,1
b6297dcf-f906-48a1-8304-6a4a4f5f76ad,2026-02-28,1,1
3da0e379-165a-401d-81c9-b88b27236aeb,2026-02-28,1,1
94c3d480-fdbb-4484-a80d-6f2f57e96dc1,2026-02-28,1,1
a2d9e890-b5ba-4687-a4dd-490a5b8162e2,2026-02-28,10,10
b61f635b-936c-41e6-b0ea-5d4f44aadf17,2026-02-28,10,10
d601dc51-6fee-4b2d-b166-c9d5cbf0c91b,2026-02-28,7,7
eeabcc8c-594e-4805-b4c7-c2d346fa1490,2026-02-28,14,75
f2558aae-411a-4f74-887f-691ab9ae56c4,2026-02-28,1,1
0fc0f75d-ec45-45ec-a0e0-3d012c0567b0,2026-02-28,1,1
18bd62a3-69cd-4513-8d33-946fb42f5bea,2026-02-28,45,45
194d156a-e3d3-42ef-8cd1-d43453563404,2026-02-28,14,14
2c738a8f-1e3d-4377-98b4-c5fdd4adeb19,2026-02-28,30,30
3f99c08d-0a1a-4163-bbef-1d9412e27679,2026-02-28,10,10
435dd939-6bf3-4ab0-ac4f-d704d6a8592e,2026-02-28,7,10
54d730d8-18fe-4687-8a7a-e0d14785b2cc,2026-02-28,7,14
6b54a647-3424-4843-9a9b-e1fd973207f7,2026-02-28,45,45
9d1cf22f-2997-40ea-8894-d6892e18dce3,2026-02-28,14,14
b2a095b3-a865-4225-9ef2-74c8eaae587e,2026-02-28,14,14
ceef0bc4-0022-4db3-9640-512180472510,2026-02-28,1,1
2e57d713-3188-4614-84f3-bc0a69870cd3,2026-02-28,1,1
58eccb1d-99d3-45ba-9027-f3bebc54181a,2026-02-28,1,1
d2ff6994-479a-4dbc-b064-012c522f582c,2026-02-28,10,14
0e9914ab-db7d-4212-9576-21586565f49d,2026-02-28,7,7
3382744f-63d5-4c5a-a71d-29d288b11819,2026-02-28,10,10
34bd780b-6994-4ed5-b651-5cb23ed0d95a,2026-02-28,1,1
4927d64e-6538-4fd8-b7b7-82e2bb919d64,2026-02-28,10,10
62ced6f4-6fac-4778-8efb-4e15ebc6d68b,2026-02-28,7,10
79fd726a-9268-4416-a695-2b591bf5042b,2026-02-28,1,1
8248fab2-d547-4c5d-b103-589756f83301,2026-02-28,1,14
b571258a-cba5-467e-a67b-634d97d32972,2026-02-28,1,1
067d2aa0-1a44-4973-b34c-ebe85c4172be,2026-02-28,14,14
a6cfc99d-eb90-44a0-bf54-4fe7fd87148f,2026-02-28,1,1
e88e358a-5763-4ef1-987f-9d7e39adf76d,2026-02-28,1,14
e9d67b4e-23a4-47d6-a085-ff22acf5b4c7,2026-02-28,14,14
0ca17382-3399-415f-83cd-bb80488f6d6d,2026-02-28,1,1
5854c483-073b-4af5-8012-b1597add1b0b,2026-02-28,1,1
7e92031e-175f-40c6-ae44-9b3beb70144c,2026-02-28,1,1
bae78c1c-c9c8-42bb-aa5e-d309edd6fc1e,2026-02-28,1,14
e908291c-a762-437f-afbc-772738052a44,2026-02-28,1,1
f371a351-2dce-4b84-af60-ead4fc94cc0e,2026-02-28,10,80
0138f33f-3f2d-46f0-90dd-40bf0039eeed,2026-02-28,14,45
38deeccd-30e2-4991-8a53-808964f3d837,2026-02-28,1,1
416f535d-2a8e-4400-937d-3a2882b212a4,2026-02-28,7,7
5d92e723-db55-4beb-9787-57313c1b1d09,2026-02-28,30,30
8b54442d-4d3e-46b4-9d37-932cc2b621ac,2026-02-28,1,1
c737368e-f331-475b-9e14-77c5e936a658,2026-02-28,10,10
cdf142a6-013d-415e-9319-73aacd1db97e,2026-02-28,7,7
db63193b-0d8c-44a0-9c2b-967eb3bef737,2026-02-28,10,10
fe41fc86-4ba6-4607-9d73-ea0385271e03,2026-02-28,1,1
3dd71a3f-7da6-4784-b548-f19171624445,2026-02-28,1,1
5f961da2-d4e6-4c11-9494-36f11ce3f9d8,2026-02-28,1,1
728a186b-d489-4116-b2ad-8e915340af1a,2026-02-28,60,90
7593483c-7286-4a0c-8761-e82602eda6d0,2026-02-28,7,7
c35b20bf-694f-421b-88e2-c03119277d99,2026-02-28,1,14
cffb6491-2483-4bb4-b5cc-33db99e89a14,2026-02-28,10,10
0a4b3b09-c0db-43e7-b74a-7329087fe36b,2026-02-28,1,7
474cdba3-25da-47c9-9561-62065cb05536,2026-02-28,45,45
4ca8d482-98e2-4653-ad8b-44b7d9c6a892,2026-02-28,14,90
a941bc7b-6523-4c40-951f-c357314a3a94,2026-02-28,30,45
baeceec4-ef8e-4e0d-b082-eafaa071b8be,2026-02-28,1,10
ef98db29-10ff-4bbd-a15b-d9550fd7dcdb,2026-02-28,14,14
4707bee6-2309-460a-baec-9863abf2d235,2026-02-28,1,1
6ca090a5-53f9-4ff3-9b90-9c4bf3cfae32,2026-02-28,7,7
91f0635b-4ee1-41f8-84ad-8737bef58d5e,2026-02-28,1,1
ea1669a8-2a0d-448f-a065-f8b2d84cf4fb,2026-02-28,1,1
0739f6bc-fd10-4c94-b6f3-a9fac5725d22,2026-02-28,45,45
113ad3e0-7304-47d2-aadf-9c51070f08f0,2026-02-28,1,1
25e07cfc-5483-4b8f-80ad-8c92b5da398b,2026-02-28,1,1
bd31d06d-a11e-4843-b4d6-cbbfc84d840e,2026-02-28,14,14
c8325c32-a460-4fca-8763-a10779e3c361,2026-02-28,1,10
eb485b4d-2a26-421e-8fe9-649c34b2321f,2026-02-28,7,7
fc5720ad-2fce-4eed-bca8-e4e6168eaa91,2026-02-28,60,60
08f6c062-7fa1-49a9-91f6-5adeec5a1301,2026-02-28,7,120
3a92317c-d964-4c32-9946-1d2a965b28d4,2026-02-28,10,10
99bc3498-68ba-432c-a95d-c6cee3bd875d,2026-02-28,14,14
0b013a6b-3981-455b-9ab8-8626f1b38c0f,2026-02-28,7,14
11fb217c-b40d-4427-8120-68ba5aed8e0b,2026-02-28,45,45
1de7e077-f579-4936-8f30-aa64335507a3,2026-02-28,14,14
367606d8-70f6-48f7-acc0-3a7352d0e341,2026-02-28,14,14
47dcbda6-e3cf-422b-8417-21db57a05e41,2026-02-28,10,60
4d52c2d6-c401-4499-89b7-e1e4e38145da,2026-02-28,30,30
56e64d22-075e-47e0-8779-671d493cca20,2026-02-28,7,7
7c82c11a-7eb1-47cd-b47a-76e5fcf49c6e,2026-02-28,14,14
7ff5eb39-5a3e-4f26-bc85-fc98da976103,2026-02-28,45,45
add88768-8895-491e-a585-af06e67e050c,2026-02-28,1,1
e1bcd0cd-9d8c-4d6b-bb3c-1f7e15cdf01b,2026-02-28,1,1
05eb486d-bbbb-4d1b-837d-a17dc6401848,2026-02-28,1,1
21754ee8-dd9b-4d8e-a94b-70f28504f25f,2026-02-28,14,14
23872574-9996-4836-b957-2df3895b38fa,2026-02-28,1,1
5a77ce23-337f-404d-9a01-081fdad7dace,2026-02-28,1,1
6158360a-7cde-48db-b415-aa1e43dcc7b1,2026-02-28,30,30
71ba7712-cc0d-47e4-86b4-04c487395ece,2026-02-28,1,1
95267447-a51c-4d9b-8e85-cf45dcbdad91,2026-02-28,14,14
00ebbe17-fe47-422b-ac2a-5a05df9f8aa3,2026-02-28,7,14
0e3881d8-7f3a-42cb-9d63-0f7143d2eeca,2026-02-28,7,10
3a750c03-6330-419f-9572-b77f9d5f1261,2026-02-28,1,1
b923e452-3f36-4cbc-a723-0f377ea4b30c,2026-02-28,45,45
464190a9-de79-41d0-b47f-ba94f9ffa550,2026-02-28,1,10
57514bdd-89cd-46a3-b763-979b29035476,2026-02-28,90,90
6df23e02-d7a8-421c-a8f7-b3dac9e24fe7,2026-02-28,1,1
0c666c8f-33a1-4abe-9754-9168c7359013,2026-02-28,45,45
3c35ab0e-3622-44b0-8976-b9ce68b9fc4b,2026-02-28,1,14
42e58566-141d-4aae-adfb-80b5494b36dd,2026-02-28,1,1
4abd87f6-7e01-46ab-af9f-0593b0d46d4f,2026-02-28,14,14
5041cca3-980b-4483-8956-ea63634f5c4a,2026-02-28,14,14
95fc3672-4023-4227-ac03-35ef8b5ca316,2026-02-28,45,45
987f0823-8ced-476a-b2a7-6ff2ac5f3b3d,2026-02-28,10,45
a671aa98-5600-496a-8bd0-64b46010b9a0,2026-02-28,1,1
b3f3b76d-7082-457c-8937-4522cf34c145,2026-02-28,1,1
0fc3d3f1-dfec-42cf-80a9-5a10cecd15f4,2026-02-28,1,1
39fd799f-affd-4a69-88e7-f2164a49159f,2026-02-28,1,7
baf4f959-9856-4072-bb30-e018a4162ce4,2026-02-28,1,1
c17a90de-9667-4ed4-8636-d00cef4b6733,2026-02-28,30,30
c89b10b2-54fb-47b0-a354-6c37ec32bc1d,2026-02-28,1,1
ec2e07da-01e9-470c-906c-df91d962c40b,2026-02-28,1,1
078eda9e-b77a-43ac-bfef-06eabb2f7572,2026-02-28,14,14
455c1fe4-d932-481a-b93b-4c94e8e6744e,2026-02-28,10,14
91610e98-de1b-4b0c-a6e9-438136bf6f3b,2026-02-28,1,75
dae0a38a-746f-4b5e-acf0-347ef76a7c16,2026-02-28,1,1
db610816-09ef-48a3-a13f-e28e06e4b8ee,2026-02-28,1,1
559a9a37-b11b-4e23-a141-6517731e0243,2026-02-28,14,30
c1c59905-8a0c-4895-a116-f6c0c44bd32f,2026-02-28,10,10
ce70b250-63c7-45ab-84ae-87867ded291d,2026-02-28,14,14
e4fa0df4-f0c0-4897-9c75-29215498caf9,2026-02-28,1,1
e6b4b44e-7916-4b52-a225-513956ac4a39,2026-02-28,14,14
fac2f2f4-c909-4226-b137-9c5dfff6d594,2026-02-28,1,7
062f3aa7-a92f-4dfb-8458-004efb9a2e54,2026-02-28,45,45
19b3b6d9-6275-4c24-91ce-b01ec6fd4a47,2026-02-28,14,14
39a9177b-7582-4c12-a415-a3c5174a521a,2026-02-28,1,1
6255cfd0-10be-4a22-ac97-39961468a9f4,2026-02-28,45,45
7221f08c-5d2d-4a0c-9f23-434324dd45aa,2026-02-28,1,14
80006a8d-9b37-4c45-9d69-ff5f02e21f38,2026-02-28,1,1
f142652f-93d2-4ad4-a38f-6b4c4e0a2490,2026-02-28,1,1
24c5ed56-41dc-4924-bd89-1cae268deb4d,2026-02-28,1,1
2bb32ffb-42be-4cf5-9967-23b710980b41,2026-02-28,10,10
4e0a15f7-20c9-48ba-95b7-fee44172626b,2026-02-28,1,1
9701fe0c-c67e-4565-9599-33f806c09b61,2026-02-28,1,120
c49f470f-9c69-437a-af79-b30a453b42cc,2026-02-28,7,7
e464fb48-27ba-45f6-88fc-745df17b5f98,2026-02-28,1,1
38b1961a-4c86-4f80-88e4-0142ac355907,2026-02-28,1,1
4067c37d-d775-4039-b673-b381ae873df7,2026-02-28,1,1
48fac26e-b8d7-476b-81f1-5897cf10244c,2026-02-28,1,1
4a45d59d-20e4-4084-ad1a-a1c656b629ff,2026-02-28,1,14
7a7d5e50-82cf-468c-b3f7-d8457b72b3cb,2026-02-28,1,1
9269d455-f7dd-4f47-aa16-f0c1ee5fc46e,2026-02-28,1,1
a05e6659-ce62-4938-b329-6b5598044789,2026-02-28,14,14
c34e09fb-12f2-45a1-b2c7-ee2ffdaf743d,2026-02-28,14,14
d0a5bdab-5802-4191-b596-3e049811f514,2026-02-28,1,1
e77b0d85-4875-4be7-93b8-d0d0c4a04010,2026-02-28,1,10
a4820ce9-e874-4ea0-ad1e-19c50572f2ba,2026-02-28,1,1
cff0d3a9-cf47-454b-b87d-9f42df603e54,2026-02-28,1,1
ff6db8e7-8b09-4d73-8be9-b4363468a014,2026-02-28,10,10
25b0b296-ba35-465e-8143-dfa0abfdd8cd,2026-02-28,1,14
30102ecb-e174-4e1b-bed4-1599b36e2e29,2026-02-28,1,1
3ed1b69d-9d8a-4fd0-ac2a-5802c1bdcc68,2026-02-28,14,14
4a9d619d-cbc3-4fb9-adac-07fc75e51204,2026-02-28,1,1
56238fbd-c88e-4248-98d7-a8d9f13d715b,2026-02-28,7,7
59ba2c9e-d82e-4709-951e-4f198041ae31,2026-02-28,10,14
6a1c0f07-8a57-48c1-a7b7-817dde71531c,2026-02-28,1,1
743667ae-43af-4152-8085-eb598867782b,2026-02-28,1,1
a0a18e15-1c18-4ffb-a533-085ccbba7b9c,2026-02-28,14,14
b9b8cbc5-69c2-4800-ae5d-6733ff9b8764,2026-02-28,10,10
cfd7395d-a736-4c97-9ad0-9db27deb2cf3,2026-02-28,1,1
fcc4682b-3fb3-4a61-ba32-01354a89add5,2026-02-28,14,14
45b8425b-77e7-4bea-8424-4894e1c80905,2026-02-28,1,14
4a16276e-3c6d-4974-8476-3c26dc7c8e86,2026-02-28,1,1
4f100695-c251-473e-84a5-ae5be890df02,2026-02-28,14,14
786586dc-4732-48f6-8884-6f35ac3594b9,2026-02-28,1,1
9bd40f42-2ce8-4086-a850-802fc3ccfbad,2026-02-28,1,1
9d4a34f0-f0ca-48b9-a903-154b13fac5a5,2026-02-28,14,30
2e0ec59a-e28c-468f-a0d5-bcd3d0c50523,2026-02-28,30,30
3b5803d0-d955-46c1-a980-121f579c3111,2026-02-28,45,45
6350c36e-aeb5-4c94-891c-23be929469fd,2026-02-28,7,7
77771d2b-32a0-449b-8601-0ca57a17ac92,2026-02-28,14,30
9c439aea-0f43-4dad-b225-66b17b0c3a40,2026-02-28,1,1
1b1b86ff-745c-4112-b9de-2ef17f1b7f18,2026-02-28,14,14
3a3e286b-cba6-4cfa-9c8f-9bfb09ee46e6,2026-02-28,1,1
a70d6049-aedb-40a5-8eca-86a8f3badb9d,2026-02-28,1,1
b8b3da7e-1caa-4189-893e-fc297e4571d6,2026-02-28,45,45
d5f3bf91-8576-4674-881c-3d22335e5a35,2026-02-28,1,10
1ad072e1-291d-4d7f-9533-53dccc95628d,2026-02-28,14,14
39a4a1f1-51d6-4508-82e7-534f5bdcf00a,2026-02-28,1,14
470d8442-0e12-46c8-9462-e32371fc70dc,2026-02-28,30,30
61ed064c-b0e8-41ff-981f-155df6b6fc07,2026-02-28,30,30
7e9c3147-10c0-4a81-88fa-9a77cbdfedff,2026-02-28,30,30
a60f363b-3c2b-4291-869e-91f55ea9f421,2026-02-28,1,1
a8efb4f8-68cf-436e-9f46-c8e1a4ed4200,2026-02-28,1,1
b83ffed9-4eb8-4580-8553-5ee1b84449a2,2026-02-28,45,45
c4bc09af-cac2-4d9f-b560-82cbc12df011,2026-02-28,14,14
e0352db5-4bda-46b7-9164-2892c8b5b7e5,2026-02-28,7,7
e39da9d3-1f2f-4dea-b3a4-00aaa2bc0a2f,2026-02-28,1,1
fc22efe5-8c01-411d-8230-9c86e29433f9,2026-02-28,1,1
26d20ebb-8817-4296-bf10-678be8f3d134,2026-02-28,1,10
61432b61-9739-4bff-8355-3c651e837112,2026-02-28,45,45
862290c6-155d-4bb1-8c5e-7c10bfb45170,2026-02-28,10,14
8770296a-7464-4734-ae40-110955bad545,2026-02-28,45,45
96dd7c61-cbf0-4d5c-ac42-f2fd3eaf95bb,2026-02-28,1,1
96f83492-ffb0-4e38-a057-9fb8f1c45f8a,2026-02-28,1,1
9fb38038-c130-4f05-b182-892f6ff00aab,2026-02-28,1,1
fd201d38-0b7b-4744-ab20-8f5f85cada03,2026-02-28,45,45
3e81e108-c5c4-405d-8455-a388946fc1c5,2026-02-28,1,14
5b73f928-c117-4566-b879-ba4dcaf0e276,2026-02-28,1,1
8c2f5f57-afad-468a-bb4d-912ffa1aa0e1,2026-02-28,45,45
b19f2249-9d1b-410f-938b-30fba379fde2,2026-02-28,10,14
d069b903-ad6f-4c30-b684-20f8750d67bb,2026-02-28,7,30
dad5bed1-d480-4a73-a299-f080f3c3cd34,2026-02-28,30,30
e1255e77-cdbf-4307-bad7-af802ff14c12,2026-02-28,1,1
fcdf7174-494b-4731-9429-1ffc72c78dec,2026-02-28,14,14
06b22789-dc51-405d-b767-8c840d5ea780,2026-02-28,30,30
38298cd8-5cd0-46f0-a5ab-c1598c9873a4,2026-02-28,45,45
4d59dbcb-3e23-4484-890c-d54458adf1fc,2026-02-28,1,1
5d47f1bc-21f2-4d4b-9d7f-a37e5a532ca2,2026-02-28,7,10
66107f2d-f2ad-442e-b63c-a1418ce299b1,2026-02-28,1,1
76dc1acd-28c7-4635-b48d-f1d81a113bdc,2026-02-28,1,60
79ddeb85-318a-41f6-9e25-ffa6800ab910,2026-02-28,1,7
a1718845-7881-4889-9f45-b7f3591d0280,2026-02-28,10,10
ace2f8a7-1da2-499b-9e80-e853d8de6eea,2026-02-28,30,30
b499d9fd-0387-41a5-9f87-806483157b18,2026-02-28,14,14
296785e9-5076-4b43-bd3f-8b426ac21eaf,2026-02-28,1,1
4974369b-fa04-48ec-b9a8-638637969d80,2026-02-28,90,90
4ea7bece-f7bf-4286-98dc-e7e18a0a2e85,2026-02-28,10,10
6d77d3d4-f7f0-4d71-9b0b-756586996114,2026-02-28,1,1
70fd6f47-55c9-4318-b6a1-f27d7dce248c,2026-02-28,1,1
aa2a5d2d-cef9-4865-ae7e-962ab207ed43,2026-02-28,10,10
d8f34c39-1b79-405b-b92d-cea7c03236f3,2026-02-28,10,10
f0233f5a-4b4d-45c1-b677-174d9f0298c5,2026-02-28,45,45
67dbe7f2-6dec-494a-bd1e-cc8ade57e6eb,2026-02-28,1,1
77641edf-58ce-4357-b1d8-f597df29b7d3,2026-02-28,7,14
8fc6fa73-6b32-4207-836f-31b0b2afba24,2026-02-28,1,7
9035e23d-c258-46cd-9dfc-7697bdd42d1d,2026-02-28,1,1
aab64c84-c550-474e-8a01-d025689c7e33,2026-02-28,1,1
bd4774c0-b78e-40c0-ba9c-837d8abbf445,2026-02-28,1,1
f5282331-7043-4be0-9fa8-152010b90255,2026-02-28,1,1
1b699ee9-d071-42db-8050-b2bc01fda6fc,2026-02-28,1,14
c67108f7-3f2e-40a3-87ab-52c762de6eae,2026-02-28,1,1
697153c7-98cc-4647-adda-e557b6a6e010,2026-02-28,14,14
6e197fde-6518-4e72-93dc-be3ecf082ec8,2026-02-28,7,7
757dad69-3d49-4015-906b-c3cc7b07916d,2026-02-28,10,10
ddc469e0-7cc1-47a4-9599-24f3fa72a0c9,2026-02-28,1,1
e8802bc6-e23e-43ea-b6c5-794b17f03a66,2026-02-28,45,45
f985ce4e-c954-4cbc-9ff6-27799eaf459f,2026-02-28,1,1
0f55ec3a-1a63-4432-ad02-7b8002592c51,2026-02-28,1,1
23685d2a-55f2-4162-abed-7a10f81d8459,2026-02-28,14,14
4d6a2984-6438-4c91-abbc-cf8c2a15a8d6,2026-02-28,14,14
69d56e45-827d-4ab8-b059-70ba53bb790e,2026-02-28,1,1
761ca813-2ae3-47e5-b736-34b7f71ed72b,2026-02-28,45,90
7f6647f9-12c6-48c9-9808-7743e5221993,2026-02-28,1,1
847cdf72-dcfd-48cf-9e4b-0b3d45df3fb4,2026-02-28,7,7
ab3f9d1b-374a-428a-981e-688148d11090,2026-02-28,14,14
ad8a9739-dfbd-489a-9dba-d95554389de7,2026-02-28,7,7
ccd86a91-ade0-44ae-aece-f905dabe53ae,2026-02-28,10,10
e5920fa5-a31a-478d-9620-8c5709247f8e,2026-02-28,45,45
eeeb4433-6c41-4304-9638-6f4a6e066f42,2026-02-28,45,45
f8a0bc99-f1c4-4b37-ba79-a8be714617c7,2026-02-28,14,14
11e4ff9f-28d2-4dcf-87f0-9d39838fdc07,2026-02-28,45,45
1f127941-c55c-4974-bb3f-57168153e21e,2026-02-28,14,14
42cb487d-e3c0-41a6-9dbd-002317f5c5ee,2026-02-28,45,45
52a83cb9-d2fb-4a29-8df5-26cf42df893f,2026-02-28,1,1
7ff8c13c-ffe1-4ce7-aa1d-f7c416be4862,2026-02-28,1,1
c15663f0-a825-46aa-b38d-d559d4c73309,2026-02-28,60,60
c16d897f-17f9-4035-afdc-1de77f20b865,2026-02-28,45,45
fde47f12-c559-4ecd-8dc5-8022483cf063,2026-02-28,14,14
341cda5b-203a-48cc-9f4e-d7ed8b2ff163,2026-02-28,7,80
342959ff-232a-44b0-9abc-05df45194186,2026-02-28,1,30
8f410822-29d8-4c8a-8b7a-17ecfaae3c30,2026-02-28,7,7
b4a51884-4811-4843-bfa8-7e7cecc7a997,2026-02-28,1,1
e0f91dc7-cc95-41c4-98a2-f7c99e22aa30,2026-02-28,120,120
ffb0c17c-e050-4412-a55b-8f2fe13fcf25,2026-02-28,10,10
070e8aeb-31e6-4d05-8d18-c4eb91c8a96e,2026-02-28,1,1
5a3ea1ff-fc70-40e0-b2d0-917d29b288b8,2026-02-28,1,1
7075eada-3e71-447a-8e9c-b36f091d2e1b,2026-02-28,1,1
9b3023e7-aa6f-490e-bbe0-ea53d17b6379,2026-02-28,7,7
b0272605-63f3-4e06-a15e-349db988d94c,2026-02-28,14,14
c77a5cdb-1f0a-4462-966b-8223d5c4c8c3,2026-02-28,1,1
320e035b-a2ad-4226-847c-1c939af55c8f,2026-02-28,90,90
78f547ef-a71f-444c-97e8-496e74aba265,2026-02-28,1,1
a629de58-3226-46aa-85b1-7f0d0fd6f521,2026-02-28,1,1
c7406697-485c-43c0-a532-3a7a9228da8a,2026-02-28,10,10
ffea30bb-d9f7-4e78-a6f4-ba8eedbf4f1e,2026-02-28,14,30
0618af1c-5396-4c16-be38-e9026ad1d38b,2026-02-28,1,7
b4c1800f-9111-46d9-a4cd-645a0e53b565,2026-02-28,30,30
d2640912-e116-41f1-8dc1-31da8eea5e63,2026-02-28,1,1
e3dee83d-4732-4ca3-a983-a844b9ee7906,2026-02-28,10,10
0490d14a-be74-4e2f-9509-d6896f1a091c,2026-02-28,1,1
11afd799-7188-490a-a237-a72cc63f61e6,2026-02-28,10,14
4fcf2497-da73-442e-bfd5-4d2691728c35,2026-02-28,90,90
5f89a927-3572-49c9-882c-c8c11a86a8d0,2026-02-28,10,10
76c2bd4c-b9cd-4d0b-834b-6664b71c2f6e,2026-02-28,1,14
a82e9ca5-df58-4d76-991b-9a7f4508365f,2026-02-28,1,7
ab25d17c-515d-4675-b5d9-5f8d3b0cfcbd,2026-02-28,1,45
c4cccd83-f4c4-4662-b3ef-31774210ce1b,2026-02-28,1,90
c6f08bdb-ac4d-4abe-a7bf-164b0b4fd8e6,2026-02-28,1,7
f9bf6719-75b7-448a-bfc2-143a64646036,2026-02-28,1,10
18084f62-5a5b-4cf5-a959-efca6722b3ff,2026-02-28,1,1
3ffcb939-886e-440f-9e48-8840540d9bf4,2026-02-28,1,1
741c0495-ce73-4945-bfd7-71a8772ec498,2026-02-28,10,10
92bca30b-2613-4d9f-8d4b-70455cf549a7,2026-02-28,1,1
9f6b9955-9da1-411f-96c9-07de58899c79,2026-02-28,1,1
a52d727b-7c31-4552-af0b-bb89ee4c68b4,2026-02-28,1,1
d29118c5-f3c4-4e49-bef5-e53fe0ad841c,2026-02-28,1,1
6c9d22f1-2366-4407-ad05-61eee344ad56,2026-02-28,10,10
c4fc392b-d754-4b70-9a30-42446569b202,2026-02-28,1,14
cec83170-106e-4f02-800b-4115588ef7f2,2026-02-28,14,14
e4937d9a-3273-4773-8ff6-6ca0128ed404,2026-02-28,7,7
e56c6a48-cdc8-4d37-91ae-e156c501add2,2026-02-28,7,7
eee8b0be-99dd-4a55-a656-2c45d2edc68e,2026-02-28,1,1
fb36136f-4b0a-46d9-8b8e-63ee5c6ad757,2026-02-28,1,1
120b938f-b824-4e3a-925c-f5fe20224d4a,2026-02-28,1,1
3329c194-1bf3-4da7-91b0-c0bcce469e3b,2026-02-28,1,1
8dff1349-9485-4127-84b6-55263eee56dc,2026-02-28,1,1
f176d694-092b-49e2-afdd-6e0735a0c942,2026-02-28,45,45
f8cd093f-1175-4fa6-aeba-2e1048c8bce0,2026-02-28,1,1
2ade4927-d407-4327-9d71-c923ebb3fc4c,2026-02-28,1,1
31eeda8c-1331-493f-b466-9d36436fbc0c,2026-02-28,1,1
41dd36ef-e13e-40bc-a613-449bfa64c27c,2026-02-28,10,10
602dab79-f6b1-423c-aafc-2cf17e2d58da,2026-02-28,10,10
777133eb-5322-43b2-943e-230f95bf20d6,2026-02-28,14,14
7d8bd460-fd5a-4847-990c-46e7bec2a257,2026-02-28,14,14
8e23f577-fcf4-4ba9-bffe-bbba51f30536,2026-02-28,14,14
9265176a-a0d7-42e9-a624-dfc44a21927f,2026-02-28,14,14
e09ad37a-d9f2-4b9d-8f7f-4a56ec4ce538,2026-02-28,7,7
24d42d15-5aa8-4555-a903-e9ed571e778a,2026-02-28,7,7
5ffcfc95-cb5c-4557-ac22-1d1c0a24296c,2026-02-28,10,10
d27330fc-8389-4bf7-ac76-227e93da3355,2026-02-28,14,14
ed3d9f1b-947f-4d38-9133-6348b443c83a,2026-02-28,14,14
1bd645cd-da45-4e8d-beae-efc3037d24a6,2026-02-28,1,7
531bd098-1245-4d3f-9c2f-800188c771e0,2026-02-28,1,1
6e7e3eb3-bde9-40d8-a8f2-6b0faea8c9e1,2026-02-28,14,14
9432a09a-5d2b-4a69-8217-aee4670d18b4,2026-02-28,7,75
969e48bf-f84e-4a26-b830-2bf6054856be,2026-02-28,1,1
efdd35e5-d3a2-4b10-b12d-8c09dbe1f4da,2026-02-28,1,1
f8052f5c-bb0a-4fe9-aef0-a9fc168a5ae7,2026-02-28,1,1
fa05cf2e-3f2c-4843-a91f-f8392ec7c39e,2026-02-28,1,1
2a8bcd08-581f-44cf-9646-c7e8083a8111,2026-02-28,1,1
83440478-9bce-4952-8f34-d31369cb40e5,2026-02-28,7,10
87aca8f3-6f1d-403b-9d45-7bc4e13c3832,2026-02-28,10,10
905d38c6-bc63-4845-ad4d-8284d0f1543a,2026-02-28,1,1
9f2ac63b-9e7f-480e-ab44-5491aec56c26,2026-02-28,1,1
acab0030-2824-4249-ac81-8ece3aadb6b0,2026-02-28,30,30
ad05ea2c-2f23-4286-8730-ce07aee73b4d,2026-02-28,10,10
f67d08ea-ddc3-4ae2-945b-5980343e370d,2026-02-28,1,1
0a27ebe6-c01b-4804-bfe6-23bfa4980f05,2026-02-28,1,1
441a531b-c81a-445e-9228-106c2de8dc70,2026-02-28,45,45
6c658d52-bb6b-400e-a409-ee455032a5d9,2026-02-28,60,120
7e100902-d440-402f-9b6d-6a1df9324d41,2026-02-28,1,7
8e6dfe5c-c30f-49bb-aeb0-80ae62e3f868,2026-02-28,10,10
c047916e-edb6-42b0-aba1-e5d69c8bf107,2026-02-28,1,1
d2daede3-1fec-45ae-a317-48895e8c6841,2026-02-28,1,1
e4b88f9a-f7f9-4bc6-9e44-9b1569c20a49,2026-02-28,10,14
f8474ecd-2c1e-444a-9028-e407db6df77e,2026-02-28,1,1
3d082239-3c2d-4184-9dd8-5588d76d689c,2026-02-28,7,7
3d875f0c-a9dc-4999-adde-bdcbb2285bf8,2026-02-28,7,7
6f803d44-66e3-4735-aa08-6eaf16308c06,2026-02-28,45,45
713a1d3e-fb3e-427b-b880-ce0d29f3a25d,2026-02-28,10,10
94555d32-52b5-4ae4-8be5-13ffc175ae9c,2026-02-28,14,14
a349bfc1-023e-47c8-a4c1-9c1809063e5e,2026-02-28,7,7
a3ee297d-dfac-494a-a2aa-75e6689e0ab1,2026-02-28,80,80
ef282aaf-a4df-4408-973b-31be5dfe2e77,2026-02-28,1,1
2889e353-8753-4326-b2fe-6135c51404db,2026-02-28,1,10
294e9c5b-913f-4f80-be36-09c7ea094208,2026-02-28,80,80
91270b9a-2941-424b-9549-eda900026fa6,2026-02-28,1,1
c8d60fd3-e980-45f4-b1d9-d55e47f5c939,2026-02-28,1,1
d6f63a23-f212-4947-ae44-b80761c26780,2026-02-28,30,30
0cc13345-ea49-4881-953c-062158f499d9,2026-02-28,10,10
387186d2-e459-46e4-b793-ef6473a9f286,2026-02-28,14,90
4c199662-87de-48b9-a1e2-80b5889f4738,2026-02-28,10,10
b529bbf3-78cb-48e5-b45c-057bbde2d816,2026-02-28,1,14
c734c10f-569e-482a-813a-97d588c4c592,2026-02-28,45,45
ca031c45-c0b6-4233-bc5f-5cbb3985ce18,2026-02-28,1,1
fbe8c42f-fe04-4a1b-9ca4-520672715875,2026-02-28,1,1
0e0e763a-daf3-4acb-807b-67b21d28e939,2026-02-28,7,14
4b586cfd-bed8-4f6f-bdac-53efcd074ede,2026-02-28,1,1
8acc041b-502e-4f04-9a4d-bb9b64a3bd29,2026-02-28,7,14
a3995d52-0277-4408-8858-f255ae4a2b1d,2026-02-28,7,7
ad4d16e5-1434-4ad3-a5f7-2d83e43889e5,2026-02-28,1,1
bd4faa09-f53e-462b-b948-ee35db71aa44,2026-02-28,45,45
d04a1c28-157d-43e7-9c5a-465743e9c1b8,2026-02-28,14,14
098d4a67-8009-449d-9f49-b5c490ee4e91,2026-02-28,1,14
162fc7da-b6cf-4075-bf71-c6df1df10cc9,2026-02-28,90,90
650a07e0-d1b7-4f5c-847d-0e3c4ac56941,2026-02-28,1,1
876dbd77-df43-47d3-9036-6e18f8c4af45,2026-02-28,1,1
906f855e-55eb-40f5-af80-cad46dd0760e,2026-02-28,1,1
bf0c58b6-9acc-4eb3-9ce3-65db6775020d,2026-02-28,14,14
e948fbf3-84ac-47db-becf-db8541ce133d,2026-02-28,14,14
2f5cb59b-0bbc-4e8b-b171-6203013c4571,2026-02-28,1,1
37ffc6b3-0378-4dd5-8f6b-115c877f91ef,2026-02-28,1,1
38cf54d7-6a4d-4488-b9de-bd239d0ca80b,2026-02-28,14,14
57133663-6886-4568-9534-42843431790e,2026-02-28,45,45
b19c81f5-4cdf-418c-8c59-71363865c1dd,2026-02-28,7,7
b8bbaf69-99aa-4976-960e-6ea2d8e2a4bf,2026-02-28,7,14
c841e94e-fd80-417a-9c7c-832df2a0e1cf,2026-02-28,1,1
cbf4f670-922c-4b7b-b7ae-de422c274a27,2026-02-28,1,1
d57cc4ff-e365-40fb-9749-3a350c7dccdd,2026-02-28,45,60
de3f10aa-f863-422b-b023-dd82e4bfe2f2,2026-02-28,1,1
1ccedcf4-1466-4bec-aa9a-43d36d348037,2026-02-28,1,1
389b5255-15d3-4c30-bcd5-36f0701dd150,2026-02-28,7,7
5b19e5ab-927e-4d19-b520-a5bdf952ae1e,2026-02-28,1,1
a0cc55fd-33f5-4dbb-9621-9d9d76267b6b,2026-02-28,1,1
ef4450b9-d6a4-41f9-911e-5280f6f77f2c,2026-02-28,10,10
19de1bcf-ab24-4a55-b4a3-4fd7b3f7866b,2026-02-28,7,10
53122b09-3d64-4c0b-a756-0bde1ad25ca8,2026-02-28,1,7
9a9c2b2b-398e-4f41-9b20-e3892de8c01a,2026-02-28,45,45
bd042f1d-1447-4fd5-9bd0-580be0bd657f,2026-02-28,1,1
fe6a9fc8-a1e2-4bbd-af2d-16f3393a23a8,2026-02-28,1,1
483adf1e-f68c-4f6c-9eb3-dae23795c9c3,2026-02-28,1,10
4ad0f2b6-e67a-4f0b-85b3-97abb402ab61,2026-02-28,1,1
587bda9a-983a-49b4-8905-a71f068c446f,2026-02-28,1,1
71acc2ea-daaa-4d87-a659-9d5c31d1cd81,2026-02-28,1,1
844feb81-bded-420c-acec-83d2c17abc9f,2026-02-28,14,14
a817343e-c039-4e6e-88a8-dad64e72f21f,2026-02-28,7,7
b0a1e35e-7b30-47fd-b581-079568bce146,2026-02-28,45,45
c35db993-f3c9-49d5-b181-caab35bbc65e,2026-02-28,1,1
cf6de9c2-0e62-42c8-8530-89ac616e540a,2026-02-28,30,30
d13a7702-6d28-4941-9ca2-d626d5145895,2026-02-28,60,60
effbcf0f-bb1f-48bf-b052-b70f21a1d10c,2026-02-28,14,14
02214389-8491-4dd7-9c32-fb1d533f930c,2026-02-28,1,1
1326b1b6-ae6e-4bf8-9b10-641d6537f7de,2026-02-28,10,10
3192f173-7862-4b86-b9d0-27daf043c210,2026-02-28,10,10
3956bafe-bed6-481e-aabd-4b39b00650cb,2026-02-28,1,1
6a0b7347-5780-46f4-812e-dbb9216e4863,2026-02-28,14,14
92eb3733-b033-4633-bf44-249984295d0c,2026-02-28,45,45
afec8838-b055-4fa6-bc33-d7fd12c8620f,2026-02-28,1,1
2e880879-8aae-4ee1-b738-693b3cf2e724,2026-02-28,1,1
48ba8ee7-89a0-439b-854b-c86ffb774c66,2026-02-28,10,30
55534d9b-781e-4746-9c37-d4e70e2e0095,2026-02-28,14,14
75038fa6-7932-4e3d-b669-633b4b329aab,2026-02-28,1,1
e01bc4e5-dd62-40de-8def-54c21305d437,2026-02-28,1,1
14b34ed9-fe3c-4e48-83c8-f7eb07f75fc1,2026-02-28,14,14
2f0c20d7-81b1-41d1-a1cb-8b42e741f531,2026-02-28,14,14
4bf50ec2-4b2d-449d-a4ae-ca9e6d9dbede,2026-02-28,14,14
8ff97fa3-85ec-473a-8497-d9977167b3ac,2026-02-28,14,14
c9f27834-1532-414d-82d6-589dfaf1d97e,2026-02-28,1,14
d9be7c9c-5cba-4aa7-b37f-be528779295d,2026-02-28,1,1
e8b2ee1c-e8b8-4541-ab06-e5554a57a4e6,2026-02-28,1,1
3f8e1c4f-cac6-4a0a-bf1d-da0214f02a72,2026-02-28,1,1
54bb77e9-01df-47d4-9ce0-6476b40c1a64,2026-02-28,80,80
8b76fab0-8510-4a5e-8188-d75a67e7576b,2026-02-28,90,90
eddfa629-ae28-40e1-899d-3ebb2568ed64,2026-02-28,1,1
4febfa27-6a68-405f-add0-f844765cf4c2,2026-02-28,7,7
664cdb61-b19f-44c9-aaa6-e1d03789b642,2026-02-28,1,1
746e2a5a-80f2-474a-bd30-ffe594e16323,2026-02-28,7,120
aed879da-e01c-403a-ae16-599e6b5eb9a9,2026-02-28,10,10
c6759ff2-dc6a-481e-bd1d-a15562d6ddf9,2026-02-28,14,14
cc48e9f1-e38a-4fd7-96f2-a7fee4b1e616,2026-02-28,14,14
ee253976-546e-44c2-9ed1-ba1bb0d5d987,2026-02-28,1,1
ef111f3b-0730-4b9c-85fa-5fb4f67385cb,2026-02-28,1,1
045b2045-324b-442f-8e3e-d5f0061016ad,2026-02-28,30,75
913a0fa2-7332-4a06-ad6c-2cb2d59c333e,2026-02-28,10,10
bd28f8dc-e326-479b-b368-4a6d480f5b40,2026-02-28,1,1
cbd38225-be7a-4b0f-b134-faac37b473bf,2026-02-28,14,30
cc31de57-c527-4b5f-88c3-f9602f123ebb,2026-02-28,1,1
19813aa6-7903-49af-aeb7-76f42c125816,2026-02-28,1,1
4289f490-68ac-4794-9c5a-c6fa85f4a3dd,2026-02-28,90,90
85f2c2e5-a093-420d-8607-da127d1fb845,2026-02-28,1,1
ceaa444b-171a-4e00-a9d3-d16163bb2c1c,2026-02-28,1,1
d0a4e84c-c2ef-4c63-8c06-e27a9e51d793,2026-02-28,14,14
f317a260-5fe4-4c17-9a3e-a6e17d746bab,2026-02-28,1,45
98e075dd-5869-43e0-84fe-aa057c531c9b,2026-02-28,14,45
9fb407e8-05a6-4aa0-afc4-f93d26f8db40,2026-02-28,1,14
a509f550-87f9-4efe-a45c-b4ecd337a87a,2026-02-28,10,14
b60dbcbd-5c14-4ec8-b812-1be3694cb7af,2026-02-28,1,10
c30d71ab-d7d1-43ec-b582-9cae38d22b3a,2026-02-28,7,7
d15eacfe-12d3-483c-b430-64ae7f6aaed6,2026-02-28,14,14
de918635-0f43-4196-912f-0c1ffeb61f97,2026-02-28,30,30
f115a8b4-af9e-4dba-a4d2-5990ac967155,2026-02-28,1,1
116f687c-f657-45fd-b4f8-d97bbe8e0e12,2026-02-28,1,1
18dd7074-b2b8-4267-8a1a-209a2a6527e8,2026-02-28,1,1
2488c4da-169a-4e90-b4d4-48830fa1b749,2026-02-28,7,7
3907ab2d-1487-498c-b4f4-149ef6d5daf2,2026-02-28,1,1
5ebd59a5-a9cc-4771-ae23-cb3ec4bd9335,2026-02-28,7,7
8cd43275-5893-4784-9202-8734dfdbd344,2026-02-28,14,60
b269a87f-eca3-49f3-bce7-a6fe5e03b43b,2026-02-28,45,45
be64048a-61c2-45ee-993e-12a546149ec2,2026-02-28,1,14
c2959a2c-76df-4f33-b755-8c3debf5e93a,2026-02-28,75,75
e51448ff-e760-4bb8-be78-12eac88b88db,2026-02-28,1,1
f85b58cf-abd5-45c2-a418-5be2e6f3f037,2026-02-28,45,60
04138b28-970e-4f05-89a8-aa6e0cbaee2a,2026-02-28,1,1
072d9b44-22e3-499a-9910-ff4f5c80ab1b,2026-02-28,1,1
145c8cd7-fd63-4788-a2f4-731141580a7f,2026-02-28,1,7
1cd1a458-3953-4a85-a3de-e1462e0008b5,2026-02-28,10,10
599d3c84-2a18-47d1-b6d1-f0562a6f42b8,2026-02-28,30,30
797ea355-afea-4c69-8c27-352e1f192a8d,2026-02-28,10,10
d02dc6e2-82b8-4298-a2cb-cc9fb036af5d,2026-02-28,7,7
e90f80c8-1f5f-4e14-b71e-70cbcc54c88a,2026-02-28,30,30
f776b2a9-0ab8-4baf-9713-8adff7c93c53,2026-02-28,7,14
72e1fa3e-c35f-45e8-85ef-42cb7d5d0b34,2026-02-28,1,1
b9cee7f3-c8da-4f93-8820-b58a491e3c12,2026-02-28,10,10
ca438a44-bb20-4103-82cd-c82d610508eb,2026-02-28,10,14
fa5028a3-0276-4a84-abf3-417c6513c8c5,2026-02-28,1,7
6bb8ee74-f4f9-4214-9c63-63b4eba40d08,2026-02-28,1,7
7fe40ebc-651c-4184-b1f6-d258e199240a,2026-02-28,10,14
aa8a9dc7-8780-40b2-b4d9-0bd4ed5827ad,2026-02-28,1,1
f07c71b1-72af-4140-b5ec-43d5d371f73d,2026-02-28,1,1
0c4e16c6-d863-49bc-914b-380d17ecc5bb,2026-02-28,1,1
4fe0b614-cff2-415c-b7f1-70ddeb84ddfe,2026-02-28,7,7
5be06596-6d5e-486e-93e0-f525cd1a41c1,2026-02-28,1,1
9f3a7dc2-144e-4b4c-b207-7743d9eaf962,2026-02-28,14,14
c56fe770-8535-4de9-bb19-1a04131fb6c0,2026-02-28,14,14
e17c0077-100a-4aff-8273-2c3998511aa8,2026-02-28,14,14
fbef014d-77a3-4201-afb6-434ab4b3e2b4,2026-02-28,1,1
032bc726-1696-43db-b357-f61036eb9d06,2026-02-28,1,14
f1965dca-2609-4ce0-ad49-8ff14d347480,2026-02-28,10,10
03c11a12-5172-4c5b-9dc0-20448db3ad48,2026-02-28,1,10
0488603a-298b-4a00-8dee-7aec291afaa0,2026-02-28,1,1
0c2c6448-2cf6-4ec8-a1c1-299f37ca5e8c,2026-02-28,1,1
5fd34698-aef4-4ba4-b851-257c9f598898,2026-02-28,1,1
901c4c20-94e9-43c2-88c4-7575f1559c5a,2026-02-28,1,14
caf34371-4b50-4c6b-9e52-5f9c7ba5310d,2026-02-28,14,14
eefaa9b9-fe66-4ba2-98d9-7e642988a3bd,2026-02-28,1,14
438e9544-523d-4054-ae39-c48b5a8a3747,2026-02-28,1,7
4e7a6d31-83d5-4f73-b7f6-72eaa4c8630c,2026-02-28,7,7
57fe2ad6-2a2f-4e9a-bf2d-95f4b98d2c90,2026-02-28,1,1
5ae95c1c-7465-4d59-9a00-38555c3efbcd,2026-02-28,1,7
a9f7642a-4397-453a-bb66-0006d210d442,2026-02-28,7,7
c6a1c3bc-ffb8-4243-b149-d96f3c0586c7,2026-02-28,7,7
ec46b33a-beef-4075-8281-c96f672a0beb,2026-02-28,1,1
250c9c91-0684-4098-adaf-76be3c580785,2026-02-28,1,1
41d7477f-cd65-418b-98d7-2b5db541d8b5,2026-02-28,1,14
651a8f6e-4aa8-4028-bb29-cd98a84999e6,2026-02-28,1,1
6f55dac2-00cf-47a0-8644-b565109a76d3,2026-02-28,7,10
7039ebe7-bca5-4c53-a53f-4855c75a48fd,2026-02-28,1,1
163f3b35-58b1-4196-8b4f-272e3e5fcc33,2026-02-28,1,1
3ffb5dc7-f570-4fe7-a398-8a28bf91faf4,2026-02-28,1,1
a522ec81-19e2-4346-87f7-a8490bdee1e3,2026-02-28,1,7
d1a02918-bfd7-4db5-a447-a7a139fb6cae,2026-02-28,14,14
f580d89d-3e3c-405c-a0c1-6e1e718904ce,2026-02-28,1,1
27b81afd-3603-406d-b050-b0cad53d8f92,2026-02-28,10,10
73a66760-55ae-41a1-964f-4fb2db3bcc63,2026-02-28,14,30
a9aede67-b4e2-4f85-aea5-a8cde281714e,2026-02-28,1,7
c710be57-6b0c-4fe6-a294-f3fb8154b52a,2026-02-28,1,14
19ef5139-8a60-4921-9007-7f606fe3c1cf,2026-02-28,1,1
2d264a1a-e243-4c8a-b78c-6fc15429a231,2026-02-28,10,10
b5ea1f61-99a2-4df8-8727-e6be53634641,2026-02-28,1,1
c1c72847-6ea5-4fd0-8da1-77ccd2956329,2026-02-28,7,7
20149c16-d259-4cd5-958f-841d569637ce,2026-02-28,10,10
2aa57745-677a-4bd0-ba33-7386179a79ee,2026-02-28,1,1
d44923e8-24be-4bb9-9078-b139c2558a70,2026-02-28,7,7
eb22144a-d313-4c26-8e26-6d60d3fde6ca,2026-02-28,1,1
674145b6-51f5-411b-83c5-173221f516fa,2026-02-28,14,14
95016a35-6b00-4978-8eb1-2dda5c307db2,2026-02-28,14,14
9f023a06-be6e-47f3-9ee3-40796fa86017,2026-02-28,7,7
b6c7e808-4372-43df-bda2-5d9680366e6e,2026-02-28,14,14
d01ad384-4ed1-442d-9316-5f06f3081f66,2026-02-28,1,1
ef09068a-2937-44c8-b999-c1da602f893f,2026-02-28,1,1
1f484598-7940-43de-bbca-b000b2641b15,2026-02-28,1,1
350ab95f-29a3-49e7-96c1-bbd0c4f4b03a,2026-02-28,1,1
5e76e2f2-d15d-4e6d-a4df-ae9314336495,2026-02-28,1,1
a36489b4-090c-4b04-8d26-a4a392c6ff37,2026-02-28,14,14
de2aa4ac-c110-4c4b-b2cf-f6704782e16b,2026-02-28,1,1
0d9dc032-f82d-4942-aca2-77461a48028d,2026-02-28,14,45
22a4ffec-c01f-4e89-ab2a-c6ba67781b7a,2026-02-28,14,14
71aa1bc8-11ff-4a9c-b10b-937fe6fb91a0,2026-02-28,10,10
9953d599-1595-4e1a-8338-cad891e0d2b4,2026-02-28,10,10
a47ba30f-3c5a-4f33-b91e-961aae132f9b,2026-02-28,14,14
d77eb9c9-750a-4d5d-879f-23f57c195f5c,2026-02-28,45,45
d8c65841-a411-4d8f-80df-d6b14831d82b,2026-02-28,1,10
2e982a65-a582-4708-a7ba-b00999971c96,2026-02-28,1,7
32f3a449-ca91-4c7c-a3a9-43cabc378165,2026-02-28,7,14
3308f5b0-6582-4304-97fa-cc0c73a40edb,2026-02-28,1,1
9bb9821e-30e0-4f49-bc62-8cf956642562,2026-02-28,1,1
0c8ffbce-bf65-4931-863f-c17a72a38d27,2026-02-28,14,45
2d1ff848-8fc6-454c-995b-b5ef19bc2709,2026-02-28,1,1
5dac1eb3-a1b5-40ed-9bef-c871e737ccb0,2026-02-28,14,30
660acae1-c717-4ecd-a737-7bdfeb9e9b55,2026-02-28,1,1
b6acf688-a298-4d54-87db-4ed569fa4bee,2026-02-28,10,10
bc949de2-2f09-4aec-9cec-61fbf08f80c0,2026-02-28,14,14
c27bd9d3-f4b3-4686-87af-f656f3e86916,2026-02-28,10,10
ffa1eadf-6228-4391-a19a-54e33f9f9533,2026-02-28,1,1
1f3ee0c5-4e90-47fc-babf-9f17bf8e8bf8,2026-02-28,1,1
3933333d-d078-4494-8345-60ec8ceffbcc,2026-02-28,7,7
6fbc2b9d-48f1-4a78-9588-b2abc77942fc,2026-02-28,1,1
d8a5664e-ced9-4051-8727-5068fe60ac7e,2026-02-28,1,1
4d469278-a585-4ef7-af0f-b2ac46613dd6,2026-02-28,10,14
4dd40081-4a72-44aa-a7a4-02a89b27e9a0,2026-02-28,14,14
72b799ea-5c99-467d-bb9b-d0412753cf40,2026-02-28,1,1
7be227e2-ab08-45ae-89df-6d11fa5103f8,2026-02-28,14,14
863c3f29-ac44-4745-8c98-9eeff1c2c213,2026-02-28,10,10
27c930ef-bfd4-48d0-b901-3446f62f6187,2026-02-28,45,45
5a1da837-0f91-4c5e-a965-17fe05dde58c,2026-02-28,45,90
68067a59-3455-4406-9938-74ba764d42dd,2026-02-28,10,10
9b5c794d-50dd-4355-bbb1-4040c99dbca9,2026-02-28,10,14
9b615889-e849-4b23-9986-4b950f32d417,2026-02-28,1,1
af737413-c563-42c3-83f4-75d5fa03c768,2026-02-28,14,45
f86e10f2-cdd2-41db-80eb-2024ea5a48f0,2026-02-28,1,1
23b12ee1-5e2b-4a0c-a949-d36c8d0cafa9,2026-02-28,7,7
6df55000-da4c-4d1b-bae8-57f8756a5c06,2026-02-28,7,7
6e7e788c-fada-41fe-a94c-1bc6422fb7f8,2026-02-28,7,7
adb9426e-92f0-4ccf-9a8a-4e3053844281,2026-02-28,10,10
be6ae35d-36f2-42ff-b372-5842d3e6cd57,2026-02-28,14,14
c159f323-7b7d-4c75-a6c4-cedbf68a9991,2026-02-28,14,14
f3474f21-3c9a-4f2d-883a-d921c83bf82a,2026-02-28,1,1
313f7fed-2546-4194-a20f-9ea56c53d087,2026-02-28,1,1
3df69cca-92c8-4707-9c2e-bb9a14d4d21e,2026-02-28,1,1
4b0ff1ba-031a-494e-bc8b-59f2aa02a625,2026-02-28,60,60
93d0ee08-596b-44a3-a531-0da9ad8c922e,2026-02-28,1,1
c7b3e240-4289-47aa-8019-70767e1dcedc,2026-02-28,1,14
61e1b0d1-fbe1-4a8b-b2d8-10d4cc0603ba,2026-02-28,7,7
8740b34e-30d3-4c12-b4a1-a75ca998e265,2026-02-28,1,1
882a96f6-1206-4da9-a0c5-57c2fb132a5b,2026-02-28,7,7
c8e95543-cb89-47de-93f7-e1ddef4576ed,2026-02-28,10,10
1291a14f-611c-4e5b-9120-57040dec44b6,2026-02-28,14,14
27356526-f7b7-4816-b99d-d2dd2814c958,2026-02-28,80,80
76ecc159-4b2a-4611-8abb-2744744801c1,2026-02-28,30,30
81dc6c23-71f9-4491-bf06-57456c34844c,2026-02-28,1,1
820ff847-720a-4cd6-ba3c-aeb8756a3a71,2026-02-28,1,1
ae0e7cf0-f62a-4816-8364-20cfc37a1a0e,2026-02-28,14,14
f5b508c0-810c-4b82-bff8-9b3e6ea14dd6,2026-02-28,1,1
39b40bc6-ecff-466c-8eb1-f145dad317f2,2026-02-28,1,1
65649c92-ab5a-428a-9333-45013280116a,2026-02-28,1,1
6698dea3-18e9-4ec3-add0-65d0318d6efb,2026-02-28,7,7
6736acaf-c65d-460a-a4a5-b9421d0d64f5,2026-02-28,45,45
dcfa2a0c-b47d-4abf-bcec-7a1674c7181b,2026-02-28,7,7
36295439-2b69-4d04-bf18-e6c0befb89d5,2026-02-28,14,14
4aee3948-6d5c-4ae9-8829-90e3d061dd21,2026-02-28,1,1
99254afd-0ef6-4fb6-b050-fc08d41ae0fd,2026-02-28,1,1
c41b7abf-b9b7-4134-ac3a-f5122fa4ead7,2026-02-28,10,10
ef37bbf6-4a18-4d3d-b3a0-ac29ae48ff4f,2026-02-28,1,1
fedf949d-2750-4f70-a912-5c010fbd3932,2026-02-28,1,1
1e614963-afed-402f-9200-5fc3b4adecc1,2026-02-28,1,10
2e206ea5-2b20-48dc-968e-e2032e8af084,2026-02-28,7,7
38839916-ad1c-4f64-9305-59abf8f8631a,2026-02-28,1,1
ad7e966a-6022-4918-be1c-0ba7deabfcac,2026-02-28,14,14
f247aff3-ef86-4640-9df7-b28069852fd5,2026-02-28,1,1
f8b5559c-0ce0-44f9-88fa-76c60ef3b64e,2026-02-28,45,60
1ee1a455-e6e0-4e43-9e44-9ecc2200b506,2026-02-28,1,1
3c1417c2-765c-48a5-b12e-4e8a1d022896,2026-02-28,1,1
4d31c3f4-fe68-42f7-85de-8df227867f05,2026-02-28,1,1
7b24c089-1e8d-44fa-91fd-2067f031b411,2026-02-28,1,1
b5b48c6c-8cb8-4d56-b85e-d500e64eb115,2026-02-28,7,7
b8c13933-5406-4353-aba6-332293eae91c,2026-02-28,1,1
e349ec2f-b908-4107-91f1-54c54e66e403,2026-02-28,1,1
2f27d50c-ed6f-44bd-bd37-a8eb62ca8312,2026-02-28,1,90
b7c56467-86c5-43aa-bd95-67e9e957ffda,2026-02-28,60,60
135ef538-3365-407d-ae99-c1cf3fd05a57,2026-02-28,45,45
558694e2-beb2-4d06-9b53-de5296673cdc,2026-02-28,1,1
9c4ea2cf-802f-469b-bdac-238e9d3918a3,2026-02-28,30,30
5a925d40-4093-4358-a282-b8408d2b51d1,2026-02-28,10,30
a9265033-b978-43ba-8b74-5230a4c0f790,2026-02-28,1,1
b476f485-b2d4-453e-b05a-544f376a538f,2026-02-28,10,10
2b0bf517-d95f-473d-9236-b55ebabb6acf,2026-02-28,1,1
611354d5-fb38-4edc-a168-22dcecd9aaaf,2026-02-28,1,1
b998e211-eda4-47c2-9734-3e464a0ae8c2,2026-02-28,1,1
d371a18c-ae47-41e5-a473-e1e27994a5f4,2026-02-28,14,14
d8c2647f-a471-4af8-bbee-7968775e1188,2026-02-28,1,1
e91e2875-af3f-4ca6-9d85-4d0b93a6a099,2026-02-28,30,30
f4d795ec-39b6-4e48-958b-d1c7e8e0fc53,2026-02-28,90,90
0d65505c-a181-4563-bbef-f1ea544702fe,2026-02-28,1,7
0ea561be-ad80-47f9-841d-bcc22c687884,2026-02-28,10,14
1eac8f1c-926c-4d07-a55d-e265634d63f7,2026-02-28,1,10
4d9b443b-6323-4eaf-8bb5-873c230f871e,2026-02-28,90,90
51822daa-73bf-4c7d-bcb0-e388d464e785,2026-02-28,14,14
526ad564-dd38-4879-a557-97656ed359e5,2026-02-28,14,14
01816388-6c29-4ca7-99b8-e581b6ed4928,2026-02-28,45,45
03f115f9-8698-439e-8f1f-5e75b058c9d1,2026-02-28,75,75
0636de12-e2e4-44d7-9fc9-a44927909e51,2026-02-28,1,14
385ac83a-9f49-4307-9d1f-eab17df1931a,2026-02-28,1,1
4c641a68-7fb4-4596-9ab3-520ef0a8b7d6,2026-02-28,10,10
914fe5b1-de2e-43cd-ab30-3eccbb814ac2,2026-02-28,1,1
a102a5ed-8d77-4031-9d2c-661296462db2,2026-02-28,14,14
a4125f28-6449-42ce-a2a3-23546a743cde,2026-02-28,7,7
bffb3a22-ed95-4c34-8acd-ea839ef40565,2026-02-28,10,10
132147e0-2da8-45f0-b29c-08d21e9199ed,2026-02-28,90,90
465db2b3-4b42-4f50-b5eb-1da9e4755711,2026-02-28,1,1
4bb279b0-21db-49e7-b4b9-6608b9ec33db,2026-02-28,1,1
b5b83cd7-0e3f-4f0c-a9cd-ce86ccd43f2e,2026-02-28,30,90
d813d623-0d7e-4cae-bd0c-135df60ab7ad,2026-02-28,75,75
120dc216-d6d8-4a8c-8bc1-e84e42d5d7a4,2026-02-28,10,14
134fa736-7e65-4ee9-aceb-81a068ce64de,2026-02-28,80,80
a9f615c3-ac5f-4d74-92b3-0cd9832b4268,2026-02-28,1,14
c86c5def-c12e-4c0c-88f4-f71c9a62c1d4,2026-02-28,10,14
cc79841a-266a-440f-b278-9fb851f9b38f,2026-02-28,1,1
e5e52909-1a2d-4e0f-bf4b-d503184b6266,2026-02-28,1,1
08796f4a-5063-49f8-8b37-dbb6337b97bd,2026-02-28,1,1
637c84c0-acd5-4407-836c-3b65d66bd6aa,2026-02-28,14,14
b537f5f1-c486-4450-bf35-2ac109b0324d,2026-02-28,10,10
c4bfedb3-1294-4f9b-b79f-99250282a05c,2026-02-28,10,10
ef6a9342-cbe0-4a31-a441-3f212630de5a,2026-02-28,45,45
2963def4-2a43-4e4c-8557-8ae04c6e7560,2026-02-28,7,7
da5eb96c-c18f-4652-929b-9499e22bdf7a,2026-02-28,1,1
f2560645-2b9e-4994-a792-d324b74f3f84,2026-02-28,1,1
1036b7d2-c797-4bd7-990b-6c0ef3ef2fc5,2026-02-28,14,14
10fa7d0c-cf6a-46bb-b0b1-0c4c5e1db504,2026-02-28,120,120
15ce1bf8-1416-4866-8a35-e4abc8195c88,2026-02-28,1,1
4b6e277c-d87a-4221-9ab0-88285f0455da,2026-02-28,1,1
71cead15-46ca-4175-a47f-e481deda8e05,2026-02-28,60,60
9d9bf91f-40a8-4371-a2cf-fe4d96c10d63,2026-02-28,14,14
ab0b42fd-d88c-4855-9def-d5f7425c6c88,2026-02-28,10,10
d1a240d4-6932-4616-8970-d8c6a9a79a15,2026-02-28,1,7
0320cc7f-9d58-4a97-a0bb-1deb9246b2d7,2026-02-28,1,1
211e9c7a-2512-4f00-82af-0cd145b4d6f5,2026-02-28,14,14
2c36fc18-242b-4147-a490-b6885bf87d5f,2026-02-28,10,10
3272080c-f1eb-44f6-8b71-d396f15f87c6,2026-02-28,7,14
41da835f-343c-44e6-a5bd-8cba6c1b509f,2026-02-28,14,14
63e6fb20-4be9-40d1-8b39-4cd26f9c908e,2026-02-28,1,1
6d0fd2d7-f6b5-49be-81ca-6ccc7daa6516,2026-02-28,1,1
bd738c6f-fe34-4209-b777-5ea91be9eac7,2026-02-28,1,7
beb32909-52b6-43d6-88df-b4bb59238041,2026-02-28,10,10
da943e3d-490a-4323-94b1-211bd4023063,2026-02-28,1,1
e55f446f-1996-428b-bfd5-fdab51bd9c27,2026-02-28,14,14
f64014cf-4734-4b62-a903-fe7d40763815,2026-02-28,1,1
252184da-6f74-40fc-bce2-5e1349c72f2a,2026-02-28,14,14
38250737-b753-4fcc-b431-72c86f7cfb2b,2026-02-28,1,7
3c2b111c-c67b-40ff-8272-929e8873090c,2026-02-28,30,30
98b034ef-0403-40df-9129-ef15dee6f35f,2026-02-28,1,1
bf5cf4db-9a2d-46d9-8267-fcf78d598042,2026-02-28,1,1
08221bb1-c740-4222-9a78-9da86623b2ca,2026-02-28,1,1
a8c64117-ccc7-43c1-8151-67fdbdc2b595,2026-02-28,14,14
ab6339a2-e7d2-49c7-89bb-492a6da036d8,2026-02-28,1,1
ac86f0dd-4173-4763-a51e-6f23df007de4,2026-02-28,1,1
e4ecb004-5027-4dc5-b657-b79b54c483d1,2026-02-28,90,90
07fb080a-7c03-492a-b705-2435a2ce8be2,2026-02-28,1,1
105b3f1b-19b9-4634-9f91-a0e17dff8e4d,2026-02-28,1,7
25319b36-fcce-47a6-8a31-81b3eda5f8c8,2026-02-28,10,10
2f628bd4-7f51-46d7-b81d-0043c71eaa79,2026-02-28,1,1
5c753402-66c6-408b-bd38-b9c0731ff09b,2026-02-28,1,1
64ddd20c-0c59-4afe-b875-612cd8741755,2026-02-28,7,7
dbbcd66f-9cb4-4256-a66d-45a8a54e7f65,2026-02-28,14,14
f6aee90d-5c0a-407f-85de-630169d43a73,2026-02-28,1,1
0cad8d73-64bb-473f-8364-d9c0a0f2402b,2026-02-28,10,10
52f8d597-c851-4fe0-b4b8-6092c8aebab1,2026-02-28,7,14
a393112b-2e4c-494e-93fd-1ddf8d0a8d26,2026-02-28,45,90
146bcc33-dab4-4e27-9ee7-9133987d79e3,2026-02-28,7,7
28e3a11f-679d-47ec-a1fa-81ac5f8f0a50,2026-02-28,1,1
8105898a-d188-4458-b2c7-5c792eca66c6,2026-02-28,14,14
a171deef-0f07-4db5-91cf-196ca75eec3a,2026-02-28,10,10
a871dbb1-4add-47f5-b4a4-dbbb33923d2a,2026-02-28,1,1
bbae2efc-df9d-49e5-8361-da8315436587,2026-02-28,1,7
cabd1ec2-7062-4b36-b946-612ef7d4801c,2026-02-28,10,10
dc4a2094-9af4-4801-98f1-ebcb0520d955,2026-02-28,14,14
f7bb5398-d544-4950-8bcd-1af2a98af9e9,2026-02-28,14,30
05e5fc2c-6b7c-4dc9-9850-7d40a0f0216c,2026-02-28,10,10
55f1eb32-66b2-4100-b31e-5ef19578869b,2026-02-28,1,1
6186649b-5d85-4d4d-b16e-330a8742a3e3,2026-02-28,7,7
ac3d9847-5c69-4967-8872-9ec28eb1d1b6,2026-02-28,1,1
bcd5dda9-15d9-4d77-a864-cbff508ff390,2026-02-28,1,1
c97840f5-392a-439e-afaa-e337b5ae6839,2026-02-28,7,7
da43f3ce-78c1-4f9f-a03d-f105894d16fd,2026-02-28,45,45
e36b343a-66de-40ff-925e-1bcda8c94f70,2026-02-28,1,1
1d9c1c5a-ca48-4aa7-b35c-e1834206303c,2026-02-28,7,45
3e42d3db-ee8a-4d2b-9492-1b87abd7d608,2026-02-28,7,7
71455287-ffaa-4045-98bc-a6e1c91d69fa,2026-02-28,1,1
79ac1ddd-e974-4853-b8d6-fc26d4c414b9,2026-02-28,14,14
ba82872f-9d5a-4a52-b56d-96c43422c37a,2026-02-28,45,60
2decc774-30d2-4b0a-9353-dfbdf26ce234,2026-02-28,45,45
4b143cc5-74c2-4210-923c-1eafc2e169ff,2026-02-28,10,10
581ef673-4d01-448c-9560-3e43cab4a3e7,2026-02-28,1,14
e13523f7-8233-4609-a0e6-3a1e00a65281,2026-02-28,7,14
570798db-20b1-4c0b-8a83-86ab2e66f1c4,2026-02-28,7,7
d61cceb2-b464-40ed-9b1b-ef8e6d132c94,2026-02-28,7,7
e0ddd9da-5239-409c-b51c-40f74748569b,2026-02-28,1,1
f294e510-4182-495b-8ea8-050ef9597a59,2026-02-28,10,14
20188686-18c0-4f4d-9f32-7685014c7155,2026-02-28,1,1
2daf510d-c341-4873-bb5e-54380005cd1d,2026-02-28,1,1
58c8a9e9-7010-4fdb-b577-a07244a60453,2026-02-28,10,10
976a2c73-31e8-4adb-9d2c-92dc77963f7c,2026-02-28,1,1
a6585351-c98a-4b0e-a89f-a612d459908a,2026-02-28,14,14
df9c7d5d-09b0-471e-ab4a-05f04f2b258c,2026-02-28,1,10
771c5db7-bfd4-4d27-a4a7-3d5ea366911f,2026-02-28,7,7
9a72af45-6342-4e4b-acb3-1f38a150b130,2026-02-28,7,7
efd9068f-ae40-4902-8572-26872bfbdc34,2026-02-28,7,7
f8b7a4d1-4217-4c50-b761-541b0a249cdc,2026-02-28,14,14
19e2b58d-d965-4265-ba46-00398d18fe29,2026-02-28,80,80
484be821-2656-4b62-aacd-0e9eba5c6149,2026-02-28,14,14
76d280f5-2bf7-4511-b235-2a208db9cf70,2026-02-28,1,10
325d9a54-8d6d-4527-a02a-74874facd535,2026-02-28,1,1
8f1189d8-b86c-4c60-9678-cea2662c3624,2026-02-28,1,1
ae808c4c-0135-45ab-8c83-4592996bf766,2026-02-28,1,1
b3482adb-ae88-477c-8b50-631706aa8b8d,2026-02-28,14,14
b7896db3-01f6-48e4-be83-609672cde338,2026-02-28,7,7
baa295ea-066a-48fe-bc63-5598adc105fa,2026-02-28,7,7
ca39fa34-4a32-4e65-ad29-42265e647944,2026-02-28,7,7
04d335a4-6fbd-4734-8d74-045044090165,2026-02-28,1,7
0536d69d-42c3-40f3-b6f2-37ebc56a511a,2026-02-28,1,1
46c6944c-9c9e-477e-be27-2a95c26509ed,2026-02-28,1,7
60707d72-21b4-4131-ba72-8665eb626554,2026-02-28,1,7
66bec866-b0fd-4a48-af9a-440f568eb361,2026-02-28,7,7
796ec982-cde0-432b-b81a-7e840394b4b9,2026-02-28,1,1
922a3ecf-e7f8-4e87-966a-b3df70b794f4,2026-02-28,1,1
a37c92fb-221d-4fee-9596-774d53f841fa,2026-02-28,1,14
1813e9e1-b59e-49b5-8289-6a2acefd34ad,2026-02-28,1,1
4abd1824-6630-443c-980c-5ea99a43d932,2026-02-28,7,7
917f809c-4f8b-416d-9af0-29174b02a0da,2026-02-28,1,1
a128f334-1043-47b6-aa74-bb833a06ed9a,2026-02-28,30,30
f1719f44-cdf7-40a8-896c-7f9cc89e85f4,2026-02-28,10,10
f9a880a3-a680-4977-b922-60e596c9ea52,2026-02-28,1,1
a1eb9552-36d9-4027-8b73-95767e4a1da3,2026-02-28,14,45
ee654802-fab4-4fad-b77f-5ef9fef25359,2026-02-28,1,1
f384269d-64f0-4e61-89d7-2fb134a87811,2026-02-28,10,10
2bbc5a99-066a-4228-93f5-80e6767c7506,2026-02-28,1,1
47c4ea48-69a5-4dd8-861b-079454a1b0a6,2026-02-28,1,1
76ce01ce-8b48-45a5-9d73-bdf72ffea9ec,2026-02-28,45,45
a505ce8b-536c-4280-8b35-6b83de070e8a,2026-02-28,7,7
b3cd7098-f91d-45bf-8329-5e7aec0a3043,2026-02-28,1,1
c7159a08-f0c6-466a-aeec-7417aec46db1,2026-02-28,7,10
584ab02f-28bf-4db2-ad84-3dca40cf15ec,2026-02-28,7,14
b228298a-5bf8-4e31-b476-fe44a03f85ca,2026-02-28,7,7
b2f22851-0669-4a6b-844d-c329a4e32f32,2026-02-28,10,10
c0a6a94f-0f9c-4401-b197-db9c2b5301bc,2026-02-28,45,90
05f51ddd-7049-4c45-9380-6d4883cb8fc5,2026-02-28,1,7
3b5d7019-8ebb-4dd4-b19e-5209255bf5e2,2026-02-28,7,14
42788a49-988d-419e-bf98-1ea82ed3df77,2026-02-28,10,10
47db680f-e284-4c4f-b2ef-6c9ab7b136b3,2026-02-28,1,1
4bc845cb-448d-4f12-9d14-e1712b32bc03,2026-02-28,14,14
61ccf18c-1797-4453-a587-09c8767cbd86,2026-02-28,45,45
d35be2a0-42e9-4d0b-8b9a-e2f7b7ab99f6,2026-02-28,1,1
ee72b18d-daf6-40b2-95dd-21600c379d8a,2026-02-28,1,1
7789b544-68db-4903-a29c-2eb4af08d656,2026-02-28,45,45
79f91a55-8f7e-4a63-83da-f88a57d27ed9,2026-02-28,1,7
878720cf-40d1-4201-8b7c-02a2d5064e08,2026-02-28,10,10
93113183-2e4d-4ae5-b575-4564aa1b1bf0,2026-02-28,1,30
c9b39603-8e68-4ebf-a911-5e73dafebccf,2026-02-28,1,7
cccba6f3-f045-480f-b5e0-426ac0286265,2026-02-28,14,14
cdce1cda-e57b-4cde-80db-c3fba4f2a70e,2026-02-28,1,1
0c221823-69a4-44fa-9ff7-19c13788165e,2026-02-28,14,14
19f1adfb-86db-4e33-acdc-5d6a479f910f,2026-02-28,1,1
3453a8bf-9647-4175-b25c-79a4b7bcc591,2026-02-28,10,10
75a2b856-4fd8-42b5-87d4-8b393425b9aa,2026-02-28,10,10
810ec258-adf1-4670-a90e-c2c979521c64,2026-02-28,1,75
9697f7fb-9976-4e79-aa3a-9ba669c031f7,2026-02-28,30,30
9ec73a6e-227a-4b13-b049-561a7e10b9a0,2026-02-28,1,14
0c08d2c8-1133-44b0-ba33-45ced45aa86d,2026-02-28,7,7
11582212-e832-4efa-9774-9a8ace7a0e1d,2026-02-28,1,1
1c87421e-7e0d-49d4-9c38-78f8436b37f6,2026-02-28,14,14
844283d5-0384-4226-b37c-a836e815ecea,2026-02-28,1,1
a00e7d36-7b4e-4550-8fee-24a235f60375,2026-02-28,10,10
a1430dfd-1505-4de3-9297-cf67ce3cb421,2026-02-28,30,30
a153b39d-f81f-4502-a4e7-02ca52007cef,2026-02-28,1,1
a4cf4506-ea1a-439f-9786-f46dafa3332a,2026-02-28,7,7
c3cd72ca-ef7a-4d91-81fe-6769ffe1e326,2026-02-28,10,10
c79c3342-c3a6-4ff5-80f2-e8d9282124b2,2026-02-28,45,45
c9d02dca-66a0-417b-918a-5e8a6e2208bc,2026-02-28,1,1
e56a746f-7fe4-48f6-9936-c3eed5fb718b,2026-02-28,7,7
ef6d9467-b638-42a4-ae7b-a7842d837178,2026-02-28,1,1
f9641142-3490-453b-a643-74899d2a233c,2026-02-28,1,1
cc091649-bb62-47ee-a22d-62e7a033299c,2026-02-28,1,1
fb111c08-6c04-4a8e-a1c0-4b63813293c6,2026-02-28,10,10
4c4fecad-76b0-4123-903e-460a11400609,2026-02-28,7,7
50534c60-cc3f-4435-9fcc-43749903b507,2026-02-28,14,14
68528186-3116-4f85-82aa-96a2398c1fd9,2026-02-28,1,1
7ad367e6-8481-4f21-8ea0-4a675c329178,2026-02-28,1,30
e3938415-e167-4595-a093-2d2c3986e1f3,2026-02-28,10,10
ed487834-9b01-4f89-84e1-ef90950b7749,2026-02-28,1,1
690dd814-937e-45d1-83b2-1f812e8b102e,2026-02-28,7,10
7fb28c96-b0cc-4347-9df9-fe42a520a964,2026-02-28,10,10
9303fddb-f2ef-4039-af9b-2a1d066e07c8,2026-02-28,14,14
96fa306a-6c8f-4c02-a799-5431180e34a3,2026-02-28,45,45
a7c5e735-89e6-404c-b111-1ce35e777de5,2026-02-28,1,1
ec819992-ab3f-4cb3-9f58-6a63ddd0b9db,2026-02-28,1,1
ee18e62a-6e9c-4067-9f20-891942ebc981,2026-02-28,10,10
f98c2a3c-758a-4937-984f-837030d69a69,2026-02-28,7,7
2b2f3304-c864-4780-8a89-22091dc699ae,2026-02-28,10,10
2bf4056d-a68f-40c9-8df3-d4453cbaef5e,2026-02-28,1,1
6839bcc1-364d-49ce-8832-48708ae519a8,2026-02-28,14,45
814dd540-3ba1-4a4a-bd15-dc9601c67aac,2026-02-28,7,7
21f29105-7343-4c43-b15b-9e3b61d959b0,2026-02-28,1,1
32408b24-8a48-4334-94cf-ce769f69516e,2026-02-28,1,14
38c59426-92d4-4bc3-b9d8-9419e3e04c6b,2026-02-28,1,10
3f437bc4-21c9-4bcd-9b13-46fd34885c3c,2026-02-28,1,1
52116f62-7cf9-4c7f-83b2-8a4ee6d35651,2026-02-28,7,7
6de25b53-3248-439d-ac20-0a5b918246b1,2026-02-28,7,10
a7f1ca7b-5e99-498e-b185-072999637b77,2026-02-28,7,7
c93d7bef-b990-4073-b23d-370ced0db354,2026-02-28,7,7
da28eb02-fbcf-4a45-8b4c-3b263a341f16,2026-02-28,14,14
dcd093de-e37c-479b-9f23-8aa666e2014a,2026-02-28,1,1
05ad0231-ae7c-4a85-b947-ef0953816981,2026-02-28,7,7
0dee569e-65dd-484d-aa88-b0ae89b5198b,2026-02-28,10,10
1a58db17-dc9a-42f9-bc6b-dc473c3d7028,2026-02-28,7,7
2dcc164b-d461-4114-88fd-32e7040743fa,2026-02-28,45,45
30bee099-152f-4881-8d44-1ea3e5897ac8,2026-02-28,14,14
6876134a-ff59-47c5-819d-a91716a70e35,2026-02-28,45,45
dab0b4f7-abf7-427e-b3dd-8cd6e5ac313c,2026-02-28,1,1
e86df47f-11e0-434d-9950-7d7778d49335,2026-02-28,10,10
eb714a6d-e8b3-4abc-8800-cc5fc5cb7408,2026-02-28,45,45
34935ae8-1971-4ef8-9178-ef2fd4d42441,2026-02-28,1,1
9979a8a0-1d96-415f-bf9d-c6925a7e8aab,2026-02-28,45,80
b5197e2c-fd7c-4463-a72f-b12505fac3f8,2026-02-28,7,10
b925ff41-5f3f-4e44-b36c-4f32fd80bd35,2026-02-28,1,1
f1257869-e4ff-4335-9709-1f5bad1555ed,2026-02-28,1,1
02e42658-724e-4184-a581-c344fc155bb8,2026-02-28,14,80
2a4cd28b-d278-43f7-87a6-1cf553d99715,2026-02-28,10,10
3faeab6e-3d4e-444f-8056-c73299dfc76c,2026-02-28,10,10
49f62707-e792-4548-ae54-75328a55a029,2026-02-28,10,10
4d67bca7-1e53-4719-9689-a16cf38e0500,2026-02-28,30,30
590c53ac-814b-4b98-9e6c-74d61dd4e37d,2026-02-28,1,1
5a21989f-a156-4fc5-8de6-011f627b5615,2026-02-28,1,30
a844b447-ac14-4b9d-b505-fc490b4bfc6a,2026-02-28,14,14
a8aa34fb-448e-48ea-94e7-671ad5905327,2026-02-28,10,10
adcf333b-9d50-4c1d-ad87-e37c6b4d2c61,2026-02-28,14,14
aff7ffd2-617a-4b9f-b108-0e01e5e53681,2026-02-28,60,60
cb92dadd-6424-40d5-8436-ff35d99b43cd,2026-02-28,1,1
d9c3f742-3f57-4e1f-8e67-1daa651d349d,2026-02-28,1,1
fc5a04f2-58f7-4dfc-9a8c-f5b63e8b66fe,2026-02-28,1,1
03fcbea6-9d4a-4205-8913-33920ad75426,2026-02-28,1,10
3e6eca54-6319-46d4-b3ce-8988112af67c,2026-02-28,14,14
7256ed56-d877-4e35-8191-df03ddf6f200,2026-02-28,10,10
b1b7c5ac-5dc8-4922-8977-d452139996ce,2026-02-28,14,14
d1262aed-0663-4ff6-8875-7524b1a371f3,2026-02-28,1,1
12225a39-af81-4a18-8783-f5f362c506fc,2026-02-28,1,1
7676868e-aef0-4846-9ae1-c8ac1e79b53e,2026-02-28,1,1
7ca34459-79b0-466e-a1ab-4ca871db545f,2026-02-28,1,1
860e49dc-06e8-4f45-b2e3-033f95914976,2026-02-28,1,1
3e10d901-e9d9-4844-a07b-ee79ddd06e18,2026-02-28,1,30
5888957c-3346-4f09-a764-e36624723193,2026-02-28,1,1
815af4e2-9235-4183-bc01-0696d8cc040e,2026-02-28,1,1
9614a78f-6d81-49d3-bfe2-b0975bfa89ca,2026-02-28,14,14
9c778a57-7a5a-493a-989d-65abcf6e7f64,2026-02-28,1,90
cfabaf4a-7b5c-4485-99fb-1873d7ceeb2c,2026-02-28,14,14
d6b0ae7f-167d-4460-964e-01b444556a56,2026-02-28,1,1
31fb7a66-cb06-4411-b58d-42016b74f6f9,2026-02-28,1,14
627d4715-e276-4946-b1af-5faf09515ee6,2026-02-28,7,7
655cdec0-78fb-4864-b1a1-ab042bb1fb78,2026-02-28,14,14
684b4129-d947-4cef-b691-68ee0336985c,2026-02-28,1,7
6d051df1-6bf1-4dee-9548-9bfb991ca2a4,2026-02-28,45,45
ad6c96b6-b440-44c8-8155-0f0b42a7b9c0,2026-02-28,30,30
af94b386-0de8-4b00-95a6-bedb484a122f,2026-02-28,1,1
c019bd44-7a66-4674-a6f2-9bd7c100b684,2026-02-28,1,14
ebde5dd6-f31f-4028-ad23-7982c6221f5a,2026-02-28,1,1
0f0aeaf3-fc76-49e8-a07f-b932c68ae305,2026-02-28,10,10
517c156d-ebb7-47be-9af4-12a0c7a659a8,2026-02-28,10,10
5495d1d8-eef8-4365-baa5-9dd0d62c3c6f,2026-02-28,10,10
8cd6d202-46d7-4d77-b607-f02735085519,2026-02-28,30,30
ca2033bf-10a6-4eee-9982-01f1757b4f14,2026-02-28,1,1
cbb5b1a4-fb2c-4a53-adb2-86976e14847d,2026-02-28,1,14
08bd630b-b3c7-4759-ab27-adb0287c3f6e,2026-02-28,10,10
56c20b4d-2096-47fd-a544-a56b53bab1be,2026-02-28,1,1
592f6ce9-0143-494d-8a80-9dda30140815,2026-02-28,7,7
5ccb9775-6557-4f54-bb6e-d47898fb4090,2026-02-28,1,14
cc037318-4924-4939-88e3-3a0b5b488386,2026-02-28,7,7
d195abe2-c3cb-4282-a84d-17ba6da83391,2026-02-28,7,7
125c00d7-2765-4d09-b329-3adaf3f56068,2026-02-28,60,60
16b0ecd5-3fe2-4a70-b9d6-7fa63c50c0e3,2026-02-28,10,10
623cd15e-b4d6-471a-a1d1-6d394fa1cb75,2026-02-28,30,30
7b310e41-b409-4b4b-bdba-54c5ccfecc6d,2026-02-28,14,14
a6c8ea99-a27c-4b11-ae18-e661199ea242,2026-02-28,10,30
c418eceb-4e6c-4ed0-80b4-20208683afcb,2026-02-28,10,10
14212478-1881-4eb9-a4e7-f48f77826ed8,2026-02-28,1,1
61b1d788-742f-45c1-88c4-823c4bcc9661,2026-02-28,1,1
71652cc8-3862-4529-aa78-b6b3c8c69714,2026-02-28,14,30
89f77eb9-456f-436d-8479-39572c6230fc,2026-02-28,10,14
97c897af-a23c-421b-90e3-9df0fd814bf2,2026-02-28,10,10
000fdb29-de97-4dbf-9c0e-aeb2e9d78203,2026-02-28,1,1
2c938459-762f-4c38-80b0-ae2c3e188e9f,2026-02-28,14,14
3bad95d1-1b96-4f7e-8959-773ba8b8f4cb,2026-02-28,1,14
d0c96cad-838d-44a8-ab20-badd89fadcb6,2026-02-28,1,1
ee3c6687-dc67-41a7-90cc-4cfa31d651fc,2026-02-28,30,45
0c53763d-7567-47b4-ab9a-fc67a6c9f91a,2026-02-28,14,14
155d98d2-488c-4e4d-b6f0-ce93f1460650,2026-02-28,1,10
314adaf8-3ade-4f2f-9cf9-bc66f5e1b50f,2026-02-28,14,14
7f0a1f16-e36b-462e-a168-afd0e9e2ee19,2026-02-28,45,45
adff2729-6185-43bc-8331-a971cc027757,2026-02-28,14,14
b49bcee9-f6ef-487f-ab67-f0c0bbd0222c,2026-02-28,14,14
d805932d-1077-45e5-b92c-a558f5ce6d14,2026-02-28,10,10
e56aa47d-9b8e-4bb9-be1b-f5cde675857c,2026-02-28,14,14
f6493bff-519c-4104-b6fe-11b7d64ab782,2026-02-28,1,7
413638c3-b254-401f-8207-9882db3fc742,2026-02-28,30,30
5e70d3d6-988f-46a0-b5ee-184d34c941f2,2026-02-28,14,14
5f8cd8ed-2502-4d5e-9420-82380d9752e1,2026-02-28,1,1
692c2d01-6546-480a-b657-bb301e3e21b3,2026-02-28,1,1
751af923-4255-43c3-bb8f-c28dc56e113b,2026-02-28,10,14
d4dfeb72-8b59-4586-a315-75db8857f4a5,2026-02-28,10,30
2501e5c1-52a1-45b7-a28e-d0102a585698,2026-02-28,1,1
42d74025-4053-46c0-9367-edd885da2e7a,2026-02-28,7,7
54b66d14-b406-4189-ba5f-597e3e2bce8e,2026-02-28,14,14
5fa021e6-33cf-49fa-aa0d-533515d629a1,2026-02-28,1,1
7161c317-1c9b-4e27-8db6-b2f4406a3428,2026-02-28,1,1
ad8f4fca-ccb0-49de-9a3d-95d86e29ca93,2026-02-28,10,14
fa4abbac-9850-46cd-9dce-732695073769,2026-02-28,7,7
10d76014-ff22-4a1b-b85a-be49e76b3e53,2026-02-28,1,1
32adcf7a-e73c-41fe-9453-62486ed88edd,2026-02-28,14,14
42055dc7-d5f7-4b3f-9ad1-e1ad2a0818f8,2026-02-28,1,1
c8c3d6a3-e825-4e61-9c68-4bfa1ef03e4d,2026-02-28,10,10
e49547dd-9fc6-405b-8897-240024bdba9b,2026-02-28,7,7
f174e3b3-d215-4c7c-a473-cd8035d783c8,2026-02-28,7,7
6383be32-8f6c-4003-948d-f73eb8a55dac,2026-02-28,14,45
962f316d-27f0-463f-82d6-09409ad9a12f,2026-02-28,1,1
dd837a84-992f-4005-835d-32f2ecaf1b4c,2026-02-28,7,7
08175295-b8aa-48f0-afc8-df1d20c43ce2,2026-02-28,14,14
18eddfc8-dfde-4eb7-93df-1433fe42f9af,2026-02-28,1,7
3e03916d-8320-4c69-9495-71513aa14c8d,2026-02-28,1,1
b50d95ad-e9ec-4157-bae9-4d375ebeb1f7,2026-02-28,7,30
dca92f20-8622-493e-a76b-00efd9a0ad86,2026-02-28,1,1
ee493c19-d039-4b40-b148-a1ed3d1183de,2026-02-28,1,1
2865eda1-f051-41b4-9784-2de524d2c1a3,2026-02-28,1,1
8f1aee11-ee42-459e-bef7-cc36b4de06f3,2026-02-28,1,1
c8ef08ed-95e3-4edf-b704-f37e26689fa9,2026-02-28,10,10
f157aff1-afb3-4a54-9c2f-45d713baa78f,2026-02-28,1,1
f6b3a886-db8d-4a67-8338-07dcdef5902b,2026-02-28,10,10
f8b40582-98d8-475d-96a1-cf738ebc4f26,2026-02-28,14,14
fba29f68-a553-44d9-9191-6f1800751600,2026-02-28,1,1
1315a8a6-3b64-495c-93b2-eb268efa8d13,2026-02-28,1,14
36914582-7a0a-467d-b6d8-3f020556e822,2026-02-28,1,1
374a8c70-2a4e-4e96-9d78-c4669ae4c4dd,2026-02-28,1,1
4a37265f-c2a4-4c5d-9c99-8bba1dab4449,2026-02-28,10,10
ab4a0780-c219-46e2-9125-93f59eaf9cb1,2026-02-28,14,14
e612da29-ae4e-4166-b262-c4442b9ca2e7,2026-02-28,1,1
f333bba9-571f-4c9d-804f-08202f8eb5e3,2026-02-28,1,1
0b27a9b9-fa60-4ca0-8f0f-f95c92d8e87a,2026-02-28,10,10
82670091-adac-401b-827b-fdf92474956e,2026-02-28,1,1
91aee4c0-32fc-4fb3-9afe-dc054df25495,2026-02-28,14,14
0ceb0afe-da68-4564-a605-27a90a291ab9,2026-02-28,45,45
35f012bd-9450-483b-98f3-1a1d71b579b8,2026-02-28,1,1
3c2b5ad8-6b67-427e-ab87-b262ba6fb0fd,2026-02-28,10,10
5698b629-767f-4458-8f2e-d64e8eec7ffc,2026-02-28,1,1
7c213aba-cf9d-462b-a8af-c95b623f4c06,2026-02-28,1,7
be6f04eb-72f6-4c9b-851c-1eb7f36deaea,2026-02-28,1,1
c300ec73-8fd6-493c-8d46-23c6a719068a,2026-02-28,10,10
d71a78b8-dba6-47a4-8c35-41b1e48050f1,2026-02-28,1,1
17ae54a7-4058-4862-b1f0-5f2d4722b88e,2026-02-28,7,7
18ddea01-0e2c-44a4-84c2-176996055343,2026-02-28,10,10
6cbf7d39-0188-4c67-9c10-d3a02131dab1,2026-02-28,90,90
79a62b4b-c47c-431a-8910-120dbfafde8d,2026-02-28,1,1
e7a9ff04-b764-4f05-9a07-e8d62913bf6e,2026-02-28,14,14
3427314f-c8e8-47bf-9caf-e37fa18bdc8d,2026-02-28,45,45
881cb027-bee6-4f92-b602-f3c7a711f5e4,2026-02-28,14,14
bbff288e-631a-4318-b706-2186b45248e2,2026-02-28,7,7
cee05c48-1e7e-4414-9283-7bc9436d5f41,2026-02-28,7,7
f5d0b824-94fa-428f-b20c-7c3c98f71cea,2026-02-28,10,10
3ac29019-26d7-45b5-8e31-6203e284223d,2026-02-28,45,45
6875a770-cd2e-43c7-a55b-4f56b9e12f03,2026-02-28,45,45
86e85c8e-fbc5-4f92-8604-380646d6d4ac,2026-02-28,1,1
8e8e7d5d-3304-4612-9ec9-c5361de7d21e,2026-02-28,1,1
b9d395fd-f749-47fa-8820-ae86370e45fc,2026-02-28,45,45
e50a565f-2248-443a-ab92-1b0985e47243,2026-02-28,1,1
1c28062b-8579-4b8c-8376-55470fdcafaf,2026-02-28,1,1
36b54d40-c9d9-4d3e-940c-09cc49c7e7cd,2026-02-28,1,1
4bfd4d9a-5101-42da-afcf-0beb8a7a0137,2026-02-28,1,1
58a15f3a-faae-4cf0-8ccb-8b84debae0e3,2026-02-28,1,10
c0cb828f-1079-4cea-81ee-b54fe889bcbf,2026-02-28,14,14
fdc1343a-c074-4852-9f3e-a398e04e55d8,2026-02-28,14,14
2dae152a-3427-4e8e-b4df-bb0a4cc63692,2026-02-28,14,14
66a32dc3-7415-4f60-aadd-e8f4b8971e49,2026-02-28,10,10
69c7aefc-ab2b-42e2-8520-34817002704d,2026-02-28,1,1
8eeb462c-c93e-4b76-93d0-6c1c96a2490a,2026-02-28,1,1
9e843b99-986f-490e-9797-d7f56f195859,2026-02-28,10,10
dd52031e-e541-4962-8799-15c1d2ea21f8,2026-02-28,7,7
1f456326-232d-487b-bce5-c402edff83b1,2026-02-28,1,1
625e58bd-39bd-4d11-8f02-cd6b1861ff5e,2026-02-28,30,30
c7fecded-8666-4ca6-a1c6-3c608ae550e1,2026-02-28,45,60
ea765917-9c1d-48f6-839a-ab2153399f20,2026-02-28,14,14
efa9889e-44c3-4e73-aad8-a26186152e7c,2026-02-28,1,1
40abc0cb-22bf-4eab-940e-313227b42820,2026-02-28,1,1
94a6f78b-22b0-4a50-9b69-a39666e7143b,2026-02-28,14,14
98189c0e-1686-459b-9eac-3b3695a63dad,2026-02-28,1,1
99bf95bc-df9c-4a45-8fd4-79b96291dae7,2026-02-28,1,1
e6bf5a49-d4d8-42ee-8b17-a4970f07f235,2026-02-28,7,7
fdd9c9cc-68d2-4fab-87d9-7d81aa418314,2026-02-28,1,1
05007799-009a-4c79-be6c-f26a52ad81cf,2026-02-28,14,80
156fe0d1-197b-414b-b434-7ae9622985ea,2026-02-28,14,14
23af43d3-5a49-4e4a-b788-4dfe35b10cf9,2026-02-28,10,10
3e89c56a-496d-4746-8449-66cf5c7846b2,2026-02-28,7,7
46c5bfc6-85dc-49cc-b6e0-7b6dddef720a,2026-02-28,7,7
4ea4fe65-a3f5-4677-a9f0-a5a5abdbb412,2026-02-28,1,1
6071c3fe-16e7-4fa5-b69e-0e266d291963,2026-02-28,1,14
bd11b5dc-5dfc-4ced-a61b-6c165d0e81e5,2026-02-28,14,14
c1d91d0c-7f1b-4ee4-9798-7aed84bfcfb4,2026-02-28,45,45
4aecb3f3-5b3c-4279-96f7-26f97104cabf,2026-02-28,1,7
57a215f0-0ac4-4d12-b644-88e357210b8a,2026-02-28,30,30
5cb8a5fe-f1bc-463f-8fdc-7bf6d970a4ae,2026-02-28,45,45
99dcb9e1-c941-4f53-a2fc-b5ecbd77fd36,2026-02-28,1,1
a3736730-2512-4886-b9be-a7ee3af633db,2026-02-28,14,14
e1aab41d-333f-48fe-b76a-a3512ada5f79,2026-02-28,7,14
fdbda3f9-ed2d-4ca6-a329-3d94b7b84686,2026-02-28,45,45
13ad9e33-fc61-4046-8e40-560f24ab41b2,2026-02-28,1,1
796b68dc-d2eb-455d-bae1-3828f638542d,2026-02-28,14,14
a217d133-e98f-476b-a241-d2798ccf8510,2026-02-28,1,1
35122298-9b96-4128-b6e0-1d5f758548b4,2026-02-28,10,10
42a260a4-5184-4b80-9cbd-0b948a34eab9,2026-02-28,45,45
6c584277-c9e1-46ec-bea8-19f85714ef69,2026-02-28,1,1
b1775d33-e457-42c2-b3d4-05eb9c069971,2026-02-28,10,10
1d9209f4-1901-40c6-bf03-188a91657337,2026-02-28,45,45
3171a937-2ac5-4576-af44-034ba936a53b,2026-02-28,1,1
8859284c-7ca2-4cfe-9a73-fd23f7701ba6,2026-02-28,1,1
9f0dea95-0c68-44b3-952d-1d7ccf3051be,2026-02-28,7,7
b9545c1c-23e0-44a2-8098-5388bcb0a1d1,2026-02-28,1,14
c8419ef8-e1c8-45ea-98dd-60276d6fc37f,2026-02-28,14,14
32f4df77-4d6a-4be6-bc2f-1b969ff98502,2026-02-28,14,14
981e91ab-5022-491b-8b1b-88ef4b6152c8,2026-02-28,1,1
9e4ed8e3-9d01-49cf-b209-c850e74e3ef6,2026-02-28,10,10
b60fdfcf-c4c8-4a83-8eae-c14d84a4caf6,2026-02-28,1,1
d338447b-f387-4d4e-a119-9ba0c182db5a,2026-02-28,1,1
2a7be3fa-9869-4cc1-9e87-6db52acc9758,2026-02-28,7,75
8361bfd9-484f-40aa-b95a-a4e7a3f4b0f4,2026-02-28,60,60
e30f97d4-97af-478a-b4b8-82b4f054fdc5,2026-02-28,1,1
0de5e99f-1c71-48fa-96df-8f9e9360ab45,2026-02-28,7,7
31582275-dbe1-4e0a-9fc2-a60e22a2e3cd,2026-02-28,1,1
5d5bc21e-c92c-4383-96bb-d0953c99010e,2026-02-28,1,1
657f5ad0-5e9b-4e26-a6e7-9c319c44244a,2026-02-28,1,1
65f6aa6d-3089-4965-90e4-b6c0a929b287,2026-02-28,7,7
7855ffdf-ebc8-4b89-b660-a6d1104a31f5,2026-02-28,1,1
8a1bb971-3247-4c75-98ec-13102b884823,2026-02-28,10,10
b65f474c-be9b-4f7f-854b-2b0beb49961b,2026-02-28,14,30
06722797-52f8-4116-9de5-64c43dcb5ae5,2026-02-28,1,1
61426e68-261c-4288-92b3-66940c3a2cb5,2026-02-28,1,14
651aca4d-fc15-40d3-88b3-a3476e13c230,2026-02-28,10,10
6db9f083-0d77-4cba-8847-899abad91ab9,2026-02-28,1,1
6dcdc24a-4e3e-4115-b7ff-8005dd0a2922,2026-02-28,80,80
93bab7fa-2b99-447d-a73a-3027ef051b30,2026-02-28,1,1
9ba85a08-b7d4-45ef-8abf-43a5a57c617c,2026-02-28,1,1
d988ec49-dadc-4ea0-a873-7f0d5a0cf4ec,2026-02-28,1,1
dc34f6c1-e1f7-4f46-9a22-dd547af6a6c5,2026-02-28,7,10
f12e1da8-a479-4379-b9c7-cccbf7819898,2026-02-28,1,10
33f7499f-5b51-4af6-b6ac-2c92c61d2873,2026-02-28,1,1
4b6320ed-3347-4fdf-aa5a-a9f461808363,2026-02-28,7,7
69f452b1-7579-432e-94e9-31895a15e4d6,2026-02-28,7,7
a5e1b7b6-da0f-44fa-8f9e-96b824fd36d2,2026-02-28,1,1
0ab0d2a5-5e1c-4989-a66d-ec0a1fad32e9,2026-02-28,7,7
69589338-effc-47ed-84c2-b50cf2f934a6,2026-02-28,1,1
7e63c6f7-e098-47b5-8fba-dba2b142c65c,2026-02-28,1,1
93a31c54-86d2-4e48-921e-2961fef563ef,2026-02-28,1,1
e31a77fa-a118-403e-a8c0-7a07b647ec22,2026-02-28,45,90
ef37f896-8b38-4f58-a6f6-c37a3de27ed7,2026-02-28,1,1
fc0ddff7-c6b9-4d88-b035-286d2aa848ab,2026-02-28,7,7
1c626ecb-e510-4059-b109-95077950c183,2026-02-28,1,1
48fb8a49-716d-4e8a-ab4e-379c28af9bba,2026-02-28,1,14
6f3ac176-e7d6-4077-bd55-21a1592e3120,2026-02-28,14,14
7e15dc5c-150b-42d4-9286-b84c0ef230b2,2026-02-28,1,45
31de9ede-cd07-4bab-bd59-5dccc3cb8e8d,2026-02-28,7,14
844553f2-1c4b-4842-af37-bfe026b4a003,2026-02-28,45,45
9facb4e7-6ca1-451f-a4ca-c6dc5e90179f,2026-02-28,1,1
1cfbaed3-4554-4d9a-a658-354496188dfd,2026-02-28,14,14
91eb90c6-4bc7-438e-82f2-e0800eda3488,2026-02-28,1,1
9a023600-9837-49a0-bd66-b57a51c4e207,2026-02-28,14,14
cbf82cc9-f625-46e0-bf7b-989674b30999,2026-02-28,1,14
d9d1317a-08af-47c7-94da-094b7a187170,2026-02-28,14,14
22206c42-a664-4c5f-85f6-09f3ec180c59,2026-02-28,10,10
426e3b86-445d-4ca1-8ce6-4e2d4e56b0e1,2026-02-28,10,10
4c8586b5-4df8-41fd-b44b-1546e56dac0b,2026-02-28,1,1
70e7c94c-49f5-4306-9003-cead12836c79,2026-02-28,14,14
7e9eaee7-0bd9-4567-983d-2b24c319c483,2026-02-28,1,1
ba369276-7fbd-47de-8eea-59677a0a1d07,2026-02-28,1,1
d3cf63fe-688f-40de-ac46-0fa4e931ed10,2026-02-28,7,7
0603dade-8e78-4df9-a567-95a0e3f63b33,2026-02-28,10,10
57d0a476-9f61-4b8a-ad39-1446aefb8807,2026-02-28,45,45
6941441d-270e-4c8e-897e-c60d8e41103e,2026-02-28,45,45
69da370c-65fb-4d34-b52d-013534a71369,2026-02-28,14,14
6c893e15-f4be-43a4-b206-ebd2eaa495f0,2026-02-28,45,45
7f1bd39f-77f2-4a33-b504-b8188a808571,2026-02-28,1,1
c454c4f8-d285-4792-9343-7ebf8b364e86,2026-02-28,1,10
eebd883a-6068-40e0-9324-05a76e3e50c9,2026-02-28,45,45
5812c12f-ce05-45f3-bd89-6ba9c9a418b3,2026-02-28,14,14
58654349-e8e8-4ed0-96ee-1db4fde85d75,2026-02-28,1,10
62ba64cc-7c3c-440d-96b2-a0c8ca0b5d27,2026-02-28,1,1
6b7e0bef-c8fc-4557-9f05-d6fbb99bcc47,2026-02-28,45,90
72690fce-e779-4f07-aafe-6623e13c76c4,2026-02-28,1,10
756b48c7-c0d2-4c8e-b32a-d45c82e061bd,2026-02-28,1,1
b950e64e-f552-433e-a0b0-b63356bb5ecc,2026-02-28,14,14
dbc27a5a-f16b-4eb8-a8bc-837a3ae1f21b,2026-02-28,30,30
38ca74e7-f0e3-4216-9781-767d32b45412,2026-02-28,1,1
d038cd1c-a1fc-46ee-bb2f-bfa20aa406e4,2026-02-28,10,10
e184f970-665c-48b1-8221-2145c2166ef8,2026-02-28,10,10
fe7dff3d-ddae-456f-9995-ee7b289d1a4b,2026-02-28,1,1
34631afd-21c2-4c72-bcfb-37ecce4e1b1f,2026-02-28,45,45
4aa631a8-9599-46b6-b4ef-937c14543e41,2026-02-28,1,1
62723ea2-f751-4d20-ab02-035ec892d0cf,2026-02-28,7,7
89c5c546-e600-477d-a00a-55862108d833,2026-02-28,14,14
e11fc7f1-f6f5-48c3-afc3-313d0e1dd4f9,2026-02-28,30,30
276c3c05-f3b0-4b6f-a323-58fdc343b21f,2026-02-28,1,7
01339399-ff00-4840-b40c-d7945712e2f7,2026-02-28,1,1
8b16f370-5a4f-47be-8d1a-112df58bec20,2026-02-28,1,10
18dd654c-9d1c-44ec-a102-5543fd8c4ea1,2026-02-28,1,1
1c14adb6-2ad1-453e-94ce-4ec87c4f50c3,2026-02-28,30,30
3c930f49-dbaf-4b00-8575-5d4478c6a9ff,2026-02-28,14,14
4e504fb3-c6cf-4280-92fb-ab046b03eae5,2026-02-28,1,7
5b898471-831f-4ced-82bb-38ed74ef5e4c,2026-02-28,45,45
5f406aad-2f74-4231-b29d-3bf89811133a,2026-02-28,7,7
b110f980-6a03-4b03-aad1-23dd3f019568,2026-02-28,1,1
bb730b28-4d1c-4ded-93c2-9150fb8baa61,2026-02-28,1,1
c866cf0d-e909-48c8-8b4e-3abe29a69e87,2026-02-28,1,1
e7b05c63-3cfa-4584-b47f-c764d0e85c21,2026-02-28,1,1
1e3f777d-93cf-4d62-9951-b656bda17da3,2026-02-28,1,1
aeed4e65-20fc-46b2-9e0b-ccedd5fb787e,2026-02-28,14,14
be8bfac0-a3cf-4dad-b72f-9c3c08fb4831,2026-02-28,14,14
c425c53b-170b-47ae-babb-0df475d595b6,2026-02-28,7,7
eb08126c-f97b-459b-b27d-2799419a3c4a,2026-02-28,7,14
f668ecac-3707-4106-ac40-7d63cfaedb00,2026-02-28,14,60
fb89ac2d-23f6-487c-b8b3-d8b754fb8cfc,2026-02-28,45,45
236757b6-ba05-4ad7-ada2-56611c9c63d3,2026-02-28,10,14
475171bd-7a46-44aa-87f2-5d6d33da52bd,2026-02-28,45,45
7de681fd-fe33-44ba-b368-a8637003c263,2026-02-28,14,80
7f0cafdf-86e5-47fc-8caa-4c7f24e2b945,2026-02-28,1,45
847354f3-632f-422a-9f07-11cee1563daa,2026-02-28,1,1
dceb9617-1cf4-47be-8f66-aa4dbc4200be,2026-02-28,1,1
9595f5e0-1b3a-435f-a8e1-52d051e7a995,2026-02-28,1,1
9f4e3af8-66d3-43e5-8129-79226fb4a641,2026-02-28,14,14
b930ebbf-2c82-4508-95bc-8907fb0b9845,2026-02-28,14,14
c86b843b-bbbe-45f8-99cb-f32b3853e26c,2026-02-28,10,14
e099ee85-e653-4ac8-8323-9aced11751ef,2026-02-28,1,1
1836d83f-64ef-4104-8388-26103b838965,2026-02-28,1,1
298c0aa2-bef9-4b95-a9d5-32c3844a5973,2026-02-28,7,10
41c09734-3795-49ef-9177-fa04263eb070,2026-02-28,1,1
43f577fa-e0d8-4377-8783-29c2e10f09f0,2026-02-28,10,10
57883d6f-ac25-4dd4-9449-670b162d8973,2026-02-28,45,45
76829abe-7936-474e-941e-b479c07cd4f6,2026-02-28,30,30
76e12cb6-db0e-4459-9b19-ad3a891f34cb,2026-02-28,45,60
78b5d8b7-4edc-48b6-8237-9f677b72ece3,2026-02-28,1,1
7e1662a2-605a-422b-9041-16fc795ed08d,2026-02-28,14,14
84dfe3b5-c5e6-4c0d-a0c9-0cac018247aa,2026-02-28,14,14
b7f1ef9b-fd09-45d4-b812-1c4d04e8eebe,2026-02-28,1,1
be649337-e373-4dc4-a1f9-282e5d18fafe,2026-02-28,1,14
d92d9f3a-bdac-4205-b55c-4c3f3254ff14,2026-02-28,1,1
f0b3e63a-ec5c-49fa-9746-ac8a177cf662,2026-02-28,7,7
002f7a82-5c7c-4a19-b50e-8495861d66fb,2026-02-28,1,1
0c781c82-dd8d-4176-9d5f-82742b326bad,2026-02-28,30,30
420078e1-6ec7-4050-8274-35aecb041d28,2026-02-28,7,7
6936e89d-c639-4f17-9955-5abd6061994b,2026-02-28,45,60
7d380658-4bd0-4b55-a0a9-1a4c7c11d956,2026-02-28,14,14
8284855f-3bd5-44d5-af34-5e914a164d3e,2026-02-28,1,1
cff413fd-2ffb-4cf7-9312-2ca294b7fd70,2026-02-28,1,1
eb89f430-2e36-4b76-ba19-b7eddd28b42b,2026-02-28,1,1
fc8d2dea-45ad-4445-b5e2-7d880d869b45,2026-02-28,7,7
331e9533-f3b2-4364-ae98-1bdf49b7047a,2026-02-28,10,10
52d68db8-3e96-48ef-bf5d-03b73b9c0514,2026-02-28,1,10
c5267477-f534-4bd8-a8fa-e79529a9e8f6,2026-02-28,7,14
3840f2a6-9360-409f-b835-42d1b92dc0e8,2026-02-28,45,80
519b93e1-3f81-4942-beae-bc25fd5fc44b,2026-02-28,80,80
063ed4b9-3dac-42bb-8685-1b9642d1843a,2026-02-28,1,14
88c8ed28-4f43-442a-a410-f2dcdef6e3f5,2026-02-28,1,1
9304c524-7b02-4260-94fe-573df18c727c,2026-02-28,10,10
9d12d4c5-a30a-415e-a200-f477884b1394,2026-02-28,10,10
e3d32481-dc5e-43e1-b7d6-3120834e9050,2026-02-28,90,90
11eb53b0-c4e1-4e65-882e-f2f3244dfd91,2026-02-28,1,1
1896715e-2339-440b-ac06-64be11c40ad1,2026-02-28,1,1
1ae1f907-320f-4b77-8f55-29eac6e8ff26,2026-02-28,10,10
273687b8-7c17-4239-ab4c-e6f44b3ee222,2026-02-28,1,1
41c06d58-c277-490b-aacb-68015c887edc,2026-02-28,1,1
7bc7b0dc-931b-416b-a309-30e8d653467c,2026-02-28,10,14
c1f8742b-368b-4fbc-840b-a938bfea8b8b,2026-02-28,1,1
6124adff-4edf-4561-9814-03edc7846948,2026-02-28,1,30
69d6a146-85e8-4b1e-a9dc-45ad622c7479,2026-02-28,7,14
988aa4e9-c31f-4741-8a1d-daf782fadc98,2026-02-28,1,1
b2d2bd7c-1d54-410c-8168-b11a8af3b04f,2026-02-28,1,1
51430cd3-d16a-4384-b8a2-ced43dec1314,2026-02-28,1,1
a2934030-5af3-43c4-8a22-ea163f8b2860,2026-02-28,1,1
5b7fb7c8-8447-4af9-9459-4ebd89dc734b,2026-02-28,10,10
5fc0afc3-3612-47d4-a75e-3afc2294d16d,2026-02-28,10,10
5fd116b4-5c89-4f6e-9e53-72431265844e,2026-02-28,1,1
7d974c84-bb81-4db9-8202-7baa279dad8c,2026-02-28,10,10
c3731c73-857a-40f7-b4c0-fba7deddf8dd,2026-02-28,1,1
ca664bae-290f-4792-9bf2-6aa80c4403a6,2026-02-28,14,45
d9bf948c-47e7-4615-a53b-8c4b4afc9cf9,2026-02-28,1,1
f8d5c5ac-9581-4f45-8c49-d87ace609798,2026-02-28,1,1
0ceb5d56-d683-4222-bd1c-344dbf1a5178,2026-02-28,1,1
16e8f174-4616-4623-a661-cecaa4cc3dfe,2026-02-28,1,1
4e64aad7-2fa4-4185-b743-7dcb4e1802b0,2026-02-28,14,14
a7d6bc40-00b4-439d-b6d4-332a3b56801f,2026-02-28,1,1
ab4df8f9-f25e-4158-b9bc-5453a3fbca35,2026-02-28,1,10
c60a9915-38e1-467e-8d39-ca30e7844745,2026-02-28,7,7
cac99978-2cb4-42ae-9bb4-28ff835c9013,2026-02-28,1,1
d95d6b6b-4a10-434c-a9a8-9d56a43b34ec,2026-02-28,10,14
dd523b2a-dd4b-4a00-b8a5-b579e361c09c,2026-02-28,14,14
2688dfd8-858b-4f79-8905-6c3cbf55e0b7,2026-02-28,14,14
3036d53e-27d1-4bf9-b229-4f26f679c59f,2026-02-28,1,1
47966124-f43d-4085-9017-b7736499739b,2026-02-28,30,30
4eed5a4b-4a08-4b0b-be7b-63f8c9e2f218,2026-02-28,7,7
7c5f34a3-e91f-4cc8-8960-0a3384d02065,2026-02-28,1,7
9ae00970-f865-4aed-b143-8ded46bf2502,2026-02-28,30,30
bca0d3c5-4e45-4205-8c6f-d12b269e9d4d,2026-02-28,1,1
c715d73f-e372-4d61-b561-69714d742dbf,2026-02-28,1,1
c900e54c-3772-4bea-bec9-21f478809cdb,2026-02-28,1,1
cc232ba1-5135-4be3-96d9-07c84e535600,2026-02-28,1,1
d9363ece-e4a5-4271-821d-e2fbdc39da28,2026-02-28,1,14
2e45e2bc-a6a6-4b58-b601-8dfcea256784,2026-02-28,14,14
3a364b5d-9d47-4ac1-b903-477577039507,2026-02-28,30,30
4fad1076-085b-4855-a055-31eb08a718d4,2026-02-28,1,1
51760217-6ef4-484a-bb5f-a72d4cd2c8f3,2026-02-28,14,14
6a7551d6-e6ae-4569-91f2-bcadcf60a4fe,2026-02-28,1,7
6cc5969c-312c-4fc6-bfd9-846791c2b798,2026-02-28,14,14
880cb9f8-5aab-46fa-87c8-eb63b7b9598a,2026-02-28,1,1
898c5bf3-e409-4b2b-9823-6faab040bb20,2026-02-28,1,1
8de100dc-2f2f-4a89-97af-f7e5641fa666,2026-02-28,14,14
aeffffb0-2313-4e26-a1c4-31b2ab655f6b,2026-02-28,10,10
0c1a6807-b52f-4357-b534-d76224d8dd91,2026-02-28,1,1
3577b147-11ef-437a-860d-c2d14809fded,2026-02-28,1,1
4e22a117-4a97-4883-bd2e-c06ddcc08524,2026-02-28,1,14
7da4afd1-2d0c-490c-8d91-0a28f2e22066,2026-02-28,7,7
8c14f0b9-9c48-4766-84e5-ce280281a461,2026-02-28,1,1
9cd9fe0f-9c86-4a7e-9f9b-266bdd2f150e,2026-02-28,10,10
c627f36f-e4ba-4bd5-9f78-cd28647726d2,2026-02-28,1,1
8043b01e-d09c-4f86-b6de-d01fce70cd46,2026-02-28,1,1
c54e0da9-652f-4a3a-9316-be6fdcf307cc,2026-02-28,10,10
f21fdc77-8210-428e-9d33-ed15b0b97c54,2026-02-28,1,1
f45dfa10-ee4d-4c7d-8a57-0013b76bfbfc,2026-02-28,10,10
00983510-0374-4afa-82b4-ace9f512fb62,2026-02-28,10,14
203c5a25-7f73-44ce-8097-bf5a5b0bc358,2026-02-28,1,1
2ab9d6f0-99e1-4736-9989-1b411fed7ee8,2026-02-28,1,1
74700433-e911-464d-97d7-fc3d9ef8bf66,2026-02-28,1,1
843a1913-3296-46c5-b8c9-b1864de48f50,2026-02-28,1,1
8f7a8705-18df-41cc-ae6f-2a73607ec0cf,2026-02-28,14,14
99cf6901-72ac-4909-aac2-056c1bdbd56d,2026-02-28,10,10
bc363436-9a72-4ae6-916d-b61aaae90b77,2026-02-28,1,45
d80ffc32-3fca-4a75-ad4c-f92dd8630e2c,2026-02-28,14,14
02c39138-d9bb-432f-871f-149d8659ef2f,2026-02-28,1,1
3283c3e5-f842-4a50-833d-15f2980571a0,2026-02-28,14,14
590a5c53-d8df-40ba-843f-76777b90ce91,2026-02-28,10,10
6a143513-d7b1-4595-ba32-a39efa458e24,2026-02-28,10,14
75bbf43c-3b06-45f8-91e2-b54617b6ada5,2026-02-28,7,10
7ce7c013-9cbc-46ef-9920-1b04aba2be5e,2026-02-28,1,1
c42fd48d-6b83-4938-9878-a0c84a9ae7e1,2026-02-28,45,45
ce7b0a31-a925-4761-ad23-b726da61381f,2026-02-28,1,1
d4b1bc29-b862-4b70-88f8-cb458616d220,2026-02-28,1,1
243fef3a-e754-41eb-9975-794150ff90ab,2026-02-28,1,7
3aef0aef-77c6-4db6-99c6-5bd6371f418d,2026-02-28,30,30
8684397c-f6c6-4aea-93d8-a1160698e5f4,2026-02-28,7,90
e07bfbb0-0e0f-49aa-9a9f-1d79569d4422,2026-02-28,1,1
e5b03e9b-0ff1-4757-a07a-f0451b15744c,2026-02-28,1,1
1a252ac7-b543-4d87-8a96-528cce674458,2026-02-28,1,1
46f58908-959c-4533-bc7c-13f2df3fc1c6,2026-02-28,1,10
5893fabb-179f-4232-bc37-a7010e533f77,2026-02-28,1,1
71bd289f-0186-4516-a640-998178eb048c,2026-02-28,1,14
e5abafb4-588e-4eff-8311-388a9da8043a,2026-02-28,45,45
276aa0d5-4733-4603-a579-80147ef37f4b,2026-02-28,10,10
292e07d8-87ab-408a-a337-58b890511086,2026-02-28,14,14
32d2fce2-39ad-4217-9187-bf1121aebdc4,2026-02-28,1,1
37861ada-d164-4bae-801b-49be3bb22178,2026-02-28,14,14
4d92a76a-195b-4aa2-97fa-eecdb194a666,2026-02-28,7,7
6af661a1-4382-4b48-a588-c2b1cb517cc5,2026-02-28,14,14
6fc16686-e2d6-45d2-b136-b239f2c2770d,2026-02-28,1,14
7a09bd3e-9484-4222-82b4-b4df026b1e86,2026-02-28,10,10
86c99964-4e91-4568-b237-e6e5717192b4,2026-02-28,30,30
9f8413d8-16b6-4acc-859c-29c5caded771,2026-02-28,1,1
dcd7a4b9-43a0-4d0f-bfa1-617021016e7d,2026-02-28,7,14
28a53e27-2682-4ead-9dcc-e6d3dfb071c3,2026-02-28,1,1
38ff8613-8d86-4d7f-b82f-85f679eeeea2,2026-02-28,1,14
4b96c1b5-04c0-4930-b775-9a59e3709fe6,2026-02-28,7,14
a2ff2863-2958-46cf-8814-7f2ccb7e2f8c,2026-02-28,7,7
cf5e822c-9b87-4bdd-b43e-ef94f90b94b7,2026-02-28,1,1
0feb77b8-4f03-461f-9198-bf49c96fa347,2026-02-28,1,1
29275029-cc02-495f-bbef-5770cc7ab034,2026-02-28,1,1
4498c952-6072-404b-8963-30a80e8cb37e,2026-02-28,1,1
8a5b351a-eaca-40c6-9719-2c2c93f84d5c,2026-02-28,1,1
186e327b-737c-4eb6-9843-b0661681d282,2026-02-28,14,14
419e384f-ba43-4e90-b1b4-578270e366f6,2026-02-28,14,14
85f40f9b-8ecf-405d-ac43-9699c81cb26d,2026-02-28,10,10
9111774b-de22-4150-a25c-71420b99c8c7,2026-02-28,1,1
953597ae-f2fc-4ab6-96cf-40c4ffcfc8b9,2026-02-28,30,60
9761a483-57bf-47c4-941b-1577c0a747bc,2026-02-28,14,14
f4c9d4b4-dc46-4e09-b3b3-ce1e62b09da2,2026-02-28,1,7
21bc092e-8e39-4e63-8d13-ba479c1b4c80,2026-02-28,1,1
6a831c03-0528-4f3a-970f-2b71b03b0ee0,2026-02-28,90,90
96dfbf1d-32f2-456c-ba82-c421b07f1abb,2026-02-28,1,1
9f3425d0-2a20-4579-ac94-ea2650144e3e,2026-02-28,1,1
d23245bc-1c48-46ba-af12-2765f498ecb9,2026-02-28,14,14
f134beb7-d520-4b4f-a368-f28d8518ea41,2026-02-28,1,10
1b534bd1-484c-4213-894e-fc419acf5ead,2026-02-28,30,30
2ef7f3d6-87ad-4d4d-82be-918384ef2dff,2026-02-28,14,30
50fad0a5-db36-4b89-82b1-aeece6ef195f,2026-02-28,1,1
59c9f4df-17a8-443a-8518-e8992bc4f100,2026-02-28,1,1
72b564c3-d935-463e-bc25-f1e911e03d0d,2026-02-28,1,1
c2f9d0c9-3a2f-4d7c-80bb-5f0c8746e3c8,2026-02-28,14,14
d42cb363-325e-4fad-83f1-60a7c191c70d,2026-02-28,7,7
d4bb275f-6549-437e-bc0e-5cd821ea09a9,2026-02-28,1,1
3812ca08-1c1f-4107-98b5-6a7a881be22e,2026-02-28,14,14
8006555e-1061-4983-972a-f4e214d40959,2026-02-28,14,14
8e6730ee-b83b-4a02-8e70-1d287083d6bb,2026-02-28,14,14
bfc45979-5e34-4af5-aa07-3070b3d45edb,2026-02-28,45,45
fad00f86-6aaa-458c-96ca-118a3cbfcb5f,2026-02-28,10,10
0be9e823-dad7-4abb-aefd-b27e0cb38c7d,2026-02-28,60,60
116832a7-ef46-4850-9d7a-58f32ee5b451,2026-02-28,1,1
24c19788-6d56-4be8-92c0-a2366e63b41f,2026-02-28,14,90
4df629db-af5f-4854-b31e-76b84fcd0800,2026-02-28,14,14
76d6ce41-2336-4e8d-8e52-9f2a2839f065,2026-02-28,7,7
ae6aff14-6b86-4f50-b6e9-d3c795954600,2026-02-28,1,1
dfa7b914-99f3-465d-984b-8beb8bb2cf1f,2026-02-28,45,90
23e4b1e7-0162-4272-851a-9a0b3ecf0619,2026-02-28,60,60
63ef100b-6ab7-465b-a5aa-3dd07b509473,2026-02-28,14,14
71c272ba-1f4b-4298-aab1-16e12dedb2a0,2026-02-28,7,7
ccc436d8-0acd-4bb4-bec6-a8c6d278b175,2026-02-28,14,14
e58dc00b-80a2-40d2-986f-bbf2af9483ae,2026-02-28,1,1
0dc748c6-5465-4da9-9cb7-f4024e984188,2026-02-28,10,14
a4b56ca4-bf74-49af-b138-49dc3716e156,2026-02-28,10,10
a9f1e57a-21a0-4f27-896b-09b3b5411eb6,2026-02-28,90,90
0245786d-6512-403e-8b8a-91d855dbf0c8,2026-02-28,14,14
191de8c4-357a-4abb-8a43-32078a577aed,2026-02-28,7,7
83e59335-a166-41d5-9f6a-e2fbd78feee5,2026-02-28,10,10
89c04566-fe6c-47bf-93e4-a1d6193f81a9,2026-02-28,7,7
95113529-ec00-4652-9205-925d2bcafc5e,2026-02-28,14,14
c25c79b7-1966-415c-96bf-a451a9f9527f,2026-02-28,1,1
dcf09d5d-f76a-47f1-bb42-59b976d276bd,2026-02-28,1,1
ddf7b476-e160-42d9-9a90-fb6d0da5d997,2026-02-28,1,14
f50ccf2f-74a4-444f-8093-d789adc2682e,2026-02-28,14,14
9be25ca3-69c6-4b8a-9f82-2ea38819675f,2026-02-28,14,14
c04cb21b-49f6-4e70-98b8-89471da94191,2026-02-28,45,45
d22c7f90-fe08-4c98-bfb7-416eadb1546f,2026-02-28,14,14
0d152b2c-7aa8-44e6-895e-56a6ba32cfcf,2026-02-28,90,90
3571ecf2-125d-49b9-832c-a3d71f2a0d16,2026-02-28,30,30
61b08261-edbb-4bac-8937-9ff179951451,2026-02-28,1,1
71c2e36c-9113-4a35-8fb6-e0a1072b4b81,2026-02-28,1,10
a00aa67c-c554-43c2-8cc4-ac541c8d5063,2026-02-28,1,30
b9ca3b32-89d8-4885-8aa8-2e17714080e3,2026-02-28,10,10
0868c509-26ff-435a-aeb5-d70e5acdb767,2026-02-28,1,1
16dfd43a-7f0e-4dce-9c8b-1eae9526b927,2026-02-28,1,14
7f138883-f737-4086-91d3-aa38f3355c6c,2026-02-28,1,1
89c8da79-fe4a-431d-a3ce-15d4e52720df,2026-02-28,7,7
b54b1284-2a53-4f4e-83a6-c605ade6813f,2026-02-28,1,7
001bfabd-6a19-4655-930a-dc236c0bd324,2026-02-28,14,14
241f56c0-b3b0-447d-aef6-8a9eca93da14,2026-02-28,10,10
5565244e-144e-40f5-ac56-e0a8f9eb60cc,2026-02-28,1,10
7d7cb680-14e5-4ed9-a8af-4fe42471834e,2026-02-28,45,45
8de57e54-22c6-4e2a-9106-4b698621e2f1,2026-02-28,45,45
9c0d8aab-47dc-42c8-861f-876319b2f94b,2026-02-28,1,1
21638e13-f9f2-4e1f-936c-cfda311ad5bf,2026-02-28,45,45
55f73137-4ca6-45b1-a893-25728c6782fb,2026-02-28,30,30
7d63891f-2c83-4073-8d36-c8c8eebe76d1,2026-02-28,1,1
ac7d3755-4d52-4f9b-b1ac-8be27b8a506f,2026-02-28,1,1
17ec17c6-afab-4316-9a9a-175b3ccae54c,2026-02-28,7,7
2a703133-7ade-40e3-806b-c8a35b4f439e,2026-02-28,1,1
94336808-ff2a-49ed-bc38-527c973c6b1d,2026-02-28,10,10
aa1b5432-71d4-4188-89f9-892203741ee9,2026-02-28,1,1
b9e0a280-61cb-4c67-9fca-382dd90d65e3,2026-02-28,1,1
05926060-ce9f-4dee-98ef-3cfa8081d98f,2026-02-28,1,1
53779c1d-d37d-4b66-9a8b-2c5f0d83cf3a,2026-02-28,1,1
7b0c3e02-6d7d-4f52-b501-9d8a62722a16,2026-02-28,10,10
bf66b382-1657-4dc4-97cd-2133dbb8517b,2026-02-28,1,7
c2ccfcc5-8af8-4254-88f7-37bb214ecb86,2026-02-28,1,1
da37e0ea-9c88-4ac3-9f0f-5ef47887851f,2026-02-28,1,1
e7efe976-56eb-495a-811b-2ae4671ddbd1,2026-02-28,1,1
e9416d5b-1cd5-47e1-8c5d-532ea96694ec,2026-02-28,1,10
ff36cbb2-b999-4fe4-ab79-50fee18abef0,2026-02-28,1,1
503035dd-d651-4fe6-a810-e45606ba339c,2026-02-28,1,1
8ce163a1-fb39-4538-8afe-255e443b0788,2026-02-28,1,1
c144508b-59db-4875-99c4-981d39624a41,2026-02-28,1,1
c218f6ba-c100-4ad1-ad67-045777607533,2026-02-28,1,10
6c471fba-e339-4fc5-9b09-3407bc744934,2026-02-28,14,14
73863902-69d9-40ce-a7f0-1bf280762c3c,2026-02-28,1,1
8cfc7d3b-b9b8-4bd6-bd04-1c44c6fcb61b,2026-02-28,1,1
ca8c9cd9-27ee-4abc-996a-1c5dac66406d,2026-02-28,1,1
d4efe716-d5b8-4b30-9f48-2dfd8bd8ef89,2026-02-28,7,7
1a13e729-b20e-46b5-b455-2c0f634f6b2a,2026-02-28,7,75
8fe65853-c35f-44b9-89c2-00b22b381a19,2026-02-28,1,1
be031f95-6b5b-427c-947e-796f7cf10b85,2026-02-28,14,45
bf0cef3d-064a-4e0c-99c5-7816304af10c,2026-02-28,1,1
da767b66-7c07-4a9b-98f8-4a2bc4b95982,2026-02-28,14,14
eb40ff44-0258-41ce-89ed-02d9e34640b1,2026-02-28,1,1
ec6d31df-3814-4595-9c0a-28e8085c403e,2026-02-28,45,45
18fbd3c4-9377-4d86-a22c-a50e7df30158,2026-02-28,1,7
64829ace-dac5-4efe-857b-d8eb4da2469c,2026-02-28,7,7
64d4aa45-e548-4c4c-880d-750fc53d2667,2026-02-28,10,10
bc756ddf-cd53-466b-af20-7005e149d34f,2026-02-28,45,75
d66eae32-4216-4b77-a254-bacbb361af3f,2026-02-28,7,7
fb176c15-b669-4e28-9f15-3aa6dec142f1,2026-02-28,45,45
1c47281e-b184-4064-b5da-e655406cc309,2026-02-28,1,1
21c18093-4959-48b4-b571-80e16e517e0e,2026-02-28,1,1
49745e42-fd02-4d40-8a13-b45551ac0129,2026-02-28,1,1
4c74f0dd-7881-4d09-a187-570129be40e5,2026-02-28,10,10
6ef3feef-5314-4a94-b7e5-02388ed6d636,2026-02-28,14,14
8eefee77-28f1-4164-9d63-06a5ed247966,2026-02-28,14,14
aaa709dd-ab41-4c82-9ed8-7dd1daeeaa82,2026-02-28,14,14
10b03ff0-4295-451f-89fc-97e0c2a6e0e9,2026-02-28,1,1
13f73de6-9c2f-4544-814f-e21ad03fbefa,2026-02-28,1,1
5c61de54-f41f-45d8-9b5c-59bef770f3bf,2026-02-28,7,7
66be1e50-2381-402c-91f9-a5a9a0211af9,2026-02-28,1,1
6c22ad15-d217-491c-bbd4-dff87bd7d535,2026-02-28,1,1
79406936-b571-479b-8f0c-68892156e97a,2026-02-28,10,10
7b5661fd-009e-4ce1-a09e-7a299c3df43a,2026-02-28,30,30
7f02b5a8-474a-4608-8a71-e00be9dc4515,2026-02-28,1,1
8379aa47-67dc-4190-a503-7bb05c48f07b,2026-02-28,1,1
8f57478c-dd68-4e2e-82a6-b23df5670d29,2026-02-28,30,30
f965ff2a-37b8-4040-a659-b78fd061fc6d,2026-02-28,1,1
43268a68-4cb0-4bed-8524-12ee85c7fa71,2026-02-28,1,1
d79f33b5-d2f8-42d7-91ea-f194f422537d,2026-02-28,14,14
e6b1a5c2-7b85-46a4-8289-51b39c1fb857,2026-02-28,1,1
f2cfa778-3a3f-43b8-9843-175744b64401,2026-02-28,10,10
0fe72fda-17ba-4b2b-ae0c-7804e3790bd9,2026-02-28,45,45
17b7b6eb-4cc7-466c-a828-0d5cddfa0938,2026-02-28,10,10
37b92ef0-0572-47b4-a13e-3480c31c52bf,2026-02-28,1,90
3a92abbc-6a3d-4506-87dc-698448deccfd,2026-02-28,1,1
906b9f4e-aee0-4b46-8351-266aef5c5da7,2026-02-28,1,1
a5264727-8ed8-4157-9719-f862c494d2e6,2026-02-28,1,1
b293c437-08ef-469a-b46e-1525bf181354,2026-02-28,1,14
cae9dfcb-a3f9-4818-b5e7-cb6ff7e10b1f,2026-02-28,1,1
f4fb6367-0870-48b1-8e5e-5586e8128dc7,2026-02-28,30,30
3b82e31c-8021-4645-afa3-6edec96485ba,2026-02-28,1,10
3c3f9c18-48ed-4216-aa31-e700dfa47008,2026-02-28,7,7
837d17d2-3c53-4e41-b306-d3c371445f82,2026-02-28,14,14
9274e64b-23ec-4f48-9264-47ceb1d5c7df,2026-02-28,1,1
a0a5088f-fd50-49e9-b81c-feb556f2a97c,2026-02-28,7,10
ba44ff53-1386-4919-ba47-2880b65dcd85,2026-02-28,7,7
d1e5522d-10aa-4995-9e2d-d1d0ec6c95f1,2026-02-28,1,1
e47e2170-47da-462c-b713-a0e0e10da9b1,2026-02-28,1,1
e69e7806-4b03-4c0b-84a1-a859bdd85f95,2026-02-28,1,1
595f2e6e-88ee-4565-82cd-08488e475065,2026-02-28,1,1
6b70b42c-018f-4f8a-90f7-f189644ce950,2026-02-28,1,1
6f3c523a-9088-4f84-a81c-3b00cb91b020,2026-02-28,1,1
7879c300-a99e-4a54-b9dd-78550ab06731,2026-02-28,1,1
9e9e9d3d-dc36-4b01-9c1a-66d35582d7f4,2026-02-28,10,30
4329e50f-8a1f-4fab-8904-3d0f2173402a,2026-02-28,1,1
5467eb19-b0f2-498e-84a9-86ff13ffec97,2026-02-28,14,14
7b736245-bc7f-4d52-a3c5-146d26b3c71c,2026-02-28,14,14
9ef1a1d4-9076-42bc-99d5-142be4781752,2026-02-28,1,1
c8ca522b-4072-41b5-9996-b9076df4e7ed,2026-02-28,14,30
d366d651-d1e2-4f6e-8591-df7e59385c8b,2026-02-28,1,1
ef559df7-5c84-4d1b-a38b-aaee39a8c51b,2026-02-28,10,10
faefd672-e01a-46d8-b505-01ec744e61b4,2026-02-28,75,75
2d3eecf6-0f10-43c9-abb2-057bc08f1722,2026-02-28,1,1
307bc96b-f6f0-47f2-8109-b0a2a231ee66,2026-02-28,1,1
341bef51-bbae-4463-85fa-e93f78da27c0,2026-02-28,1,14
43f813c7-1534-4a37-99ed-45ac5deacd08,2026-02-28,10,10
45b7af79-4f7e-4ac3-b601-eea1b42fbd43,2026-02-28,10,14
8a0d5eb6-3af6-4d8d-8e61-a52c0beadab2,2026-02-28,1,1
b895cbdd-a22b-4f16-b75f-f811a3dd0139,2026-02-28,1,14
02a14c87-8d1d-4552-975e-1113a686a10c,2026-02-28,1,1
167c60dd-3cb1-4c4b-ac44-8cda61374554,2026-02-28,10,10
332a67c1-5702-4cea-bf93-28ff2494a54f,2026-02-28,10,10
71c49ff7-a1b8-4321-b56a-103898c38867,2026-02-28,1,1
8bc100e5-6f2d-4ea1-b35a-460212a415da,2026-02-28,90,90
a33aed07-2258-46f5-8dbc-0e4cdc73d763,2026-02-28,1,1
b9aceeae-dd87-4c79-a439-e99bcbeed2ac,2026-02-28,1,1
e632410b-9d91-4744-a1d1-af69f0e44bf9,2026-02-28,10,14
e96c366d-c39c-4176-aea6-c7ae40b9ffdc,2026-02-28,10,10
19c4d746-ea21-4c90-982c-a74cde9241ee,2026-02-28,1,30
1dfada88-822d-4554-8106-b36d48389fae,2026-02-28,1,1
34151921-be14-48b7-9917-5bcc19870d4b,2026-02-28,14,14
76222779-37a3-4ca0-8dfd-2eeb192d3ca5,2026-02-28,1,1
a298432f-b066-403e-a40d-5470b2432607,2026-02-28,14,14
cb6ba3dd-0f62-4e06-9872-e8bc9c144c96,2026-02-28,10,10
06130ade-9566-40e0-9dcb-2627704190f7,2026-02-28,7,10
070583bb-2c34-4629-a98d-87bf2d87966e,2026-02-28,1,7
245d57d2-612d-42d0-a15d-a3a56450c666,2026-02-28,1,1
5a7ec530-d7c7-4101-86d4-85b95aa689c4,2026-02-28,10,10
73e69b79-4ae3-45ef-ad3f-1aac9e6ebddc,2026-02-28,14,14
793e0c17-8205-46bf-885a-e351e03fc7ab,2026-02-28,1,1
8e8821dc-6863-4f96-b57e-79272acf51ba,2026-02-28,14,14
dd793465-12f6-4bcf-8da4-bf039813add2,2026-02-28,7,10
0bc5520c-46f9-40be-bc5b-dc2765e3c147,2026-02-28,1,1
24ed84e7-391d-48f6-b5aa-930792e99229,2026-02-28,14,14
412e9b13-a300-442c-b03a-18eba7ff097c,2026-02-28,1,1
54ee51ef-15f1-4b0f-95a8-8b6bfb0df47a,2026-02-28,10,10
715d3c01-6bc8-4cc7-87ec-9046c4853f22,2026-02-28,10,14
a404c804-50a8-4b1a-94eb-f4898e9e93d8,2026-02-28,10,14
235164b5-146b-408a-8997-67b4e7ab8a86,2026-02-28,1,1
52d13783-d091-40e0-9c01-32cc54bd571c,2026-02-28,10,10
783da093-0451-4575-a7f0-49be8aa784db,2026-02-28,1,1
80de1244-245c-4f28-b541-eacc5118cfdb,2026-02-28,1,1
8f560f4e-8861-4473-934e-01bf03599566,2026-02-28,1,1
cd68bc5e-f244-41e5-9da2-8e49abde2c5c,2026-02-28,1,1
dec2e897-dba7-4fa2-9bce-1611e7fecd05,2026-02-28,90,90
e21d4d45-4ae2-40b7-a227-97fee9da052a,2026-02-28,1,1
197da397-b28b-4d02-9e43-76532802e395,2026-02-28,90,90
5c93016d-7695-4efb-bc2c-729e5f0da5d9,2026-02-28,1,1
6b796b29-3023-4830-b4d3-8fc106ba999a,2026-02-28,7,30
714ef814-743a-4c81-a6c5-c180705de35a,2026-02-28,10,10
cf046c91-5898-456d-a999-c62e95fc4f4e,2026-02-28,1,14
9f7d57a0-b02a-486e-9a10-64e0eb8aa9fc,2026-02-28,1,1
c640d71c-3dd0-4fbb-82d2-29d32de44029,2026-02-28,7,14
f9e2d4f4-6082-4cb5-9568-70784b2cb383,2026-02-28,45,90
19b30a01-8577-41df-a4e6-2d201f4e333e,2026-02-28,1,1
2a00b55f-0f4f-4d8d-a5c1-231ebdd6e11a,2026-02-28,14,45
927150ac-b94a-4848-9b92-a2e14bc4234e,2026-02-28,7,14
a0227211-1670-4f9d-ab27-b2aa3979a684,2026-02-28,1,1
261a453c-e757-4201-ae74-196b1c9b0c0f,2026-02-28,80,80
2a832059-6652-4c4e-8ab7-6097ab2d5d46,2026-02-28,1,1
33e7219e-32bf-4848-91f3-5d7d28a9db8e,2026-02-28,7,7
51271221-e519-49c7-a331-b056ea7e4ecd,2026-02-28,90,90
5b80ab85-432a-4cb9-b977-5b5f9214495a,2026-02-28,1,10
7528aa22-f8c0-4eef-924c-1f18a429980e,2026-02-28,10,10
be7f5ac0-857d-46ba-8450-4949c36f0add,2026-02-28,14,14
ff3de65f-a8ad-4207-8c7f-97d96319872c,2026-02-28,14,14
21140fed-4dd3-4c7e-936a-ada3d2fff4ca,2026-02-28,1,1
23b95b72-7f62-4b80-b5de-0a506b461ab0,2026-02-28,1,1
4ca288af-9448-451d-b355-2c4888a61b81,2026-02-28,14,14
6d3bf984-cd85-49a1-82aa-6e825e8af781,2026-02-28,14,14
96c3b359-f73d-4cdd-8b20-ad409344aad8,2026-02-28,1,1
cd507717-cedd-4457-bd93-8b7b35ad987a,2026-02-28,10,10
f4cea66d-d8a0-4500-97f6-47507c347e78,2026-02-28,14,14
fd55df0f-07bd-44b9-8005-8fadada33d36,2026-02-28,1,1
36f06f92-a900-43ab-a502-df10bcfe1cad,2026-02-28,1,1
ccac2863-f0e5-4189-a319-12efd66c847c,2026-02-28,1,1
cf15bc6b-ceb2-4056-be52-74cc9873cf23,2026-02-28,1,1
cf96a983-6453-4ecb-8f84-e23255f5f7db,2026-02-28,1,1
18bfa1be-cc4e-4bc6-b4c4-fe9ec93f6bc5,2026-02-28,90,90
4325fac1-fece-4906-b6df-126d732ca07d,2026-02-28,1,1
4aa482fd-f9c9-4cb4-89d3-4eaa6bc457ef,2026-02-28,7,10
4c87516e-abff-4cec-a51c-82caca247522,2026-02-28,14,14
9d32b080-c285-4411-b246-175bf5ebd492,2026-02-28,1,10
caf6722a-79aa-4697-bad1-e24167a7a8dc,2026-02-28,1,7
35841d64-de41-40ca-8c3e-d8e27ccde1db,2026-02-28,1,1
62aec903-055f-444c-9fd7-2897b6eb8dc5,2026-02-28,10,60
78c7f74f-5c01-486d-9484-2e1c447b63a6,2026-02-28,14,14
80c5bf7a-f4f2-41e1-bf9f-d73912196bc1,2026-02-28,1,1
f2eb4680-c56d-4408-bca9-98468594ab4e,2026-02-28,10,10
263aae76-23d5-45a5-96e6-8e5241a93dea,2026-02-28,30,30
2ba00ae1-b939-4b73-abd9-fd80ffadf37e,2026-02-28,14,14
3f199f0c-7949-4684-b6c5-9a3b34390795,2026-02-28,14,90
48733a75-2a04-4b73-b9b9-e58dcbb82a49,2026-02-28,10,10
4d587fc6-94c9-45e1-8930-601a1f4c36f2,2026-02-28,1,1
a935b71e-1197-40aa-9d62-49eb8db334f0,2026-02-28,14,14
17ef4cae-9f7d-4648-9ac2-c0cf853e13d7,2026-02-28,14,14
2bdf1ed5-581f-4c60-83d0-aa84d60fa2c4,2026-02-28,1,1
3837e44d-4e70-417f-a4ac-0cbc457ae850,2026-02-28,7,10
3f323418-b0f1-4e5b-b765-ea78182d658a,2026-02-28,45,45
4785fc01-1f52-48b8-aadc-6f63fde17371,2026-02-28,7,10
499960b8-e305-48f4-9936-ff21eea47a60,2026-02-28,1,10
55c362a3-97a8-4ffe-8ad3-95b83509574b,2026-02-28,1,14
5cc2ad82-a8ea-4cbe-bb39-18d2e32930e6,2026-02-28,80,80
94b9d53e-6e19-4f14-a48d-a17ab5a3b36a,2026-02-28,7,7
e79d9421-d873-4188-a505-67ed48cbf67d,2026-02-28,1,1
3f978711-6611-43bf-9139-ce85704afe27,2026-02-28,1,10
545932c8-70a3-4daf-a639-9dabe1d16727,2026-02-28,10,10
6a37abf8-904e-48fc-aeaa-b4688a69238a,2026-02-28,1,7
a968b18c-aa16-46d4-8578-7429d4ea0fd3,2026-02-28,45,45
7cd810b9-a553-47ec-9f00-20aa8e60fc23,2026-02-28,1,60
8837712e-6776-4b7c-a214-ccd6ac201567,2026-02-28,45,80
9b4af858-0aec-4583-9c55-44152be01852,2026-02-28,10,14
b0e99966-d40c-433c-b574-2b2bc0bc20ed,2026-02-28,7,7
cc052089-b177-4e86-9d2f-32c155c5b72e,2026-02-28,45,45
f1b26da2-300f-4a16-80f5-f27538eca3e0,2026-02-28,10,10
fd110bb7-a287-4920-9f4d-4205fd71530c,2026-02-28,1,1
193d2dcb-2949-484c-be68-b54d1d9c5fe3,2026-02-28,1,1
3445b474-e1bf-45fa-b231-dd826ac6273d,2026-02-28,1,7
73529168-97f4-4bcc-aed3-a75430495b34,2026-02-28,1,1
79db5bff-9094-4dd7-8314-ce6591530e3e,2026-02-28,1,1
8843638e-0cdb-492c-90f0-10658d74a5fe,2026-02-28,7,7
c2287141-335f-4c71-a658-911cd468751b,2026-02-28,1,10
c9664322-88af-4297-9a07-61632ef533f9,2026-02-28,7,7
d1b9d1c8-5290-4c4b-8699-27a8085c540e,2026-02-28,1,7
147ad4b9-be9c-40cd-92fa-38dde2147ec3,2026-02-28,14,14
1ab4d28e-126d-4662-9fbb-4972eb2618a3,2026-02-28,1,10
22a6da2b-8788-451e-be36-0f98722f9b18,2026-02-28,7,7
37996d23-4713-4967-b5a7-f0559c919611,2026-02-28,1,1
62a6c751-ae61-4e26-afd9-205250deef61,2026-02-28,1,1
71bd4fba-c214-471e-8517-917b7e532474,2026-02-28,1,7
c04cad7b-b44d-4757-be7d-84f3c0546e60,2026-02-28,1,7
d3257929-6f80-45b9-8532-4a80e8dcd69d,2026-02-28,1,1
fa7e8188-3f89-4d0c-aaf2-10bfc1726e49,2026-02-28,1,1
8a6bef80-54b9-4189-a8e5-1867ecb2823b,2026-02-28,1,1
0ef3b62c-8918-4160-b0b7-da75a523a20c,2026-02-28,1,14
130ecf66-32b2-4552-920e-3f23c82bf190,2026-02-28,1,1
2e6173e2-2d67-4cbd-b798-c7c3966664e0,2026-02-28,1,1
659cc853-2f5a-4ac8-8809-97eb53527ed8,2026-02-28,1,1
820f8027-df5a-4934-93f8-bfcdecfaefda,2026-02-28,1,7
8de33ce7-8247-4ed2-a9de-af51eb6cef8b,2026-02-28,14,14
a728fe2b-3384-499a-96ec-af64ab63f742,2026-02-28,1,45
caa6af3c-0451-46fa-b8cb-e0dc65f31b3d,2026-02-28,1,7
d51b185b-eeb6-4c3d-afc1-863d5c3f8ff5,2026-02-28,30,30
28385920-afe4-414c-bc29-dd5571c4b033,2026-02-28,10,10
3a2115e6-4bbb-4905-a46d-67b23db05941,2026-02-28,1,7
47c26813-533e-4c4e-b887-6ba0349bdf46,2026-02-28,14,14
5fe6229d-b24e-4973-a6e7-4f889d97aaff,2026-02-28,1,1
c2ed2f48-3d9d-4f0c-96eb-790457dc7d9a,2026-02-28,1,1
ce25e403-5195-4916-93b9-a9e319157da0,2026-02-28,14,14
d7dc38f4-e7b6-4c30-bf0c-5c9bfe8cead0,2026-02-28,1,1
daf695ce-d0a4-4d25-98ca-f1b21fc06886,2026-02-28,10,10
20334067-9c79-4fc9-b100-ed7a22446c89,2026-02-28,1,1
58824241-0246-40c0-b8e9-c0e2ae8ed0a9,2026-02-28,30,30
ab21b4fd-3617-4372-97cc-fa0e4a049457,2026-02-28,45,75
f51e94a8-1e27-4ab3-8ce9-c10255101f40,2026-02-28,1,1
00a1154b-277c-42f4-8e6a-3f80a6974086,2026-02-28,1,1
3b93db49-900a-408d-bada-d22527025cee,2026-02-28,45,45
41d3827b-fcc9-4f58-ac1c-8203ad0fff79,2026-02-28,7,7
948c31c5-8379-4caa-8d24-9e0213ece4a0,2026-02-28,30,30
b41b58ba-2acd-4fba-b656-cc1b943a6fca,2026-02-28,1,1
f6408125-5a27-4eae-ba57-5fe6913e280c,2026-02-28,30,30
30fa42f8-8890-4a21-8be4-e68e4c3d71ec,2026-02-28,10,10
1f356b41-6207-44ca-8e7c-05ec6b25709d,2026-02-28,1,1
4d18eddc-1e00-4dc0-9f0b-d0d0a696cd37,2026-02-28,1,1
4f001b60-21da-4d38-8d06-75075a7e2e86,2026-02-28,10,10
6fe001fa-6693-4dc1-a3ee-f0be07079e71,2026-02-28,7,10
704f5b54-87b8-4a99-9cb6-0a5951bf607b,2026-02-28,14,30
e2d0f919-f0bd-4eb8-b580-3caba72ed817,2026-02-28,1,10
f77a265b-df1b-4c9e-9811-62292c27a420,2026-02-28,10,14
095dc0f4-50a2-46da-a664-239e1aead321,2026-02-28,1,1
dbd77866-f322-448e-8697-0986d0c2d26f,2026-02-28,14,90
81401d67-72a4-4359-b41d-f2aeeab192d1,2026-02-28,1,1
86b34894-ea4b-411b-98c2-17624480890d,2026-02-28,1,1
9322b56f-fb42-43c4-b7f1-f62c838e6faa,2026-02-28,45,60
96333ad5-11c5-406b-8281-c3d6e5092265,2026-02-28,1,1
97a5e3e8-2fd5-47e4-b550-250daaf85626,2026-02-28,1,1
d2312a54-4843-4f35-94cf-a1907831cb34,2026-02-28,14,14
ee7f26f1-2353-4a23-af71-5d7dead3c301,2026-02-28,45,45
2f264222-904a-476e-abe3-9d95f5fbb40c,2026-02-28,1,1
6584a4bd-4ade-4a88-9655-29d3d88aa560,2026-02-28,1,10
79e68ae0-67ff-4b53-b3ee-6b4a3ff8f550,2026-02-28,7,7
9bba3687-ffb3-44b7-ab6a-55e7d6af4c40,2026-02-28,1,1
c877e611-cd73-472c-9187-95db1489099d,2026-02-28,45,60
c9270bd0-9be6-43ec-892a-5741ea7b4f3e,2026-02-28,90,90
ef84852d-48b6-4754-9729-029e473bdad6,2026-02-28,1,1
178e4674-aaa7-4068-b3a5-4eaf2c172753,2026-02-28,10,14
49092bd9-71cb-49cc-b22a-106b736ed5b4,2026-02-28,1,1
c96e26bd-5df5-4f72-baa8-d777a0d1dbc1,2026-02-28,1,1
f1092539-b90f-4f66-8734-4b8d06afefa6,2026-02-28,30,30
1220dcd5-def1-4763-9737-82d3365ec4ca,2026-02-28,14,14
4b046a2e-e61b-4260-bd59-43fcc0b351d3,2026-02-28,1,1
5f386fc9-a137-4fb6-89f8-cf474c30f886,2026-02-28,7,14
c229e553-f3ee-48d4-8e6a-f13c1af11ac4,2026-02-28,1,14
014324d3-4766-4699-ad06-a1459ed871f9,2026-02-28,1,1
60741f8d-ca33-4c53-9415-bf9c49ae6919,2026-02-28,1,1
77921134-a8bd-4661-a1b6-73015812bb38,2026-02-28,1,1
89ae4e00-86ed-4c12-b952-fcd4d8d85400,2026-02-28,1,30
e38af72c-9973-4996-95a4-7ffe39492748,2026-02-28,10,45
f47b8c06-e465-4fce-9dc5-7db2c13cbfde,2026-02-28,30,30
4814ab66-4ecc-431c-862f-a2b57bfd966b,2026-02-28,1,1
7ddc2716-d826-4a73-8812-8bca00f4dbf5,2026-02-28,1,1
c576f12d-0499-40d8-bd4d-c1e30aa7755d,2026-02-28,1,1
f8b6859c-77c0-4f9d-8b75-766e9fe4f4b4,2026-02-28,10,10
fd6888a0-f8a0-4730-a62a-b765bae2ba05,2026-02-28,1,1
1a81e736-1570-445c-84df-68e8d7596c9d,2026-02-28,14,14
bee9d7f8-97cf-455c-a028-063e3a783954,2026-02-28,1,10
c4b32094-13de-4a43-9750-5ed2bcc2e4ec,2026-02-28,80,80
dcdafc9e-af6b-4794-82ec-5fea3a512a70,2026-02-28,1,1
6428242d-cfd2-4042-909d-2bd294898968,2026-02-28,10,10
c39e4bce-9cbc-4ae4-a98f-d1f7e2cec2d6,2026-02-28,1,1
ea517655-9e4d-494a-8342-d44dc755fada,2026-02-28,1,1
f79f4c72-e721-49e7-a01c-4621db5e25e6,2026-02-28,14,14
072f7eca-bf98-4de8-9d13-602f78f873ab,2026-02-28,1,1
180c7dd5-a270-4966-9f2b-1bc37244658b,2026-02-28,1,1
1b006e25-92c3-4dac-878a-e9104088715c,2026-02-28,1,1
675fb3a3-3766-402d-b8d2-7417a329020e,2026-02-28,1,1
a5365cf2-f4a2-4363-b7dc-63d6bb4826de,2026-02-28,1,1
e2375013-fc6a-45bf-87a2-ca6521c4db57,2026-02-28,10,10
ebe8f54d-b4ab-4e8c-967a-cad2ab507ed8,2026-02-28,14,45
fb8c106a-97a7-44d5-b14c-5b055fa40b8c,2026-02-28,14,14
03e29e51-4d01-4d8b-9032-3e0414275011,2026-02-28,10,10
2766015a-fe90-4c56-94b1-b2e7912f0d05,2026-02-28,1,1
331462b0-b5b4-4497-ab7e-e0f2a334d355,2026-02-28,45,90
7483c1bd-27d1-49a9-9488-b06357c17ed7,2026-02-28,10,10
dab0a8bb-ebc4-45ac-b4c0-5b71f1af68f7,2026-02-28,1,1
0c7d5cf0-b7a3-4da4-8ede-6af6ae9080da,2026-02-28,14,14
bd7e4563-4d7b-4f88-a17d-b1be850cb2d6,2026-02-28,1,1
be7f1ca1-8e5e-477a-badf-1b5722155922,2026-02-28,1,1
e3f8b09e-baae-4da4-b343-f0e5cd029950,2026-02-28,1,1
f7caa724-a338-4f0f-b737-77ea1dc9fe19,2026-02-28,45,45
6051c7dd-2cb6-4d4e-959e-e9c5bc09d14f,2026-02-28,1,1
64ae8cfa-8998-4f53-b1d2-ae79d6fc524c,2026-02-28,7,7
735cb96a-a76b-4e98-bb53-bdf38ad25e0a,2026-02-28,1,1
b015546a-c4fe-48e0-baff-e91d140cc68a,2026-02-28,10,10
c8cc5dd1-d92a-479b-905f-9bd08fa5e9ac,2026-02-28,10,10
486f4e87-6d74-40ab-9a19-54d5111d98ef,2026-02-28,7,7
50050081-e49f-47f8-96e1-f8224d40e10f,2026-02-28,120,120
55703098-5188-4c9c-bbac-2ccf70dae7a0,2026-02-28,30,30
64ba95fd-576a-402e-994d-1f54a9a7ca08,2026-02-28,1,1
ab669d7a-8cb1-4385-b875-b2f8cef15d3d,2026-02-28,14,14
ba69d7e1-3451-4c46-ac6b-72ad7a3debc7,2026-02-28,1,1
1accbdd6-d5f2-40aa-a011-c8cd7c2631cb,2026-02-28,1,1
2f351dce-a5dd-46bc-b3f0-0a78e616760d,2026-02-28,1,1
4867dab7-3033-4fc3-a502-b31531091078,2026-02-28,1,1
60980bba-489c-4675-8af5-7224ede41990,2026-02-28,14,14
7ed45422-e0d2-43d4-ae44-513dd87e5255,2026-02-28,7,7
9a3617dc-0807-4000-821b-c4930bf750f7,2026-02-28,1,1
9bb7b25f-180b-451b-afd9-03976e421dd9,2026-02-28,14,14
b089a937-2b56-4134-8143-d2558393e4ed,2026-02-28,10,30
fbd72f38-5ce5-4a0f-b2fe-2e595f5deee7,2026-02-28,1,1
2db6f69b-7e8d-4833-8f67-3f94f22fa036,2026-02-28,1,7
2dfb93e2-d354-44b5-be80-7e6227bb0cc1,2026-02-28,1,1
3c608424-09f6-438e-a180-e3be0c9d068f,2026-02-28,1,7
70c1cbf4-a12c-4029-aa1d-67a52a3026cf,2026-02-28,1,1
b509a2e9-595b-41db-a5fa-a4d94b696cb9,2026-02-28,10,10
c3c6f6ab-9f37-4e3d-9a34-837051e0290d,2026-02-28,7,7
cdff8d17-5af8-4c11-9c66-18f1e9fae32b,2026-02-28,75,75
1e039e2c-81a9-4c32-be3a-3b19f7bdc2d8,2026-02-28,60,60
43e02142-bb55-4621-b2b9-7cd1f17ca2c5,2026-02-28,14,14
82223add-a460-40d5-94d9-c2a4b744f8f7,2026-02-28,1,1
cf66ba8b-5acc-4c66-ac41-8bf0eea47c89,2026-02-28,7,14
0a76d146-abd6-4792-9ca4-cbb647eca605,2026-02-28,14,14
176b962c-77d1-4c4d-a694-a1eb3fe58d65,2026-02-28,10,14
4fd2167c-7ec5-4250-859f-f86aaa6be74c,2026-02-28,1,1
a2a730d6-5e11-4c8d-a1f4-7f2a0319e0cf,2026-02-28,10,10
ba05967e-8b9a-4c12-99b3-d6f5dc7de4f6,2026-02-28,1,1
da54ed1a-a941-4ff7-be22-09e33b6c8743,2026-02-28,80,90
dcedc1a8-a604-473d-b3a5-b56a881deb77,2026-02-28,1,1
ec1a5487-cd9d-43f0-a330-00ac6954005b,2026-02-28,14,14
4729b62c-4df6-432b-a1f0-5fda1d41ab7e,2026-02-28,1,14
5837f30d-ae78-472f-b712-eb8a0e289b9b,2026-02-28,1,1
64e0c7c5-892e-4652-94af-906c801cc054,2026-02-28,1,1
9f99490a-813a-4904-853a-a750b7ad6538,2026-02-28,10,10
bda5c0a6-63e5-47df-baf8-6160a7ce8bc0,2026-02-28,7,7
e5b4425c-42a7-40ce-9ecc-3f6384c3124e,2026-02-28,10,10
e9cacb81-0937-4859-a92e-5152a95c4480,2026-02-28,10,10
eb0fc188-5f65-4437-ab83-a740020ff45a,2026-02-28,14,14
edcdf7f0-ab4c-44a9-a0d2-7610255f47b9,2026-02-28,7,7
1178d31b-2cd0-4b23-8b7d-87f2f2bff0f3,2026-02-28,1,1
225e909a-23d3-40a9-827b-a4b772d16edc,2026-02-28,7,7
52bfc682-e48e-442c-a0dd-1bfe3fa995ed,2026-02-28,30,30
59c16db7-7caa-4683-90b3-9dcffc4f660d,2026-02-28,1,1
e5b416f6-c287-4db7-bee6-40fa4324b5c8,2026-02-28,1,10
f2c51291-6d81-442c-9f24-3ba70d97880b,2026-02-28,45,90
72cab2b3-3467-4ef0-9380-e92ddda61acc,2026-02-28,14,14
8f5116a4-7f4f-43cf-a717-1466cbd5d282,2026-02-28,1,1
a919b675-6d4b-4adb-9259-3a94d29317de,2026-02-28,1,1
c3e7da31-9029-4102-8f15-4fba67408d60,2026-02-28,120,120
01f771e7-08b4-4a53-9fa9-4f4ce0475465,2026-02-28,45,45
6ff0487b-2998-42d8-a0b8-52ec476e914d,2026-02-28,14,14
871ac528-45c6-4eb8-ad1e-782982e8eab7,2026-02-28,7,7
8e8477ae-0fed-42ac-87a1-bced602942a0,2026-02-28,1,1
a9bdc5ac-2bfc-4fd7-9ba6-a6151aeb6d04,2026-02-28,14,60
16c22ae8-e0ec-4e62-ab47-d1b3bf80159c,2026-02-28,90,90
319f9c71-b2f6-403a-ac7f-4d41c87369fa,2026-02-28,1,1
783cf26c-e415-4d0d-a881-0b2493eec551,2026-02-28,1,14
9d6ec834-7728-487e-a38f-0d524446d9f2,2026-02-28,1,30
0b391b1f-f6d5-4751-a29d-51a4e9119e7c,2026-02-28,7,7
3f1c2f7d-d666-4259-9417-8c86e40735e5,2026-02-28,10,10
558f350b-0010-45fd-a1da-73b985b427ed,2026-02-28,7,14
8dd70856-4fef-4452-977d-f9572b50e698,2026-02-28,1,1
9bf31e4d-f2e7-455d-a6b4-17c11d068dfe,2026-02-28,1,1
b6a0b441-1edd-40ed-8740-1d72824f2f0d,2026-02-28,30,30
c6ac63b0-87c1-4bca-9d84-6428433682ef,2026-02-28,1,1
ecccb5f7-cf05-4baa-8af0-ad44b2377e73,2026-02-28,1,1
d11e92f7-49a7-44b0-98d8-ab31328e9b58,2026-02-28,90,90
db31a0d4-ba3e-498d-a9d1-6f266f021abb,2026-02-28,1,7
e8b6ce66-2508-41da-9e9f-21b7bcaa459c,2026-02-28,1,14
1fffa5dd-a1c9-4b89-9e1c-273e4e71ce8a,2026-02-28,1,1
22184060-af3a-4488-9aea-07eca6965464,2026-02-28,1,1
5bba9fb5-371b-49c0-9227-6ab88381e95b,2026-02-28,10,30
9e9761d1-e80f-423b-be4b-086a7214523c,2026-02-28,14,75
a897f310-8ab7-45f2-aae9-1c4d798376e9,2026-02-28,1,1
cb3e6ef9-99d8-4073-9466-35bbab939a49,2026-02-28,1,10
fa2fdf70-d0e9-4512-9b76-0d4dedfe8f8d,2026-02-28,10,14
346b17a4-a75f-44b0-8633-bb67adce6381,2026-02-28,7,7
76a36bcd-8111-45bc-8027-af6072e1477b,2026-02-28,1,14
99bd9051-9a42-44b6-a89e-1cb1622b5ec2,2026-02-28,14,75
a6e977cc-446b-4098-a5f9-a6cf233cd44c,2026-02-28,10,14
a738a9b1-16ed-4b2d-ae2f-1e4c22f8cdfe,2026-02-28,7,7
c344a136-a077-44ae-aa6b-263cade9454d,2026-02-28,14,14
632c0024-f1c0-40f9-afbd-55402278ee54,2026-02-28,7,7
979e8930-2187-4d68-a492-fe90412f8da8,2026-02-28,7,7
ad39e9cd-24a7-4348-86cb-20c99c0b192c,2026-02-28,7,7
14399632-936c-47fd-992f-1ca0beefe73c,2026-02-28,1,1
1a489875-8a0f-499e-9819-c6fdb7911ea1,2026-02-28,45,45
2b3dc10b-4cbe-4a50-b19b-d40dca415d92,2026-02-28,10,10
37856474-70ef-41e1-83c0-daaa79148134,2026-02-28,10,30
48478475-7d42-4a95-bc47-7704329bb5eb,2026-02-28,1,1
49f04608-500d-4b1a-a967-b277503119f1,2026-02-28,1,1
8b32712b-c5fd-4e2c-b8b1-56b19f2684fb,2026-02-28,1,1
9be8ed4c-7da0-42ca-b3a3-106c26f2d98e,2026-02-28,30,30
375351bd-6d73-403f-90a5-d9d4f3549c21,2026-02-28,14,14
37b1738c-12a2-414d-b953-d64989824941,2026-02-28,10,10
6a01cb87-59a3-42eb-b18e-41a9cd041dd8,2026-02-28,1,1
bf2e251b-008d-4a55-87a9-9bf1f3c6b162,2026-02-28,10,10
d1d7956a-d884-490c-812b-b5f3dc2fbc0e,2026-02-28,1,1
d80abf2a-5903-4d32-a77a-c9dac02901c4,2026-02-28,14,14
fb865ebf-de71-4e66-b8cd-11d7696768df,2026-02-28,1,1
3ac65486-0f1b-4f6f-bd1f-92371a441eb5,2026-02-28,14,14
3cd60268-a8aa-4754-a855-5282d2a6ac61,2026-02-28,1,1
a8573692-4450-4209-a288-ab15a2ffc779,2026-02-28,1,1
a9fa48c0-ccd6-4f35-9463-5b92de31b22a,2026-02-28,1,1
d450ca01-69d7-4902-92da-7fcce137795e,2026-02-28,10,10
02cf945e-107b-4534-9623-d3648923ff5c,2026-02-28,1,1
325c4186-dcf0-43c4-b61f-7b5fe1aa2cd2,2026-02-28,14,14
463a580b-acc4-41a2-ae69-a13261b48e9d,2026-02-28,14,14
60dc8af8-0b97-4fec-8225-ccd5f596f166,2026-02-28,10,10
b0e60fd5-e332-470a-993f-e4ce2a543df7,2026-02-28,1,1
e6109327-c342-482a-bfff-9e7cab66d931,2026-02-28,1,10
0c30a9d0-f447-4beb-999a-e6d410b5f4ed,2026-02-28,14,14
0e360e44-ad45-45f5-b601-44ddef691c82,2026-02-28,30,60
224b6003-d846-48d8-8e5a-12e0f2650d1a,2026-02-28,14,14
5d7d598b-8daf-46ba-ab31-24ef4ce10417,2026-02-28,1,1
5f6481a9-89fb-456a-acb3-65d661f51aaa,2026-02-28,1,1
66cc9e80-b8bf-4d8f-85cb-1c89dc14494c,2026-02-28,1,1
7f922967-af66-44e5-a88c-34f4ba09e75e,2026-02-28,10,10
b601a9e7-aded-4257-86a7-b2105e016007,2026-02-28,45,45
bd646e73-74e5-4a7a-a061-07e0f714ca59,2026-02-28,10,14
238e9da7-1c91-46d7-9285-a441868d37b2,2026-02-28,10,10
41e0ad65-cc86-4041-8596-a60e46bc99c7,2026-02-28,14,14
462dc441-d951-4599-80c5-de6134a96dca,2026-02-28,1,14
4abe9c5b-8e39-42b0-974f-8e27c92704b0,2026-02-28,14,14
676fa0f9-97a6-48ef-8e1a-a228623c610c,2026-02-28,1,1
6917d71a-6789-4b77-a7f9-3507e6a6d911,2026-02-28,7,14
78a06731-04d0-4132-94bd-543b3c8cf172,2026-02-28,10,10
9dded68a-eeee-4d32-8ace-76b2e0dab39f,2026-02-28,1,1
a44f998f-ce04-438b-9c99-f0a2526a82c5,2026-02-28,1,1
ab6d374f-b4d0-4997-a784-9302ad2b8107,2026-02-28,7,10
b48c55cf-1130-438d-8c46-870334f7ce16,2026-02-28,14,14
28ddfa17-89e1-4265-8a80-321e40b4893f,2026-02-28,14,14
6929326a-33b0-4c59-bc9d-251f1341739c,2026-02-28,7,14
8f420a3f-dff8-433e-96dc-c9c5e37bac93,2026-02-28,10,10
a9ed6d3c-e99b-4d95-b924-f79869027f39,2026-02-28,1,1
dabc7d88-73b1-433e-b5da-14638a3551d8,2026-02-28,1,1
ab776265-ba54-457c-b8a0-c448ff103396,2026-02-28,1,1
ac05368e-7c1c-4795-b470-d8f9608699b1,2026-02-28,14,14
029a1e5c-be5f-4b68-9211-019eb2dedf59,2026-02-28,1,10
1b63a8f9-a309-42dd-820a-fa7d7546daa4,2026-02-28,45,45
3518346d-fd0f-4130-8b54-045ba3a9152f,2026-02-28,10,10
6c56b236-960e-45b3-8e72-b370d500e763,2026-02-28,1,1
971bf957-c888-454a-bfc5-282a8e8d0c04,2026-02-28,14,30
e33793fa-ea2f-4de0-a911-c1dd7c44dbb9,2026-02-28,7,14
03386ca0-63fc-4a06-b973-88c34d611237,2026-02-28,1,1
28f18945-f042-440d-9897-7d4155d367ec,2026-02-28,1,1
2bd3a8c6-9ab4-4196-b5ff-976ad21f7325,2026-02-28,14,45
3fd5bb9b-0e25-4c69-87d1-a904d24f4dcc,2026-02-28,1,1
429816e9-85aa-46bd-8198-31eef97cd690,2026-02-28,14,14
42a31408-72e4-42f5-9c61-b6631b495b70,2026-02-28,1,7
65401ad7-ffe8-4279-88b5-4a15d20f9f14,2026-02-28,14,14
a0a9f82e-c8f2-4fa6-82b9-927c0d37c0a4,2026-02-28,1,1
ec1a44a7-25a3-47cf-af12-e67552147cb8,2026-02-28,1,1
09cc59c9-60f4-4f48-84aa-39ea7452b0f7,2026-02-28,1,10
88a89489-f72b-448d-af24-8a257737f422,2026-02-28,10,10
97ecf36f-b031-4dae-b31f-0c65e66a0c73,2026-02-28,14,14
ac61f479-ca76-4992-a0bc-44d128bee165,2026-02-28,1,1
afc639cd-7901-48fa-b25e-67e8a3f4e6c1,2026-02-28,10,10
f93a0d08-25e7-4b19-8d33-c11265741880,2026-02-28,7,14
fb1e91db-5ac7-4d3f-b3d6-14d2f4b7bce2,2026-02-28,90,90
0c81888e-338b-4e1f-ae64-cf6a54eca5b5,2026-02-28,1,10
459f117c-9ed5-4571-9fbb-bc88a84e883b,2026-02-28,14,14
5440bdd3-fe22-4509-9ae3-a35e2fd2382e,2026-02-28,1,1
76c3e669-1963-4459-a7d4-14ac92720f2d,2026-02-28,14,14
93e7e7ae-08de-4a66-98f6-38ac28f44d7b,2026-02-28,14,14
a6efb0cc-6eb5-48c4-9d9e-633f16290850,2026-02-28,60,60
f2b89bbf-5155-473f-b8c7-41f6936cdc1b,2026-02-28,1,14
4b8f5c02-afaa-4c9d-b4bd-7a6f5422e854,2026-02-28,1,1
85e0afd1-d944-40a7-83e3-11b1ec418f49,2026-02-28,1,30
fde66d78-b9c5-4163-b4b7-705986b41b97,2026-02-28,7,90
0367cf71-64a2-4b96-9079-6ad192b2feeb,2026-02-28,7,7
261594c0-7fb3-46c3-ad8b-57834af8ec8b,2026-02-28,7,14
58eec83a-9447-4923-8a42-d167d4da55fd,2026-02-28,10,10
c7b9e334-01a6-42e3-bf34-857b33f5face,2026-02-28,1,1
0515b67a-e645-4663-8efd-88708141c649,2026-02-28,1,10
0906539e-eb35-4b5f-9295-f3c96c46e34d,2026-02-28,14,14
1338d052-af50-48fb-8f98-608079cb168a,2026-02-28,45,45
3e2e99a4-fd15-4d44-9448-6e7f5ccc10f7,2026-02-28,1,1
44a44255-ac5c-43a6-86d0-4e1ec9e99913,2026-02-28,10,10
58ef7f5e-4898-4f73-9b0b-f2bf1e4ef07f,2026-02-28,1,1
64a64c5b-cd0b-48ea-8dd5-9f96d0e96db7,2026-02-28,90,90
8afb7dc2-f055-4270-b089-11cf274333ec,2026-02-28,1,7
9a37626b-decb-43d8-8510-7bb108da743b,2026-02-28,10,10
c312a20e-562d-4a6f-b0b3-3190a7a225db,2026-02-28,1,1
c41fe68e-1b6c-4d08-a48a-0c68c6ef99fb,2026-02-28,1,1
59a145e5-0a76-48c8-b947-538cc71c7127,2026-02-28,1,1
7f4ffb6f-d87f-4abc-8e58-d0dc88598ae5,2026-02-28,14,14
b73ea237-3494-4f5b-8455-f122c9be4dbe,2026-02-28,7,7
10781355-b8b6-448f-a04b-46d206d66c40,2026-02-28,7,10
295c08ac-0c85-46a9-9342-7150791e8363,2026-02-28,1,1
4ba6200b-83bc-4fb0-af38-932ef846336c,2026-02-28,30,30
6cedc61f-5674-4d0b-b11d-fbc5a05bb423,2026-02-28,45,45
71848bb6-0746-48b0-b611-24dde38f07f4,2026-02-28,10,10
8034dcdc-2f20-457e-97e6-fb68605113fe,2026-02-28,10,10
a0379957-304c-4061-87ef-df80fe7cd91b,2026-02-28,90,90
be65e397-9dfe-4a30-90b6-c31fdf4b1350,2026-02-28,14,80
177b43e2-8a77-4624-a9fb-7a03fde64b3d,2026-02-28,14,14
2cbb80b0-e7bc-480a-b6ae-e1b99a1e69c1,2026-02-28,45,45
4be1adee-6e1d-4a99-8dd4-a67dae7e78fc,2026-02-28,1,1
7011a3d3-2e8b-4825-8ce8-6bdb527bb04f,2026-02-28,7,7
75d22781-21b4-46d9-b2f3-8218458d1b76,2026-02-28,14,14
870a0566-a60d-4b50-84d1-86a773a1b077,2026-02-28,1,10
99ab57a2-945f-4265-b969-0c5a0b2089bc,2026-02-28,1,1
b546dc5b-869e-48dc-8e97-4bbd4c7ea46a,2026-02-28,10,10
f164c74a-bf5d-41fb-8375-1b4108b95b75,2026-02-28,14,14
0fafc4a0-ecbd-4ef5-b377-76e3db455f83,2026-02-28,1,1
4e5e45fc-897c-488c-a567-9e032970251c,2026-02-28,1,1
6b719f79-5aff-4265-a0f0-5db77d14b779,2026-02-28,7,7
7920939e-216f-4994-b078-3eeb4dc040e9,2026-02-28,1,1
95941d5b-da32-48a1-84d0-e4d93ef431f1,2026-02-28,10,120
b172b417-22fa-4e51-b8f1-3575f685e28e,2026-02-28,14,14
cc9ac07a-13bb-4b68-9d56-9c2efbad42bd,2026-02-28,10,10
cf47b1e3-2a0b-4676-b6e0-45f3a954ff8a,2026-02-28,1,1
145fe0ca-7302-4094-a4b1-fa57e39bc1a7,2026-02-28,10,10
1e943fc4-f278-4839-a836-b105efa9b997,2026-02-28,1,1
4de8ed28-dfbe-478b-b442-74d16da9b663,2026-02-28,1,1
a65e9134-94cd-42f6-ac37-0f142635d579,2026-02-28,1,1
506c1865-9a68-40ed-9220-5e10cd66e95c,2026-02-28,14,14
cd2d933f-3dbb-4916-a2f0-18b1f501be08,2026-02-28,1,1
10838a1b-bc02-4ae6-b177-f0984ff699c4,2026-02-28,1,1
57ccb653-f86d-4b0b-b43e-254a32ee7fa4,2026-02-28,1,1
7e32fbc5-5767-44b3-8862-1b221d733e43,2026-02-28,90,90
90558d02-736b-489d-8f4b-3dfe0a45e3bb,2026-02-28,1,1
9cf9c5a8-f4b4-4e14-adb7-dfceeb602b4d,2026-02-28,7,120
a48d417e-4a1e-4964-86ea-a3979c398f54,2026-02-28,10,45
b9d27a6d-9138-49ea-9cac-b708bdf87239,2026-02-28,1,14
bbb46582-4fbf-419b-aa14-9a5b7fa85006,2026-02-28,1,1
fe67a6a5-bd39-4040-89a7-44ef3dda8946,2026-02-28,90,90
1ff180ce-3f20-481a-b703-7ce85097e34f,2026-02-28,14,75
3af02ff6-c15c-45b8-8169-c1f8bcc737ac,2026-02-28,45,45
5a0d6fd7-ddce-4353-a87c-434b31492441,2026-02-28,10,10
5e799a06-e797-417b-9e33-cd19a8264f2f,2026-02-28,1,1
62ec7794-5049-4a95-9b1d-79bc1c1ee709,2026-02-28,45,45
62f382b1-af97-4c13-8713-f8ef9b043a27,2026-02-28,1,14
73da4384-0e8e-454f-8dc9-bd285d007329,2026-02-28,1,1
77af211d-f7f6-41cc-adf1-e817fbf3c6e6,2026-02-28,1,1
7a072d31-2eee-407c-837c-a14a27560972,2026-02-28,1,1
a516fe5a-f010-4aad-ba23-1040d6916e11,2026-02-28,1,1
e2ad0f89-f8e9-4703-b575-368390d96cfa,2026-02-28,45,90
f7c0e689-bdf8-44f6-90e8-b85500292b00,2026-02-28,1,14
0b79c7f1-9515-43f4-8825-27234cc0e538,2026-02-28,7,14
278ac16c-4675-4440-aafd-5b6d98de5da6,2026-02-28,1,7
51a8b6a6-8aa8-4ccc-b917-5eb157d37dd8,2026-02-28,1,1
522f5e4a-87bf-4d1d-a17a-02e9a1bbf0eb,2026-02-28,10,45
7474e50a-0460-4eb7-9dc6-cbe1c9dcb3f5,2026-02-28,14,14
8424dbe3-e892-4165-a46d-f5112c9653cb,2026-02-28,1,7
84508028-e5a7-4ab9-95ca-aba2da6599ba,2026-02-28,1,1
98c69035-98c8-4c39-a8f8-3abeb7053cdb,2026-02-28,30,30
b935635f-ed5f-4d3b-92c9-20d9d51118fa,2026-02-28,10,10
bca984ff-d7fd-427a-9b55-7946d7b7203f,2026-02-28,1,7
d6ea98a1-89cc-4cad-bc12-dae42b84a421,2026-02-28,45,45
ffa809ed-aeda-4b2f-976b-d6b43301d349,2026-02-28,1,1
23526626-0bba-467c-af4f-6ebd64ce475e,2026-02-28,1,1
2eddc19b-3195-4540-8ae7-c497342290a7,2026-02-28,7,7
6e3c1111-f097-4f9f-8811-1f7c9a9b21e1,2026-02-28,1,14
4854683e-048d-458c-abaa-080018241174,2026-02-28,1,1
67a4e03a-5ebb-4c80-9c62-941cebdb1fa6,2026-02-28,10,10
a75854a8-70cb-4ece-b460-21c73325cb51,2026-02-28,1,1
ce5d1e26-ef21-4a5b-854c-c1ae0ebf2899,2026-02-28,1,1
db450427-0461-4852-97fc-7d217dbc9af2,2026-02-28,1,1
e171d74f-ac46-428e-9c85-823ce622b50e,2026-02-28,1,1
1033eb2b-5445-4472-b088-a14a03d9301c,2026-02-28,1,1
256cf702-7f1b-40d9-bf2f-0f50c8086471,2026-02-28,1,1
7a37e03b-9c9b-4a5e-b765-7c6b96cd3b7e,2026-02-28,1,1
7e1d177e-b09b-4530-a960-57cd89c72fe9,2026-02-28,1,1
9ebf1a1c-ca41-477a-a3e1-5e35615f3f6b,2026-02-28,10,10
a1ccb3a1-3ea4-4e55-b837-16c45a8627e7,2026-02-28,14,14
ea0c04a9-7545-4b57-9e26-dceb6b87aef9,2026-02-28,1,1
0fb86b7d-35bd-469d-9650-985da38387f3,2026-02-28,10,10
25655fbf-49ad-493f-81ad-f5775cdd8a56,2026-02-28,14,14
339850c7-ccf2-45ab-a14c-4b0387738143,2026-02-28,7,7
766c5847-2571-4868-b92b-3d7dd944b73c,2026-02-28,1,10
adb35bc3-0cfe-443b-9c97-a1661ccd77c3,2026-02-28,14,14
cbc2a0c5-cafa-40c8-a172-50a94a870ec8,2026-02-28,14,14
e8b70d06-1b01-40f4-b425-375b5563f26d,2026-02-28,14,14
0f5f00fa-39ef-42fd-824e-9f1277393e9e,2026-02-28,7,7
64af18e3-a029-46e9-b356-79b2ddbecf54,2026-02-28,14,14
7eb1b405-5a19-44f1-86e0-b014e1e138e0,2026-02-28,1,75
7f8f7aaf-2bef-4891-8a14-8c304c68138b,2026-02-28,90,90
b8a85c0b-5028-4969-a4a7-f1a7290e3df7,2026-02-28,1,1
d5ee769d-ce9f-4939-a178-e790f3f9fbbb,2026-02-28,1,1
1aab2b37-6d04-45a8-958a-3651874fc960,2026-02-28,1,1
2be6973e-d1f5-4077-b05a-988578e05996,2026-02-28,10,10
50d2fd58-758b-4ec9-a3dd-99884efb1517,2026-02-28,1,1
9bc3ed7b-e2f9-4e71-b959-1274d93e83a4,2026-02-28,14,14
a23e37c7-db0a-4906-b474-9db5ac87b49f,2026-02-28,7,7
1fea1358-a8a1-4343-8b1c-110579b74c58,2026-02-28,1,1
31ebc776-33b4-40f7-bd0f-9fcaaf7797e4,2026-02-28,1,1
4fffa22b-8f8a-4531-a512-59eead283aa3,2026-02-28,1,1
59f506b3-f1c2-4d72-b86f-ebaac0cffc7b,2026-02-28,7,7
7a6543b2-5f2b-4977-bb1c-480c581de2f5,2026-02-28,45,45
7e4fe6f2-cbe0-4be3-858a-9675d2451ec7,2026-02-28,14,14
969d5f93-b2b8-4a91-9243-e1f1caf47827,2026-02-28,45,45
ad2478d8-68be-4ce4-9eff-4bc07f0bd246,2026-02-28,1,14
d6cf728b-c6b6-45a4-aa9b-e1b6987cc6fc,2026-02-28,14,14
eb7c3aad-c454-4aac-9f66-143a56d06550,2026-02-28,14,60
41d7db93-bbc8-48ae-852a-3b92b81d739b,2026-02-28,14,14
a8c42a41-c925-4dea-9a13-b5b0313d2af1,2026-02-28,10,10
ae860675-ae39-4ce7-9315-2de6e5d894ce,2026-02-28,1,1
3b2a0bc7-06b1-4b1b-884d-6ab640d71684,2026-02-28,14,14
83943c66-2550-4b99-bd2e-17960648bf13,2026-02-28,1,1
8a57a1a9-5a3e-4f4e-b4c4-4df826f1e03a,2026-02-28,1,1
d2cfeb36-8aa3-43c6-b9fb-01fa48c5f6cd,2026-02-28,1,7
d6f01a34-080b-4151-bae3-bd5d393479a4,2026-02-28,60,60
d833d967-22eb-460a-b9f9-1232669afd42,2026-02-28,1,1
e3080e90-d35c-465e-bb17-a956ce20dfb6,2026-02-28,45,45
49e50f50-f35c-4169-9643-5149a47e2a75,2026-02-28,1,1
59bf7f99-6155-4a5d-8f3d-6f88149feb1f,2026-02-28,1,1
8c105718-d8d1-45c4-9051-1af5ca06cf33,2026-02-28,10,10
a502dfac-7984-44aa-8139-9bb2f2a1e1e0,2026-02-28,1,1
ebce78f3-998c-4d78-beb5-847490943fc0,2026-02-28,1,1
0063d1b1-243a-4585-b31d-329f112c8283,2026-02-28,7,14
28a9440d-8639-4efd-8097-6415cf5546a3,2026-02-28,14,14
2906910e-4845-49aa-8af4-45754c5f69ab,2026-02-28,14,14
624f38ab-bb98-454a-8082-6e82faf8e2fb,2026-02-28,1,1
67ddf586-84e8-42a1-9230-8518c08477dd,2026-02-28,1,1
6b3e6d9b-7aa3-42fe-a80a-57dc881dfa8a,2026-02-28,1,30
816ce4c9-67e4-4919-9c15-30b72f398bb2,2026-02-28,7,7
9c013aaf-10fa-4b94-841d-345f7f68c335,2026-02-28,1,1
abb814a6-9d25-4df4-9f17-08726b7698dc,2026-02-28,1,1
b1ba5181-8b7e-4bea-bb15-ce8aedd64ba6,2026-02-28,30,30
2b529e0e-d6ec-4645-81eb-4183fc7bffac,2026-02-28,45,45
340bac37-9200-4264-be00-9ca79932fa6c,2026-02-28,1,1
7b29e5bd-7490-4b55-8d1c-d131a8281c07,2026-02-28,1,1
7ca91c5a-9c81-4d35-872d-a9d1f65da148,2026-02-28,1,1
82569c5b-d98b-4fdd-8ec5-7278a1a98cbe,2026-02-28,10,10
a69ce8ad-c5a8-482e-807a-36eab59b137a,2026-02-28,1,7
c470170b-3870-42f9-9688-21568ba87b24,2026-02-28,14,14
c6b7d15d-777c-433e-aa8b-71cc0243bb04,2026-02-28,1,1
dbe41bce-9733-4d30-b182-b65299004215,2026-02-28,1,14
e0c32722-49e0-4cb5-8640-11702a714eda,2026-02-28,1,10
0b925b5c-2c7e-4258-a477-4201694d5419,2026-02-28,1,1
24fdbfe8-3658-4101-8072-f5201bc76219,2026-02-28,1,1
6547d2b3-bfa6-43f7-9106-a83ef96a9ab7,2026-02-28,10,10
6b605914-37da-4b06-aa85-0167ecd6db2c,2026-02-28,7,7
747b1c60-7cec-43aa-9888-009407e3efbc,2026-02-28,1,1
7b4a3f71-e5f8-4f23-976a-0b45e25045e7,2026-02-28,1,1
93856f6f-af41-4fa9-9c8e-6303f1f9340f,2026-02-28,1,1
aad6da1e-eaa2-43ff-91b6-7bb3b45713e6,2026-02-28,1,1
cdc7074a-f334-44ca-b5d0-e29fb8ebbc10,2026-02-28,45,45
d3425eb2-9386-4711-a8f6-f392aa89547b,2026-02-28,14,14
fc296828-11ce-48e8-a85a-c660222b64b9,2026-02-28,14,14
32b51734-3ec5-4570-a24a-ec94824e235e,2026-02-28,7,7
3de78a47-d53f-401d-8c8b-98ef1f416684,2026-02-28,14,45
783c5dc9-31c5-43f9-b2cc-3017d351f390,2026-02-28,1,1
7f5f314e-db96-4391-85a2-38b5dcd12382,2026-02-28,80,80
aeff2890-e1f3-467f-bf53-a2ee0294db85,2026-02-28,1,1
b7e763a6-b322-460c-a95b-172c1f1b8e38,2026-02-28,1,1
e454aec4-815f-4c95-a23e-8c237ef67220,2026-02-28,1,1
02be4356-6187-4294-81c4-b40795351018,2026-02-28,1,1
14218683-097a-4090-840e-52cef971da19,2026-02-28,1,1
22016adc-287c-4a0f-a7cd-c62a20b03be1,2026-02-28,7,7
34eef428-0f83-4002-be3b-087d1f4ecdd4,2026-02-28,45,45
66d0f277-7c0b-490b-89ae-55cbb7c4ca46,2026-02-28,10,10
971b724d-9558-492a-a515-a3756f7ef3d3,2026-02-28,14,14
d94f92a9-3011-49d2-ad80-faa57f16b7b3,2026-02-28,10,10
f6c03c6f-5697-4053-8c66-68ef46f415f9,2026-02-28,45,45
723ec610-bfd0-4c0e-8f2f-9fc6356f3b6f,2026-02-28,1,1
7c2ff85e-e8ab-45cc-8f37-0dfb8f6d0860,2026-02-28,45,45
ac29d6d5-6db2-4660-b8a2-1777dd90667c,2026-02-28,14,80
0623a4c5-5c9b-49f4-b910-218f62ebf619,2026-02-28,45,60
6e8a149b-c673-405a-8a27-bde569db192c,2026-02-28,30,30
b5e7893a-c355-4707-b1f3-2a401072d2cd,2026-02-28,60,60
e87f83ac-b280-41d1-950b-f4eb4b5324d6,2026-02-28,14,14
e8f517de-5149-40cb-b237-c2955e268744,2026-02-28,10,10
23fdc19b-f56d-4fda-ac88-8fb0f421cad3,2026-02-28,7,7
a0f4afed-4867-4c5e-8233-07948631293d,2026-02-28,45,45
d0c3e2b0-1984-4d03-809f-4fa0f0f9a93d,2026-02-28,1,7
dc8b00a2-8f65-4c1e-b5f6-d2f6db3f409c,2026-02-28,30,30
eada049a-e0be-4850-a4e1-ae4537e55535,2026-02-28,10,14
f495cc7f-9b08-49ca-b07a-186d8c264148,2026-02-28,1,1
30420c97-a4e0-4d09-9a01-b0a4f0ff5e1c,2026-02-28,60,60
aed86d2e-3ba4-4487-8bf1-7fbc5c0161fa,2026-02-28,10,10
b342cf01-7259-4a90-bd42-91ea2190d7e7,2026-02-28,1,1
cca768c4-ad78-446e-83ad-233bee5c22f0,2026-02-28,10,10
d29f5500-2748-4f04-a215-e98ff045f92d,2026-02-28,1,1
e6d8d4cb-55be-4041-9f3f-8581118d1dd1,2026-02-28,1,10
f900d1b3-ecce-451e-bcfd-98142ca3c371,2026-02-28,1,1
0b3fc668-112f-483f-96f4-d48732ee9637,2026-02-28,14,14
10401f7d-91e1-4604-903c-9e16b3e57133,2026-02-28,14,14
288b640c-d6f3-4a06-8890-76306b91e33c,2026-02-28,1,10
57b17369-a171-4693-849a-70e20c279e22,2026-02-28,1,1
63cd5327-2162-49a0-a42a-561aa976a981,2026-02-28,7,7
6a78ad20-051e-4b0d-af39-1072c2b9e699,2026-02-28,45,45
6cfac675-0633-43c2-a4e1-05fe0284393a,2026-02-28,14,14
7c7611b3-f3eb-4029-9734-b686eaf1babe,2026-02-28,7,14
8417766d-b386-4f5d-80ab-bc150ad68f17,2026-02-28,45,45
d78bac93-21a8-48ae-892d-c30eedd303ed,2026-02-28,1,7
18b03f13-dffc-41d7-b514-893d29679f98,2026-02-28,7,7
1d12f56e-4fb8-4b75-9b90-26a5bea0e629,2026-02-28,1,1
36b3000c-b3ec-49fb-95ab-b9ece67a1c20,2026-02-28,7,7
500d8d1e-3edb-4971-9da2-b76c7733ea46,2026-02-28,1,1
632b6562-8f2a-438c-a753-ce7ef090d566,2026-02-28,7,7
8312aed6-4481-4923-9375-1c2daff6a3c2,2026-02-28,1,1
92fab1bc-d844-45b8-98c7-36a29e3d3bcf,2026-02-28,7,7
f9f7517b-cc7d-438b-ae1a-d9f191b9cd6c,2026-02-28,14,14
fbb28b70-e15a-4f7d-9fce-0673cc7e636e,2026-02-28,45,45
63e043c8-ac04-4850-a94f-f16286467035,2026-02-28,14,14
bb7c75fa-34c8-40dd-9f7f-300c64e7b273,2026-02-28,45,75
cddb8b14-08d2-4380-b774-e7beb8f8315e,2026-02-28,1,1
d4ef759e-6ff5-48d7-96da-10f57c390230,2026-02-28,90,90
ead66fac-3ba6-40b2-92ee-0b3dcaae2e52,2026-02-28,1,1
ecf0346f-0df2-402f-bc5b-20eb9f33176e,2026-02-28,45,45
f64d8dcf-c5e9-4b5e-9363-9b7e50efedbd,2026-02-28,1,1
f8794ab2-b3ed-449b-9678-917e05acb5db,2026-02-28,10,45
1f4d3a44-86b9-402d-9553-28e4456b15d7,2026-02-28,1,1
8ac661c4-e7b6-4a3f-93a0-359982b0d7ed,2026-02-28,1,14
8d5eb6e9-74de-4896-9809-6d00a3eef0f7,2026-02-28,1,1
bef2fe6a-51c2-4968-a48a-716b804cccc4,2026-02-28,1,1
c457ab2c-1d7d-4b73-b80a-07cd6dfa0a65,2026-02-28,1,1
c8704482-1d4d-463a-a01a-bda02c72955e,2026-02-28,7,7
29d06120-2115-46ec-a1d7-e3b4433dc1a4,2026-02-28,7,14
2c8281b9-aa1f-48cd-be33-2acb6be25d4c,2026-02-28,7,7
436317b7-26de-4520-96f1-ffb111e8176c,2026-02-28,1,7
5c89438e-d140-41d5-aff3-99cf488af62f,2026-02-28,1,1
6dc090f6-2a78-4002-b8b1-469ba98b459f,2026-02-28,14,14
7014a203-a1d2-44f8-b282-4c16d882dec5,2026-02-28,7,7
83fd4f9e-f438-4bfe-96b7-2d68920dab9b,2026-02-28,1,7
8e96081f-8dab-476c-8360-ec7b3423973c,2026-02-28,1,1
d72a4ce6-1896-4ad7-83d3-0ff2d8f3793a,2026-02-28,1,1
e0a3892b-8d6a-48d9-9cdb-1adbc056fd5a,2026-02-28,45,45
094e5a4f-6582-4de1-944c-8862cedc28af,2026-02-28,1,1
261cc9ce-9db6-4ee4-b600-ab14dd221abc,2026-02-28,1,10
31a88cfa-22d4-408c-926c-571e10def673,2026-02-28,1,1
3c293776-62ae-4b1e-9b93-81c5000cf8d1,2026-02-28,1,10
45819800-f668-468e-9888-4e1976f5eecf,2026-02-28,14,14
53145c7a-756b-4018-9831-7d6e19445bd6,2026-02-28,1,1
760252e6-a319-4fb1-ba70-2950ca78fea5,2026-02-28,45,45
81bfa801-c295-4d7c-88a1-76f2ed745562,2026-02-28,14,30
04f50ed9-cea4-4132-a20a-f618de5ae34b,2026-02-28,10,10
303412d6-1ed1-4313-b155-a129674dfc97,2026-02-28,1,1
3dcd167c-0ece-4276-8460-820a80a06b1f,2026-02-28,1,14
7129b0a5-6346-4e4c-a964-021b04d3cb5e,2026-02-28,1,1
bb453a3c-4779-4eba-98a1-a8ddc8139e01,2026-02-28,14,14
e85f60da-8641-436e-aac2-aecb2905eb45,2026-02-28,1,1
ff699c52-458e-4301-9198-12768b9942b6,2026-02-28,1,14
52b20570-d66d-4bfa-8d1b-9c009086d7a9,2026-02-28,1,1
5a90743c-ecee-4a57-93c2-d6ef671d0e4b,2026-02-28,7,7
754c13fe-474c-4cb8-a617-44c729413110,2026-02-28,1,10
ac0288f7-1072-4a74-9175-3418891fe973,2026-02-28,1,10
b071ac0a-e39f-45d5-b8c2-b7c7247755d8,2026-02-28,10,10
cf4b59a4-0e13-45ab-b2b9-79151aa657da,2026-02-28,1,1
08584ffb-b061-4180-a51a-e87a6123ea37,2026-02-28,7,7
09a1bd94-7e9b-4461-85c9-75b0ea7495a6,2026-02-28,14,14
0f231d8b-9e99-4899-9d17-f6cb80b4358a,2026-02-28,1,1
2f657e9e-b084-4696-aa0e-723aebbd2dc2,2026-02-28,1,1
7f01ae6d-775b-45fe-9c93-f179f4a0ef21,2026-02-28,1,1
bb4caa27-4152-4bd3-a6cf-19193edb8238,2026-02-28,1,1
f33366e2-9d35-4f0b-8833-84637a41a9d9,2026-02-28,1,1
0c3c7d66-3759-4b66-9a08-95c60b552c9d,2026-02-28,14,14
1e73d5d8-7299-4455-985e-863be057f9b2,2026-02-28,10,10
395cc452-9730-48f8-a555-f1c9a154c695,2026-02-28,1,1
56d3c6a9-9968-4745-8387-cd875ca11592,2026-02-28,1,1
cc3621db-1649-4c7b-bbdd-41e9b85879a9,2026-02-28,14,14
d796c04c-d523-4429-b78b-d2135416d3e1,2026-02-28,1,1
0d8e21dc-f5a8-4f0d-80bf-a369cda49e91,2026-02-28,1,1
1d593efc-2341-4ef8-b7ae-648307a77369,2026-02-28,10,10
270ad079-bbce-4c4a-a7e4-4a4eca192d6f,2026-02-28,7,7
3ac847f7-8bb8-4a16-a6b9-9953ea9e0e1c,2026-02-28,1,1
6341bf5f-d598-4339-8708-6906d4133a27,2026-02-28,1,1
6b243c6a-c84d-46b3-87fc-2888cb2debbb,2026-02-28,1,14
963c650f-ea33-4ad5-9521-c8e6af4bf66d,2026-02-28,90,90
aad91a56-4328-40ea-b1fd-82b50f2a65ba,2026-02-28,1,1
ad797ce3-defb-4e9c-87b6-42a81d193d16,2026-02-28,1,1
d78e5a1a-baa3-4231-a81e-040a7282ee28,2026-02-28,1,14
df943daa-db08-4834-a5c1-592f920d1a20,2026-02-28,14,14
3f65eaa8-e71c-4b0b-9a17-116d1d9967fc,2026-02-28,1,1
5d5fa0ce-c1c4-46df-a52a-0157fd0ef7e3,2026-02-28,14,14
72594746-f10e-4ec5-acaa-f21db0fdfba8,2026-02-28,14,14
8be73d28-577f-45dc-b847-be479fb85a91,2026-02-28,1,1
8d4318c4-0610-43e3-931a-e32660ece629,2026-02-28,1,1
97d16fe6-58c1-4a57-9850-b5fb2b90a504,2026-02-28,14,14
ad0e08af-1f84-4cd1-a8a9-312eb0ac674e,2026-02-28,1,1
4112421f-7c90-4ca2-b449-71655dec841d,2026-02-28,10,10
48cfb8bd-3b30-4597-ba48-0a164171ef1b,2026-02-28,10,10
65b174b6-d898-4398-8b38-c3e3a6e285d0,2026-02-28,1,1
6f65be6b-3d49-4af1-9dc6-e00d6f6dfe97,2026-02-28,14,14
908fc021-212b-4492-ae85-de4056881b44,2026-02-28,1,1
c7770a3f-345c-4c01-ad34-ab6a6ea4fecf,2026-02-28,45,45
04954965-dbd3-4047-ba88-b5989fc4432d,2026-02-28,1,1
2d757a14-1781-4c74-8c79-ae11493040d5,2026-02-28,1,1
48032107-c0fa-403d-b2ee-7355c1b6b524,2026-02-28,10,10
5bbeab8e-6e0c-43fe-bc5d-aaecf3a7596a,2026-02-28,1,1
78ce2e47-fb46-4b2a-8d54-97e457367aad,2026-02-28,60,60
e7b1fedc-1e1b-4aef-b1da-05f84c9670c3,2026-02-28,1,1
0b8d8271-9851-4628-bb04-a8d8572381f6,2026-02-28,1,1
76ae4b1d-5ba9-4b13-bb8e-f89d58ff17e5,2026-02-28,1,1
79e0bb09-56f3-40d9-9937-ed16b6ec3895,2026-02-28,90,90
b0869be2-ac01-490b-9129-df8b13c25d5e,2026-02-28,45,45
c5df0bd5-34b0-4e32-952c-85407ae1b259,2026-02-28,7,14
c9fcd62e-6bd2-404d-bff3-376edce7db1d,2026-02-28,14,45
f66139d1-0f76-4c78-9369-88d7eadff6e8,2026-02-28,10,10
15265e85-6119-48b0-afee-ea1f6d6808c5,2026-02-28,14,60
515055f4-e060-41bd-a9eb-5e7d8640c1d0,2026-02-28,1,1
587f2e6d-9500-4134-a764-c7d5c83f59c3,2026-02-28,90,90
80a7b8c0-c5a8-48f6-89d0-96931cbd9978,2026-02-28,45,45
b7b20a31-c919-4f9c-89ce-6272de7e9eac,2026-02-28,7,7
d44b5f53-3363-48be-85d5-57c21b2bef25,2026-02-28,14,45
d79d65aa-e61d-4eb0-8cf8-d28232e5b203,2026-02-28,14,14
f4cd1a15-ada9-4297-8642-03d790aaa1c6,2026-02-28,14,14
00d22937-20a7-4ff1-a8ba-d05a967674df,2026-02-28,1,1
02287b18-e3ca-4472-9573-27b61a96a908,2026-02-28,14,14
6d2a58a9-3ce2-44e6-9d4c-9467e8888b8f,2026-02-28,1,1
75092604-81e3-4f59-a0b5-eca6c20aa6c9,2026-02-28,14,14
d2d883c6-dba4-4375-aad5-926a09e527bd,2026-02-28,1,1
df11d941-d33b-4a74-84d7-ead71bc9ae25,2026-02-28,7,7
03b1a584-8857-4b8b-8511-a164005a7353,2026-02-28,1,1
229b97d2-bdf0-423c-8ba5-61fca1fef36e,2026-02-28,30,30
401319e8-07c1-4da3-ab08-6672c28400ff,2026-02-28,7,45
9302985f-bceb-48a8-a14f-71929b8e5de9,2026-02-28,1,1
98d69bfa-d53a-4790-adda-60471a3020e0,2026-02-28,1,1
a360afda-a34d-4f47-b522-738c966f9eb3,2026-02-28,30,30
c3081141-63ce-4032-b504-28d221764e1e,2026-02-28,14,14
f6e2c764-95a3-4b77-8e05-77e6c2667462,2026-02-28,1,1
39d9ce20-8f52-4452-b6cb-4660f39616e0,2026-02-28,10,10
ebc0b1e0-a488-4287-9681-be0477e68ff4,2026-02-28,10,10
37accbc7-f194-41c2-a0a0-56d3a11df688,2026-02-28,14,80
66a07f65-cad9-4bd2-bb90-b959fd1b2415,2026-02-28,1,7
a4072318-5fa2-4134-8b76-3c25dbd09a54,2026-02-28,7,7
2ea8bb1c-d03f-43ec-8fd4-b9a20b1c8f66,2026-02-28,1,1
39d836e0-5a14-4252-a37d-9358b8212a9d,2026-02-28,14,14
4e6de2e3-37a8-4ec1-895f-5bceb0191500,2026-02-28,14,14
8d5eb380-5492-4f41-bacb-0d0e2879b6ec,2026-02-28,1,1
165477c0-df87-4085-a91a-af393389bbc2,2026-02-28,1,1
3be487cf-ef1c-456a-b6c1-a23c53074fea,2026-02-28,10,14
53f8ed62-4b5b-429f-a290-8bb7312db233,2026-02-28,1,75
7455b7f3-ebec-4512-bde2-916173abcb40,2026-02-28,1,1
fa3c8c00-21fa-4be8-9e24-c332c7356518,2026-02-28,1,1
4935baa4-62f0-4d95-a098-c4b1f3a4ec64,2026-02-28,1,14
79e32687-f7af-4355-bf70-a2646d684715,2026-02-28,7,7
a6e334f5-eb2a-43fa-a907-3feb4233f0b7,2026-02-28,1,1
28249562-bb55-4a83-9e0f-4ce6ec7291b7,2026-02-28,1,14
5d0c2b8f-34ae-4c86-ae0f-ed43a6828ee2,2026-02-28,14,14
673cf3c6-1370-42ed-8182-32dac39843f2,2026-02-28,10,14
6f886951-10f1-471d-937c-4eb3f5240e9d,2026-02-28,1,10
713e4f5c-2557-4f64-8518-0a667817ca82,2026-02-28,10,10
98a4edbc-3d89-4b69-9a6c-719130ae7788,2026-02-28,7,7
b5266784-3739-4e50-81e0-424f2081d6b9,2026-02-28,10,14
4973fc41-a63b-4fc8-940f-bd2c294d9ffb,2026-02-28,1,1
b3d05862-b5d7-49c8-b30c-6943280ffb47,2026-02-28,10,10
07abcc5d-31c4-46ae-a48c-d03db799b9d6,2026-02-28,14,30
4632fb98-4adc-47b1-a29a-4e8267ef8cd2,2026-02-28,1,1
46e03059-51b3-41c2-9c56-ada6368d2e4b,2026-02-28,1,1
46f5d5bf-f2a7-4dd1-ae9a-8e0a28a24b3a,2026-02-28,30,30
6793c611-edde-41f1-91eb-a2fc57191a15,2026-02-28,1,1
7268a66d-46c2-45be-a0e4-b6b9ba49f946,2026-02-28,1,10
9299f5ee-4853-42d1-ba9f-24a3d1d1c887,2026-02-28,1,10
aa0bceb6-fabe-4a18-af85-40211b8ff0b7,2026-02-28,1,10
af5d6dca-ba48-420a-9785-0526cdf7637d,2026-02-28,7,14
afcb1f05-a34e-4576-8625-1ab493c23f35,2026-02-28,1,10
e9a38c1f-71fa-422d-a299-645411d71c0d,2026-02-28,14,30
2922542a-d9d8-4d5a-baec-374ea061a813,2026-02-28,60,60
2b279636-c0a2-4955-a8c8-8ddcedd1c56d,2026-02-28,14,14
4f577372-61f4-479a-b351-a2d3a5170a5e,2026-02-28,30,45
8fd96119-47be-48ad-bc60-a8119ab0228e,2026-02-28,1,1
bbdc48cb-f1c3-412f-ab71-dd735c33065e,2026-02-28,1,1
f457e0a5-9ebe-4318-84da-7d9e04161990,2026-02-28,14,14
0a18ab85-3de2-4cce-ba3f-8f26bab8955d,2026-02-28,60,60
302a701d-692f-4bf6-9857-331e1a051576,2026-02-28,1,1
6c23c854-332c-4669-8eb9-77cb72f625ac,2026-02-28,1,1
8afca795-ce6d-4899-8208-2e692612700d,2026-02-28,1,60
c4f2a294-3cda-45e8-8a13-c0b0e1fdf347,2026-02-28,1,1
dabc2a58-969d-4951-a67a-a2d6b90fde31,2026-02-28,45,45
f258a666-0b35-4f49-b168-f0b8d18ab04c,2026-02-28,1,7
095d580b-b653-4ffb-9126-0d70422f456b,2026-02-28,1,1
205c167d-fac2-405d-83cc-1555da06a90c,2026-02-28,80,80
3609047b-cb66-4f70-be88-fde0b9b59f98,2026-02-28,14,14
369bb87f-7f87-4aca-9e34-6cba8a3e5234,2026-02-28,14,14
8334620c-0677-43ea-bbb7-643ef619b44d,2026-02-28,30,30
f224abcd-0152-4283-bf84-0a1dfce1fdee,2026-02-28,1,1
15a842ea-e3fc-49d6-a349-7960cd818660,2026-02-28,1,1
221a9b39-f223-45ab-9e21-a5283d21b29c,2026-02-28,10,10
26ca08eb-2dd2-4bf2-b702-32f90ddea7b3,2026-02-28,45,90
f0abe582-2efb-4701-ad71-6772d5d255e5,2026-02-28,14,14
14763367-572b-4ff5-8708-bbb9f8017d32,2026-02-28,1,1
195e71d8-d258-4a66-b7e5-1283ee8fc8bd,2026-02-28,30,30
29f5f262-6968-44db-a362-297eeb1623c4,2026-02-28,7,14
729072cc-a19e-4972-aeea-5bf5f617f775,2026-02-28,14,14
29d07b46-a345-4a07-9816-67289b60d4ec,2026-02-28,1,14
474404c9-5cbc-44c0-b092-deb9038286f3,2026-02-28,14,14
63fb6011-7e3c-4527-abfa-5adec86f6f39,2026-02-28,14,45
6fbdeb7c-4ec8-4078-a069-6719245bec8c,2026-02-28,1,1
7027b2d6-53fa-4c16-b6a3-d2f9ad55f863,2026-02-28,1,1
88a7e606-5ae1-442f-a355-23a768492d44,2026-02-28,1,1
dbc683fe-0db9-40c5-9d22-2d27e30e797a,2026-02-28,1,1
e770c76c-6551-4ee3-8649-73d22c5eaaf8,2026-02-28,1,1
603c6cc4-5bbb-4838-ad62-d778c3ab0e9c,2026-02-28,7,14
70beafe1-2588-45e7-826c-fe2624c7c8af,2026-02-28,1,1
8347b3eb-cb4f-4296-a620-20760b4d8f17,2026-02-28,80,80
c1a67289-83b4-4b79-b550-a5ca3d3f77a0,2026-02-28,1,1
c208d2a6-b9ca-4bf7-8a49-61e406d67e46,2026-02-28,45,45
cafe8f91-c688-4ba2-b56b-a5516fb66db6,2026-02-28,14,14
eb848102-cc97-4c2a-bf46-4689df220651,2026-02-28,1,1
031c75b8-6e86-4135-bb9a-3d91ee1d46ae,2026-02-28,1,1
325dd0e0-51c8-4654-a123-fcbc3d29fc89,2026-02-28,1,1
4cc78546-d9c3-4f0e-869d-921699732c67,2026-02-28,7,7
5cd8da2f-a35a-4fc1-9d3d-0435d79b82c2,2026-02-28,7,7
928d835d-a84c-4f18-89ea-994cd4d8b399,2026-02-28,45,45
9eb8177f-f7a1-45d7-a960-b6cfcd2ff629,2026-02-28,1,14
00bc430d-21f3-48d1-a481-ffd8b053e99f,2026-02-28,14,14
1681fba9-7985-42f7-8508-add073a4c7d0,2026-02-28,1,1
5237d280-37a8-4d43-bf32-7dcc7799441f,2026-02-28,14,14
551b340b-f234-4127-8b6d-26439892c141,2026-02-28,14,60
7d552144-717a-4492-89d5-859e3ff22c51,2026-02-28,14,14
7ec6793a-d187-40ab-b593-613cdc47385b,2026-02-28,7,7
ace5330a-71d5-410f-a7fb-30770218c8b7,2026-02-28,14,14
adffe737-99cc-416c-83a9-353d0bd92d7b,2026-02-28,1,1
ca664088-37e8-43d8-833c-0334bf34c27e,2026-02-28,60,60
eff596f8-161c-49fa-b081-2da8b218d864,2026-02-28,7,7
27eb8e9f-0bde-4fda-8563-221ca9d038cd,2026-02-28,1,45
2927b5f5-9bbb-49e9-98d9-3e0a292953d3,2026-02-28,7,7
446ea047-4570-41e9-bf6e-4690a0c39e72,2026-02-28,1,1
48f2cee6-929f-4aa2-b514-7a35ad41420c,2026-02-28,7,10
51b8e913-65c0-4455-80ba-0e0372013d41,2026-02-28,1,1
6e2abfc3-8f72-4430-8397-adb19e545433,2026-02-28,10,10
45c9393e-331b-4165-a8a0-8a9cd9b7c336,2026-02-28,14,14
5233611b-8df0-497b-bef9-4bde0461d8b3,2026-02-28,7,10
ccb3bcac-3a5c-4840-9714-690594505f6f,2026-02-28,1,1
d0210711-c675-47de-995e-e17d4cd66823,2026-02-28,14,30
05cd9c23-2281-4d84-830c-1bcdc5166c41,2026-02-28,14,14
6ea48916-6775-46c2-96cb-c516ce029df2,2026-02-28,10,10
76ba85e3-b127-4fcf-92c3-399e146fb885,2026-02-28,1,10
7ea2030e-6007-47ea-9532-2ad20ab9fe90,2026-02-28,14,14
b94d5eb9-a410-49d9-9688-2658a0a386ec,2026-02-28,1,1
c87da5f5-6f72-4282-8aae-c720343b1b9e,2026-02-28,14,14
f1ec397a-1425-457f-9db2-6bcbea43fb4a,2026-02-28,14,14
0b3e900d-5691-466e-bed2-63fa96dc8d2c,2026-02-28,10,10
47ee953a-4607-483a-9c68-c7de115fcba9,2026-02-28,45,45
ac33c9a6-1370-405b-9fd7-b8cc264d4264,2026-02-28,30,30
b10d687d-b8b9-42b1-9669-9e3056485263,2026-02-28,14,14
b8c54528-4784-46db-83bd-07e9c779b631,2026-02-28,14,14
bf2bc2a7-c90f-4e12-94a7-c7a6d2c3dfa7,2026-02-28,30,30
d0632f38-b498-454c-93c0-89fab7bfaf8b,2026-02-28,1,1
e2fa40df-9f17-43ab-97a4-fc53daf83332,2026-02-28,10,10
b7da81b9-94f3-4cc9-99b2-b3e0e8be1f15,2026-02-28,7,7
d72b365e-8989-46b5-a407-9b932e31d55c,2026-02-28,45,60
e9f976d8-29a6-4ecf-af3f-b5b77d771e24,2026-02-28,10,90
fbc126da-9203-4077-bd6e-ca6c353c437f,2026-02-28,10,10
fc38d966-cb90-4f95-b18b-c5cb1684e490,2026-02-28,7,14
13aeb598-3100-4129-b7fe-e11cd5571526,2026-02-28,7,80
2a4264e3-402e-4348-a209-3b8dc62315d2,2026-02-28,1,1
e0112993-edee-4e71-b1c1-686d004368d3,2026-02-28,1,1
fbf418be-1ab3-4f96-bedf-4ff9a19f9da2,2026-02-28,7,7
6a903b25-f87c-4db4-8ebb-9b404e18ecba,2026-02-28,1,1
6dfebe0e-d6a3-49fe-82f7-7858ce4711ac,2026-02-28,1,1
b0f25b41-3a30-4203-a1b0-b0258df69af2,2026-02-28,1,1
b326f2b2-bcb4-45b5-bc5c-678407f5b943,2026-02-28,1,1
d4ccd051-7175-4ff1-b110-45dd75dfaf1a,2026-02-28,1,1
0f78224b-bdb0-450c-8bb6-d15f6428ce98,2026-02-28,10,10
35707e14-7263-4d0d-a42d-e3b7aa9268f5,2026-02-28,7,7
420247a7-07f2-4ae1-b4af-d82ab2c9e240,2026-02-28,14,14
47022e1c-440b-4146-8af0-811e5744622b,2026-02-28,1,1
4e5420ee-84c6-4d41-b3e2-0291e7836a9a,2026-02-28,1,1
76a096ad-0850-46a6-9de7-3c3214c54075,2026-02-28,1,10
ada5a6af-2bb6-48da-b611-dab873cb0980,2026-02-28,1,1
b792509b-567a-41d6-be5f-9df0698e2922,2026-02-28,1,1
d38d01bd-4aa0-4c51-a51b-97d7688f8e71,2026-02-28,1,14
ebe6ed74-cd14-4660-828a-f4321aeadf54,2026-02-28,10,14
00736d33-021e-4b8c-987c-5cd65d5ca211,2026-02-28,14,14
1970b114-a4b2-40a6-9a77-32b15b803c60,2026-02-28,45,45
26b9b4ca-afb3-4840-96c0-3132403ee639,2026-02-28,30,30
2a42d429-7b4d-4b79-97f3-38061ca11dff,2026-02-28,1,1
46d7a2d9-bff5-4d1c-a182-f0de354a4557,2026-02-28,1,1
47b05c96-df7a-468e-93bc-279cf2eaac99,2026-02-28,1,7
5f1cbb21-6c66-461f-89aa-cab0a3c22109,2026-02-28,10,10
d55cd802-5c07-4e0b-b62b-43ea6f696e1d,2026-02-28,45,45
f0f1b1b4-a1fc-4182-8e4e-dd14f159e0db,2026-02-28,14,14
f183da48-6892-47c4-8725-bbce6ace0a0a,2026-02-28,45,45
f54fe8b5-fcd6-4bcc-85b4-cd157f603d74,2026-02-28,14,80
0f1788b2-2c6a-46bb-8d13-6849d6032d7c,2026-02-28,14,14
30be6903-177e-498f-bb68-616f5050bb77,2026-02-28,30,45
3e27bfaf-3a6f-4657-84e3-03f027097df0,2026-02-28,1,1
3f2e1135-ccc2-4ec2-8cc9-401ebe1d9506,2026-02-28,1,1
69ee1912-3b4b-4b20-894f-8572801eda9b,2026-02-28,45,45
747d5eab-5d83-43df-8a73-9af69ac53342,2026-02-28,1,1
da95a444-20da-4eb1-a302-d27269628621,2026-02-28,1,1
0a984bc4-6151-41bd-9d27-51231486ec06,2026-02-28,1,1
243fc830-b880-4e2e-914c-5de571eafbfd,2026-02-28,1,1
2d672311-144e-4873-b3e3-b2836f7e9dda,2026-02-28,1,1
62f36d6d-ec49-4aa5-810a-b333f97d2914,2026-02-28,1,1
870f1725-8ed0-4c54-a06d-7767f9c9be96,2026-02-28,7,7
9cd449bb-34a9-4a2b-9fd3-0b40d537ef63,2026-02-28,7,7
0ab45598-74d3-493e-a6c0-99494f68a545,2026-02-28,1,1
0bec02c0-264a-46fb-acdf-a9adcc15f779,2026-02-28,1,1
51c94698-20b5-456d-985c-006c5e5d92fe,2026-02-28,14,14
72c0f09e-28be-4723-ad0a-648da8d6bd1f,2026-02-28,1,1
c2087dc8-106a-4e11-8190-7726e153a2ff,2026-02-28,1,1
d0e8182f-9843-4e04-8671-349dd27a2c3d,2026-02-28,45,45
17593556-3806-4202-982b-b3367bc05aeb,2026-02-28,14,14
4b9b2cae-e91c-498d-8c82-909c8c685955,2026-02-28,1,1
55f50991-99a8-45a6-bad9-ccda00ae4489,2026-02-28,45,45
6531d1cc-6742-4bcf-b9dc-5c5a528ede0b,2026-02-28,30,60
1e75a20f-e4f4-4a3c-99ae-a4d9e558e086,2026-02-28,1,10
38dc9042-0c93-4ac2-9039-f6d20fbe23dd,2026-02-28,1,1
3b27682c-d883-4392-b803-4bc08e7ab40e,2026-02-28,7,7
68e74252-77b0-4d30-9533-a47e141bc59c,2026-02-28,7,7
d9b524ea-0d76-46c1-8c5d-47e7596b3505,2026-02-28,1,1
56589e77-fa2d-4a79-9665-c939c840874b,2026-02-28,80,80
b4e6544f-3fa9-4746-b6d1-e9b9dbfcd18e,2026-02-28,1,1
fe0ac60b-4042-43de-a9c0-eeca6e1b0a08,2026-02-28,10,10
19014e82-6b55-48c9-86fe-15a6bf232001,2026-02-28,1,1
2924f8ed-52ea-442e-b814-73cef4896642,2026-02-28,14,30
59cec729-ffa5-4d95-9a81-3d18481ad0a5,2026-02-28,30,30
60dea053-a464-4fea-b78a-0939e02b3ca8,2026-02-28,1,1
72b375c8-2921-4cbb-9ea2-198cee073d1c,2026-02-28,1,1
7738132d-99d6-455a-98a6-b0346905cd17,2026-02-28,14,14
79074762-247c-4957-a710-867ae2d9768a,2026-02-28,1,7
c670989f-3198-49dc-9dd3-d6031d91b702,2026-02-28,1,1
eff80f12-c300-4b88-9fae-c6bb4d819c03,2026-02-28,1,30
773b2b4f-bab8-4973-97e0-0fd61036322a,2026-02-28,45,45
aa897b88-2349-4d6e-8c34-93524474a4ed,2026-02-28,7,7
fbd0fb44-9f50-4e83-844e-88dde41dc968,2026-02-28,30,30
ff860a99-3919-4f7d-a597-adbaa353848c,2026-02-28,1,14
2cfd25d1-445d-44a8-bf82-80255aa1577c,2026-02-28,10,10
303c8720-8d99-4bb6-be4e-561f5df191fa,2026-02-28,1,10
37417cac-0523-4545-a217-9170ad441e1e,2026-02-28,1,1
3fe391af-30b4-413f-8eb7-cb846af4406d,2026-02-28,1,7
d1cca375-e243-421a-b465-be717863a63b,2026-02-28,14,14
dff41ba0-b204-436a-9210-a0d0af31a46f,2026-02-28,1,14
533d10b0-cfc1-4576-a821-a8686bebc93d,2026-02-28,10,10
5dd012a8-a852-430f-9c28-7f48be4515ce,2026-02-28,45,45
6b93071a-547a-4fb3-8d55-c9f55c467e1b,2026-02-28,10,10
73a57715-e543-484b-a2ff-de446de21d23,2026-02-28,1,7
7ed1c34a-a356-40ee-8c73-4fda93bec8db,2026-02-28,14,45
8f1c3b36-1203-43ea-b721-b61966599302,2026-02-28,1,14
b70fc5f0-f592-4ff8-8fbc-7d443aa660b5,2026-02-28,1,14
bf88f873-8da4-499e-aa48-1a02d161783a,2026-02-28,7,7
dcc37822-2770-41bd-8756-30ec92782e63,2026-02-28,1,14
0f3ca5b9-5587-46b3-b7e8-6d915a9b985c,2026-02-28,30,30
16ad22c6-fdd8-4b4e-b3d8-a24d5e265a20,2026-02-28,1,14
78a2edbf-ba96-4055-b089-f8ac5b4fb686,2026-02-28,1,1
8b3bd169-a680-4436-a857-be5de1a41419,2026-02-28,14,14
a5dcfa3d-b97a-43b2-992f-0e7b6602b425,2026-02-28,1,1
acb9cc04-1c57-49d2-a278-8b1123de1e5e,2026-02-28,1,7
dcf157d7-cb6a-4cc8-a0c1-f3d44e3c8b95,2026-02-28,1,1
